Book_page,Year,Site,Nest_ID,Species,Observer,Date_found,how_found,Clutch_max,floatAge,ageMethod
,2014,chur,14HPE1,sepl,,2014-06-14,,3,,
,2007,barr,07barrsesa309,sesa,haase,2007-06-14,single,4,,
,2007,barr,07barrsesa310,sesa,haase,2007-06-14,single,4,,
,2007,barr,07barrsesa903,sesa,chiang,2007-06-12,single,4,,
,2013,burn,13burnlesade01,lesa,dedwards,2013-06-26,searcher,4,,hatch
,2010,made,10madeamgp001,amgp,lpirie,2010-06-17,searcher,4,,
3.27,2004,barr,04barrdunl111,dunl,taylor,2004-06-24,rope,3,,float
18.21,2006,barr,06barrbbsa405,bbsa,boadways,2006-06-20,single,3,,
19.03,2006,barr,06barrreph517,reph,boadways,2006-06-24,single,3,,
,2007,barr,07barramgp904,amgp,chiang,2007-06-11,single,3,,
,2007,barr,07barrpesa56,pesa,ataylor,2007-06-12,single,3,,
,2007,barr,07barrsesa308,sesa,haase,2007-06-13,single,3,,
,2007,barr,07barrsesa911,sesa,chiang,2007-06-15,single,3,,
13.17,2010,barr,10barrdunl108,dunl,bhill,2010-06-15,single,3,,
,2010,eaba,10eababba01,bbpl,eaba_crew,2010-06-20,searcher,3,26,float
,2010,eaba,10eabarpdm01,reph,eaba_crew,2010-06-20,searcher,3,20,float
,2010,eaba,10eabarpk02,reph,eaba_crew,2010-06-24,searcher,3,19,float
,2010,eaba,10eabarpk03,reph,eaba_crew,2010-06-25,searcher,3,19,float
,2010,eaba,10eabaruk12,rutu,eaba_crew,2010-07-08,searcher,3,22.5,float
,2010,eaba,10eabawrk02,wrsa,eaba_crew,2010-06-20,searcher,3,22,float
,2013,prba,13prba13bwr022,reph,brobinson,2013-06-17,searcher,4,,hatch
22.1,2009,barr,09barrdunl055,dunl,pmickelson,2009-06-11,single,4,,lay
15.13,2010,barr,10barrpesa406,pesa,ehsu,2010-06-18,single,2,,
15.17,2010,barr,10barrpesa408,pesa,ehsu,2010-06-18,single,2,,
,2014,cakr,14cakrtusw003,tusw,mmcconnell,2014-05-26,searcher,2,,hatch
,2010,eaba,10eaba41883,sepl,eaba_crew,2010-06-19,searcher,2,26,float
,2010,eaba,10eabarpa05,reph,eaba_crew,2010-07-04,searcher,2,19,float
,2010,eaba,10eabarpk06,reph,eaba_crew,2010-07-08,searcher,2,19,float
,2010,eaba,10eabarudm09,rutu,eaba_crew,2010-07-05,searcher,2,24,float
,2010,eaba,10eabasek02,sepl,eaba_crew,2010-07-03,searcher,2,24,float
,2010,eaba,10eabawra01,wrsa,eaba_crew,2010-06-22,searcher,2,24,float
,2010,eaba,10eabawrd03,wrsa,eaba_crew,2010-06-20,searcher,2,24,float
,2010,eaba,10eabawrk01,wrsa,eaba_crew,2010-06-19,searcher,2,22,float
,2010,eaba,10eabawrm09,wrsa,eaba_crew,2010-07-09,searcher,2,22,float
,2010,bylo,10byloamgpjfl31,amgp,jflamarre,2010-07-11,incidental,3,19,float
,2014,bylo,14byloamgpfl01,amgp,flapierrepoulin,2014-06-17,incidental,3,16,float
,2014,bylo,14bylobasadl01,basa,dleandribreton,2014-06-18,incidental,3,0,float
,2014,bylo,14byloreknjl01,rekn,jflamarre,2014-06-16,incidental,3,0,float
,2010,eaba,10eababba04,bbpl,eaba_crew,2010-06-27,searcher,1,28,float
,2010,eaba,10eababbk01,bbpl,eaba_crew,2010-06-21,searcher,1,28,float
,2010,eaba,10eabarpa04,reph,eaba_crew,2010-07-04,searcher,1,19,float
,2010,eaba,10eabarpk07,reph,eaba_crew,2010-07-08,searcher,1,19,float
,2010,eaba,10eabarpk08,reph,eaba_crew,2010-07-08,searcher,1,19,float
,2010,eaba,10eabarpm01,reph,eaba_crew,2010-06-26,searcher,1,19,float
,2010,eaba,10eabarpm02,reph,eaba_crew,2010-06-26,searcher,1,19,float
,2010,eaba,10eabased01,sepl,eaba_crew,2010-06-22,searcher,1,26,float
,2010,eaba,10eabasem01,sepl,eaba_crew,2010-06-24,searcher,1,27,float
,2010,eaba,10eabawra03,wrsa,eaba_crew,2010-07-02,searcher,1,25,float
,2010,eaba,10eabawrk03,wrsa,eaba_crew,2010-06-21,searcher,1,25,float
,2010,eaba,10eabawrm03,wrsa,eaba_crew,2010-06-27,searcher,1,25,float
,2013,prba,13prba13bwr014,lbdo,cdavis,2013-06-14,rope,3,,lay
2.09,2003,barr,03barrdunl203,dunl,burle,2003-06-12,rapid,4,,float
2.08,2003,barr,03barrdunl303,dunl,trask,2003-06-10,single,4,,float
3.06,2003,barr,03barrdunl304,dunl,trask,2003-06-14,rope,4,2,float
2.24,2003,barr,03barrdunl313,dunl,trask,2003-06-22,rope,4,5,float
4.09,2003,barr,03barrdunl316,dunl,trask,2003-06-23,single,4,0,float
3.24,2003,barr,03barrdunl327,dunl,trask,2003-07-06,bander,4,7,float
2.04,2003,barr,03barrdunl504,dunl,lanctot,2003-06-11,bander,4,5,float
3.09,2003,barr,03barrdunl509,dunl,lanctot,2003-06-16,bander,4,4,float
1.02,2003,barr,03barrdunl701,dunl,taylor,2003-06-11,bander,4,2,float
2.19,2003,barr,03barrlbdo407,lbdo,taylor,2003-06-17,bander,4,0,float
2.13,2003,barr,03barrpesa404,pesa,taylor,2003-06-14,bander,4,1,float
2.25,2003,barr,03barrpesa513,pesa,lanctot,2003-06-24,bander,4,2,float
3.2,2003,barr,03barrreph010,reph,thomas,2003-06-29,rope,4,7,float
2.16,2003,barr,03barrreph102,reph,denega,2003-06-15,single,4,2,float
3.18,2003,barr,03barrreph105,reph,denega,2003-06-27,single,4,,hatch
2.11,2003,barr,03barrreph302,reph,trask,2003-06-13,rope,4,2,float
4.1,2003,barr,03barrreph321,reph,trask,2003-06-26,single,4,6,float
1.16,2003,barr,03barrreph324,reph,trask,2003-06-27,single,4,3,float
4.05,2003,barr,03barrreph411,reph,taylor,2003-06-20,bander,4,5,float
2.07,2003,barr,03barrsesa301,sesa,trask,2003-06-12,rapid,4,,
3.1,2004,barr,04barramgp002,amgp,lanctot,2004-06-16,rope,2,,lay
4.06,2004,barr,04barramgp116,amgp,taylor,2004-06-29,bander,4,4,float
4.05,2004,barr,04barramgp242,amgp,selvidge,2004-06-28,single,3,0,float
4.02,2004,barr,04barramgp435,amgp,juillerat,2004-06-27,bander,2,,lay
4.03,2004,barr,04barrdunl029,dunl,lanctot,2004-06-27,bander,4,2,float
10.13,2004,barr,04barrdunl109,dunl,taylor,2004-06-22,bander,4,6,float
3.3,2004,barr,04barrdunl112,dunl,taylor,2004-06-24,rope,4,0,float
8.04,2004,barr,04barrdunl301,dunl,norwood,2004-06-13,single,4,10,float
3.06,2004,barr,04barrdunl400,dunl,juillerat,2004-06-14,single,4,4,float
8.08,2004,barr,04barrdunl403,dunl,juillerat,2004-06-15,rope,4,3,float
7.01,2004,barr,04barrlbdo258,lbdo,selvidge,2004-07-06,single,3,4,float
4.16,2004,barr,04barrlbdo348,lbdo,norwood,2004-07-06,single,4,8,float
6.29,2004,barr,04barrpesa031,pesa,lanctot,2004-06-29,bander,4,12,float
9.03,2004,barr,04barrpesa034,pesa,lanctot,2004-07-03,bander,4,1,float
4.12,2004,barr,04barrpesa253,pesa,selvidge,2004-07-05,single,4,8,float
6.31,2004,barr,04barrpesa257,pesa,selvidge,2004-07-06,single,4,15,float
9.07,2004,barr,04barrpesa259,pesa,selvidge,2004-07-07,rope,4,14,float
11.04,2004,barr,04barrpesa260,pesa,selvidge,2004-07-07,single,4,16,float
11.06,2004,barr,04barrpesa263,pesa,selvidge,2004-07-07,rope,4,4,float
5.15,2004,barr,04barrpesa325,pesa,norwood,2004-06-24,single,4,3,float
4.09,2004,barr,04barrpesa342,pesa,norwood,2004-07-02,single,4,1,float
4.15,2004,barr,04barrpesa347,pesa,norwood,2004-07-06,single,4,2,float
3.23,2004,barr,04barrpesa416,pesa,juillerat,2004-06-22,single,4,4,float
10.12,2004,barr,04barrreph003,reph,lanctot,2004-06-18,bander,4,3,float
3.13,2004,barr,04barrreph005,reph,lanctot,2004-06-16,rope,4,6,float
1.05,2004,barr,04barrreph006,reph,lanctot,2004-06-20,bander,4,0,float
8.18,2004,barr,04barrreph019,reph,lanctot,2004-06-25,rope,4,6,float
5.21,2004,barr,04barrreph026,reph,lanctot,2004-06-26,bander,4,11,float
10.29,2004,barr,04barrreph035,reph,lanctot,2004-07-04,bander,4,5,float
3.24,2004,barr,04barrreph110,reph,taylor,2004-06-23,rope,4,10,float
9.04,2004,barr,04barrreph118,reph,taylor,2004-07-04,bander,4,12,float
8.01,2004,barr,04barrreph200,reph,selvidge,2004-06-11,single,4,2,float
10.09,2004,barr,04barrreph211,reph,selvidge,2004-06-17,single,4,0,float
1.06,2004,barr,04barrreph221,reph,selvidge,2004-06-20,single,4,2,float
6.14,2004,barr,04barrreph225,reph,selvidge,2004-06-22,single,4,2,float
6.17,2004,barr,04barrreph228,reph,selvidge,2004-06-22,single,2,7,float
10.17,2004,barr,04barrreph230,reph,selvidge,2004-06-23,rope,2,5,float
3.29,2004,barr,04barrreph233,reph,selvidge,2004-06-24,rope,3,,mean date
1.16,2004,barr,04barrreph236,reph,selvidge,2004-06-25,rope,4,4,float
1.18,2004,barr,04barrreph237,reph,selvidge,2004-06-25,rope,4,3,float
1.2,2004,barr,04barrreph238,reph,selvidge,2004-06-25,rope,4,4,float
1.21,2004,barr,04barrreph239,reph,selvidge,2004-06-27,rope,4,6,float
1.22,2004,barr,04barrreph240,reph,selvidge,2004-06-27,rope,4,6,float
1.28,2004,barr,04barrreph251,reph,selvidge,2004-07-03,single,4,10,float
1.02,2004,barr,04barrreph306,reph,norwood,2004-06-15,rope,4,2,float
6.04,2004,barr,04barrreph309,reph,norwood,2004-06-16,rope,1,,lay
5.08,2004,barr,04barrreph314,reph,norwood,2004-06-20,single,4,0,float
1.07,2004,barr,04barrreph316,reph,norwood,2004-06-21,single,4,6,float
1.08,2004,barr,04barrreph317,reph,norwood,2004-06-21,single,3,,float
5.19,2004,barr,04barrreph329,reph,norwood,2004-06-25,rope,4,2,float
1.23,2004,barr,04barrreph331,reph,norwood,2004-06-27,rope,4,4,float
5.23,2004,barr,04barrreph332,reph,norwood,2004-06-28,single,4,,float
6.3,2004,barr,04barrreph335,reph,norwood,2004-06-30,single,4,6,float
5.26,2004,barr,04barrreph336,reph,norwood,2004-06-30,single,4,8,float
8.29,2004,barr,04barrreph338,reph,norwood,2004-07-01,bander,4,1,float
5.27,2004,barr,04barrreph343,reph,norwood,2004-07-03,single,4,9,float
2.01,2004,barr,04barrreph349,reph,norwood,2004-07-06,single,4,8,float
11.08,2004,barr,04barrreph350,reph,norwood,2004-07-09,single,4,18,float
3.16,2004,barr,04barrreph409,reph,juillerat,2004-06-17,bander,4,4,float
1.1,2004,barr,04barrreph417,reph,juillerat,2004-06-22,single,4,4,float
1.11,2004,barr,04barrreph418,reph,juillerat,2004-06-22,single,4,4,float
1.12,2004,barr,04barrreph419,reph,juillerat,2004-06-22,single,4,6,float
1.13,2004,barr,04barrreph421,reph,juillerat,2004-06-22,single,4,4,float
1.15,2004,barr,04barrreph430,reph,juillerat,2004-06-25,rope,4,4,float
1.17,2004,barr,04barrreph431,reph,juillerat,2004-06-25,rope,4,4,float
1.19,2004,barr,04barrreph432,reph,juillerat,2004-06-25,rope,4,4,float
1.29,2004,barr,04barrreph440,reph,juillerat,2004-07-05,bander,4,13,float
3.19,2004,barr,04barrsesa107,sesa,taylor,2004-06-17,bander,4,3,float
3.28,2004,barr,04barrsesa232,sesa,selvidge,2004-06-24,rope,4,9,float
11.05,2004,barr,04barrsesa262,sesa,selvidge,2004-07-07,rope,4,13,float
4.04,2004,barr,04barrsesa330,sesa,norwood,2004-06-27,bander,4,5,float
4.01,2004,barr,04barrsesa434,sesa,juillerat,2004-06-27,bander,4,2,float
1.25,2004,barr,04barrwrsa437,wrsa,juillerat,2004-06-29,single,4,12,float
6.05,2005,barr,05barrdunl303,dunl,selvidge,2005-06-14,single,4,0,float
1.2,2005,barr,05barrdunl360,dunl,selvidge,2005-07-15,bander,,,
8.26,2005,barr,05barrpesa007,pesa,lanctot,2005-06-23,bander,4,6,float
9.16,2005,barr,05barrpesa021,pesa,strait,2005-07-03,bander,4,,hatch
1.13,2005,barr,05barrpesa025,pesa,lanctot,2005-07-10,bander,,,
8.11,2005,barr,05barrpesa112,pesa,taylor,2005-06-16,single,4,2,float
2.15,2005,barr,05barrpesa329,pesa,selvidge,2005-06-24,single,4,6,float
2.16,2005,barr,05barrpesa330,pesa,selvidge,2005-06-24,single,4,11,float
9.2,2005,barr,05barrpesa354,pesa,selvidge,2005-07-07,bander,4,,
1.23,2005,barr,05barrpesa363,pesa,selvidge,2005-07-21,bander,,,
3.06,2005,barr,05barrpesa364,pesa,selvidge,2005-07-21,bander,,,
8.05,2005,barr,05barrpesa403,pesa,ashling,2005-06-15,single,4,3,float
10.04,2005,barr,05barrpesa508,pesa,norwood,2005-06-16,single,4,1,float
2.18,2005,barr,05barrpesa525,pesa,norwood,2005-06-25,rope,4,1,float
1.18,2005,barr,05barrpesa543,pesa,norwood,2005-07-15,single,4,,hatch
3.05,2005,barr,05barrpesa545,pesa,norwood,2005-07-19,single,,,
9.03,2005,barr,05barrpesa612,pesa,thomas,2005-06-23,single,4,,float
7.08,2005,barr,05barrpesa615,pesa,thomas,2005-07-03,bander,4,,float
1.05,2005,barr,05barrreph011,reph,lanctot,2005-06-25,rope,2,10,float
1.16,2005,barr,05barrreph028,reph,lanctot,2005-07-10,bander,,,
8.08,2005,barr,05barrreph109,reph,taylor,2005-06-16,single,4,3,float
6.21,2005,barr,05barrreph117,reph,taylor,2005-06-19,rope,4,5,float
10.07,2005,barr,05barrreph203,reph,coutsoubos,2005-06-21,single,4,1,float
10.09,2005,barr,05barrreph205,reph,coutsoubos,2005-06-22,single,4,10,float
10.15,2005,barr,05barrreph207,reph,coutsoubos,2005-06-25,single,4,7,float
6.09,2005,barr,05barrreph308,reph,selvidge,2005-06-17,single,4,2,float
8.15,2005,barr,05barrreph314,reph,selvidge,2005-06-19,rope,4,4,float
8.17,2005,barr,05barrreph315,reph,selvidge,2005-06-19,rope,4,4,float
8.23,2005,barr,05barrreph318,reph,selvidge,2005-06-19,rope,4,8,float
2.17,2005,barr,05barrreph331,reph,selvidge,2005-06-24,single,4,5,float
9.04,2005,barr,05barrreph335,reph,selvidge,2005-06-26,single,4,14,float
9.05,2005,barr,05barrreph336,reph,selvidge,2005-06-26,single,2,16,float
9.09,2005,barr,05barrreph340,reph,selvidge,2005-06-28,single,4,12,float
4.08,2005,barr,05barrreph348,reph,selvidge,2005-07-04,bander,4,9,float
10.24,2005,barr,05barrreph350,reph,selvidge,2005-07-05,single,4,,hatch
1.21,2005,barr,05barrreph361,reph,selvidge,2005-07-15,bander,,,
9.22,2005,barr,05barrreph362,reph,selvidge,2005-07-16,bander,4,,mean date
9.21,2005,barr,05barrreph426,reph,ashling,2005-07-08,bander,4,,mean date
10.11,2005,barr,05barrreph520,reph,norwood,2005-06-23,single,4,4,float
10.19,2005,barr,05barrreph534,reph,norwood,2005-06-29,single,4,,hatch
7.11,2005,barr,05barrrnph358,rnph,selvidge,2005-07-13,bander,3,,
2.23,2005,barr,05barrsesa334,sesa,selvidge,2005-06-25,rope,3,0,float
9.13,2006,barr,06barrbbsa002,bbsa,lanctot,2006-06-19,bander,4,4,float
3.05,2006,barr,06barrbbsa015,bbsa,lanctot,2006-07-04,bander,4,6,float
13.05,2006,barr,06barrbbsa255,bbsa,lebouard,2006-06-24,single,4,6,float
10.11,2006,barr,06barrbbsa269,bbsa,lebouard,2006-06-26,rope,4,9,float
15.15,2006,barr,06barrbbsa615,bbsa,krueper,2006-06-25,rope,4,4,float
13.12,2006,barr,06barrbbsa627,bbsa,krueper,2006-06-27,rope,4,10,float
16.01,2006,barr,06barrdunl101,dunl,coutsoubos,2006-06-15,single,4,3,float
9.04,2006,barr,06barrdunl209,dunl,lebouard,2006-06-14,single,4,2,float
2.08,2006,barr,06barrdunl297,dunl,lebouard,2006-07-02,single,4,,hatch
2.18,2006,barr,06barrdunl377,dunl,fontaine,2006-07-05,single,4,7,float
18.1,2006,barr,06barrdunl401,dunl,jboadway,2006-06-17,single,4,6,float
6.06,2006,barr,06barrdunl714,dunl,naves,2006-06-16,single,4,3,float
,2006,barr,06barrdunla,dunl,lebouard,2006-07-20,bander,,,
,2006,barr,06barrdunlb,dunl,lebouard,2006-07-13,bander,,,
11.14,2006,barr,06barrlbdo060,lbdo,naves,2006-07-15,bander,3,11,float
2.19,2006,barr,06barrlbdo380,lbdo,fontaine,2006-07-09,single,4,7,float
15.32,2006,barr,06barrlbdo416,lbdo,boadway,2006-07-10,bander,4,5,float
2.03,2006,barr,06barrlbdo462,lbdo,lebouard,2006-06-29,rope,3,3,float
15.14,2006,barr,06barrlbdo614,lbdo,krueper,2006-06-25,rope,4,9,float
3.1,2006,barr,06barrlbdo654,lbdo,lebouard,2006-07-22,single,4,,hatch
,2006,barr,06barrpesa,pesa,lebouard,2006-07-25,bander,,,
5.06,2006,barr,06barrpesa105,pesa,coutsoubos,2006-06-16,bander,4,,
16.09,2006,barr,06barrpesa154,pesa,morgan,2006-06-17,single,4,3,float
9.23,2006,barr,06barrpesa245,pesa,lebouard,2006-06-21,single,4,3,float
9.24,2006,barr,06barrpesa246,pesa,lebouard,2006-06-21,single,4,6,float
13.07,2006,barr,06barrpesa257,pesa,lebouard,2006-06-24,single,4,7,float
5.17,2006,barr,06barrpesa262,pesa,lebouard,2006-06-25,rope,4,9,float
10.07,2006,barr,06barrpesa265,pesa,lebouard,2006-06-26,rope,4,6,float
10.09,2006,barr,06barrpesa267,pesa,lebouard,2006-06-26,rope,4,7,float
10.16,2006,barr,06barrpesa274,pesa,lebouard,2006-06-26,rope,4,6,float
10.18,2006,barr,06barrpesa276,pesa,lebouard,2006-06-26,rope,4,4,float
10.23,2006,barr,06barrpesa281,pesa,lebouard,2006-06-27,rope,4,12,float
11.05,2006,barr,06barrpesa289,pesa,lebouard,2006-06-27,rope,4,11,float
11.08,2006,barr,06barrpesa292,pesa,lebouard,2006-07-01,single,4,6,float
4.16,2006,barr,06barrpesa319,pesa,fontaine,2006-06-16,single,4,5,float
10.01,2006,barr,06barrpesa353,pesa,fontaine,2006-06-22,single,4,6,float
1.17,2006,barr,06barrpesa358,pesa,fontaine,2006-06-24,single,4,3,float
8.01,2006,barr,06barrpesa364,pesa,fontaine,2006-07-02,single,4,8,float
3.02,2006,barr,06barrpesa365,pesa,fontaine,2006-07-03,single,4,3,float
3.04,2006,barr,06barrpesa367,pesa,fontaine,2006-07-03,single,4,12,float
2.1,2006,barr,06barrpesa368,pesa,fontaine,2006-07-03,single,4,10,float
2.12,2006,barr,06barrpesa370,pesa,fontaine,2006-07-03,single,4,9,float
2.16,2006,barr,06barrpesa373,pesa,fontaine,2006-07-04,single,4,10,float
2.15,2006,barr,06barrpesa374,pesa,fontaine,2006-07-04,single,4,8,float
2.21,2006,barr,06barrpesa382,pesa,fontaine,2006-07-09,single,4,11,float
2.22,2006,barr,06barrpesa383,pesa,fontaine,2006-07-09,single,4,11,float
18.23,2006,barr,06barrpesa406,pesa,boadways,2006-06-20,single,4,,
1.3,2006,barr,06barrpesa459,pesa,lebouard,2006-06-29,rope,4,3,float
5.26,2006,barr,06barrpesa518,pesa,boadways,2006-07-01,bander,4,6,float
18.12,2006,barr,06barrpesa602,pesa,krueper,2006-06-17,single,4,,
15.05,2006,barr,06barrpesa605,pesa,krueper,2006-06-25,rope,3,9,float
15.06,2006,barr,06barrpesa606,pesa,krueper,2006-06-25,rope,4,10,float
15.07,2006,barr,06barrpesa607,pesa,krueper,2006-06-25,rope,4,5,float
15.08,2006,barr,06barrpesa608,pesa,krueper,2006-06-25,rope,4,5,float
15.11,2006,barr,06barrpesa611,pesa,krueper,2006-06-25,rope,4,10,float
15.19,2006,barr,06barrpesa619,pesa,krueper,2006-06-26,rope,4,10,float
13.11,2006,barr,06barrpesa626,pesa,krueper,2006-06-27,rope,4,11,float
13.13,2006,barr,06barrpesa628,pesa,krueper,2006-06-27,rope,4,10,float
13.14,2006,barr,06barrpesa629,pesa,krueper,2006-06-27,rope,4,10,float
7.04,2006,barr,06barrpesa640,pesa,fontaine,2006-06-30,rope,4,8,float
7.06,2006,barr,06barrpesa642,pesa,fontaine,2006-06-30,rope,4,10,float
15.29,2006,barr,06barrpesa650,pesa,lebouard,2006-07-03,single,4,11,float
3.09,2006,barr,06barrpesa652,pesa,lebouard,2006-07-10,single,4,7,float
12.1,2006,barr,06barrpesa709,pesa,naves,2006-06-15,single,4,3,float
14.19,2006,barr,06barrpesa721,pesa,naves,2006-06-19,single,4,5,float
9.19,2006,barr,06barrpesa729,pesa,naves,2006-06-20,single,4,4,float
13.03,2006,barr,06barrpesa738,pesa,naves,2006-06-22,single,4,6,float
5.21,2006,barr,06barrpesa750,pesa,naves,2006-06-26,bander,4,4,float
6.18,2006,barr,06barrreph003,reph,lanctot,2006-06-21,bander,4,4,float
8.06,2006,barr,06barrreph016,reph,lanctot,2006-07-10,bander,4,14,float
11.12,2006,barr,06barrreph055,reph,naves,2006-07-03,single,4,15,float
8.05,2006,barr,06barrreph057,reph,naves,2006-07-06,single,4,13,float
11.13,2006,barr,06barrreph058,reph,naves,2006-07-07,single,4,12,float
8.07,2006,barr,06barrreph059,reph,naves,2006-07-13,bander,2,17,float
16.04,2006,barr,06barrreph103,reph,coutsoubos,2006-06-15,single,3,,
16.26,2006,barr,06barrreph111,reph,coutsoubos,2006-07-03,single,4,11,float
16.25,2006,barr,06barrreph168,reph,morgan,2006-07-03,single,4,14,float
4.02,2006,barr,06barrreph202,reph,lebouard,2006-06-12,single,3,4,float
1.06,2006,barr,06barrreph233,reph,lebouard,2006-06-19,single,4,3,float
12.26,2006,barr,06barrreph239,reph,lebouard,2006-06-20,single,4,5,float
14.25,2006,barr,06barrreph243,reph,lebouard,2006-06-20,single,4,4,float
1.15,2006,barr,06barrreph250,reph,lebouard,2006-06-22,single,4,6,float
15.04,2006,barr,06barrreph253,reph,lebouard,2006-06-24,single,4,3,float
10.13,2006,barr,06barrreph271,reph,lebouard,2006-06-26,rope,4,11,float
10.17,2006,barr,06barrreph275,reph,lebouard,2006-06-26,rope,4,6,float
10.2,2006,barr,06barrreph278,reph,lebouard,2006-06-27,rope,4,8,float
10.22,2006,barr,06barrreph280,reph,lebouard,2006-06-27,rope,4,9,float
10.24,2006,barr,06barrreph282,reph,lebouard,2006-06-27,rope,4,4,float
10.25,2006,barr,06barrreph283,reph,lebouard,2006-06-27,rope,3,4,float
11.02,2006,barr,06barrreph286,reph,lebouard,2006-06-27,rope,4,11,float
11.06,2006,barr,06barrreph290,reph,lebouard,2006-06-27,rope,4,5,float
14.01,2006,barr,06barrreph300,reph,fontaine,2006-06-10,single,4,4,float
4.13,2006,barr,06barrreph316,reph,fontaine,2006-06-16,single,3,4,float
1.11,2006,barr,06barrreph338,reph,fontaine,2006-06-20,single,4,,
14.28,2006,barr,06barrreph345,reph,fontaine,2006-06-21,single,4,5,float
9.26,2006,barr,06barrreph350,reph,fontaine,2006-06-22,single,4,4,float
9.27,2006,barr,06barrreph351,reph,fontaine,2006-06-22,single,4,10,float
1.18,2006,barr,06barrreph359,reph,fontaine,2006-06-24,single,4,9,float
1.19,2006,barr,06barrreph360,reph,fontaine,2006-06-24,single,4,9,float
1.21,2006,barr,06barrreph361,reph,fontaine,2006-06-24,single,4,3,float
2.11,2006,barr,06barrreph369,reph,fontaine,2006-07-03,bander,4,8,float
2.13,2006,barr,06barrreph371,reph,fontaine,2006-07-04,single,4,4,float
2.17,2006,barr,06barrreph376,reph,fontaine,2006-07-05,single,3,8,float
3.07,2006,barr,06barrreph378,reph,lebouard,2006-07-07,single,4,12,float
15.31,2006,barr,06barrreph415,reph,boadway,2006-07-07,bander,4,4,float
1.22,2006,barr,06barrreph451,reph,lebouard,2006-06-28,rope,4,5,float
1.24,2006,barr,06barrreph453,reph,lebouard,2006-06-29,rope,4,10,float
2.02,2006,barr,06barrreph461,reph,lebouard,2006-06-29,rope,4,11,float
7.11,2006,barr,06barrreph463,reph,lebouard,2006-06-30,rope,3,10,float
7.13,2006,barr,06barrreph465,reph,lebouard,2006-06-30,rope,4,11,float
7.14,2006,barr,06barrreph466,reph,lebouard,2006-06-30,rope,4,9,float
7.15,2006,barr,06barrreph467,reph,lebouard,2006-06-30,rope,4,13,float
7.19,2006,barr,06barrreph471,reph,lebouard,2006-06-30,rope,4,11,float
7.2,2006,barr,06barrreph472,reph,lebouard,2006-06-30,rope,4,12,float
15.33,2006,barr,06barrreph520,reph,ramster,2006-07-12,bander,3,,hatch
8.09,2006,barr,06barrreph61,reph,naves,2006-07-21,bander,,,hatch
15.16,2006,barr,06barrreph616,reph,krueper,2006-06-26,rope,4,9,float
15.17,2006,barr,06barrreph617,reph,krueper,2006-06-26,rope,2,12,float
15.21,2006,barr,06barrreph621,reph,krueper,2006-06-26,rope,4,5,float
15.22,2006,barr,06barrreph622,reph,krueper,2006-06-26,rope,4,13,float
15.24,2006,barr,06barrreph624,reph,krueper,2006-06-26,rope,4,4,float
13.15,2006,barr,06barrreph630,reph,krueper,2006-06-28,rope,3,9,float
7.01,2006,barr,06barrreph637,reph,krueper,2006-06-29,rope,4,8,float
4.2,2006,barr,06barrreph720,reph,naves,2006-06-17,single,4,4,float
6.14,2006,barr,06barrreph727,reph,naves,2006-06-20,single,3,3,float
1.13,2006,barr,06barrreph736,reph,naves,2006-06-21,single,3,2,float
1.14,2006,barr,06barrreph737,reph,naves,2006-06-21,single,4,6,float
6.21,2006,barr,06barrreph743,reph,naves,2006-06-24,single,4,4,float
13.08,2006,barr,06barrreph747,reph,naves,2006-06-25,bander,4,4,float
15.26,2006,barr,06barrrnph012,rnph,lanctot,2006-07-01,bander,4,11,float
16.22,2006,barr,06barrrnph165,rnph,morgan,2006-07-03,single,4,16,float
13.06,2006,barr,06barrrnph256,rnph,lebouard,2006-06-24,single,4,8,float
1.27,2006,barr,06barrrnph456,rnph,lebouard,2006-06-29,rope,4,2,float
5.2,2006,barr,06barrrnph749,rnph,naves,2006-06-26,bander,4,7,float
,2006,barr,06barrsesa,sesa,lebouard,2006-07-14,bander,,,
17.04,2006,barr,06barrsesa112,sesa,coutsoubos,2006-07-06,single,2,,hatch
12.01,2006,barr,06barrsesa200,sesa,lebouard,2006-06-09,single,3,13,float
14.09,2006,barr,06barrsesa712,sesa,naves,2006-06-15,single,4,2,float
3.02,2007,barr,07barramgp201,amgp,d.taylor,2007-06-11,single,4,5,float
3.22,2007,barr,07barramgp324,amgp,haase,2007-06-22,single,4,4,float
,2007,barr,07barramgp400,amgp,gates,2007-06-11,single,3,,
7.17,2007,barr,07barrdunl157,dunl,rankin,2007-07-13,bander,,,
2.05,2007,barr,07barrdunl158,dunl,rankin,2007-07-12,bander,,,
3.13,2007,barr,07barrdunl225,dunl,d.taylor,2007-06-18,single,4,1,float
3.26,2007,barr,07barrdunl242,dunl,d.taylor,2007-06-24,bander,4,11,float
2.06,2007,barr,07barrdunl270,dunl,ataylor,2007-07-12,bander,,,
,2007,barr,07barrdunl553,dunl,choi,2007-07-14,bander,,,
,2007,barr,07barrdunl556,dunl,choi,2007-07-12,bander,,,
,2007,barr,07barrdunl557,dunl,choi,2007-07-17,bander,,,
7.08,2007,barr,07barrdunl804,dunl,larned,2007-07-02,bander,,,hatch
,2007,barr,07barrdunl924,dunl,chiang,2007-07-13,bander,,,
8.17,2007,barr,07barrlbdo062,lbdo,ataylor,2007-06-20,bander,2,,lay
7.05,2007,barr,07barrlbdo145,lbdo,rankin,2007-06-27,rope,4,2,float
7.15,2007,barr,07barrlbdo156,lbdo,rankin,2007-07-11,bander,4,14,float
10.28,2007,barr,07barrlbdo267,lbdo,d.taylor,2007-07-09,bander,4,10,float
7.09,2007,barr,07barrpesa154,pesa,rankin,2007-07-02,single,4,11,float
4.09,2007,barr,07barrpesa158,pesa,choi,2007-07-16,bander,,,
2.07,2007,barr,07barrpesa161,pesa,rankin,2007-07-17,bander,,,
8.24,2007,barr,07barrpesa243,pesa,ataylor,2007-06-25,rope,4,3,float
4.1,2007,barr,07barrpesa298,pesa,ataylor,2007-07-18,bander,,,
7.16,2007,barr,07barrpesa299,pesa,ataylor,2007-07-13,bander,,,
6.16,2007,barr,07barrpesa320,pesa,haase,2007-06-19,bander,4,2,float
12.13,2007,barr,07barrpesa616,pesa,brissette,2007-06-26,bander,4,4,float
,2007,barr,07barrpesa715,pesa,coutsoubos,2007-07-06,bander,,,
,2007,barr,07barrpesa716,pesa,coutsoubos,2007-07-12,bander,,,
7.11,2007,barr,07barrpesa802,pesa,larned,2007-07-05,bander,4,13,float
7.13,2007,barr,07barrpesa806,pesa,larned,2007-07-07,bander,,,
10.05,2007,barr,07barrreph001,reph,lanctot,2007-06-25,bander,4,5,float
1.11,2007,barr,07barrreph005,reph,lanctot,2007-06-26,rope,4,4,float
1.13,2007,barr,07barrreph006,reph,lanctot,2007-06-26,rope,4,12,float
7.02,2007,barr,07barrreph010,reph,lanctot,2007-06-27,bander,4,13,float
10.21,2007,barr,07barrreph012,reph,lanctot,2007-06-30,bander,4,14,float
10.22,2007,barr,07barrreph013,reph,lanctot,2007-07-01,bander,,,hatch
1.08,2007,barr,07barrreph133,reph,rankin,2007-06-24,single,3,13,float
6.28,2007,barr,07barrreph139,reph,rankin,2007-06-25,rope,4,11,float
7.01,2007,barr,07barrreph142,reph,rankin,2007-06-26,rope,4,13,float
5.15,2007,barr,07barrreph144,reph,rankin,2007-06-26,rope,4,10,float
5.16,2007,barr,07barrreph146,reph,rankin,2007-06-27,rope,4,6,float
5.17,2007,barr,07barrreph147,reph,rankin,2007-06-27,rope,4,4,float
5.18,2007,barr,07barrreph148,reph,rankin,2007-06-27,rope,4,5,float
7.03,2007,barr,07barrreph150,reph,rankin,2007-06-27,rope,4,13,float
10.3,2007,barr,07barrreph160,reph,rankin,2007-07-15,bander,3,13,float
8.2,2007,barr,07barrreph240,reph,d.taylor,2007-06-22,single,4,4,float
8.25,2007,barr,07barrreph244,reph,d.taylor,2007-06-25,rope,4,3,float
10.06,2007,barr,07barrreph247,reph,d.taylor,2007-06-26,rope,4,7,float
10.11,2007,barr,07barrreph248,reph,d.taylor,2007-06-27,rope,4,15,float
5.12,2007,barr,07barrreph327,reph,bhaase,2007-06-23,single,4,15,float
6.22,2007,barr,07barrreph328,reph,haase,2007-06-23,single,4,,
10.08,2007,barr,07barrreph334,reph,haase,2007-06-27,rope,4,5,float
2.02,2007,barr,07barrreph341,reph,bhaase,2007-07-06,bander,4,10,float
9.26,2007,barr,07barrreph526,reph,choi,2007-06-22,bander,4,5,float
5.13,2007,barr,07barrreph529,reph,choi,2007-06-24,single,4,9,float
3.3,2007,barr,07barrreph532,reph,choi,2007-06-25,rope,4,15,float
4.02,2007,barr,07barrreph534,reph,choi,2007-06-26,rope,4,13,float
1.21,2007,barr,07barrreph541,reph,choi,2007-06-27,rope,4,4,float
1.25,2007,barr,07barrreph543,reph,choi,2007-06-27,rope,4,9,float
1.26,2007,barr,07barrreph544,reph,choi,2007-06-29,rope,4,12,float
12.04,2007,barr,07barrreph605,reph,brissette,2007-06-15,single,4,6,float
11.04,2007,barr,07barrreph608,reph,brissette,2007-06-18,single,4,4,float
11.06,2007,barr,07barrreph611,reph,brissette,2007-06-20,single,4,3,float
12.1,2007,barr,07barrreph704,reph,coutsoubos,2007-06-22,single,4,,hatch
12.12,2007,barr,07barrreph709,reph,coutsoubos,2007-06-25,bander,4,12,float
7.12,2007,barr,07barrreph805,reph,larned,2007-07-06,bander,,,
,2007,barr,07barrreph905,reph,chiang,2007-06-13,single,4,,
9.16,2007,barr,07barrrnph119,rnph,rankin,2007-06-18,single,4,2,float
3.24,2007,barr,07barrrnph132,rnph,rankin,2007-06-23,bander,4,11,float
10.15,2007,barr,07barrrnph252,rnph,d.taylor,2007-06-27,rope,4,11,float
9.25,2007,barr,07barrrnph525,rnph,choi,2007-06-22,bander,4,4,float
4.01,2007,barr,07barrrnph533,rnph,choi,2007-06-25,single,4,3,float
1.17,2007,barr,07barrrnph537,rnph,choi,2007-06-27,rope,4,11,float
4.04,2007,barr,07barrsesa003,sesa,lanctot,2007-06-26,rope,4,12,float
6.07,2007,barr,07barrsesa216,sesa,d.taylor,2007-06-15,single,4,6,float
2.04,2007,barr,07barrsesa269,sesa,ataylor,2007-07-12,bander,,,
,2007,barr,07barrsesa305,sesa,haase,2007-06-13,single,4,,
,2007,barr,07barrsesa306,sesa,haase,2007-06-13,single,4,,
,2007,barr,07barrsesa307,sesa,haase,2007-06-13,single,4,,
,2007,barr,07barrsesa313,sesa,haase,2007-06-15,single,4,,
,2007,barr,07barrsesa314,sesa,haase,2007-06-15,single,4,,
,2007,barr,07barrsesa315,sesa,haase,2007-06-15,single,4,,
11.17,2007,barr,07barrsesa712,sesa,coutsoubos,2007-06-30,bander,,,hatch
,2007,barr,07barrsesa910,sesa,chiang,2007-06-15,single,4,,
,2007,barr,07barrsesa912,sesa,chiang,2007-06-15,single,4,,
,2007,barr,07barrsesa914,sesa,chiang,2007-06-16,single,4,,
2.27,2008,barr,08barramgp332,amgp,ganx,2008-06-23,single,4,4,float
3.11,2008,barr,08barramgp355,amgp,ganx,2008-07-01,rope,4,10,float
1.05,2008,barr,08barrdunl117,dunl,phsu,2008-06-17,single,4,2,float
4.06,2008,barr,08barrdunl216,dunl,dpavlik,2008-06-16,single,4,3,float
,2008,barr,08barrdunl402a,dunl,rgates,2008-06-11,single,4,0,float
,2008,barr,08barrdunl507a,dunl,jchoi,2008-06-11,single,4,1,float
,2008,barr,08barrdunl508a,dunl,jchoi,2008-06-12,single,4,3,float
,2008,barr,08barrdunl510a,dunl,jchoi,2008-06-13,single,4,6,float
,2008,barr,08barrdunl512a,dunl,jchoi,2008-06-18,single,4,7,float
,2008,barr,08barrdunl514a,dunl,jchoi,2008-06-21,single,4,7,float
,2008,barr,08barrdunl604a,dunl,bhill,2008-06-11,single,4,1,float
,2008,barr,08barrdunl702a,dunl,jlamarre,2008-06-10,single,4,2,float
8.31,2008,barr,08barrdunl911,dunl,abrissette,2008-06-26,bander,4,12,float
11.24,2008,barr,08barrlbdo148,lbdo,phsu,2008-06-25,rope,4,7,float
1.21,2008,barr,08barrlbdo157,lbdo,phsu,2008-06-30,rope,4,4,float
1.23,2008,barr,08barrlbdo158,lbdo,phsu,2008-06-30,rope,4,7,float
2.26,2008,barr,08barrlbdo239,lbdo,dpavlik,2008-06-22,single,4,3,float
7.02,2008,barr,08barrlbdo245,lbdo,dpavlik,2008-06-27,rope,4,10,float
6.3,2008,barr,08barrlbdo249,lbdo,dpavlik,2008-06-27,rope,3,3,float
7.03,2008,barr,08barrlbdo251,lbdo,dpavlik,2008-06-27,rope,4,7,float
6.27,2008,barr,08barrlbdo252,lbdo,dpavlik,2008-06-27,rope,4,2,float
6.28,2008,barr,08barrlbdo253,lbdo,dpavlik,2008-06-27,rope,4,9,float
6.1,2008,barr,08barrlbdo312,lbdo,ganx,2008-06-17,single,2,,lay
11.27,2008,barr,08barrlbdo342,lbdo,ganx,2008-06-26,rope,2,,lay
1.24,2008,barr,08barrlbdo351,lbdo,ganx,2008-06-30,rope,4,3,float
10.14,2008,barr,08barrlbdo810,lbdo,jaldabe,2008-06-14,bander,4,1,float
3.02,2008,barr,08barrlbdo825,lbdo,dpavlik,2008-06-25,rope,4,0,float
6.23,2008,barr,08barrpesa220,pesa,dpavlik,2008-06-23,single,4,2,float
7.06,2008,barr,08barrpesa258,pesa,dpavlik,2008-06-29,rope,4,7,float
11.06,2008,barr,08barrreph013,reph,rlanctot,2008-06-23,bander,4,3,float
11.11,2008,barr,08barrreph015,reph,rlanctot,2008-06-24,bander,4,7,float
9.05,2008,barr,08barrreph022,reph,rlanctot,2008-06-30,bander,4,6,float
4.32,2008,barr,08barrreph029,reph,rlanctot,2008-07-06,bander,4,,hatch
4.34,2008,barr,08barrreph031,reph,rlanctot,2008-07-09,bander,4,13,float
5.03,2008,barr,08barrreph034,reph,rlanctot,2008-07-11,bander,4,,hatch
8.2,2008,barr,08barrreph057,reph,jcoffey,2008-06-19,bander,4,3,float
10.04,2008,barr,08barrreph106,reph,phsu,2008-06-12,single,1,,lay
10.27,2008,barr,08barrreph120,reph,phsu,2008-06-19,single,3,3,float
8.22,2008,barr,08barrreph122,reph,phsu,2008-06-19,single,4,4,float
1.14,2008,barr,08barrreph127,reph,phsu,2008-06-20,single,4,11,float
6.22,2008,barr,08barrreph135,reph,phsu,2008-06-22,single,4,4,float
11.2,2008,barr,08barrreph146,reph,phsu,2008-06-25,single,4,10,float
1.31,2008,barr,08barrreph162,reph,phsu,2008-07-01,single,1,12,float
9.08,2008,barr,08barrreph166,reph,phsu,2008-07-05,bander,4,6,float
10.33,2008,barr,08barrreph221,reph,dpavlik,2008-06-20,single,4,5,float
1.07,2008,barr,08barrreph224,reph,dpavlik,2008-06-18,single,4,2,float
6.15,2008,barr,08barrreph230,reph,dpavlik,2008-06-19,single,4,2,float
2.24,2008,barr,08barrreph235,reph,dpavlik,2008-06-22,single,4,3,float
11.09,2008,barr,08barrreph242,reph,dpavlik,2008-06-24,single,4,9,float
7.01,2008,barr,08barrreph244,reph,dpavlik,2008-06-27,rope,2,,lay
6.25,2008,barr,08barrreph255,reph,dpavlik,2008-06-27,rope,4,5,float
7.07,2008,barr,08barrreph259,reph,dpavlik,2008-06-29,rope,4,13,float
7.08,2008,barr,08barrreph260,reph,dpavlik,2008-06-29,rope,4,5,float
4.18,2008,barr,08barrreph264,reph,dpavlik,2008-06-30,single,4,15,float
4.21,2008,barr,08barrreph267,reph,dpavlik,2008-07-01,rope,4,13,float
4.24,2008,barr,08barrreph270,reph,dpavlik,2008-07-01,rope,4,15,float
4.25,2008,barr,08barrreph271,reph,dpavlik,2008-07-01,rope,4,6,float
1.1,2008,barr,08barrreph323,reph,ganx,2008-06-19,single,3,2,float
4.09,2008,barr,08barrreph324,reph,ganx,2008-06-20,single,4,5,float
11.19,2008,barr,08barrreph338,reph,ganx,2008-06-25,rope,3,4,float
1.3,2008,barr,08barrreph354,reph,ganx,2008-07-01,rope,4,11,float
10.11,2008,barr,08barrreph807,reph,jaldabe,2008-06-14,bander,4,4,float
2.23,2008,barr,08barrreph818,reph,jaldabe,2008-06-22,bander,4,5,float
1.13,2008,barr,08barrrnph126,rnph,phsu,2008-06-20,single,3,,
11.26,2008,barr,08barrrnph149,rnph,phsu,2008-06-26,rope,4,3,float
11.3,2008,barr,08barrrnph151,rnph,phsu,2008-06-26,rope,4,1,float
11.32,2008,barr,08barrrnph345,rnph,ganx,2008-06-26,rope,4,4,float
1.36,2008,barr,08barrrnph717,rnph,jlamarre,2008-07-08,bander,4,13,float
10.3,2008,barr,08barrrnph817,rnph,jaldabe,2008-06-20,bander,4,0,float
2.03,2008,barr,08barrsesa101,sesa,phsu,2008-06-10,single,2,,lay
8.34,2008,barr,08barrsesa155,sesa,phsu,2008-06-29,rope,2,5,float
8.27,2008,barr,08barrsesa330,sesa,ganx,2008-06-22,single,4,7,float
9.07,2008,barr,08barrsesa359,sesa,ganx,2008-07-04,single,4,,
5.04,2009,barr,09barramgp016,amgp,rlanctot,2009-06-28,bander,3,0,float
14.08,2009,barr,09barramgp456,amgp,cgovernali,2009-06-29,single,4,1,float
5.07,2009,barr,09barramgp459,amgp,cgovernali,2009-06-30,single,2,4,float
11.06,2009,barr,09barramgp467,amgp,cgovernali,2009-07-05,rope,4,4,float
1.22,2009,barr,09barramgp586,amgp,cgovernali,2009-06-26,rope,4,4,float
16.28,2009,barr,09barramgp732,amgp,fchevreux,2009-06-18,single,4,3,float
4.26,2009,barr,09barramgp735,amgp,fchevreux,2009-06-19,single,4,3,float
13.29,2009,barr,09barramgp747,amgp,fchevreux,2009-06-22,single,4,3,float
7.3,2009,barr,09barramgp765,amgp,fchevreux,2009-06-29,single,4,5,float
10.02,2009,barr,09barramgp901,amgp,ekistler,2009-06-07,single,4,3,float
4.28,2009,barr,09barramgp940,amgp,ekistler,2009-06-20,single,4,4,float
7.19,2009,barr,09barramgp944,amgp,ekistler,2009-06-22,single,4,3,float
17.03,2009,barr,09barramgp948,amgp,ekistler,2009-06-24,rope,4,4,float
11.03,2009,barr,09barramgp963,amgp,ekistler,2009-07-02,rope,4,1,float
4.32,2009,barr,09barrbbsa562,bbsa,cgovernali,2009-06-22,single,4,6,float
22.05,2009,barr,09barrdunl003,dunl,rlanctot,2009-06-10,single,4,1,float
22.06,2009,barr,09barrdunl051,dunl,pmickelson,2009-06-11,single,2,,lay
22.07,2009,barr,09barrdunl052,dunl,pmickelson,2009-06-11,single,4,2,float
22.08,2009,barr,09barrdunl053,dunl,pmickelson,2009-06-11,single,4,1,float
22.09,2009,barr,09barrdunl054,dunl,pmickelson,2009-06-11,single,4,2,float
22.11,2009,barr,09barrdunl056,dunl,pmickelson,2009-06-13,single,4,1,float
22.12,2009,barr,09barrdunl057,dunl,pmickelson,2009-06-13,single,4,2,float
22.13,2009,barr,09barrdunl058,dunl,pmickelson,2009-06-14,single,4,0,float
22.17,2009,barr,09barrdunl062,dunl,nburrell,2009-06-16,rope,4,,float
22.18,2009,barr,09barrdunl063,dunl,nburrell,2009-06-16,rope,4,5,float
22.19,2009,barr,09barrdunl064,dunl,nburrell,2009-06-16,rope,4,8,float
22.22,2009,barr,09barrdunl067,dunl,pmickelson,2009-06-17,single,4,11,float
22.23,2009,barr,09barrdunl068,dunl,pmickelson,2009-06-19,single,4,10,float
19.01,2009,barr,09barrdunl101,dunl,syezerinac,2009-06-08,single,4,2,float
19.04,2009,barr,09barrdunl104,dunl,syezerinac,2009-06-10,single,4,1,float
19.05,2009,barr,09barrdunl105,dunl,syezerinac,2009-06-10,single,4,2,float
19.1,2009,barr,09barrdunl110,dunl,syezerinac,2009-06-12,single,4,3,float
19.11,2009,barr,09barrdunl111,dunl,syezerinac,2009-06-17,single,4,14,float
19.12,2009,barr,09barrdunl112,dunl,syezerinac,2009-06-20,single,4,5,float
20.06,2009,barr,09barrdunl305,dunl,nburrell,2009-06-10,single,4,2,float
20.15,2009,barr,09barrdunl314,dunl,nburrell,2009-06-12,single,4,2,float
20.17,2009,barr,09barrdunl316,dunl,nburrell,2009-06-14,single,4,3,float
20.19,2009,barr,09barrdunl318,dunl,nburrell,2009-06-18,single,4,10,float
20.22,2009,barr,09barrdunl320,dunl,nburrell,2009-06-20,single,4,13,float
20.24,2009,barr,09barrdunl321,dunl,nburrell,2009-06-20,single,4,5,float
20.26,2009,barr,09barrdunl322,dunl,nburrell,2009-06-20,single,4,2,float
17.06,2009,barr,09barrdunl450,dunl,cgovernali,2009-06-29,single,4,10,float
17.08,2009,barr,09barrdunl452,dunl,cgovernali,2009-06-29,single,4,1,float
7.02,2009,barr,09barrdunl503,dunl,cgovernali,2009-06-09,single,4,0,float
10.03,2009,barr,09barrdunl505,dunl,cgovernali,2009-06-09,single,4,0,float
10.05,2009,barr,09barrdunl517,dunl,cgovernali,2009-06-12,single,4,0,float
10.06,2009,barr,09barrdunl518,dunl,cgovernali,2009-06-12,single,4,2,float
7.07,2009,barr,09barrdunl523,dunl,cgovernali,2009-06-12,single,4,2,float
16.2,2009,barr,09barrdunl534,dunl,cgovernali,2009-06-13,single,4,5,float
7.13,2009,barr,09barrdunl540,dunl,cgovernali,2009-06-16,single,4,4,float
16.24,2009,barr,09barrdunl541,dunl,cgovernali,2009-06-17,single,4,0,float
10.17,2009,barr,09barrdunl552,dunl,cgovernali,2009-06-19,single,4,6,float
10.18,2009,barr,09barrdunl553,dunl,cgovernali,2009-06-19,single,4,11,float
7.17,2009,barr,09barrdunl555,dunl,cgovernali,2009-06-19,single,4,0,float
1.16,2009,barr,09barrdunl564,dunl,cgovernali,2009-06-22,single,3,,mean date
7.2,2009,barr,09barrdunl567,dunl,cgovernali,2009-06-23,single,4,0,float
7.21,2009,barr,09barrdunl568,dunl,cgovernali,2009-06-23,single,4,5,float
7.22,2009,barr,09barrdunl590,dunl,cgovernali,2009-06-28,rope,4,9,float
21.06,2009,barr,09barrdunl605,dunl,bhill,2009-06-09,single,4,3,float
21.09,2009,barr,09barrdunl608,dunl,bhill,2009-06-10,single,4,5,float
21.1,2009,barr,09barrdunl609,dunl,bhill,2009-06-10,single,4,3,float
21.11,2009,barr,09barrdunl611,dunl,bhill,2009-06-14,single,4,6,float
16.08,2009,barr,09barrdunl708,dunl,fchevreux,2009-06-11,single,4,3,float
1.06,2009,barr,09barrdunl720,dunl,fchevreux,2009-06-16,single,4,12,float
1.13,2009,barr,09barrdunl736,dunl,fchevreux,2009-06-19,single,4,1,float
10.2,2009,barr,09barrdunl740,dunl,fchevreux,2009-06-20,single,4,1,float
14.14,2009,barr,09barrdunl773,dunl,fchevreux,2009-07-03,rope,4,3,float
1.02,2009,barr,09barrdunl911,dunl,ekistler,2009-06-10,single,4,1,float
7.04,2009,barr,09barrdunl912,dunl,ekistler,2009-06-11,single,4,1,float
10.28,2009,barr,09barrdunl953,dunl,ekistler,2009-06-26,rope,4,18,float
10.27,2009,barr,09barrdunl954,dunl,ekistler,2009-06-26,rope,4,2,float
10.38,2009,barr,09barrdunl962,dunl,ekistler,2009-06-30,single,3,,mean date
5.03,2009,barr,09barrlbdo582,lbdo,cgovernali,2009-06-25,single,3,0,float
13.22,2009,barr,09barrlbdo723,lbdo,fchevreux,2009-06-18,single,4,2,float
1.24,2009,barr,09barrlbdo960,lbdo,ekistler,2009-06-29,single,4,5,float
11.07,2009,barr,09barrlbdo969,lbdo,ekistler,2009-07-05,rope,3,0,float
11.02,2009,barr,09barrpesa463,pesa,cgovernali,2009-07-02,rope,4,12,float
13.07,2009,barr,09barrpesa507,pesa,cgovernali,2009-06-10,single,4,1,float
4.08,2009,barr,09barrpesa515,pesa,cgovernali,2009-06-11,single,4,3,float
24.02,2009,barr,09barrpesa544,pesa,cgovernali,2009-06-17,single,4,6,float
10.23,2009,barr,09barrpesa569,pesa,cgovernali,2009-06-23,single,4,2,float
7.29,2009,barr,09barrpesa597,pesa,cgovernali,2009-06-28,single,4,6,float
16.26,2009,barr,09barrpesa730,pesa,fchevreux,2009-06-18,single,4,3,float
17.04,2009,barr,09barrpesa752,pesa,fchevreux,2009-06-24,rope,4,3,float
17.11,2009,barr,09barrpesa767,pesa,fchevreux,2009-06-30,single,4,3,float
16.36,2009,barr,09barrpesa946,pesa,ekistler,2009-06-24,rope,4,2,float
17.05,2009,barr,09barrpesa949,pesa,ekistler,2009-06-24,rope,4,5,float
7.33,2009,barr,09barrreph200,reph,amichon,2009-07-01,single,4,11,float
17.14,2009,barr,09barrreph201,reph,amichon,2009-07-02,rope,4,4,float
16.03,2009,barr,09barrreph508,reph,cgovernali,2009-06-10,single,4,3,float
13.13,2009,barr,09barrreph526,reph,cgovernali,2009-06-13,single,4,8,float
7.11,2009,barr,09barrreph538,reph,cgovernali,2009-06-16,single,4,2,float
13.25,2009,barr,09barrreph557,reph,cgovernali,2009-06-20,single,4,5,float
13.26,2009,barr,09barrreph558,reph,cgovernali,2009-06-20,single,4,15,float
7.27,2009,barr,09barrreph595,reph,cgovernali,2009-06-28,rope,4,7,float
1.25,2009,barr,09barrreph621,reph,bhill,2009-07-01,bander,4,9,float
16.09,2009,barr,09barrreph709,reph,fchevreux,2009-06-11,single,4,2,float
16.1,2009,barr,09barrreph710,reph,fchevreux,2009-06-11,single,4,6,float
1.07,2009,barr,09barrreph721,reph,fchevreux,2009-06-16,single,4,3,float
10.12,2009,barr,09barrreph725,reph,fchevreux,2009-06-17,single,4,5,float
7.14,2009,barr,09barrreph728,reph,fchevreux,2009-06-17,single,4,6,float
16.27,2009,barr,09barrreph731,reph,fchevreux,2009-06-18,single,4,4,float
16.37,2009,barr,09barrreph750,reph,fchevreux,2009-06-24,rope,3,3,float
14.01,2009,barr,09barrreph753,reph,fchevreux,2009-06-25,rope,3,2,float
13.36,2009,barr,09barrreph757,reph,fchevreux,2009-06-26,rope,4,19,float
16.14,2009,barr,09barrreph916,reph,ekistler,2009-06-12,single,4,4,float
10.1,2009,barr,09barrreph924,reph,ekistler,2009-06-14,single,4,3,float
13.21,2009,barr,09barrreph929,reph,ekistler,2009-06-16,single,4,11,float
10.16,2009,barr,09barrreph934,reph,ekistler,2009-06-18,single,4,8,float
13.31,2009,barr,09barrreph945,reph,ekistler,2009-06-23,single,2,,lay
17.01,2009,barr,09barrreph947,reph,ekistler,2009-06-24,rope,4,2,float
10.31,2009,barr,09barrreph955,reph,ekistler,2009-06-28,rope,4,12,float
14.11,2009,barr,09barrreph965,reph,ekistler,2009-07-01,single,1,,lay
14.16,2009,barr,09barrrnph203,rnph,amichon,2009-07-05,bander,4,,
17.15,2009,barr,09barrrnph771,rnph,fchevreux,2009-07-02,rope,4,14,float
16.11,2009,barr,09barrrnph913,rnph,ekistler,2009-06-12,single,4,1,float
4.2,2009,barr,09barrrnph930,rnph,ekistler,2009-06-17,single,3,1,float
16.31,2009,barr,09barrrnph937,rnph,ekistler,2009-06-19,single,4,1,float
17.13,2009,barr,09barrrnph963,rnph,ekistler,2009-07-01,single,4,9,float
17.16,2009,barr,09barrsesa202,sesa,amichon,2009-07-02,rope,4,6,float
16.05,2009,barr,09barrsesa510,sesa,cgovernali,2009-06-10,single,4,1,float
7.08,2009,barr,09barrsesa524,sesa,cgovernali,2009-06-12,single,4,0,float
16.18,2009,barr,09barrsesa532,sesa,cgovernali,2009-06-13,single,4,0,float
16.19,2009,barr,09barrsesa533,sesa,cgovernali,2009-06-13,single,4,5,float
16.21,2009,barr,09barrsesa535,sesa,cgovernali,2009-06-13,single,4,5,float
7.23,2009,barr,09barrsesa591,sesa,cgovernali,2009-06-28,rope,4,4,float
7.26,2009,barr,09barrsesa594,sesa,cgovernali,2009-06-28,rope,4,6,float
4.11,2009,barr,09barrsesa711,sesa,fchevreux,2009-06-12,single,4,10,float
10.09,2009,barr,09barrsesa715,sesa,fchevreux,2009-06-13,single,4,1,float
10.13,2009,barr,09barrsesa726,sesa,fchevreux,2009-06-17,single,4,2,float
10.14,2009,barr,09barrsesa727,sesa,fchevreux,2009-06-17,single,4,5,float
7.18,2009,barr,09barrsesa739,sesa,fchevreux,2009-06-20,single,4,3,float
16.32,2009,barr,09barrsesa743,sesa,fchevreux,2009-06-22,single,4,9,float
16.34,2009,barr,09barrsesa745,sesa,fchevreux,2009-06-22,single,4,6,float
10.29,2009,barr,09barrsesa758,sesa,fchevreux,2009-06-26,rope,4,4,float
7.1,2009,barr,09barrsesa923,sesa,ekistler,2009-06-14,single,4,0,float
14.02,2009,barr,09barrsesa950,sesa,ekistler,2009-06-25,rope,4,14,float
17.09,2009,barr,09barrwesa454,wesa,cgovernali,2009-06-29,single,4,5,float
14.07,2009,barr,09barrwesa455,wesa,cgovernali,2009-06-29,single,4,,
11.04,2009,barr,09barrwesa464,wesa,cgovernali,2009-07-02,rope,3,4,float
13.24,2009,barr,09barrwesa556,wesa,cgovernali,2009-06-20,single,4,1,float
24.04,2009,barr,09barrwesa565,wesa,cgovernali,2009-06-22,single,4,15,float
7.25,2009,barr,09barrwesa593,wesa,cgovernali,2009-06-28,rope,3,0,float
10.19,2009,barr,09barrwesa738,wesa,fchevreux,2009-06-20,single,4,4,float
10.22,2009,barr,09barrwesa742,wesa,fchevreux,2009-06-20,single,4,7,float
10.32,2009,barr,09barrwesa760,wesa,fchevreux,2009-06-28,rope,4,9,float
10.15,2009,barr,09barrwesa933,wesa,ekistler,2009-06-18,single,2,,lay
16.29,2009,barr,09barrwesa935,wesa,ekistler,2009-06-19,single,4,1,float
10.33,2009,barr,09barrwesa956,wesa,ekistler,2009-06-28,rope,3,1,float
7.24,2009,barr,09barrwrsa592,wrsa,cgovernali,2009-06-28,rope,4,3,float
15.15,2010,barr,10barramgp407,amgp,ehsu,2010-06-18,single,4,,
1.27,2010,barr,10barramgp426,amgp,ehsu,2010-07-02,rope,4,14,float
11.39,2010,barr,10barrdunl210,dunl,rdugan,2010-06-22,single,4,3,float
11.07,2010,barr,10barrdunl307,dunl,abankert,2010-06-17,single,4,2,float
1.35,2010,barr,10barrdunl432,dunl,ehsu,2010-07-06,bander,4,11,float
11.55,2010,barr,10barrdunl618,dunl,myang,2010-06-23,single,4,8,float
12.27,2010,barr,10barrdunl639,dunl,myang,2010-07-03,single,3,2,float
1.19,2010,barr,10barrlbdo240,lbdo,rdugan,2010-07-01,rope,4,2,float
12.43,2010,barr,10barrlbdo256,lbdo,rdugan,2010-07-07,rope,4,6,float
12.49,2010,barr,10barrlbdo438,lbdo,ehsu,2010-07-15,bander,3,15,float
11.73,2010,barr,10barrpesa127,pesa,bhill,2010-06-26,bander,2,12,float
3.55,2010,barr,10barrpesa227,pesa,rdugan,2010-06-28,rope,4,6,float
12.13,2010,barr,10barrpesa232,pesa,rdugan,2010-06-29,rope,4,11,float
12.23,2010,barr,10barrpesa237,pesa,rdugan,2010-06-29,rope,4,4,float
10.09,2010,barr,10barrpesa251,pesa,rdugan,2010-07-05,single,4,6,float
11.25,2010,barr,10barrpesa320,pesa,abankert,2010-06-21,single,4,1,float
11.29,2010,barr,10barrpesa322,pesa,abankert,2010-06-21,single,4,4,float
3.27,2010,barr,10barrpesa337,pesa,abankert,2010-06-25,single,4,3,float
12.03,2010,barr,10barrpesa414,pesa,ehsu,2010-06-28,rope,4,5,float
12.05,2010,barr,10barrpesa415,pesa,ehsu,2010-06-28,rope,4,5,float
12.51,2010,barr,10barrpesa439,pesa,ehsu,2010-07-22,bander,4,14,float
12.47,2010,barr,10barrpesa529,pesa,adoll,2010-07-12,bander,4,13,float
7.55,2010,barr,10barrpesa625,pesa,myang,2010-06-29,rope,4,3,float
4.13,2010,barr,10barrpesa643,pesa,myang,2010-07-06,single,3,6,float
1.45,2010,barr,10barrreph053,reph,cruiz,2010-07-09,single,4,11,float
7.21,2010,barr,10barrreph207,reph,rdugan,2010-06-21,single,3,,lay
1.17,2010,barr,10barrreph239,reph,rdugan,2010-07-01,rope,4,6,float
11.19,2010,barr,10barrreph317,reph,abankert,2010-06-21,single,4,4,float
1.11,2010,barr,10barrreph339,reph,abankert,2010-06-25,single,4,4,float
5.58,2010,barr,10barrreph363,reph,abankert,2010-07-03,single,3,6,float
1.31,2010,barr,10barrreph428,reph,ehsu,2010-07-02,rope,4,5,float
3.33,2010,barr,10barrreph441,reph,abankert,2010-06-27,rope,4,3,float
16.13,2010,barr,10barrreph524,reph,adoll,2010-06-30,bander,3,5,float
16.11,2010,barr,10barrreph631,reph,myang,2010-06-30,rope,4,9,float
5.52,2010,barr,10barrreph637,reph,myang,2010-07-02,rope,2,5,float
13.25,2010,barr,10barrsesa112,sesa,bhill,2010-06-17,single,4,,
3.01,2010,barr,10barrsesa302,sesa,abankert,2010-06-15,single,4,2,float
3.17,2010,barr,10barrsesa310,sesa,abankert,2010-06-18,single,4,1,float
15.05,2010,barr,10barrsesa402,sesa,ehsu,2010-06-16,single,4,,
14.07,2010,barr,10barrsesa503,sesa,adoll,2010-06-15,single,4,2,float
11.13,2010,barr,10barrsesa612,sesa,myang,2010-06-19,single,4,4,float
11.53,2010,barr,10barrsesa617,sesa,myang,2010-06-23,single,4,6,float
1.09,2010,barr,10barrsesa621,sesa,myang,2010-06-24,single,4,0,float
7.49,2010,barr,10barrwesa015,wesa,rlanctot,2010-06-27,bander,3,1,float
5.54,2010,barr,10barrwrsa360,wrsa,abankert,2010-07-02,rope,4,5,float
17.61,2011,barr,11barramgp058,amgp,dkesler,2011-06-28,searcher,4,,
19.03,2011,barr,11barramgp204,amgp,bhill,2011-06-09,searcher,4,,
17.17,2011,barr,11barramgp543,amgp,pherzog,2011-06-22,searcher,2,,
17.63,2011,barr,11barrdunl059,dunl,dkesler,2011-06-28,searcher,4,,
12.23,2011,barr,11barrdunl061,dunl,ssaalfeld,2011-06-29,rope,4,12,float
4.09,2011,barr,11barrdunl118,dunl,jcunningham,2011-06-14,searcher,4,3,float
11.43,2011,barr,11barrlbdo172,lbdo,jcunningham,2011-06-26,searcher,4,2,float
8.41,2011,barr,11barrlbdo250,lbdo,bhill,2011-07-01,bander,2,2,float
4.45,2011,barr,11barrlbdo447,lbdo,abankert,2011-06-26,searcher,4,5,float
4.61,2011,barr,11barrlbdo470,lbdo,abankert,2011-06-28,rope,4,0,float
2.01,2011,barr,11barrlbdo483,lbdo,abankert,2011-07-02,rope,4,10,float
5.27,2011,barr,11barrlbdo808,lbdo,pherzog,2011-07-16,bander,1,,float
14.15,2011,barr,11barrpesa007,pesa,rlanctot,2011-06-26,bander,4,1,float
14.29,2011,barr,11barrpesa008,pesa,rlanctot,2011-06-27,bander,4,12,float
8.19,2011,barr,11barrpesa053,pesa,dkesler,2011-06-26,searcher,4,10,float
16.21,2011,barr,11barrpesa112,pesa,jcunningham,2011-06-13,searcher,4,1,float
13.47,2011,barr,11barrpesa122,pesa,jcunningham,2011-06-16,searcher,4,1,float
10.39,2011,barr,11barrpesa137,pesa,jcunningham,2011-06-19,searcher,4,4,float
16.59,2011,barr,11barrpesa140,pesa,jcunningham,2011-06-20,searcher,4,6,float
13.67,2011,barr,11barrpesa145,pesa,jcunningham,2011-06-20,searcher,4,8,float
8.07,2011,barr,11barrpesa173,pesa,jcunningham,2011-06-26,searcher,4,4,float
11.49,2011,barr,11barrpesa180,pesa,jcunningham,2011-06-26,searcher,4,4,float
14.21,2011,barr,11barrpesa181,pesa,jcunningham,2011-06-27,rope,4,15,float
14.31,2011,barr,11barrpesa184,pesa,jcunningham,2011-06-28,rope,4,5,float
14.33,2011,barr,11barrpesa185,pesa,jcunningham,2011-06-28,rope,4,16,float
18.41,2011,barr,11barrpesa197,pesa,jcunningham,2011-06-29,searcher,4,5,float
10.27,2011,barr,11barrpesa216,pesa,bhill,2011-06-16,bander,4,1,float
8.27,2011,barr,11barrpesa240,pesa,bhill,2011-06-27,bander,4,4,float
11.59,2011,barr,11barrpesa249,pesa,bhill,2011-06-30,bander,4,8,float
13.41,2011,barr,11barrpesa303,pesa,jzamudio,2011-06-14,searcher,4,1,float
10.49,2011,barr,11barrpesa312,pesa,jzamudio,2011-06-20,searcher,4,1,float
9.21,2011,barr,11barrpesa315,pesa,jzamudio,2011-06-20,searcher,1,,lay
7.33,2011,barr,11barrpesa335,pesa,jzamudio,2011-07-05,rope,4,6,float
13.69,2011,barr,11barrpesa413,pesa,abankert,2011-06-21,searcher,4,3,float
9.57,2011,barr,11barrpesa427,pesa,abankert,2011-06-23,searcher,4,1,float
11.21,2011,barr,11barrpesa437,pesa,abankert,2011-06-23,searcher,4,1,float
17.37,2011,barr,11barrpesa442,pesa,abankert,2011-06-24,searcher,4,1,float
17.43,2011,barr,11barrpesa445,pesa,abankert,2011-06-24,searcher,4,6,float
1.45,2011,barr,11barrpesa450,pesa,abankert,2011-06-26,searcher,4,1,float
4.47,2011,barr,11barrpesa451,pesa,abankert,2011-06-26,searcher,4,1,float
18.23,2011,barr,11barrpesa461,pesa,abankert,2011-06-27,rope,4,13,float
18.37,2011,barr,11barrpesa467,pesa,abankert,2011-06-28,rope,4,13,float
12.17,2011,barr,11barrpesa473,pesa,abankert,2011-06-29,searcher,4,1,float
12.19,2011,barr,11barrpesa474,pesa,abankert,2011-06-29,searcher,4,3,float
8.33,2011,barr,11barrpesa476,pesa,abankert,2011-06-29,searcher,4,11,float
8.47,2011,barr,11barrpesa488,pesa,abankert,2011-07-03,rope,4,11,float
7.41,2011,barr,11barrpesa494,pesa,abankert,2011-07-06,searcher,4,10,float
16.13,2011,barr,11barrpesa504,pesa,pherzog,2011-06-12,searcher,4,4,float
13.45,2011,barr,11barrpesa513,pesa,pherzog,2011-06-15,searcher,4,6,float
13.57,2011,barr,11barrpesa519,pesa,pherzog,2011-06-19,searcher,4,6,float
16.49,2011,barr,11barrpesa522,pesa,pherzog,2011-06-19,searcher,4,3,float
11.35,2011,barr,11barrpesa555,pesa,pherzog,2011-06-25,searcher,4,3,float
14.19,2011,barr,11barrpesa557,pesa,pherzog,2011-06-26,searcher,4,4,float
17.55,2011,barr,11barrpesa560,pesa,pherzog,2011-06-26,searcher,4,2,float
17.57,2011,barr,11barrpesa561,pesa,pherzog,2011-06-26,searcher,4,3,float
17.59,2011,barr,11barrpesa562,pesa,pherzog,2011-06-26,searcher,3,14,float
12.29,2011,barr,11barrpesa571,pesa,pherzog,2011-07-01,rope,3,7,float
12.41,2011,barr,11barrpesa577,pesa,pherzog,2011-07-01,rope,4,9,float
12.61,2011,barr,11barrpesa587,pesa,pherzog,2011-07-02,rope,4,7,float
6.03,2011,barr,11barrpesa593,pesa,ssaalfeld,2011-07-02,rope,4,6,float
7.01,2011,barr,11barrpesa595,pesa,pherzog,2011-07-03,rope,4,12,float
2.11,2011,barr,11barrpesa627,pesa,adoll,2011-07-05,bander,4,5,float
7.15,2011,barr,11barrpesa702,pesa,pherzog,2011-07-03,rope,4,5,float
7.17,2011,barr,11barrpesa703,pesa,jcunningham,2011-07-03,rope,4,3,float
7.37,2011,barr,11barrpesa802,pesa,pherzog,2011-07-05,searcher,1,11,float
6.09,2011,barr,11barrpesa804,pesa,pherzog,2011-07-05,searcher,4,12,float
8.59,2011,barr,11barrpesa900,pesa,abankert,2011-07-12,bander,3,8,float
6.15,2011,barr,11barrpesa901,pesa,abankert,2011-07-12,bander,4,14,float
14.09,2011,barr,11barrreph003,reph,rlanctot,2011-06-23,bander,4,2,float
18.45,2011,barr,11barrreph010,reph,rlanctot,2011-07-03,bander,4,13,float
8.17,2011,barr,11barrreph052,reph,dkesler,2011-06-26,searcher,4,2,float
8.21,2011,barr,11barrreph054,reph,dkesler,2011-06-26,searcher,4,8,float
8.25,2011,barr,11barrreph056,reph,dkesler,2011-06-26,searcher,4,7,float
9.09,2011,barr,11barrreph130,reph,jcunningham,2011-06-19,searcher,4,2,float
9.13,2011,barr,11barrreph132,reph,jcunningham,2011-06-19,searcher,4,3,float
9.17,2011,barr,11barrreph134,reph,jcunningham,2011-06-19,searcher,4,2,float
16.65,2011,barr,11barrreph142,reph,jcunningham,2011-06-20,searcher,4,5,float
16.67,2011,barr,11barrreph143,reph,jcunningham,2011-06-20,searcher,4,5,float
11.01,2011,barr,11barrreph150,reph,jcunningham,2011-06-22,searcher,4,3,float
11.09,2011,barr,11barrreph154,reph,jcunningham,2011-06-22,searcher,4,4,float
9.31,2011,barr,11barrreph158,reph,jcunningham,2011-06-22,searcher,4,4,float
9.35,2011,barr,11barrreph160,reph,jcunningham,2011-06-22,searcher,4,13,float
9.37,2011,barr,11barrreph161,reph,jcunningham,2011-06-22,searcher,4,4,float
9.39,2011,barr,11barrreph162,reph,jcunningham,2011-06-22,searcher,4,4,float
9.41,2011,barr,11barrreph163,reph,jcunningham,2011-06-22,searcher,4,2,float
9.43,2011,barr,11barrreph164,reph,jcunningham,2011-06-22,searcher,4,2,float
9.45,2011,barr,11barrreph165,reph,jcunningham,2011-06-22,searcher,4,2,float
8.11,2011,barr,11barrreph175,reph,jcunningham,2011-06-26,searcher,4,5,float
8.15,2011,barr,11barrreph177,reph,jcunningham,2011-06-26,searcher,4,13,float
11.47,2011,barr,11barrreph179,reph,jcunningham,2011-06-26,searcher,4,4,float
12.03,2011,barr,11barrreph190,reph,jcunningham,2011-06-28,rope,4,5,float
12.07,2011,barr,11barrreph192,reph,jcunningham,2011-06-28,rope,4,11,float
12.09,2011,barr,11barrreph193,reph,jcunningham,2011-06-28,rope,2,,lay
16.01,2011,barr,11barrreph200,reph,bhill,2011-06-05,bander,4,2,float
10.61,2011,barr,11barrreph229,reph,bhill,2011-06-22,bander,3,,mean date
10.63,2011,barr,11barrreph230,reph,bhill,2011-06-22,bander,4,2,float
10.65,2011,barr,11barrreph231,reph,bhill,2011-06-22,bander,4,2,float
10.67,2011,barr,11barrreph232,reph,bhill,2011-06-22,bander,4,2,float
9.49,2011,barr,11barrreph233,reph,bhill,2011-06-23,bander,4,4,float
11.51,2011,barr,11barrreph238,reph,bhill,2011-06-27,bander,4,8,float
11.57,2011,barr,11barrreph245,reph,bhill,2011-06-29,bander,4,10,float
8.35,2011,barr,11barrreph246,reph,bhill,2011-06-29,bander,4,10,float
8.37,2011,barr,11barrreph247,reph,bhill,2011-06-29,bander,2,5,float
8.39,2011,barr,11barrreph248,reph,bhill,2011-06-30,bander,4,9,float
8.43,2011,barr,11barrreph251,reph,bhill,2011-07-02,bander,4,,hatch
8.45,2011,barr,11barrreph252,reph,bhill,2011-07-02,bander,4,10,float
10.21,2011,barr,11barrreph307,reph,jzamudio,2011-06-16,searcher,4,2,float
18.11,2011,barr,11barrreph323,reph,jzamudio,2011-06-27,rope,4,9,float
4.57,2011,barr,11barrreph327,reph,abankert,2011-06-28,rope,4,4,float
7.23,2011,barr,11barrreph330,reph,jzamudio,2011-07-05,rope,4,13,float
7.25,2011,barr,11barrreph331,reph,jzamudio,2011-07-05,rope,4,13,float
7.29,2011,barr,11barrreph333,reph,jzamudio,2011-07-05,rope,4,16,float
7.31,2011,barr,11barrreph334,reph,jzamudio,2011-07-05,rope,4,14,float
7.35,2011,barr,11barrreph336,reph,jzamudio,2011-07-05,rope,4,14,float
16.11,2011,barr,11barrreph407,reph,abankert,2011-06-10,searcher,4,2,float
17.03,2011,barr,11barrreph417,reph,abankert,2011-06-21,searcher,4,9,float
4.37,2011,barr,11barrreph422,reph,abankert,2011-06-22,searcher,4,2,float
9.53,2011,barr,11barrreph425,reph,abankert,2011-06-23,searcher,4,4,float
9.59,2011,barr,11barrreph428,reph,abankert,2011-06-23,searcher,4,3,float
9.67,2011,barr,11barrreph432,reph,abankert,2011-06-23,searcher,4,12,float
11.15,2011,barr,11barrreph434,reph,abankert,2011-06-23,searcher,4,4,float
11.17,2011,barr,11barrreph435,reph,abankert,2011-06-23,searcher,4,9,float
17.35,2011,barr,11barrreph441,reph,abankert,2011-06-24,searcher,4,3,float
18.01,2011,barr,11barrreph454,reph,abankert,2011-06-27,rope,4,6,float
18.05,2011,barr,11barrreph455,reph,abankert,2011-06-27,rope,4,5,float
18.09,2011,barr,11barrreph457,reph,abankert,2011-06-27,rope,4,11,float
18.25,2011,barr,11barrreph462,reph,abankert,2011-06-28,rope,4,10,float
18.29,2011,barr,11barrreph464,reph,abankert,2011-06-28,rope,3,4,float
18.33,2011,barr,11barrreph465,reph,abankert,2011-06-28,rope,4,11,float
18.35,2011,barr,11barrreph466,reph,abankert,2011-06-28,rope,4,10,float
18.39,2011,barr,11barrreph468,reph,abankert,2011-06-28,rope,4,12,float
8.31,2011,barr,11barrreph475,reph,abankert,2011-06-29,searcher,4,4,float
2.05,2011,barr,11barrreph485,reph,abankert,2011-07-02,rope,4,12,float
8.49,2011,barr,11barrreph489,reph,abankert,2011-07-03,rope,4,4,float
8.51,2011,barr,11barrreph490,reph,abankert,2011-07-03,rope,4,13,float
8.53,2011,barr,11barrreph491,reph,abankert,2011-07-03,rope,4,11,float
8.55,2011,barr,11barrreph498,reph,abankert,2011-07-08,bander,4,,hatch
10.07,2011,barr,11barrreph508,reph,pherzog,2011-06-14,searcher,4,5,float
16.53,2011,barr,11barrreph524,reph,pherzog,2011-06-19,searcher,4,5,float
9.25,2011,barr,11barrreph530,reph,pherzog,2011-06-21,searcher,4,7,float
1.35,2011,barr,11barrreph546,reph,pherzog,2011-06-23,searcher,4,3,float
11.27,2011,barr,11barrreph550,reph,pherzog,2011-06-24,searcher,3,5,float
11.29,2011,barr,11barrreph553,reph,pherzog,2011-06-24,searcher,4,5,float
12.25,2011,barr,11barrreph569,reph,pherzog,2011-07-01,rope,4,11,float
12.27,2011,barr,11barrreph570,reph,pherzog,2011-07-01,rope,3,9,float
12.31,2011,barr,11barrreph572,reph,pherzog,2011-07-01,rope,4,13,float
12.35,2011,barr,11barrreph574,reph,pherzog,2011-07-01,rope,4,12,float
12.39,2011,barr,11barrreph576,reph,pherzog,2011-07-01,rope,4,15,float
12.43,2011,barr,11barrreph578,reph,pherzog,2011-07-01,rope,4,13,float
12.49,2011,barr,11barrreph581,reph,pherzog,2011-07-02,rope,4,13,float
12.53,2011,barr,11barrreph583,reph,pherzog,2011-07-02,rope,4,11,float
12.55,2011,barr,11barrreph584,reph,pherzog,2011-07-02,rope,4,13,float
12.59,2011,barr,11barrreph586,reph,pherzog,2011-07-02,rope,4,11,float
12.63,2011,barr,11barrreph588,reph,pherzog,2011-07-02,rope,4,12,float
12.67,2011,barr,11barrreph590,reph,pherzog,2011-07-02,rope,4,12,float
12.71,2011,barr,11barrreph592,reph,pherzog,2011-07-02,rope,4,10,float
6.05,2011,barr,11barrreph594,reph,pherzog,2011-07-03,rope,4,14,float
7.05,2011,barr,11barrreph597,reph,pherzog,2011-07-03,rope,4,11,float
7.07,2011,barr,11barrreph598,reph,pherzog,2011-07-03,rope,3,,hatch
7.09,2011,barr,11barrreph599,reph,pherzog,2011-07-03,rope,4,11,float
16.41,2011,barr,11barrreph612,reph,adoll,2011-06-18,bander,4,2,float
5.17,2011,barr,11barrreph625,reph,adoll,2011-07-02,bander,4,15,float
7.19,2011,barr,11barrreph704,reph,jcunningham,2011-07-03,rope,4,15,float
7.21,2011,barr,11barrreph705,reph,jcunningham,2011-07-03,rope,4,12,float
17.65,2011,barr,11barrreph800,reph,pherzog,2011-07-04,bander,4,14,float
8.61,2011,barr,11barrreph903,reph,abankert,2011-07-14,bander,4,,hatch
14.27,2011,barr,11barrrnph009,rnph,rlanctot,2011-06-27,bander,4,1,float
11.03,2011,barr,11barrrnph151,rnph,jcunningham,2011-06-22,searcher,3,6,float
7.11,2011,barr,11barrrnph700,rnph,jcunningham,2011-07-03,rope,4,12,float
14.17,2011,barr,11barrsesa556,sesa,pherzog,2011-06-26,searcher,4,6,float
11.55,2011,barr,11barrwesa244,wesa,bhill,2011-06-29,bander,3,0,float
12.45,2011,barr,11barrwesa579,wesa,pherzog,2011-07-01,rope,3,3,float
15.85,2012,barr,12barramgp813,amgp,bverheijen,2012-07-08,bander,4,,mean date
10.17,2012,barr,12barrdunl210,dunl,bhill,2012-06-13,bander,4,,
7.39,2012,barr,12barrdunl304,dunl,kgrond,2012-06-11,bander,4,3,float
2.23,2012,barr,12barrdunl416,dunl,bverheijen,2012-06-13,searcher,4,2,float
2.37,2012,barr,12barrdunl545,dunl,pherzog,2012-06-15,searcher,4,5,float
1.31,2012,barr,12barrdunl571,dunl,pherzog,2012-06-19,searcher,4,11,float
15.81,2012,barr,12barrpesa110,pesa,jcunningham,2012-07-03,bander,4,8,float
24.55,2012,barr,12barrpesa266,pesa,pherzog,2012-06-28,rope,4,11,float
14.47,2012,barr,12barrpesa269,pesa,pherzog,2012-06-28,rope,4,11,float
14.49,2012,barr,12barrpesa270,pesa,pherzog,2012-06-28,rope,4,11,float
14.85,2012,barr,12barrpesa290,pesa,pherzog,2012-07-02,searcher,4,14,float
13.61,2012,barr,12barrpesa449,pesa,bverheijen,2012-06-19,searcher,4,8,float
6.37,2012,barr,12barrpesa492,pesa,bverheijen,2012-06-29,rope,4,11,float
14.01,2012,barr,12barrpesa569,pesa,pherzog,2012-06-19,searcher,3,3,float
6.03,2012,barr,12barrpesa596,pesa,pherzog,2012-06-24,searcher,4,4,float
3.21,2012,barr,12barrpesa631,pesa,mmcconnell,2012-06-15,searcher,2,,lay
1.25,2012,barr,12barrpesa644,pesa,mmcconnell,2012-06-18,searcher,4,8,float
3.57,2012,barr,12barrpesa666,pesa,mmcconnell,2012-06-22,searcher,4,3,float
3.59,2012,barr,12barrpesa667,pesa,mmcconnell,2012-06-22,searcher,4,1,float
6.13,2012,barr,12barrpesa680,pesa,mmcconnell,2012-06-26,searcher,4,1,float
4.33,2012,barr,12barrpesa805,pesa,bverheijen,2012-07-02,rope,4,3,float
4.27,2012,barr,12barrreph009,reph,rlanctot,2012-07-01,bander,4,14,float
15.77,2012,barr,12barrreph109,reph,jcunningham,2012-06-29,bander,3,,hatch
5.49,2012,barr,12barrreph220,reph,bhill,2012-06-18,bander,4,7,float
14.75,2012,barr,12barrreph233,reph,bhill,2012-07-01,bander,4,,hatch
1.53,2012,barr,12barrreph254,reph,pherzog,2012-06-26,searcher,4,12,float
14.53,2012,barr,12barrreph272,reph,dsaalfeld,2012-06-28,rope,4,12,float
14.59,2012,barr,12barrreph275,reph,pherzog,2012-06-29,rope,4,12,float
14.61,2012,barr,12barrreph276,reph,pherzog,2012-06-29,rope,4,14,float
14.69,2012,barr,12barrreph280,reph,dsaalfeld,2012-06-29,rope,4,12,float
16.03,2012,barr,12barrreph285,reph,dsaalfeld,2012-07-01,rope,4,13,float
16.09,2012,barr,12barrreph288,reph,dsaalfeld,2012-07-01,rope,4,,hatch
16.11,2012,barr,12barrreph289,reph,dsaalfeld,2012-07-02,rope,4,,hatch
5.31,2012,barr,12barrreph417,reph,bverheijen,2012-06-14,searcher,4,4,float
1.19,2012,barr,12barrreph439,reph,bverheijen,2012-06-17,searcher,4,4,float
1.21,2012,barr,12barrreph440,reph,bverheijen,2012-06-17,searcher,4,4,float
1.35,2012,barr,12barrreph451,reph,bverheijen,2012-06-20,searcher,4,5,float
5.63,2012,barr,12barrreph458,reph,bverheijen,2012-06-21,searcher,4,5,float
6.09,2012,barr,12barrreph473,reph,bverheijen,2012-06-25,searcher,4,9,float
15.35,2012,barr,12barrreph483,reph,bverheijen,2012-06-26,searcher,4,14,float
4.11,2012,barr,12barrreph495,reph,bverheijen,2012-07-01,rope,4,14,float
4.19,2012,barr,12barrreph499,reph,bverheijen,2012-07-01,rope,4,15,float
1.13,2012,barr,12barrreph541,reph,pherzog,2012-06-15,searcher,4,3,float
1.15,2012,barr,12barrreph542,reph,pherzog,2012-06-15,searcher,4,4,float
5.45,2012,barr,12barrreph555,reph,pherzog,2012-06-17,searcher,4,4,float
15.25,2012,barr,12barrreph562,reph,pherzog,2012-06-25,searcher,4,12,float
3.51,2012,barr,12barrreph575,reph,pherzog,2012-06-20,searcher,4,5,float
1.43,2012,barr,12barrreph586,reph,pherzog,2012-06-22,searcher,4,6,float
9.17,2012,barr,12barrreph637,reph,mmcconnell,2012-06-17,searcher,4,13,float
1.23,2012,barr,12barrreph643,reph,mmcconnell,2012-06-18,searcher,4,5,float
1.27,2012,barr,12barrreph645,reph,mmcconnell,2012-06-18,searcher,4,2,float
2.49,2012,barr,12barrreph647,reph,mmcconnell,2012-06-18,searcher,4,2,float
3.37,2012,barr,12barrreph653,reph,mmcconnell,2012-06-19,searcher,4,6,float
9.43,2012,barr,12barrreph659,reph,mmcconnell,2012-06-20,searcher,4,13,float
5.69,2012,barr,12barrreph670,reph,mmcconnell,2012-06-22,searcher,4,6,float
24.29,2012,barr,12barrreph673,reph,mmcconnell,2012-06-24,searcher,2,,lay
1.49,2012,barr,12barrreph679,reph,mmcconnell,2012-06-25,searcher,4,5,float
15.43,2012,barr,12barrreph686,reph,mmcconnell,2012-06-27,rope,4,15,float
15.71,2012,barr,12barrreph697,reph,mmcconnell,2012-06-28,rope,4,14,float
4.37,2012,barr,12barrreph707,reph,ssaalfeld,2012-07-03,bander,,,
4.21,2012,barr,12barrreph800,reph,bverheijen,2012-07-01,rope,4,,hatch
4.23,2012,barr,12barrreph801,reph,bverheijen,2012-07-01,rope,4,16,float
4.25,2012,barr,12barrreph802,reph,bverheijen,2012-07-01,rope,3,14,float
6.53,2012,barr,12barrreph808,reph,bverheijen,2012-07-03,searcher,4,14,float
24.63,2012,barr,12barrreph810,reph,bverheijen,2012-07-05,searcher,4,12,float
15.65,2012,barr,12barrrnph695,rnph,mmcconnell,2012-06-27,rope,4,9,float
15.83,2012,barr,12barrrnph812,rnph,bverheijen,2012-07-09,bander,4,11,float
7.07,2012,barr,12barrsesa301,sesa,kgrond,2012-06-05,bander,1,,lay
8.25,2012,barr,12barrsesa302,sesa,kgrond,2012-06-08,bander,4,3,float
7.01,2012,barr,12barrsesa500,sesa,pherzog,2012-06-04,searcher,4,3,float
2.45,2012,barr,12barrsesa642,sesa,mmcconnell,2012-06-18,searcher,4,8,float
8.03,2012,barr,12barrwesa504,wesa,pherzog,2012-06-07,searcher,4,3,float
,2013,barr,13barramgp267,amgp,amould,2013-06-24,searcher,3,0,float
,2013,barr,13barrdunl133,dunl,pherzog,2013-06-12,searcher,4,2,float
,2013,barr,13barrdunl228,dunl,pherzog,2013-06-20,searcher,4,4,float
,2013,barr,13barrdunl269,dunl,pherzog,2013-06-25,searcher,4,3,float
,2013,barr,13barrdunl303,dunl,fstetler,2013-06-28,rope,4,12,float
,2013,barr,13barrlbdo344,lbdo,fstetler,2013-06-30,rope,4,6,float
,2013,barr,13barrlbdo369,lbdo,lrensel,2013-06-30,bander,4,6,float
,2013,barr,13barrlbdo445,lbdo,vloverti,2013-06-30,bander,4,11,float
,2013,barr,13barrpesa050,pesa,lrensel,2013-06-11,searcher,4,3,float
,2013,barr,13barrpesa073,pesa,pherzog,2013-06-17,searcher,4,4,float
,2013,barr,13barrpesa104,pesa,jcunningham,2013-06-16,searcher,3,4,float
,2013,barr,13barrpesa115,pesa,kgrond,2013-06-13,searcher,4,3,float
,2013,barr,13barrpesa148,pesa,pherzog,2013-06-16,searcher,4,3,float
,2013,barr,13barrpesa160,pesa,fstetler,2013-06-10,incidental,2,,
,2013,barr,13barrpesa200,pesa,jcunningham,2013-06-18,searcher,4,5,float
,2013,barr,13barrpesa205,pesa,pherzog,2013-06-19,searcher,4,5,float
,2013,barr,13barrpesa208,pesa,pherzog,2013-06-19,searcher,4,4,float
,2013,barr,13barrpesa218,pesa,amould,2013-06-26,rope,4,11,float
,2013,barr,13barrpesa222,pesa,fstetler,2013-06-19,searcher,4,3,float
,2013,barr,13barrpesa244,pesa,lrensel,2013-06-20,searcher,4,4,float
,2013,barr,13barrpesa264,pesa,pherzog,2013-06-21,searcher,3,13,float
,2013,barr,13barrpesa270,pesa,pherzog,2013-06-25,searcher,4,12,float
,2013,barr,13barrpesa278,pesa,pherzog,2013-07-03,bander,4,4,float
,2013,barr,13barrpesa280,pesa,pherzog,2013-07-08,bander,4,5,float
,2013,barr,13barrpesa327,pesa,bkaselow,2013-06-27,rope,3,6,float
,2013,barr,13barrpesa328,pesa,dkesler,2013-06-21,searcher,4,1,float
,2013,barr,13barrpesa331,pesa,amould,2013-06-28,rope,4,12,float
,2013,barr,13barrpesa332,pesa,pherzog,2013-06-28,rope,2,,hatch
,2013,barr,13barrpesa333,pesa,amould,2013-06-28,rope,4,11,float
,2013,barr,13barrpesa354,pesa,jdanby,2013-06-25,searcher,3,3,float
,2013,barr,13barrpesa373,pesa,pherzog,2013-07-01,rope,,,
,2013,barr,13barrpesa390,pesa,amould,2013-06-27,rope,4,3,float
,2013,barr,13barrpesa398,pesa,pherzog,2013-06-16,searcher,4,4,float
,2013,barr,13barrpesa407,pesa,amould,2013-06-28,rope,4,5,float
,2013,barr,13barrpesa421,pesa,amould,2013-07-01,rope,4,13,float
,2013,barr,13barrpesa424,pesa,amould,2013-07-01,rope,4,6,float
,2013,barr,13barrpesa460,pesa,lrensel,2013-07-09,bander,4,8,float
,2013,barr,13barrreph016,reph,pherzog,2013-06-14,searcher,4,4,float
,2013,barr,13barrreph031,reph,pherzog,2013-06-18,searcher,4,6,float
,2013,barr,13barrreph045,reph,pherzog,2013-06-10,searcher,3,4,float
,2013,barr,13barrreph063,reph,lrensel,2013-06-14,searcher,4,4,float
,2013,barr,13barrreph074,reph,pherzog,2013-06-17,searcher,4,4,float
,2013,barr,13barrreph076,reph,lrensel,2013-06-18,searcher,4,7,float
,2013,barr,13barrreph157,reph,pherzog,2013-06-16,searcher,3,4,float
,2013,barr,13barrreph198,reph,jcunningham,2013-06-18,searcher,4,12,float
,2013,barr,13barrreph202,reph,pherzog,2013-06-19,searcher,4,4,float
,2013,barr,13barrreph257,reph,pherzog,2013-06-21,searcher,4,6,float
,2013,barr,13barrreph258,reph,pherzog,2013-06-21,searcher,4,4,float
,2013,barr,13barrreph284,reph,lrensel,2013-06-27,searcher,4,12,float
,2013,barr,13barrreph300,reph,lrensel,2013-06-24,searcher,4,12,float
,2013,barr,13barrreph317,reph,pherzog,2013-07-02,rope,,,
,2013,barr,13barrreph318,reph,pherzog,2013-07-02,rope,,,
,2013,barr,13barrreph324,reph,bkaselow,2013-06-26,rope,4,6,float
,2013,barr,13barrreph355,reph,jdanby,2013-06-28,bander,4,11,float
,2013,barr,13barrreph371,reph,rlanctot,2013-06-25,bander,4,10,float
,2013,barr,13barrreph378,reph,amould,2013-06-26,rope,4,11,float
,2013,barr,13barrreph384,reph,amould,2013-06-27,rope,4,11,float
,2013,barr,13barrreph392,reph,amould,2013-06-27,rope,4,11,float
,2013,barr,13barrreph406,reph,amould,2013-06-28,rope,4,12,float
,2013,barr,13barrreph408,reph,amould,2013-06-28,rope,3,12,float
,2013,barr,13barrreph410,reph,amould,2013-06-28,rope,4,13,float
,2013,barr,13barrreph454,reph,jcunningham,2013-07-02,bander,,,
,2013,barr,13barrrnph251,rnph,dkesler,2013-06-22,bander,3,9,float
,2013,barr,13barrsesa081,sesa,vloverti,2013-06-10,bander,4,3,float
,2013,barr,13barrsesa085,sesa,vloverti,2013-06-12,bander,3,,
,2013,barr,13barrsesa120,sesa,pherzog,2013-06-09,searcher,3,3,float
,2013,barr,13barrsesa151,sesa,pherzog,2013-06-16,searcher,4,4,float
,2013,barr,13barrsesa193,sesa,vloverti,2013-06-17,bander,4,11,float
,2013,barr,13barrsesa246,sesa,lrensel,2013-06-20,searcher,4,5,float
,2013,barr,13barrsesa296,sesa,pherzog,2013-06-23,searcher,3,3,float
,2013,barr,13barrsesa336,sesa,amould,2013-06-28,rope,4,,hatch
,2013,barr,13barrsesa345,sesa,fstetler,2013-07-02,rope,4,,
,2013,barr,13barrsesa374,sesa,pherzog,2013-07-02,rope,,,
,2013,barr,13barrsesa501,sesa,amould,2013-06-27,rope,4,,hatch
,2013,barr,13barrwesa023,wesa,lrensel,2013-06-16,searcher,4,2,float
,2013,barr,13barrwesa146,wesa,pherzog,2013-06-16,searcher,4,3,float
,2013,barr,13barrwesa201,wesa,pherzog,2013-06-19,searcher,4,3,float
,2013,barr,13barrwesa209,wesa,kgrond,2013-06-19,bander,3,3,float
,2013,barr,13barrwesa271,wesa,pherzog,2013-06-25,searcher,3,3,float
,2013,barr,13barrwesa307,wesa,fstetler,2013-06-28,rope,4,,hatch
,2013,barr,13barrwesa341,wesa,bkaselow,2013-06-30,rope,3,10,float
,2013,barr,13barrwesa343,wesa,fstetler,2013-06-30,rope,4,11,float
,2013,barr,13barrwesa386,wesa,rlanctot,2013-06-27,bander,4,3,float
,2013,barr,13barrwesa416,wesa,amould,2013-06-30,rope,4,12,float
,2013,barr,13barrwesa439,wesa,pherzog,2013-07-02,rope,2,,
,2014,barr,14barrdunl002,dunl,ssheedy,2014-06-11,searcher,3,,lay
,2014,barr,14barrdunl406,dunl,mallen,2014-07-03,other,,,
,2014,barr,14barrlbdo264,lbdo,rlanctot,2014-06-29,rope,3,0,float
,2014,barr,14barrlbdo458,lbdo,ssheedy,2014-07-07,rope,4,1,float
,2014,barr,14barrpesa005,pesa,asterling,2014-06-13,searcher,3,1,float
,2014,barr,14barrpesa047,pesa,jmarin,2014-06-25,searcher,3,7,float
,2014,barr,14barrpesa099,pesa,jmarin,2014-06-24,searcher,4,2,float
,2014,barr,14barrpesa155,pesa,kgrond,2014-06-20,bander,2,,
,2014,barr,14barrpesa270,pesa,jmarin,2014-06-24,searcher,4,4,float
,2014,barr,14barrpesa272,pesa,ssheedy,2014-06-25,searcher,4,3,float
,2014,barr,14barrpesa275,pesa,ssheedy,2014-06-25,searcher,4,4,float
,2014,barr,14barrpesa277,pesa,ssheedy,2014-06-25,searcher,4,8,float
,2014,barr,14barrpesa285,pesa,asterling,2014-06-26,searcher,4,11,float
,2014,barr,14barrpesa286,pesa,jmarin,2014-06-27,searcher,4,4,float
,2014,barr,14barrpesa288,pesa,jmarin,2014-06-27,searcher,4,3,float
,2014,barr,14barrpesa297,pesa,ssheedy,2014-06-26,searcher,2,9,float
,2014,barr,14barrpesa301,pesa,asterling,2014-06-27,searcher,1,,lay
,2014,barr,14barrpesa304,pesa,asterling,2014-06-27,searcher,4,11,float
,2014,barr,14barrpesa307,pesa,asterling,2014-07-03,rope,4,10,float
,2014,barr,14barrpesa329,pesa,jmarin,2014-06-26,searcher,4,6,float
,2014,barr,14barrpesa360,pesa,jmarin,2014-06-30,rope,4,14,float
,2014,barr,14barrpesa367,pesa,jmarin,2014-06-30,rope,4,8,float
,2014,barr,14barrpesa415,pesa,asterling,2014-07-02,rope,4,6,float
,2014,barr,14barrpesa430,pesa,dhodkinson,2014-07-11,bander,4,12,float
,2014,barr,14barrpesa431,pesa,jmarin,2014-07-05,rope,4,5,float
,2014,barr,14barrpesa447,pesa,ekwon,2014-07-12,bander,4,12,float
,2014,barr,14barrpesa459,pesa,ssheedy,2014-07-07,rope,4,10,float
,2014,barr,14barrpesa465,pesa,dhodkinson,2014-07-11,bander,4,11,float
,2014,barr,14barrreph024,reph,ssheedy,2014-06-19,searcher,4,8,float
,2014,barr,14barrreph059,reph,mallen,2014-06-14,other,4,4,float
,2014,barr,14barrreph068,reph,asterling,2014-06-16,searcher,4,4,float
,2014,barr,14barrreph081,reph,asterling,2014-06-19,searcher,4,2,float
,2014,barr,14barrreph113,reph,ssheedy,2014-06-17,searcher,4,2,float
,2014,barr,14barrreph117,reph,ssheedy,2014-06-17,searcher,2,2,float
,2014,barr,14barrreph128,reph,jmarin,2014-06-19,searcher,1,,
,2014,barr,14barrreph136,reph,asterling,2014-06-22,searcher,3,,
,2014,barr,14barrreph137,reph,ssheedy,2014-06-24,searcher,4,4,float
,2014,barr,14barrreph141,reph,ssheedy,2014-06-24,searcher,4,2,float
,2014,barr,14barrreph146,reph,asterling,2014-06-25,searcher,4,3,float
,2014,barr,14barrreph148,reph,asterling,2014-06-25,searcher,4,13,float
,2014,barr,14barrreph149,reph,asterling,2014-06-25,searcher,3,3,float
,2014,barr,14barrreph162,reph,asterling,2014-07-05,rope,4,10,float
,2014,barr,14barrreph172,reph,jcunningham,2014-06-11,searcher,2,,lay
,2014,barr,14barrreph191,reph,wenglish,2014-06-11,searcher,3,,lay
,2014,barr,14barrreph208,reph,wenglish,2014-06-20,bander,4,4,float
,2014,barr,14barrreph232,reph,wenglish,2014-06-21,bander,4,7,float
,2014,barr,14barrreph256,reph,rlanctot,2014-06-30,bander,4,5,float
,2014,barr,14barrreph267,reph,jmarin,2014-06-24,searcher,4,3,float
,2014,barr,14barrreph269,reph,jmarin,2014-06-24,searcher,4,3,float
,2014,barr,14barrreph274,reph,ssheedy,2014-06-25,searcher,3,13,float
,2014,barr,14barrreph276,reph,ssheedy,2014-06-25,searcher,4,8,float
,2014,barr,14barrreph302,reph,asterling,2014-06-27,searcher,3,2,float
,2014,barr,14barrreph305,reph,asterling,2014-07-03,rope,4,8,float
,2014,barr,14barrreph312,reph,asterling,2014-07-03,rope,3,8,float
,2014,barr,14barrreph313,reph,dkesler,2014-06-24,searcher,4,3,float
,2014,barr,14barrreph323,reph,jmarin,2014-06-26,searcher,4,3,float
,2014,barr,14barrreph326,reph,jmarin,2014-06-26,searcher,3,12,float
,2014,barr,14barrreph334,reph,jmarin,2014-07-01,searcher,4,8,float
,2014,barr,14barrreph340,reph,jmarin,2014-07-01,searcher,2,7,float
,2014,barr,14barrreph341,reph,jmarin,2014-07-01,searcher,4,4,float
,2014,barr,14barrreph372,reph,asterling,2014-07-03,rope,4,6,float
,2014,barr,14barrreph380,reph,asterling,2014-07-05,rope,4,6,float
,2014,barr,14barrreph389,reph,asterling,2014-07-01,searcher,4,9,float
,2014,barr,14barrreph403,reph,rlanctot,2014-07-03,bander,3,8,float
,2014,barr,14barrreph408,reph,mallen,2014-07-03,other,4,7,float
,2014,barr,14barrreph409,reph,rlanctot,2014-07-06,bander,3,12,float
,2014,barr,14barrreph414,reph,asterling,2014-07-02,rope,3,8,float
,2014,barr,14barrreph416,reph,asterling,2014-07-02,rope,3,8,float
,2014,barr,14barrreph429,reph,jmarin,2014-07-06,searcher,3,7,float
,2014,barr,14barrreph440,reph,jmarin,2014-07-05,rope,4,17,float
,2014,barr,14barrreph455,reph,asterling,2014-07-07,rope,3,16,float
,2014,barr,14barrreph456,reph,ssheedy,2014-07-07,rope,1,10,float
,2014,barr,14barrsesa088,sesa,jmarin,2014-06-20,searcher,4,7,float
,2012,burn,12burnagplmp01,amgp,mkpeck,2012-06-22,searcher,4,,
,2012,burn,12burndunldf01,dunl,dfillman,2012-06-15,searcher,4,,
,2012,burn,12burndunljb01,dunl,jbelliveau,2012-06-26,searcher,,,
,2012,burn,12burndunlkb01,dunl,kbennett,2012-06-16,rope,4,6,float
,2012,burn,12burndunlmp03,dunl,mkpeck,2012-06-18,searcher,4,,
,2012,burn,12burndunlmp04,dunl,mkpeck,2012-06-18,searcher,4,,
,2012,burn,12burndunlmvb01,dunl,mburrell,2012-06-16,rope,4,6,float
,2012,burn,12burndunlmvb02,dunl,mburrell,2012-06-16,rope,4,6,float
,2012,burn,12burnkilljhb01,kill,jbrunjes,2012-06-10,searcher,4,,lay
,2012,burn,12burnkillji01,kill,jiron,2012-07-01,searcher,,,
,2012,burn,12burnkillmp01,kill,mpeck,2012-06-15,searcher,,,
,2012,burn,12burnlesadf01,lesa,dfillman,2012-06-08,searcher,3,,
,2012,burn,12burnlesajb01,lesa,jbelliveau,2012-06-10,searcher,4,,
,2012,burn,12burnlesamb02,lesa,mbirarda,2012-06-16,searcher,4,,
,2012,burn,12burnlesamp01,lesa,mkpeck,2012-06-10,searcher,4,,
,2012,burn,12burnlesamvb01,lesa,mburrell,2012-06-08,searcher,4,,
,2012,burn,12burnlesamvb02,lesa,mburrell,2012-06-11,searcher,4,,
,2012,burn,12burnsepljhb01,sepl,jbrunjes,2012-06-14,searcher,4,,
,2012,burn,12burnseplmb01,sepl,mbirarda,2012-06-10,searcher,4,,
,2012,burn,12burnseplmp02,sepl,mkpeck,2012-06-10,searcher,4,,
,2012,burn,12burnseplmp03,sepl,mpeck,2012-06-15,searcher,4,,
,2012,burn,12burnseplmp05,sepl,mpeck,2012-06-15,searcher,,,
,2012,burn,12burnseplmp06,sepl,mpeck,2012-06-15,searcher,4,,
,2012,burn,12burnseplmp07,sepl,mpeck,2012-06-15,searcher,,,
,2012,burn,12burnseplmp08,sepl,mpeck,2012-06-15,searcher,4,,
,2012,burn,12burnwhimjb01,whim,jbrunjes,2012-07-06,searcher,,,
,2012,burn,12burnwhimka01,whim,kabraham,2012-06-13,searcher,1,,
,2012,burn,12burnwhimmp01,whim,mkpeck,2012-06-11,searcher,4,,
,2012,burn,12burnwhimmp02,whim,mkpeck,2012-06-14,searcher,4,,
,2012,burn,12burnwhimmp03,whim,mkpeck,2012-06-14,searcher,,,
,2012,burn,12burnwhimmp04,whim,mkpeck,2012-06-14,searcher,,,
,2012,burn,12burnwhimmp05,whim,mkpeck,2012-06-14,searcher,4,,
,2012,burn,12burnwhimmp06,whim,mkpeck,2012-06-16,searcher,4,,
,2012,burn,12burnwhimmp07,whim,mkpeck,2012-06-20,searcher,3,,
,2012,burn,12burnwhimmp08,whim,mkpeck,2012-06-18,searcher,4,,
,2012,burn,12burnwisnjb01,wisn,jbrunjes,2012-06-08,searcher,4,,
,2013,burn,13burndunljb01,dunl,jbelliveau,2013-06-14,searcher,4,,
,2013,burn,13burndunljc01,dunl,jcaville,2013-06-12,searcher,4,16,float
,2013,burn,13burndunljc02,dunl,jcaville,2013-06-13,searcher,4,,hatch
,2013,burn,13burndunlka01,dunl,kabraham,2013-06-15,searcher,4,14,float
,2013,burn,13burndunlka02,dunl,kabraham,2013-06-15,searcher,4,14,float
,2013,burn,13burndunlmb02,dunl,mburrell,2013-06-17,searcher,4,14,float
,2013,burn,13burndunlmb03,dunl,mburrell,2013-06-21,searcher,4,,hatch
,2013,burn,13burndunlmp01,dunl,mpeck,2013-06-12,searcher,4,17,float
,2013,burn,13burndunlmp02,dunl,mpeck,2013-06-15,searcher,4,15,float
,2013,burn,13burndunlsh01,dunl,shart,2013-06-16,searcher,4,17,float
,2013,burn,13burndunlsh02,dunl,shart,2013-06-19,searcher,4,19,float
,2013,burn,13burnhugomp01,hugo,mpeck,2013-06-15,searcher,4,,
,2013,burn,13burnlesaka01,lesa,kabraham,2013-06-10,searcher,4,11,float
,2013,burn,13burnlesakb01,lesa,kbennett,2013-06-08,searcher,4,,
,2013,burn,13burnlesamb01,lesa,mburrell,2013-06-07,searcher,4,,
,2013,burn,13burnlesamb03,lesa,mburrell,2013-06-14,searcher,4,11,float
,2013,burn,13burnlesamb04,lesa,mburrell,2013-06-16,searcher,4,11,float
,2013,burn,13burnlesank01,lesa,nkirby,2013-06-12,searcher,4,,
,2013,burn,13burnrnphmb01,rnph,mburrell,2013-06-16,searcher,4,1,float
,2013,burn,13burnwhimde01,whim,dedwards,2013-06-24,searcher,4,20,float
,2013,burn,13burnwhimjb01,whim,jbelliveau,2013-06-12,searcher,4,,
,2013,burn,13burnwhimmb01,whim,mburrell,2013-06-13,searcher,4,,
,2013,burn,13burnwhimmp01,whim,mpeck,2013-06-12,searcher,4,,
,2013,burn,13burnwhimmp02,whim,mpeck,2013-06-13,searcher,4,,
,2013,burn,13burnwhimmp03,whim,mpeck,2013-06-13,searcher,4,,
,2013,burn,13burnwhimmp05,whim,mpeck,2013-06-14,searcher,4,4,float
,2013,burn,13burnwhimmp08,whim,mpeck,2013-06-15,searcher,4,20,float
,2013,burn,13burnwhimmp11,whim,mpeck,2013-06-17,searcher,4,,
,2013,burn,13burnwhimmp14,whim,mpeck,2013-06-17,searcher,4,7,float
,2013,burn,13burnwhimmp15,whim,mpeck,2013-06-18,searcher,3,7,float
,2013,burn,13burnwhimnk01,whim,nkirby,2013-06-15,searcher,4,3,float
,2014,burn,14burndunlgr01,dunl,gracey,2014-06-11,searcher,4,7,float
,2014,burn,14burndunlgr02,dunl,gracey,2014-06-18,searcher,4,,
,2014,burn,14burndunllp01,dunl,lpollock,2014-06-17,searcher,4,2,float
,2014,burn,14burndunlme01,dunl,mevers,2014-06-17,searcher,4,4,float
,2014,burn,14burndunlmp01,dunl,mpeck,2014-06-13,searcher,4,,
,2014,burn,14burndunlmp02,dunl,mpeck,2014-06-15,searcher,4,,
,2014,burn,14burndunlmp03,dunl,mpeck,2014-06-17,searcher,4,11,float
,2014,burn,14burndunlmp05,dunl,mpeck,2014-06-18,searcher,3,,
,2014,burn,14burnhugobd01,hugo,bdalziel,2014-06-17,searcher,4,12,float
,2014,burn,14burnhugokb01,hugo,kbennett,2014-06-13,searcher,4,11,float
,2014,burn,14burnhugomp01,hugo,mpeck,2014-06-22,searcher,4,,
,2014,burn,14burnlesadm02,lesa,dmcrae,2014-06-28,searcher,4,,
,2014,burn,14burnlesakb01,lesa,kbennett,2014-06-27,searcher,4,,
,2014,burn,14burnlesalp01,lesa,lpollock,2014-06-19,searcher,4,10,float
,2014,burn,14burnlesarn03,lesa,rnakoochee,2014-06-28,searcher,3,,
,2014,burn,14burnsbdorn01,sbdo,rnakoochee,2014-06-20,searcher,4,6,float
,2014,burn,14burnseplgr01,sepl,gracey,2014-06-18,searcher,3,,
,2014,burn,14burnsepllp01,sepl,lpollock,2014-06-12,searcher,2,0,float
,2014,burn,14burnseplmp01,sepl,mpeck,2014-06-12,searcher,2,0,float
,2014,burn,14burnwhimdm01,whim,mpeck,2014-06-16,searcher,3,,
,2014,burn,14burnwhimdm02,whim,dmcrae,2014-06-15,searcher,4,,
,2014,burn,14burnwhimdm03,whim,mpeck,2014-06-15,searcher,4,23,float
,2014,burn,14burnwhimdm04,whim,dmcrae,2014-06-16,searcher,3,15,float
,2014,burn,14burnwhimlp01,whim,lpollock,2014-06-14,searcher,4,,
,2014,burn,14burnwhimme02,whim,mevers,2014-06-16,searcher,1,,
,2014,burn,14burnwhimmp02,whim,mpeck,2014-06-15,searcher,2,0,float
,2014,burn,14burnwhimmp03,whim,mpeck,2014-06-16,searcher,4,9,float
,2005,bylo,05byloagplbl01,amgp,blaliberte,2005-06-20,systematic search,4,8,float
,2005,bylo,05byloagplbl02,amgp,blaliberte,2005-06-23,systematic search,4,3,float
,2005,bylo,05byloagplbl03,amgp,blaliberte,2005-06-29,systematic search,4,9,float
,2005,bylo,05byloagpllm01,amgp,lmckinnon,2005-06-18,systematic search,4,1,float
,2005,bylo,05byloagplmaude,amgp,mgrahamsauve,2005-07-09,systematic search,4,18,float
,2005,bylo,05byloagplpc01,amgp,celverum,2005-06-27,incidental,4,18,float
,2005,bylo,05bylobasaben,basa,btremblay,2005-07-08,incidental,4,,
,2005,bylo,05bylobasabl04,basa,blaliberte,2005-06-23,systematic search,4,8,float
,2005,bylo,05bylobasabl05,basa,blaliberte,2005-06-23,systematic search,4,13,float
,2005,bylo,05bylobasafox,basa,ccameron,2005-07-02,incidental,4,15,float
,2005,bylo,05bylobasagg01,basa,ggauthier,2005-07-01,incidental,4,,
,2005,bylo,05bylobasajl,basa,jlefebvre,2005-06-29,incidental,4,,
,2005,bylo,05bylobasalm02,basa,lmckinnon,2005-06-15,systematic search,4,6,float
,2005,bylo,05bylobasang03,basa,ngruyer,2005-06-15,incidental,4,,
,2005,bylo,05bylobasapc01,basa,celverum,2005-06-27,incidental,4,,
,2005,bylo,05bylobbpl01,bbpl,lmckinnon,2005-07-18,systematic search,2,,
,2005,bylo,05byloreph01,reph,celverum,2005-06-27,systematic search,4,,
,2005,bylo,05bylowrsabl02,wrsa,blaliberte,2005-06-19,systematic search,4,8,float
,2005,bylo,05bylowrsabl05,wrsa,blaliberte,2005-06-21,systematic search,4,1,float
,2005,bylo,05bylowrsabl06,wrsa,blaliberte,2005-06-26,systematic search,4,11,float
,2005,bylo,05bylowrsabl08,wrsa,blaliberte,2005-07-02,systematic search,4,15,float
,2005,bylo,05bylowrsabt,wrsa,btremblay,2005-07-05,incidental,4,,
,2005,bylo,05bylowrsagg01,wrsa,ggauthier,2005-07-01,incidental,4,15,float
,2005,bylo,05bylowrsagg02,wrsa,ggauthier,2005-07-01,incidental,4,,
,2005,bylo,05bylowrsagg03,wrsa,ggauthier,2005-07-06,incidental,4,,
,2005,bylo,05bylowrsajb1,wrsa,jbety,2005-06-26,incidental,4,,
,2005,bylo,05bylowrsajb2,wrsa,jbety,2005-07-02,incidental,4,,
,2005,bylo,05bylowrsajb3,wrsa,jbety,2005-07-03,incidental,4,,
,2005,bylo,05bylowrsalm01,wrsa,lmckinnon,2005-06-19,systematic search,4,1,float
,2005,bylo,05bylowrsalm02,wrsa,lmckinnon,2005-06-20,systematic search,4,8,float
,2005,bylo,05bylowrsalm05,wrsa,lmckinnon,2005-06-26,systematic search,4,11,float
,2005,bylo,05bylowrsalm06,wrsa,lmckinnon,2005-06-27,systematic search,4,8,float
,2005,bylo,05bylowrsanb01,wrsa,lmckinnon,2005-07-01,incidental,4,,
,2005,bylo,05bylowrsanew,wrsa,blaliberte,2005-07-09,incidental,4,,hatch
,2005,bylo,05bylowrsang02,wrsa,ngruyer,2005-06-21,incidental,4,,
,2005,bylo,05bylowrsang03,wrsa,ngruyer,2005-06-21,incidental,4,,
,2005,bylo,05bylowrsanl02,wrsa,nlecomte,2005-07-01,incidental,4,,
,2006,bylo,06byloagplc201,amgp,jbety,2006-06-22,incidental,4,5,float
,2006,bylo,06byloagpllm01,amgp,lmckinnon,2006-06-25,systematic search,4,9,float
,2006,bylo,06byloagpllm02,amgp,lmckinnon,2006-06-30,systematic search,4,10,float
,2006,bylo,06byloagpllm03,amgp,lmckinnon,2006-06-30,systematic search,4,8,float
,2006,bylo,06bylobasaagm02,basa,aguerettemontminy,2006-06-15,incidental,4,4,float
,2006,bylo,06bylobasaagm04,basa,aguerettemontminy,2006-06-19,incidental,4,14,float
,2006,bylo,06bylobasabl01,basa,blaliberte,2006-07-02,incidental,4,16,float
,2006,bylo,06bylobasac2,basa,jbety,2006-06-22,incidental,4,2,float
,2006,bylo,06bylobasajb01,basa,jbety,2006-06-18,systematic search,4,3,float
,2006,bylo,06bylobasalj05,basa,ljolicoeur,2006-06-15,systematic search,4,5,float
,2006,bylo,06bylobasalj07,basa,ljolicoeur,2006-06-16,systematic search,4,4,float
,2006,bylo,06bylobasalj10,basa,ljolicoeur,2006-06-23,systematic search,4,16,float
,2006,bylo,06bylobasalj11,basa,ljolicoeur,2006-06-27,systematic search,4,,
,2006,bylo,06bylobasalm03,basa,lmckinnon,2006-06-14,systematic search,4,2,float
,2006,bylo,06bylobasalm07,basa,lmckinnon,2006-06-18,systematic search,4,5,float
,2006,bylo,06bylobasalm08,basa,lmckinnon,2006-06-19,systematic search,4,8,float
,2006,bylo,06bylobasalm09,basa,lmckinnon,2006-06-21,systematic search,3,,
,2006,bylo,06bylobasamg01,basa,mgrahamsauve,2006-06-20,incidental,4,,
,2006,bylo,06bylocrplc201,crpl,jbety,2006-06-21,incidental,4,2,float
,2006,bylo,06bylopesalj02,pesa,ljolicoeur,2006-07-02,systematic search,4,17,float
,2006,bylo,06bylopesalm01,pesa,lmckinnon,2006-06-20,systematic search,4,,
,2006,bylo,06bylowrsaagm02,wrsa,aguerettemontminy,2006-06-22,incidental,4,,
,2006,bylo,06bylowrsabl01,wrsa,blaliberte,2006-06-28,incidental,4,15,float
,2006,bylo,06bylowrsac201,wrsa,mmorrissette,2006-06-27,incidental,4,2,float
,2006,bylo,06bylowrsac202,wrsa,jbety,2006-06-23,incidental,4,,lay
,2006,bylo,06bylowrsac203,wrsa,mmorrissette,2006-07-07,incidental,4,,
,2006,bylo,06bylowrsagg01,wrsa,ggauthier,2006-07-07,incidental,4,,hatch
,2006,bylo,06bylowrsajb01,wrsa,jbety,2006-06-18,systematic search,4,2,float
,2006,bylo,06bylowrsalj01,wrsa,ljolicoeur,2006-06-20,systematic search,4,4,float
,2006,bylo,06bylowrsalj03,wrsa,ljolicoeur,2006-06-25,systematic search,4,5,float
,2006,bylo,06bylowrsalj05,wrsa,ljolicoeur,2006-06-30,systematic search,4,15,float
,2006,bylo,06bylowrsalm01,wrsa,lmckinnon,2006-06-20,systematic search,4,,
,2006,bylo,06bylowrsalm03,wrsa,lmckinnon,2006-06-29,systematic search,4,15,float
,2006,bylo,06bylowrsalm04,wrsa,lmckinnon,2006-06-24,systematic search,4,8,float
,2006,bylo,06bylowrsalm05,wrsa,lmckinnon,2006-06-25,systematic search,4,7,float
,2006,bylo,06bylowrsalm06,wrsa,lmckinnon,2006-06-25,systematic search,4,6,float
,2007,bylo,07byloagplc201,amgp,abourbeaulemieux,2007-06-24,systematic search,4,,
,2007,bylo,07byloagpljt01,amgp,jtherrien,2007-07-01,incidental,4,,
,2007,bylo,07byloagpllj02,amgp,ljolicoeur,2007-06-27,systematic search,4,6,float
,2007,bylo,07byloagpllj03,amgp,ljolicoeur,2007-07-01,systematic search,4,4,float
,2007,bylo,07byloagpllm1,amgp,lmckinnon,2007-06-28,systematic search,4,7,float
,2007,bylo,07bylorephc201,reph,abourbeaulemieux,2007-06-22,systematic search,4,,lay
,2007,bylo,07bylorephc202,reph,lmckinnon,2007-06-27,systematic search,4,3,float
,2007,bylo,07bylorephlm1,reph,lmckinnon,2007-06-23,systematic search,4,4,float
,2007,bylo,07bylowrsado01,wrsa,dootoova,2007-06-23,systematic search,4,1,float
,2007,bylo,07bylowrsajt02,wrsa,jtherrien,2007-07-01,incidental,4,,
,2008,bylo,08byloagplat01,amgp,atarroux,2008-07-11,incidental,4,,
,2008,bylo,08byloagplat02,amgp,atarroux,2008-07-11,incidental,4,,hatch
,2008,bylo,08byloagplcc01,amgp,ccameron,2008-06-23,incidental,4,9,float
,2008,bylo,08byloagpled01,amgp,edastous,2008-06-17,systematic search,4,,hatch
,2008,bylo,08byloagpled02,amgp,edastous,2008-06-20,systematic search,4,5,float
,2008,bylo,08byloagpled03,amgp,edastous,2008-06-26,systematic search,4,8,float
,2008,bylo,08byloagpled04,amgp,edastous,2008-06-26,systematic search,4,10,float
,2008,bylo,08byloagpled05,amgp,edastous,2008-06-29,systematic search,4,9,float
,2008,bylo,08byloagpled06,amgp,edastous,2008-07-10,systematic search,4,,hatch
,2008,bylo,08bylobasaat01,basa,atarroux,2008-07-12,incidental,4,,
,2008,bylo,08bylobasael01,basa,elevesque,2008-07-01,systematic search,4,16,float
,2008,bylo,08bylobasaet01,basa,etremblay,2008-06-29,incidental,4,14,float
,2008,bylo,08bylobasagg01,basa,ggauthier,2008-06-30,incidental,4,,float
,2008,bylo,08bylobasajft01,basa,jflamarre,2008-06-23,incidental,4,6,float
,2008,bylo,08bylobasavd01,basa,vduclos,2008-06-28,incidental,4,7,float
,2008,bylo,08byloplarec01,bbpl,echalifour,2008-06-24,incidental,4,4,float
,2008,bylo,08byloplarjb02,bbpl,jbety,2008-06-24,systematic search,4,4,float
,2008,bylo,08byloplarjb03,bbpl,jbety,2008-06-27,systematic search,3,7,float
,2008,bylo,08byloplbret04,amgp,etremblay,2008-06-28,incidental,4,10,float
,2008,bylo,08byloplbrjb02,amgp,jbety,2008-06-25,systematic search,4,6,float
,2008,bylo,08byloplbrjb03,amgp,jbety,2008-06-25,systematic search,4,5,float
,2008,bylo,08byloplbrmpm01,amgp,mpatenaudemonette,2008-06-25,systematic search,4,9,float
,2008,bylo,08byloplbrmpm05,amgp,mpatenaudemonette,2008-06-29,systematic search,4,10,float
,2008,bylo,08byloplbrmpm06,amgp,mpatenaudemonette,2008-07-02,systematic search,4,,hatch
,2008,bylo,08byloplbrmpm07,amgp,mpatenaudemonette,2008-07-02,systematic search,4,10,float
,2008,bylo,08byloplbrmpm08,amgp,mpatenaudemonette,2008-07-06,systematic search,4,,hatch
,2008,bylo,08byloplbrmpm09,amgp,mpatenaudemonette,2008-07-06,systematic search,4,,hatch
,2008,bylo,08bylorephmp01,reph,mpatenaudemonette,2008-06-18,incidental,4,,
,2008,bylo,08bylorephpedy01,reph,pylherault,2008-07-06,incidental,4,,hatch
,2008,bylo,08bylorephpy01,reph,pylherault,2008-06-18,systematic search,4,8,float
,2009,bylo,09byloamgpfb01,amgp,fbilodeau,2009-06-24,incidental,4,5,float
,2009,bylo,09byloamgpjfl03,amgp,jflamarre,2009-06-26,systematic search,4,5,float
,2009,bylo,09bylobasacc01,basa,ccameron,2009-06-29,incidental,4,,
,2009,bylo,09bylobasajfl03,basa,jflamarre,2009-06-24,systematic search,4,6,float
,2009,bylo,09bylobasajfl04,basa,jflamarre,2009-06-24,systematic search,5,10,float
,2009,bylo,09bylobasalm02,basa,lmercier,2009-06-26,systematic search,4,189,float
,2009,bylo,09bylobasalm03,basa,lmercier,2009-06-29,systematic search,4,12,float
,2009,bylo,09bylobebamd01,basa,mdoiron,2009-07-06,systematic search,4,,hatch
,2009,bylo,09bylobecbpyl02,wrsa,pylherault,2009-07-18,incidental,4,,
,2009,bylo,09bylopesajfl01,pesa,jflamarre,2009-06-28,incidental,4,7,float
,2009,bylo,09byloplarjb01,bbpl,jbety,2009-06-24,incidental,4,2,float
,2009,bylo,09byloplarjb02,bbpl,jbety,2009-06-29,incidental,4,4,float
,2009,bylo,09byloplarlk01,bbpl,lmckinnon,2009-07-05,incidental,4,9,float
,2009,bylo,09byloplbrjb01,amgp,jbety,2009-06-28,incidental,4,9,float
,2009,bylo,09byloplbrjo01,amgp,jootoova,2009-07-12,incidental,4,,
,2009,bylo,09byloplbrlk01,amgp,lmckinnon,2009-07-02,incidental,4,3,float
,2009,bylo,09byloplbrlk02,amgp,lmckinnon,2009-07-06,incidental,4,11,float
,2009,bylo,09byloplbrlm01,amgp,lmercier,2009-06-29,incidental,4,9,float
,2009,bylo,09byloplbrlm02,amgp,lmercier,2009-06-30,incidental,4,5,float
,2009,bylo,09byloplbrlm03,amgp,lmercier,2009-07-05,incidental,4,11,float
,2009,bylo,09byloplbrlm04,amgp,lmercier,2009-07-09,incidental,4,,
,2009,bylo,09bylotocoec01,rutu,echalifour,2009-06-16,incidental,4,9,float
,2009,bylo,09bylowrsalk01,wrsa,lmckinnon,2009-07-05,incidental,4,14,float
,2010,bylo,10byloamgpejf02,amgp,echalifour,2010-07-02,incidental,4,5,float
,2010,bylo,10byloamgpjb02,amgp,jbety,2010-07-02,incidental,4,9,float
,2010,bylo,10byloamgpjb03,amgp,jbety,2010-07-02,incidental,4,10,float
,2010,bylo,10byloamgpjb05,amgp,jbety,2010-07-02,incidental,4,9,float
,2010,bylo,10byloamgpjb06,amgp,jbety,2010-07-02,incidental,4,9,float
,2010,bylo,10byloamgpjb07,amgp,jbety,2010-07-04,incidental,4,11,float
,2010,bylo,10byloamgpjb08,amgp,jbety,2010-07-04,incidental,4,7,float
,2010,bylo,10byloamgpjb09,amgp,jbety,2010-07-04,incidental,3,11,float
,2010,bylo,10byloamgpjb10,amgp,jbety,2010-07-05,incidental,4,12,float
,2010,bylo,10byloamgpjb101,amgp,jbety,2010-06-29,incidental,4,4,float
,2010,bylo,10byloamgpjfl02,amgp,jflamarre,2010-06-19,incidental,3,,
,2010,bylo,10byloamgpjfl08,amgp,jflamarre,2010-06-30,incidental,4,3,float
,2010,bylo,10byloamgpjfl10,amgp,jflamarre,2010-07-01,incidental,4,7,float
,2010,bylo,10byloamgpjfl11,amgp,jflamarre,2010-07-04,incidental,4,,
,2010,bylo,10byloamgpjfl12,amgp,jflamarre,2010-07-04,incidental,4,16,float
,2010,bylo,10byloamgpjfl13,amgp,jflamarre,2010-07-04,incidental,4,,
,2010,bylo,10byloamgpjfl14,amgp,jflamarre,2010-07-04,incidental,4,16,float
,2010,bylo,10byloamgpjfl15,amgp,jflamarre,2010-07-04,incidental,4,8,float
,2010,bylo,10byloamgpjfl16,amgp,jflamarre,2010-07-04,incidental,4,20,float
,2010,bylo,10byloamgpjfl17,amgp,jflamarre,2010-07-04,incidental,4,5,float
,2010,bylo,10byloamgpjfl18,amgp,jflamarre,2010-07-05,incidental,4,3,float
,2010,bylo,10byloamgpjfl19,amgp,jflamarre,2010-07-05,incidental,4,4,float
,2010,bylo,10byloamgpjfl20,amgp,jflamarre,2010-07-05,incidental,3,9,float
,2010,bylo,10byloamgpjfl21,amgp,jflamarre,2010-07-05,incidental,4,18,float
,2010,bylo,10byloamgpjfl22,amgp,jflamarre,2010-07-05,incidental,4,18,float
,2010,bylo,10byloamgpjfl23,amgp,jflamarre,2010-07-05,incidental,4,16,float
,2010,bylo,10byloamgpjfl24,amgp,jflamarre,2010-07-08,incidental,4,21,float
,2010,bylo,10byloamgpjfl25,amgp,jflamarre,2010-07-09,incidental,4,6,float
,2010,bylo,10byloamgpjfl26,amgp,jflamarre,2010-07-10,incidental,4,18,float
,2010,bylo,10byloamgpjfl27,amgp,jflamarre,2010-07-10,incidental,4,4,float
,2010,bylo,10byloamgpjfl28,amgp,jflamarre,2010-07-10,incidental,4,20,float
,2010,bylo,10byloamgpjfl29,amgp,jflamarre,2010-07-10,incidental,4,8,float
,2010,bylo,10byloamgpjfl30,amgp,jflamarre,2010-07-10,incidental,4,,float
,2010,bylo,10byloamgpjfl32,amgp,jflamarre,2010-07-12,incidental,4,19,float
,2010,bylo,10byloamgpvl02,amgp,vlamarre,2010-07-12,incidental,4,,hatch
,2010,bylo,10bylobasa1,basa,echalifour,2010-06-22,incidental,4,3,float
,2010,bylo,10bylobasafb01,basa,fbilodeau,2010-06-20,incidental,4,10,float
,2010,bylo,10bylobasahmc01,basa,hmailhotcouture,2010-07-05,incidental,4,,
,2010,bylo,10bylobasajb101,basa,jbety,2010-06-29,incidental,4,12,float
,2010,bylo,10bylobasajfl02,basa,jflamarre,2010-06-16,incidental,4,2,float
,2010,bylo,10bylobasajfl03,basa,jflamarre,2010-06-21,incidental,4,3,float
,2010,bylo,10bylobasajfl04,basa,jflamarre,2010-06-21,incidental,4,,hatch
,2010,bylo,10bylobasajfl05,basa,jflamarre,2010-06-21,incidental,4,6,float
,2010,bylo,10bylobasajfl07,basa,jflamarre,2010-06-26,incidental,4,6,float
,2010,bylo,10bylobasajfl08,basa,jflamarre,2010-06-29,incidental,4,,hatch
,2010,bylo,10bylobasajft01,basa,jflamarre,2010-06-29,incidental,4,,
,2010,bylo,10bylobasajft02,basa,jflamarre,2010-07-04,incidental,4,,hatch
,2010,bylo,10bylobasapb04,basa,pbertrand,2010-06-19,incidental,4,5,float
,2010,bylo,10bylobasapb06,basa,pbertrand,2010-06-21,incidental,4,6,float
,2010,bylo,10bylobasapb07,basa,pbertrand,2010-06-22,incidental,4,2,float
,2010,bylo,10bylobbpljb101,bbpl,jbety,2010-06-29,incidental,3,0,float
,2010,bylo,10bylobbpljfl01,bbpl,jflamarre,2010-06-30,incidental,4,4,float
,2010,bylo,10bylobbpljfl02,bbpl,jflamarre,2010-07-05,incidental,4,8,float
,2010,bylo,10bylogrgr4,crpl,echalifour,2010-07-18,incidental,3,12,float
,2010,bylo,10bylogrgr5,crpl,echalifour,2010-07-18,incidental,4,,
,2010,bylo,10byloniamgp,amgp,jbety,2010-07-01,incidental,4,9,float
,2010,bylo,10bylonibbplov,bbpl,jbety,2010-07-01,incidental,4,5,float
,2010,bylo,10bylopesa2,pesa,jflamarre,2010-06-25,incidental,4,,
,2010,bylo,10bylopesa3,pesa,jflamarre,2010-06-25,incidental,4,5,float
,2010,bylo,10bylopesa4,pesa,jflamarre,2010-07-07,incidental,4,,
,2010,bylo,10bylopesacm01,pesa,cmorin,2010-07-02,incidental,4,,hatch
,2010,bylo,10bylopesajfl01,pesa,jflamarre,2010-06-20,incidental,4,4,float
,2010,bylo,10bylopesajfl02,pesa,jflamarre,2010-06-27,incidental,4,8,float
,2010,bylo,10bylopesapb01,pesa,pbertrand,2010-06-28,incidental,4,7,float
,2010,bylo,10byloplbr3,amgp,echalifour,2010-06-24,incidental,4,2,float
,2010,bylo,10byloplbr5,amgp,echalifour,2010-06-26,incidental,4,4,float
,2010,bylo,10byloplbrec01,amgp,echalifour,2010-07-01,incidental,4,8,float
,2010,bylo,10byloplbrec02,amgp,echalifour,2010-07-02,incidental,4,8,float
,2010,bylo,10byloplbrec03,amgp,echalifour,2010-07-02,incidental,4,10,float
,2010,bylo,10byloplbrec04,amgp,echalifour,2010-07-04,incidental,4,12,float
,2010,bylo,10byloplbrec05,amgp,echalifour,2010-07-04,incidental,4,17,float
,2010,bylo,10byloplbrec06,amgp,echalifour,2010-07-04,incidental,4,12,float
,2010,bylo,10byloplbrec07,amgp,echalifour,2010-07-04,incidental,4,7,float
,2010,bylo,10byloplbrec08,amgp,echalifour,2010-07-04,incidental,4,11,float
,2010,bylo,10byloplbrec09,amgp,echalifour,2010-07-04,incidental,4,18,float
,2010,bylo,10byloplbrec10,amgp,echalifour,2010-07-04,incidental,4,10,float
,2010,bylo,10byloplbrec11,amgp,echalifour,2010-07-05,incidental,4,6,float
,2010,bylo,10byloplbrec12,amgp,echalifour,2010-07-05,incidental,4,5,float
,2010,bylo,10byloplbrec13,amgp,echalifour,2010-07-05,incidental,4,9,float
,2010,bylo,10byloplbrec14,amgp,echalifour,2010-07-05,incidental,4,17,float
,2010,bylo,10byloplbrec15,amgp,echalifour,2010-07-05,incidental,4,17,float
,2010,bylo,10byloplbrecvm1,amgp,echalifour,2010-07-11,incidental,4,,float
,2010,bylo,10byloplbrecvm2,amgp,echalifour,2010-07-11,incidental,4,19,float
,2010,bylo,10byloplbrecvm3,amgp,echalifour,2010-07-12,incidental,4,,float
,2010,bylo,10byloreph01,reph,echalifour,2010-07-05,incidental,4,,
,2010,bylo,10byloreph02,reph,echalifour,2010-07-05,incidental,4,,
,2010,bylo,10bylorephjb01,reph,jbety,2010-06-30,incidental,4,9,float
,2010,bylo,10bylorephjb02,reph,jbety,2010-06-30,incidental,4,6,float
,2010,bylo,10bylorephjb03,reph,jbety,2010-07-01,incidental,3,,
,2010,bylo,10bylowrsa1,wrsa,echalifour,2010-06-26,incidental,4,,
,2010,bylo,10bylowrsa2,wrsa,echalifour,2010-06-30,incidental,4,5,float
,2010,bylo,10bylowrsa3,wrsa,echalifour,2010-07-01,incidental,4,14,float
,2010,bylo,10bylowrsaat01,wrsa,atarroux,2010-06-26,incidental,3,,
,2010,bylo,10bylowrsafb01,wrsa,fbilodeau,2010-06-25,incidental,4,7,float
,2010,bylo,10bylowrsafb02,wrsa,fbilodeau,2010-06-28,incidental,4,13,float
,2010,bylo,10bylowrsahmc01,wrsa,hmailhotcouture,2010-06-28,incidental,4,,
,2010,bylo,10bylowrsajb01,wrsa,jbety,2010-07-02,incidental,4,15,float
,2010,bylo,10bylowrsajfl04,wrsa,jflamarre,2010-06-24,incidental,4,6,float
,2010,bylo,10bylowrsajfl05,wrsa,jflamarre,2010-06-24,incidental,4,4,float
,2010,bylo,10bylowrsajflc201,wrsa,jflamarre,2010-07-15,incidental,2,,hatch
,2010,bylo,10bylowrsajflm1,wrsa,jflamarre,2010-07-11,incidental,4,,
,2010,bylo,10bylowrsajft01,wrsa,jflamarre,2010-07-05,incidental,4,8,float
,2010,bylo,10bylowrsajft02,wrsa,jflamarre,2010-07-06,incidental,4,15,float
,2010,bylo,10bylowrsapb04,wrsa,pbertrand,2010-06-21,incidental,4,2,float
,2010,bylo,10bylowrsapb05,wrsa,pbertrand,2010-06-21,incidental,4,1,float
,2010,bylo,10bylowrsapb07,wrsa,pbertrand,2010-06-27,incidental,4,11,float
,2010,bylo,10bylowrsapb08,wrsa,pbertrand,2010-06-30,incidental,4,16,float
,2010,bylo,10bylowrsapb09,wrsa,pbertrand,2010-07-12,incidental,4,,hatch
,2011,bylo,11byloamgpcb01,amgp,cbalthazar,2011-06-28,incidental,4,,
,2011,bylo,11byloamgpec01,amgp,echalifour,2011-06-29,transect,4,10,float
,2011,bylo,11byloamgpec02,amgp,echalifour,2011-06-30,transect,2,0,float
,2011,bylo,11byloamgpec06,amgp,echalifour,2011-07-02,incidental,4,13,float
,2011,bylo,11byloamgpec07,amgp,echalifour,2011-07-04,incidental,4,,
,2011,bylo,11byloamgpec08,amgp,echalifour,2011-07-04,incidental,4,18,float
,2011,bylo,11byloamgpec09,amgp,echalifour,2011-07-04,incidental,4,17,float
,2011,bylo,11byloamgpec10,amgp,echalifour,2011-07-05,incidental,4,8,float
,2011,bylo,11byloamgpec11,amgp,echalifour,2011-07-05,incidental,4,11,float
,2011,bylo,11byloamgpec12,amgp,echalifour,2011-07-05,incidental,4,18,float
,2011,bylo,11byloamgpec13,amgp,echalifour,2011-07-08,transect,4,17,float
,2011,bylo,11byloamgpec23,amgp,echalifour,2011-07-14,incidental,1,,hatch
,2011,bylo,11byloamgpec24,amgp,echalifour,2011-07-14,incidental,4,,
,2011,bylo,11byloamgpjb01,amgp,jbety,2011-06-29,transect,4,8,float
,2011,bylo,11byloamgpjb02,amgp,jbety,2011-06-30,incidental,4,10,float
,2011,bylo,11byloamgpjb05,amgp,jbety,2011-07-05,transect,3,1,float
,2011,bylo,11byloamgpjb06,amgp,jbety,2011-07-05,incidental,4,14,float
,2011,bylo,11byloamgpjb07,amgp,jbety,2011-07-05,incidental,4,12,float
,2011,bylo,11byloamgpjb08,amgp,jbety,2011-07-07,transect,4,18,float
,2011,bylo,11byloamgpjl02,amgp,jflamarre,2011-06-22,incidental,4,4,float
,2011,bylo,11byloamgpjl03,amgp,jflamarre,2011-06-28,transect,4,8,float
,2011,bylo,11byloamgpjl04,amgp,jflamarre,2011-06-28,incidental,4,10,float
,2011,bylo,11byloamgpjl05,amgp,jflamarre,2011-07-01,incidental,4,17,float
,2011,bylo,11byloamgpjl07,amgp,jflamarre,2011-07-02,incidental,4,9,float
,2011,bylo,11byloamgpjl08,amgp,jflamarre,2011-07-02,incidental,4,8,float
,2011,bylo,11byloamgpjl09,amgp,jflamarre,2011-07-02,incidental,4,8,float
,2011,bylo,11byloamgpjl10,amgp,jflamarre,2011-07-02,incidental,4,8,float
,2011,bylo,11byloamgpjl11,amgp,jflamarre,2011-07-03,incidental,4,11,float
,2011,bylo,11byloamgpjl12,amgp,jflamarre,2011-07-04,transect,4,19,float
,2011,bylo,11byloamgpjl13,amgp,jflamarre,2011-07-04,transect,4,16,float
,2011,bylo,11byloamgpjl14,amgp,jflamarre,2011-07-07,transect,4,18,float
,2011,bylo,11byloamgpjl15,amgp,jflamarre,2011-07-07,incidental,3,17,float
,2011,bylo,11byloamgpjl16,amgp,jflamarre,2011-07-08,transect,4,17,float
,2011,bylo,11byloamgpjl17,amgp,jflamarre,2011-07-08,transect,4,,float
,2011,bylo,11byloamgplp01,amgp,lpaquette,2011-06-22,incidental,4,10,float
,2011,bylo,11byloamgplp03,amgp,lpaquette,2011-07-02,incidental,3,5,float
,2011,bylo,11byloamgplp04,amgp,lpaquette,2011-07-05,transect,4,12,float
,2011,bylo,11byloamgplp05,amgp,lpaquette,2011-06-28,transect,4,7.8,float
,2011,bylo,11byloamgplp06,amgp,lpaquette,2011-07-07,transect,4,17,float
,2011,bylo,11byloamgplp07,amgp,lpaquette,2011-07-07,incidental,4,13,float
,2011,bylo,11byloamgplp08,amgp,lpaquette,2011-07-13,incidental,4,20,float
,2011,bylo,11byloamgplp09,amgp,lpaquette,2011-07-13,incidental,4,,float
,2011,bylo,11byloamgppl01,amgp,pylherault,2011-07-17,incidental,4,,
,2011,bylo,11byloamgppl02,amgp,pylherault,2011-07-19,incidental,4,,
,2011,bylo,11bylobasacd03,basa,cdoucet,2011-06-21,incidental,4,10,float
,2011,bylo,11bylobasacd04,basa,cdoucet,2011-06-24,incidental,4,14,float
,2011,bylo,11bylobasacd05,basa,cdoucet,2011-06-30,incidental,4,14,float
,2011,bylo,11bylobasaes01,basa,esoininen,2011-06-15,incidental,4,3,float
,2011,bylo,11bylobasafb03,basa,fbilodeau,2011-06-21,incidental,4,3,float
,2011,bylo,11bylobasafb04,basa,fbilodeau,2011-07-01,incidental,4,16,float
,2011,bylo,11bylobasafox,basa,echalifour,2011-07-05,incidental,4,,
,2011,bylo,11bylobasajb01,basa,jbety,2011-07-05,incidental,4,15,float
,2011,bylo,11bylobasajb02,basa,jbety,2011-07-08,incidental,4,,
,2011,bylo,11bylobasajfg01,basa,jflamarre,2011-06-23,incidental,4,16,float
,2011,bylo,11bylobasajfg02,basa,jflamarre,2011-06-23,incidental,4,,
,2011,bylo,11bylobasajfg03,basa,jflamarre,2011-07-04,incidental,4,,hatch
,2011,bylo,11bylobasajfl01,basa,jflamarre,2011-06-15,incidental,4,1,float
,2011,bylo,11bylobasajo02,basa,jotis,2011-06-15,incidental,4,4,float
,2011,bylo,11bylobasajo03,basa,jotis,2011-06-18,incidental,4,7,float
,2011,bylo,11bylobasajo04,basa,jotis,2011-06-19,incidental,4,3,float
,2011,bylo,11bylobasalp01,basa,lpaquette,2011-06-15,incidental,4,3,float
,2011,bylo,11bylobasapb01,basa,pbouchard,2011-06-24,incidental,4,14,float
,2011,bylo,11bylobasapl01,basa,pylherault,2011-07-06,incidental,4,,
,2011,bylo,11bylobbplec01,bbpl,echalifour,2011-07-02,transect,4,5,float
,2011,bylo,11bylobbplec03,bbpl,echalifour,2011-07-02,incidental,4,4,float
,2011,bylo,11bylobbpljb01,bbpl,jbety,2011-07-02,incidental,4,9,float
,2011,bylo,11bylobbpljb02,bbpl,jbety,2011-07-04,incidental,4,12,float
,2011,bylo,11bylobbpllp01,bbpl,lpaquette,2011-07-17,incidental,3,,hatch
,2011,bylo,11bylocrplec01,crpl,echalifour,2011-06-30,incidental,4,9,float
,2011,bylo,11bylopesajo01,pesa,jotis,2011-07-06,incidental,4,,float
,2011,bylo,11bylorephgs01,reph,gsouchay,2011-06-22,incidental,4,,hatch
,2011,bylo,11bylorephgs02,reph,gsouchay,2011-06-26,incidental,4,,
,2011,bylo,11bylorephgs03,reph,gsouchay,2011-07-01,incidental,3,15,float
,2011,bylo,11bylorephjb01,reph,jbety,2011-07-03,incidental,3,17,float
,2011,bylo,11bylorephlp01,reph,lpaquette,2011-06-22,incidental,4,,
,2011,bylo,11bylowrsaec01,wrsa,echalifour,2011-07-02,incidental,2,,
,2011,bylo,11bylowrsaec02,wrsa,echalifour,2011-07-12,incidental,3,2,float
,2011,bylo,11bylowrsajb01,wrsa,jbety,2011-06-30,incidental,4,12,float
,2011,bylo,11bylowrsajb02,wrsa,jbety,2011-06-19,incidental,4,15,float
,2011,bylo,11bylowrsajb03,wrsa,jbety,2011-06-23,incidental,4,14,float
,2011,bylo,11bylowrsajb04,wrsa,jbety,2011-07-10,incidental,4,16,float
,2011,bylo,11bylowrsajl01,wrsa,jflamarre,2011-07-11,incidental,4,,
,2011,bylo,11bylowrsamd01,wrsa,mdeladurantaye,2011-06-18,incidental,4,,
,2011,bylo,11bylowrsani2,wrsa,echalifour,2011-07-01,incidental,4,16,float
,2012,bylo,12byloamgpjl04,amgp,jflamarre,2012-06-29,incidental,4,9,float
,2012,bylo,12byloamgpjl05,amgp,jflamarre,2012-06-29,incidental,4,9,float
,2012,bylo,12byloamgpjl06,amgp,jflamarre,2012-07-01,incidental,4,3.9,float
,2012,bylo,12byloamgpjl07,amgp,jflamarre,2012-07-02,incidental,4,16.9,float
,2012,bylo,12byloamgpjl13,amgp,jflamarre,2012-07-09,incidental,4,5,float
,2012,bylo,12byloamgpjl15,amgp,jflamarre,2012-07-14,incidental,4,,hatch
,2012,bylo,12byloamgpmj01,amgp,mjrioux,2012-06-25,incidental,4,,
,2012,bylo,12byloamgpmt03,amgp,mtrudel,2012-06-25,incidental,4,4,float
,2012,bylo,12byloamgpmt04,amgp,mtrudel,2012-06-29,incidental,4,9,float
,2012,bylo,12byloamgpmt07,amgp,mtrudel,2012-07-09,incidental,4,20,float
,2012,bylo,12byloamgpnb01,amgp,nbradette,2012-07-08,incidental,4,,
,2012,bylo,12byloamgpnb02,amgp,nbradette,2012-07-16,incidental,4,,hatch
,2012,bylo,12byloamgppr01,amgp,proyerboutin,2012-06-23,incidental,4,1,float
,2012,bylo,12byloamgppr04,amgp,proyerboutin,2012-06-27,incidental,4,15,float
,2012,bylo,12byloamgppr05,amgp,proyerboutin,2012-06-30,incidental,4,,
,2012,bylo,12byloamgppr06,amgp,proyerboutin,2012-07-01,incidental,4,17,float
,2012,bylo,12byloamgppr07,amgp,proyerboutin,2012-07-01,incidental,4,9,float
,2012,bylo,12byloamgppr09,amgp,proyerboutin,2012-07-05,incidental,4,17,float
,2012,bylo,12bylobasaab01,basa,abeardsell,2012-06-26,incidental,4,4,float
,2012,bylo,12bylobasaab02,basa,abeardsell,2012-07-06,incidental,4,,
,2012,bylo,12bylobasaab03,basa,abeardsell,2012-07-09,incidental,4,,
,2012,bylo,12bylobasaar01,basa,arobillard,2012-06-23,incidental,4,2,float
,2012,bylo,12bylobasacd01,basa,cdoucet,2012-06-16,incidental,4,1,float
,2012,bylo,12bylobasacd02,basa,cdoucet,2012-06-16,incidental,4,1,float
,2012,bylo,12bylobasacd03,basa,cdoucet,2012-06-21,incidental,4,4,float
,2012,bylo,12bylobasacd04,basa,cdoucet,2012-06-29,incidental,4,6,float
,2012,bylo,12bylobasacd05,basa,cdoucet,2012-06-30,incidental,4,4,float
,2012,bylo,12bylobasacd06,basa,cdoucet,2012-07-01,incidental,4,9,float
,2012,bylo,12bylobasach01,basa,chenry,2012-07-01,incidental,4,4,float
,2012,bylo,12bylobasach02,basa,chenry,2012-07-06,incidental,4,15,float
,2012,bylo,12bylobasadf01,basa,dfauteux,2012-06-19,incidental,4,6,float
,2012,bylo,12bylobasadg01,basa,dgaspard,2012-06-13,incidental,3,,
,2012,bylo,12bylobasadg02,basa,dgaspard,2012-06-14,incidental,4,1,float
,2012,bylo,12bylobasadg03,basa,dgaspard,2012-06-16,incidental,4,6,float
,2012,bylo,12bylobasajl01,basa,jflamarre,2012-06-13,incidental,4,1,float
,2012,bylo,12bylobasajl02,basa,jflamarre,2012-06-14,incidental,4,1,float
,2012,bylo,12bylobasajl04,basa,jflamarre,2012-06-21,incidental,4,1,float
,2012,bylo,12bylobasajl05,basa,jflamarre,2012-06-26,incidental,4,,
,2012,bylo,12bylobasajl06,basa,jflamarre,2012-07-13,incidental,3,,
,2012,bylo,12bylobasamc02,basa,mcfrenette,2012-06-16,incidental,4,1,float
,2012,bylo,12bylobasamc03,basa,mcfrenette,2012-06-22,incidental,4,9,float
,2012,bylo,12bylobasamc04,basa,mcfrenette,2012-06-23,incidental,4,9,float
,2012,bylo,12bylobasamc05,basa,mcfrenette,2012-06-27,incidental,4,14,float
,2012,bylo,12bylobasamt01,basa,mtrudel,2012-06-14,incidental,4,4,float
,2012,bylo,12bylobasapr02,basa,proyerboutin,2012-06-15,incidental,4,1,float
,2012,bylo,12bylobasapr03,basa,proyerboutin,2012-06-17,incidental,4,1,float
,2012,bylo,12bylobasapr04,basa,proyerboutin,2012-06-17,incidental,4,5,float
,2012,bylo,12bylobasapr05,basa,proyerboutin,2012-06-19,incidental,4,4,float
,2012,bylo,12bylobasapr06,basa,proyerboutin,2012-06-19,incidental,4,4,float
,2012,bylo,12bylobasapr07,basa,proyerboutin,2012-06-19,incidental,4,7,float
,2012,bylo,12bylobasapr08,basa,proyerboutin,2012-07-07,incidental,4,,float
,2012,bylo,12bylobasapr09,basa,proyerboutin,2012-06-30,incidental,4,4,float
,2012,bylo,12bylobasasc01,basa,scoulombe,2012-06-14,incidental,4,166,float
,2012,bylo,12bylobasasc02,basa,scoulombe,2012-06-23,incidental,4,,
,2012,bylo,12bylobbplip01,bbpl,ipratte,2012-07-10,incidental,4,,
,2012,bylo,12bylobbplmt01,bbpl,mtrudel,2012-07-04,incidental,4,,
,2012,bylo,12bylobbplmt02,bbpl,mtrudel,2012-07-06,incidental,4,18,float
,2012,bylo,12bylobbplpr01,bbpl,proyerboutin,2012-07-04,incidental,4,12,float
,2012,bylo,12bylocrplip01,crpl,ipratte,2012-06-23,incidental,4,11,float
,2012,bylo,12bylocrplmt01,crpl,mtrudel,2012-06-23,incidental,4,1,float
,2012,bylo,12byloreknjl01,rekn,jflamarre,2012-06-26,incidental,2,,lay
,2012,bylo,12bylowrsaab01,wrsa,abeardsell,2012-07-05,incidental,4,,
,2012,bylo,12bylowrsacd01,wrsa,cdoucet,2012-07-09,incidental,4,,hatch
,2012,bylo,12bylowrsacm01,wrsa,cmorin,2012-07-15,incidental,3,,
,2012,bylo,12bylowrsags01,wrsa,gsouchay,2012-07-01,incidental,4,,
,2012,bylo,12bylowrsanb01,wrsa,nbradette,2012-07-11,incidental,4,,
,2012,bylo,12bylowrsapr01,wrsa,proyerboutin,2012-06-22,incidental,4,1,float
,2012,bylo,12bylowrsavm01,wrsa,vmarmillot,2012-06-26,incidental,4,,
,2013,bylo,13byloamgpab02,amgp,abeardsell,2013-07-04,incidental,4,0,float
,2013,bylo,13byloamgpdl01,amgp,dleandribreton,2013-06-20,incidental,4,5,float
,2013,bylo,13byloamgpdl02,amgp,dleandribreton,2013-07-01,incidental,4,9,float
,2013,bylo,13byloamgpdl03,amgp,dleandribreton,2013-07-03,incidental,4,16,float
,2013,bylo,13byloamgpdl04,amgp,dleandribreton,2013-07-04,incidental,1,5,float
,2013,bylo,13byloamgpdl05,amgp,dleandribreton,2013-07-05,incidental,4,11,float
,2013,bylo,13byloamgpdl06,amgp,dleandribreton,2013-07-05,incidental,4,5,float
,2013,bylo,13byloamgpdl07,amgp,dleandribreton,2013-07-05,incidental,4,16,float
,2013,bylo,13byloamgpdl08,amgp,dleandribreton,2013-07-06,incidental,4,18,float
,2013,bylo,13byloamgpdl10,amgp,dleandribreton,2013-07-09,incidental,4,16,float
,2013,bylo,13byloamgpdl11,amgp,dleandribreton,2013-07-10,incidental,4,16,float
,2013,bylo,13byloamgpdl12,amgp,dleandribreton,2013-07-10,incidental,4,18,float
,2013,bylo,13byloamgpdl13,amgp,dleandribreton,2013-07-10,incidental,4,16,float
,2013,bylo,13byloamgpdl14,amgp,dleandribreton,2013-07-10,incidental,4,16,float
,2013,bylo,13byloamgpdl15,amgp,dleandribreton,2013-07-11,incidental,4,16,float
,2013,bylo,13byloamgpdl17,amgp,dleandribreton,2013-07-11,incidental,4,16,float
,2013,bylo,13byloamgper01,amgp,ereed,2013-07-04,incidental,4,9,float
,2013,bylo,13byloamgper02,amgp,ereed,2013-07-05,incidental,4,12,float
,2013,bylo,13byloamgper07,amgp,ereed,2013-07-08,incidental,4,14,float
,2013,bylo,13byloamgpfl01,amgp,flapierrepoulin,2013-07-01,incidental,4,17,float
,2013,bylo,13byloamgpfs01,amgp,fsenezgagnon,2013-06-28,incidental,4,5,float
,2013,bylo,13byloamgpjb01,amgp,jbety,2013-06-27,incidental,4,9,float
,2013,bylo,13byloamgpjb02,amgp,jbety,2013-06-27,incidental,4,10,float
,2013,bylo,13byloamgpjb03,amgp,jbety,2013-07-01,incidental,3,5,float
,2013,bylo,13byloamgpjb04,amgp,jbety,2013-07-01,incidental,4,9,float
,2013,bylo,13byloamgpjb05,amgp,jbety,2013-07-01,incidental,4,16,float
,2013,bylo,13byloamgpjb06,amgp,jbety,2013-07-01,incidental,4,9,float
,2013,bylo,13byloamgpjb07,amgp,jbety,2013-07-02,incidental,4,8,float
,2013,bylo,13byloamgpjb08,amgp,jbety,2013-07-05,incidental,4,14,float
,2013,bylo,13byloamgpjb09,amgp,jbety,2013-07-04,incidental,4,16,float
,2013,bylo,13byloamgpjb10,amgp,jbety,2013-07-07,incidental,4,16,float
,2013,bylo,13byloamgpjb11,amgp,jbety,2013-07-07,incidental,4,1,float
,2013,bylo,13byloamgpjb13,amgp,jbety,2013-07-10,incidental,4,16,float
,2013,bylo,13byloamgpjb14,amgp,jbety,2013-07-10,incidental,4,16,float
,2013,bylo,13byloamgpjb15,amgp,jbety,2013-07-11,incidental,4,16,float
,2013,bylo,13byloamgpjb16,amgp,jbety,2013-07-11,incidental,4,20,float
,2013,bylo,13byloamgpjb17,amgp,jbety,2013-07-11,incidental,4,16,float
,2013,bylo,13byloamgpjb18,amgp,jbety,2013-06-30,incidental,4,11,float
,2013,bylo,13byloamgpjf01,amgp,jfrenette,2013-07-01,incidental,4,20,float
,2013,bylo,13byloamgpjf02,amgp,jfrenette,2013-07-01,incidental,4,20,float
,2013,bylo,13byloamgpjl01,amgp,jflamarre,2013-06-27,incidental,4,9,float
,2013,bylo,13byloamgpjl02,amgp,jflamarre,2013-06-29,incidental,4,9,float
,2013,bylo,13byloamgpjl03,amgp,jflamarre,2013-07-03,incidental,4,7,float
,2013,bylo,13byloamgpjl04,amgp,jflamarre,2013-07-04,incidental,4,17,float
,2013,bylo,13byloamgpjl05,amgp,jflamarre,2013-07-05,incidental,4,20,float
,2013,bylo,13byloamgpjl06,amgp,jflamarre,2013-07-07,incidental,4,19,float
,2013,bylo,13byloamgpjl07,amgp,jflamarre,2013-07-07,incidental,4,20,float
,2013,bylo,13byloamgpnb01,amgp,nbradette,2013-06-25,incidental,4,12,float
,2013,bylo,13byloamgpnb02,amgp,nbradette,2013-06-25,incidental,4,17,float
,2013,bylo,13byloamgppr03,amgp,proyerboutin,2013-06-20,incidental,4,1,float
,2013,bylo,13byloamgppr04,amgp,proyerboutin,2013-06-21,incidental,4,1,float
,2013,bylo,13byloamgppr05,amgp,proyerboutin,2013-06-21,incidental,4,1,float
,2013,bylo,13byloamgppr06,amgp,proyerboutin,2013-06-23,incidental,4,1,float
,2013,bylo,13byloamgppr07,amgp,proyerboutin,2013-06-23,incidental,4,1,float
,2013,bylo,13byloamgppr08,amgp,proyerboutin,2013-06-27,incidental,4,8,float
,2013,bylo,13byloamgppr09,amgp,proyerboutin,2013-06-27,incidental,4,9,float
,2013,bylo,13byloamgppr10,amgp,proyerboutin,2013-07-01,incidental,4,17,float
,2013,bylo,13byloamgppr11,amgp,proyerboutin,2013-07-02,incidental,4,17,float
,2013,bylo,13byloamgppr12,amgp,proyerboutin,2013-07-02,incidental,3,0,float
,2013,bylo,13byloamgppr13,amgp,proyerboutin,2013-07-02,incidental,4,17,float
,2013,bylo,13byloamgppr14,amgp,proyerboutin,2013-07-02,incidental,4,17,float
,2013,bylo,13byloamgppr15,amgp,proyerboutin,2013-07-02,incidental,4,0,float
,2013,bylo,13byloamgppr16,amgp,proyerboutin,2013-07-04,incidental,4,17,float
,2013,bylo,13byloamgppr17,amgp,proyerboutin,2013-07-05,incidental,4,1,float
,2013,bylo,13byloamgppr18,amgp,proyerboutin,2013-07-05,incidental,4,17,float
,2013,bylo,13byloamgppr19,amgp,proyerboutin,2013-07-14,incidental,4,18,float
,2013,bylo,13byloamgppr20,amgp,proyerboutin,2013-07-18,incidental,4,,hatch
,2013,bylo,13bylobasaab01,basa,abeardsell,2013-06-19,incidental,4,0,float
,2013,bylo,13bylobasaar01,basa,arobillard,2013-06-23,incidental,4,0,float
,2013,bylo,13bylobasaar02,basa,arobillard,2013-06-23,incidental,4,0,float
,2013,bylo,13bylobasacd02,basa,cdoucet,2013-07-01,incidental,4,16,float
,2013,bylo,13bylobasafs02,basa,fsenezgagnon,2013-06-14,incidental,4,3,float
,2013,bylo,13bylobasafs04,basa,fsenezgagnon,2013-06-15,incidental,4,1,float
,2013,bylo,13bylobasafs05,basa,fsenezgagnon,2013-06-17,incidental,4,3,float
,2013,bylo,13bylobasafs06,basa,fsenezgagnon,2013-06-17,incidental,3,,
,2013,bylo,13bylobasafs07,basa,fsenezgagnon,2013-06-17,incidental,4,3,float
,2013,bylo,13bylobasafs08,basa,fsenezgagnon,2013-06-17,incidental,4,3,float
,2013,bylo,13bylobasafs09,basa,fsenezgagnon,2013-06-21,incidental,4,,
,2013,bylo,13bylobasafs10,basa,fsenezgagnon,2013-06-22,incidental,4,12,float
,2013,bylo,13bylobasafs11,basa,fsenezgagnon,2013-06-25,incidental,4,3,float
,2013,bylo,13bylobasaga01,basa,gmontpetitallard,2013-06-18,incidental,4,4,float
,2013,bylo,13bylobasahm01,basa,hmeltofte,2013-06-19,incidental,4,8,float
,2013,bylo,13bylobasajb03,basa,jbety,2013-07-07,incidental,3,,hatch
,2013,bylo,13bylobasajf01,basa,jfrenette,2013-06-17,incidental,4,14,float
,2013,bylo,13bylobasajl01,basa,jflamarre,2013-06-15,incidental,4,3,float
,2013,bylo,13bylobasapr02,basa,proyerboutin,2013-07-01,incidental,4,0,float
,2013,bylo,13bylobbpldl02,bbpl,dleandribreton,2013-07-08,incidental,4,,hatch
,2013,bylo,13bylobbpljb01,bbpl,jbety,2013-06-28,incidental,4,7,float
,2013,bylo,13bylobbpljb02,bbpl,jbety,2013-06-30,incidental,4,13,float
,2013,bylo,13bylobbplpr01,bbpl,proyerboutin,2013-07-14,incidental,4,16,float
,2013,bylo,13bylobbplpr02,bbpl,proyerboutin,2013-07-15,incidental,4,17,float
,2013,bylo,13bylobbplpr03,bbpl,proyerboutin,2013-07-16,incidental,3,16,float
,2013,bylo,13bylocrpldl01,crpl,dleandribreton,2013-07-05,incidental,4,16,float
,2013,bylo,13bylocrpljl01,crpl,jflamarre,2013-06-30,incidental,4,12,float
,2013,bylo,13bylocrplpr01,crpl,proyerboutin,2013-06-15,incidental,4,1,float
,2013,bylo,13bylopesacd01,pesa,cdoucet,2013-06-28,incidental,4,8,float
,2013,bylo,13bylopesagl01,pesa,gletourneau,2013-06-27,incidental,4,1,float
,2013,bylo,13bylopesajl01,pesa,jlamarre,2013-06-21,incidental,3,,
,2013,bylo,13bylopesanb01,pesa,nbradette,2013-07-17,incidental,3,,
,2013,bylo,13bylorutujb01,rutu,jbety,2013-06-28,incidental,4,6,float
,2013,bylo,13bylowrsadf01,wrsa,dfauteux,2013-06-20,incidental,4,6,float
,2013,bylo,13bylowrsadl01,wrsa,dleandribreton,2013-06-20,incidental,3,5,float
,2013,bylo,13bylowrsadl02,wrsa,dleandribreton,2013-06-29,incidental,3,14,float
,2013,bylo,13bylowrsadl03,wrsa,dleandribreton,2013-06-29,incidental,4,4,float
,2013,bylo,13bylowrsadl05,wrsa,dleandribreton,2013-07-05,incidental,4,15,float
,2013,bylo,13bylowrsafs01,wrsa,fsenezgagnon,2013-07-05,incidental,3,15,float
,2013,bylo,13bylowrsajl01,wrsa,jlamarre,2013-06-15,incidental,2,0,float
,2013,bylo,13bylowrsajl02,wrsa,jlamarre,2013-06-20,incidental,4,3,float
,2013,bylo,13bylowrsajl03,wrsa,jflamarre,2013-06-29,incidental,4,6,float
,2013,bylo,13bylowrsajl04,wrsa,jflamarre,2013-07-15,incidental,3,,hatch
,2014,bylo,14byloamgpar01,amgp,arobillard,2014-07-07,incidental,4,0,float
,2014,bylo,14byloamgpdl05,amgp,dleandribreton,2014-06-20,incidental,4,1,float
,2014,bylo,14byloamgpdl06,amgp,dleandribreton,2014-06-20,incidental,1,0,float
,2014,bylo,14byloamgpdl07,amgp,dleandribreton,2014-06-21,incidental,4,4,float
,2014,bylo,14byloamgpdl08,amgp,dleandribreton,2014-06-21,incidental,4,1,float
,2014,bylo,14byloamgpdl09,amgp,dleandribreton,2014-06-22,incidental,3,0,float
,2014,bylo,14byloamgpdl10,amgp,dleandribreton,2014-06-22,incidental,4,3,float
,2014,bylo,14byloamgpdl11,amgp,dleandribreton,2014-06-25,incidental,4,3,float
,2014,bylo,14byloamgpdl12,amgp,dleandribreton,2014-06-25,incidental,4,7,float
,2014,bylo,14byloamgpdl13,amgp,dleandribreton,2014-07-01,incidental,4,17,float
,2014,bylo,14byloamgpdl14,amgp,dleandribreton,2014-07-02,incidental,4,14,float
,2014,bylo,14byloamgpdl15,amgp,dleandribreton,2014-07-03,incidental,4,17,float
,2014,bylo,14byloamgpdl16,amgp,dleandribreton,2014-07-04,incidental,4,16,float
,2014,bylo,14byloamgpdl17,amgp,dleandribreton,2014-07-04,incidental,4,17,float
,2014,bylo,14byloamgpdl18,amgp,dleandribreton,2014-07-05,incidental,4,10,float
,2014,bylo,14byloamgpdl19,amgp,dleandribreton,2014-07-05,incidental,4,4,float
,2014,bylo,14byloamgpdl20,amgp,dleandribreton,2014-07-05,incidental,4,17,float
,2014,bylo,14byloamgpdl21,amgp,dleandribreton,2014-07-05,incidental,4,4,float
,2014,bylo,14byloamgpdl22,amgp,dleandribreton,2014-07-06,incidental,4,3,float
,2014,bylo,14byloamgpdl23,amgp,dleandribreton,2014-07-07,incidental,4,18,float
,2014,bylo,14byloamgpdl25,amgp,dleandribreton,2014-07-11,incidental,4,16,float
,2014,bylo,14byloamgper01,amgp,ereed,2014-06-29,incidental,4,12,float
,2014,bylo,14byloamgper02,amgp,ereed,2014-06-28,incidental,4,0,float
,2014,bylo,14byloamgper03,amgp,ereed,2014-06-29,incidental,4,5,float
,2014,bylo,14byloamgper04,amgp,ereed,2014-06-30,incidental,4,0,float
,2014,bylo,14byloamgper05,amgp,ereed,2014-07-01,incidental,4,12,float
,2014,bylo,14byloamgper06,amgp,ereed,2014-07-02,incidental,4,12,float
,2014,bylo,14byloamgper07,amgp,ereed,2014-07-02,incidental,4,18,float
,2014,bylo,14byloamgpfd01,amgp,fdulude,2014-06-24,incidental,4,0,float
,2014,bylo,14byloamgpfd02,amgp,fdulude,2014-06-24,incidental,4,9,float
,2014,bylo,14byloamgpfl03,amgp,flapierrepoulin,2014-06-30,incidental,4,0,float
,2014,bylo,14byloamgpjb01,amgp,jbety,2014-06-28,incidental,4,9,float
,2014,bylo,14byloamgpjb02,amgp,jbety,2014-06-30,incidental,4,5,float
,2014,bylo,14byloamgpjb03,amgp,jbety,2014-06-30,incidental,4,11,float
,2014,bylo,14byloamgpjb04,amgp,jbety,2014-07-01,incidental,4,9,float
,2014,bylo,14byloamgpjb05,amgp,jbety,2014-07-01,incidental,4,9,float
,2014,bylo,14byloamgpjb06,amgp,jbety,2014-07-03,incidental,4,16,float
,2014,bylo,14byloamgpjb07,amgp,jbety,2014-07-04,incidental,4,1,float
,2014,bylo,14byloamgpjb08,amgp,jbety,2014-07-04,incidental,4,17,float
,2014,bylo,14byloamgpjb09,amgp,jbety,2014-07-05,incidental,4,16,float
,2014,bylo,14byloamgpjb10,amgp,jbety,2014-07-05,incidental,4,17,float
,2014,bylo,14byloamgpjb11,amgp,jbety,2014-07-06,incidental,4,16,float
,2014,bylo,14byloamgpjb12,amgp,jbety,2014-07-06,incidental,3,12,float
,2014,bylo,14byloamgpjbdl,amgp,jbety,2014-07-12,incidental,4,6,float
,2014,bylo,14byloamgpjl01,amgp,jlamarre,2014-06-24,incidental,4,5,float
,2014,bylo,14byloamgpjl02,amgp,jlamarre,2014-06-25,incidental,4,8,float
,2014,bylo,14byloamgpjl03,amgp,jlamarre,2014-06-28,incidental,4,7,float
,2014,bylo,14byloamgpjl04,amgp,jlamarre,2014-06-29,incidental,4,7,float
,2014,bylo,14byloamgpjl05,amgp,jlamarre,2014-06-29,incidental,4,13,float
,2014,bylo,14byloamgpjl06,amgp,jlamarre,2014-07-01,incidental,4,9,float
,2014,bylo,14byloamgpjl07,amgp,jlamarre,2014-07-01,incidental,4,5,float
,2014,bylo,14byloamgpjl08,amgp,jlamarre,2014-07-02,incidental,4,10,float
,2014,bylo,14byloamgpjl09,amgp,jlamarre,2014-07-02,incidental,4,12,float
,2014,bylo,14byloamgpjl10,amgp,jlamarre,2014-07-04,incidental,4,9,float
,2014,bylo,14byloamgpjl11,amgp,jlamarre,2014-07-03,incidental,4,9,float
,2014,bylo,14byloamgpjl12,amgp,jlamarre,2014-07-03,incidental,4,8,float
,2014,bylo,14byloamgpjl13,amgp,jlamarre,2014-07-03,incidental,4,9,float
,2014,bylo,14byloamgpjl14,amgp,jlamarre,2014-07-07,incidental,4,18,float
,2014,bylo,14byloamgpjl15,amgp,jlamarre,2014-07-09,incidental,4,20,float
,2014,bylo,14byloamgpjl16,amgp,jlamarre,2014-07-10,incidental,3,18,float
,2014,bylo,14byloamgpmo01,amgp,moakes,2014-06-21,incidental,4,0,float
,2014,bylo,14byloamgpmo02,amgp,moakes,2014-06-21,incidental,4,0,float
,2014,bylo,14byloamgpmo04,amgp,moakes,2014-06-30,incidental,4,16,float
,2014,bylo,14byloamgppr01,amgp,proyerboutin,2014-06-24,incidental,4,4,float
,2014,bylo,14byloamgppr02,amgp,proyerboutin,2014-06-24,incidental,4,2,float
,2014,bylo,14byloamgppr03,amgp,proyerboutin,2014-06-25,incidental,4,2,float
,2014,bylo,14byloamgppr04,amgp,proyerboutin,2014-06-28,incidental,4,10,float
,2014,bylo,14byloamgppr05,amgp,proyerboutin,2014-06-28,incidental,4,9,float
,2014,bylo,14byloamgppr06,amgp,proyerboutin,2014-06-29,incidental,4,16,float
,2014,bylo,14byloamgppr07,amgp,proyerboutin,2014-06-29,incidental,4,12,float
,2014,bylo,14byloamgppr08,amgp,proyerboutin,2014-06-29,incidental,4,9,float
,2014,bylo,14byloamgppr09,amgp,proyerboutin,2014-07-01,incidental,4,10,float
1,2014,bylo,14byloamgppr10,amgp,proyerboutin,2014-07-02,incidental,4,4,float
,2014,bylo,14byloamgppr11,amgp,proyerboutin,2014-07-02,incidental,3,7,float
,2014,bylo,14byloamgppr12,amgp,proyerboutin,2014-07-04,incidental,4,2,float
,2014,bylo,14byloamgppr13,amgp,proyerboutin,2014-07-04,incidental,4,17,float
,2014,bylo,14byloamgppr14,amgp,proyerboutin,2014-07-04,incidental,4,0,float
,2014,bylo,14byloamgppr15,amgp,proyerboutin,2014-07-05,incidental,4,17,float
,2014,bylo,14byloamgppr16,amgp,proyerboutin,2014-07-05,incidental,4,8,float
,2014,bylo,14byloamgppr17,amgp,proyerboutin,2014-07-05,incidental,4,16,float
,2014,bylo,14byloamgppr18,amgp,proyerboutin,2014-07-06,incidental,4,16,float
,2014,bylo,14byloamgppr19,amgp,proyerboutin,2014-07-06,incidental,3,16,float
,2014,bylo,14byloamgppr20,amgp,proyerboutin,2014-07-07,incidental,4,16,float
,2014,bylo,14byloamgppr21,amgp,proyerboutin,2014-07-07,incidental,4,16,float
,2014,bylo,14byloamgppr22,amgp,proyerboutin,2014-07-07,incidental,4,16,float
,2014,bylo,14byloamgppr25,amgp,proyerboutin,2014-07-11,incidental,4,16,float
,2014,bylo,14byloamgppr26,amgp,proyerboutin,2014-07-11,incidental,4,16,float
,2014,bylo,14byloamgppr27,amgp,proyerboutin,2014-07-11,incidental,4,16,float
,2014,bylo,14byloamgpvm01,amgp,vmarmillot,2014-06-26,incidental,4,17,float
,2014,bylo,14byloamgpys01,amgp,yseyer,2014-06-27,incidental,4,0,float
,2014,bylo,14bylobasaab02,basa,abeardsell,2014-06-17,incidental,4,0,float
,2014,bylo,14bylobasaab03,basa,abeardsell,2014-06-17,incidental,4,0,float
,2014,bylo,14bylobasaab04,basa,abeardsell,2014-06-27,incidental,4,10,float
,2014,bylo,14bylobasaab05,basa,abeardsell,2014-06-27,incidental,4,0,float
,2014,bylo,14bylobasaar01,basa,arobillard,2014-06-15,incidental,2,0,float
,2014,bylo,14bylobasaar02,basa,arobillard,2014-06-16,incidental,4,7,float
,2014,bylo,14bylobasaar03,basa,arobillard,2014-06-17,incidental,4,8,float
,2014,bylo,14bylobasadf01,basa,dfauteux,2014-06-22,incidental,4,12,float
,2014,bylo,14bylobasafd01,basa,fdulude,2014-06-26,incidental,4,0,float
,2014,bylo,14bylobasafl01,basa,flapierrepoulin,2014-06-25,incidental,4,0,float
,2014,bylo,14bylobasafl02,basa,flapierrepoulin,2014-06-24,incidental,4,0,float
,2014,bylo,14bylobasafs01,basa,fsenezgagnon,2014-06-13,incidental,4,4,float
,2014,bylo,14bylobasafs02,basa,fsenezgagnon,2014-06-13,incidental,4,3,float
,2014,bylo,14bylobasafs03,basa,fsenezgagnon,2014-06-13,incidental,4,3,float
,2014,bylo,14bylobasafs06,basa,fsenezgagnon,2014-06-19,incidental,4,7,float
,2014,bylo,14bylobasafs07,basa,fsenezgagnon,2014-06-22,incidental,4,13,float
,2014,bylo,14bylobasafs08,basa,fsenezgagnon,2014-06-22,incidental,4,14,float
,2014,bylo,14bylobasafs09,basa,fsenezgagnon,2014-06-22,incidental,4,6,float
,2014,bylo,14bylobasafs10,basa,fsenezgagnon,2014-06-23,incidental,4,7,float
,2014,bylo,14bylobasafs11,basa,fsenezgagnon,2014-06-24,incidental,4,15,float
,2014,bylo,14bylobasafs12,basa,fsenezgagnon,2014-06-28,incidental,4,13,float
,2014,bylo,14bylobasafs13,basa,fsenezgagnon,2014-07-03,incidental,4,0,float
,2014,bylo,14bylobasajb01,basa,jbety,2014-06-28,incidental,4,8,float
,2014,bylo,14bylobasajl01,basa,jlamarre,2014-06-14,incidental,4,1,float
,2014,bylo,14bylobasamt01,basa,mtremblay,2014-06-18,incidental,4,7,float
,2014,bylo,14bylobasamt02,basa,mtremblay,2014-06-28,incidental,4,0,float
,2014,bylo,14bylobasavm01,basa,vmarmillot,2014-07-06,incidental,4,0,float
,2014,bylo,14bylobasays02,basa,yseyer,2014-06-20,incidental,4,0,float
,2014,bylo,14bylobasays03,basa,yseyer,2014-07-06,incidental,,0,float
,2014,bylo,14bylobbpldl01,bbpl,dleandribreton,2014-06-21,incidental,3,3,float
,2014,bylo,14bylobbpldl02,bbpl,dleandribreton,2014-07-02,incidental,4,3,float
,2014,bylo,14bylobbpldl03,bbpl,dleandribreton,2014-07-03,incidental,4,9,float
,2014,bylo,14bylobbpldl04,bbpl,dleandribreton,2014-07-05,incidental,4,11,float
,2014,bylo,14bylobbplpr01,bbpl,proyerboutin,2014-06-24,incidental,4,5,float
,2014,bylo,14bylobbplpr02,bbpl,proyerboutin,2014-06-26,incidental,3,5,float
,2014,bylo,14bylobbplpr03,bbpl,proyerboutin,2014-07-09,incidental,4,9,float
,2014,bylo,14bylobbplpr04,bbpl,proyerboutin,2014-07-09,incidental,4,16,float
,2014,bylo,14bylobbplpr05,bbpl,proyerboutin,2014-07-12,incidental,4,16,float
,2014,bylo,14bylobbplpr06,bbpl,proyerboutin,2014-07-13,incidental,4,0,float
,2014,bylo,14bylobbplpr07,bbpl,proyerboutin,2014-07-13,incidental,4,18,float
,2014,bylo,14bylobbsajl01,bbsa,jflamarre,2014-06-30,incidental,4,9,float
,2014,bylo,14bylocrpldl01,crpl,dleandribreton,2014-06-19,incidental,4,13,float
,2014,bylo,14bylocrpldl02,crpl,dleandribreton,2014-06-19,incidental,3,1,float
,2014,bylo,14bylocrpldl03,crpl,dleandribreton,2014-06-19,incidental,4,5,float
,2014,bylo,14bylocrpldl04,crpl,dleandribreton,2014-06-19,incidental,4,2,float
,2014,bylo,14bylocrpldl05,crpl,dleandribreton,2014-06-23,incidental,4,9,float
,2014,bylo,14bylocrpldl06,crpl,dleandribreton,2014-06-23,incidental,4,8,float
,2014,bylo,14bylocrpldl07,crpl,dleandribreton,2014-06-24,incidental,4,1,float
,2014,bylo,14bylocrpldl08,crpl,dleandribreton,2014-07-02,incidental,4,3,float
,2014,bylo,14bylocrpldl09,crpl,dleandribreton,2014-07-02,incidental,4,17,float
,2014,bylo,14bylocrpldl10,crpl,dleandribreton,2014-07-04,incidental,4,8,float
,2014,bylo,14bylocrpldl11,crpl,dleandribreton,2014-07-05,incidental,4,16,float
,2014,bylo,14bylocrpldl12,crpl,dleandribreton,2014-07-05,incidental,4,11,float
,2014,bylo,14bylocrpldl13,crpl,dleandribreton,2014-07-07,incidental,4,0,float
,2014,bylo,14bylocrpldl14,crpl,dleandribreton,2014-07-07,incidental,4,18,float
,2014,bylo,14bylocrpljb01,crpl,jbety,2014-07-09,incidental,3,10,float
,2014,bylo,14bylocrpljt01,crpl,jtherien,2014-07-13,incidental,2,0,float
,2014,bylo,14bylopesaal01,pesa,alauzon,2014-06-27,incidental,4,0,float
,2014,bylo,14bylopesaar01,pesa,arobillard,2014-06-27,incidental,4,2,float
,2014,bylo,14bylopesafs01,pesa,fsenezgagnon,2014-07-01,incidental,4,0,float
,2014,bylo,14byloreknfl01,rekn,flapierrepoulin,2014-06-16,incidental,4,0,float
,2014,bylo,14bylorutudl01,rutu,dleandribreton,2014-06-26,incidental,4,2,float
,2014,bylo,14bylowrsajb01,wrsa,jbety,2014-07-05,incidental,4,17,float
,2014,bylo,14bylowrsapr01,wrsa,proyerboutin,2014-07-05,incidental,4,15,float
1.08,2010,cakr,10cakrdunl008,dunl,rgates,2010-06-13,searcher,4,6,float
1.09,2010,cakr,10cakrdunl009,dunl,rgates,2010-06-13,searcher,4,7,float
2.13,2010,cakr,10cakrrnph113,rnph,sbuckell,2010-06-17,searcher,4,2,float
2.16,2010,cakr,10cakrrnph116,rnph,sbuckell,2010-06-18,searcher,4,6,float
2.17,2010,cakr,10cakrrnph117,rnph,sbuckell,2010-06-18,searcher,4,3,float
2.19,2010,cakr,10cakrrnph119,rnph,sbuckell,2010-06-19,searcher,4,5,float
2.21,2010,cakr,10cakrrnph121,rnph,sbuckell,2010-06-19,searcher,4,0,float
1.11,2010,cakr,10cakrsesa011,sesa,rgates,2010-06-14,searcher,3,8,float
2.03,2010,cakr,10cakrsesa103,sesa,sbuckell,2010-06-13,searcher,4,6,float
2.07,2010,cakr,10cakrsesa107,sesa,sbuckell,2010-06-14,rope,3,-1,float
2.18,2010,cakr,10cakrsesa118,sesa,sbuckell,2010-06-19,searcher,2,0,float
1.18,2010,cakr,10cakrwesa018,wesa,rgates,2010-06-17,searcher,3,13,float
2.04,2010,cakr,10cakrwesa104,wesa,sbuckell,2010-06-13,searcher,4,-2,float
4.07,2011,cakr,11cakrrnph401,rnph,rgates,2011-06-02,bander,1,,lay
5.01,2011,cakr,11cakrsesa109,sesa,mvanderheyden,2011-06-06,searcher,2,11,float
4.18,2011,cakr,11cakrsesa114,sesa,mvanderheyden,2011-06-12,searcher,4,12,float
6.13,2011,cakr,11cakrsesa118,sesa,ssapora,2011-06-19,rope,3,,hatch
4.01,2011,cakr,11cakrsesa301,sesa,lpadegimas,2011-06-02,searcher,3,3,float
5.01,2012,cakr,12cakrbbpl110,bbpl,mvanderheyden,2012-06-08,searcher,3,,
7.03,2012,cakr,12cakrbltu107,bltu,mvanderheyden,2012-06-07,searcher,4,1,float
7.04,2012,cakr,12cakrbltu402,bltu,rgates,2012-06-07,searcher,4,7,float
7.08,2012,cakr,12cakrbltu404,bltu,rgates,2012-06-07,searcher,4,4,float
7.14,2012,cakr,12cakrbltu421,bltu,rgates,2012-06-18,bander,4,19,float
6.11,2012,cakr,12cakrdunl126,dunl,mvanderheyden,2012-06-13,searcher,4,0,float
3.06,2012,cakr,12cakrdunl204,dunl,edastous,2012-06-06,searcher,4,3,float
6.27,2012,cakr,12cakrdunl253,dunl,edastous,2012-06-23,rope,3,2,float
6.22,2012,cakr,12cakrdunl605,dunl,blewis,2012-06-17,searcher,4,11,float
6.25,2012,cakr,12cakrdunl614,dunl,blewis,2012-06-22,searcher,4,5,float
5.12,2012,cakr,12cakrrnph252,rnph,edastous,2012-06-22,rope,1,,lay
5.05,2012,cakr,12cakrrnph305,rnph,svissault,2012-06-11,searcher,3,3,float
6.16,2012,cakr,12cakrrnph417,rnph,rgates,2012-06-14,searcher,4,1,float
6.17,2012,cakr,12cakrrnph418,rnph,rgates,2012-06-14,searcher,4,1,float
6.21,2012,cakr,12cakrrnph604,rnph,blewis,2012-06-17,searcher,3,9,float
6.09,2012,cakr,12cakrsesa124,sesa,mvanderheyden,2012-06-13,searcher,4,5,float
6.1,2012,cakr,12cakrsesa125,sesa,mvanderheyden,2012-06-13,searcher,3,0,float
6.3,2012,cakr,12cakrsesa319,sesa,edastous,2012-06-23,rope,4,12,float
6.02,2012,cakr,12cakrsesa407,sesa,rgates,2012-06-10,searcher,4,3,float
6.18,2012,cakr,12cakrsesa601,sesa,blewis,2012-06-17,searcher,3,0,float
6.2,2012,cakr,12cakrsesa603,sesa,blewis,2012-06-17,searcher,4,9,float
3.25,2012,cakr,12cakrwesa119,wesa,mvanderheyden,2012-06-11,searcher,2,3,float
3.54,2012,cakr,12cakrwesa320,wesa,svissault,2012-06-25,searcher,1,1,float
3.42,2012,cakr,12cakrwesa600,wesa,blewis,2012-06-15,searcher,1,,lay
1.39,2012,cakr,12cakrwesa606,wesa,blewis,2012-06-19,searcher,2,2,float
,2013,cakr,13cakrarte154,arte,flin,2013-06-21,searcher,1,,
,2013,cakr,13cakrbbpl161,bbpl,jkardiak,2013-06-21,searcher,4,13,float
,2013,cakr,13cakrdunl036,dunl,jkardiak,2013-06-09,searcher,4,2,float
,2013,cakr,13cakrdunl069,dunl,rhunnewell,2013-06-08,searcher,4,3,float
,2013,cakr,13cakrdunl077,dunl,rhunnewell,2013-06-20,searcher,4,2,float
,2013,cakr,13cakrdunl082,dunl,flin,2013-06-10,searcher,4,2,float
,2013,cakr,13cakrdunl084,dunl,flin,2013-06-10,searcher,4,2,float
,2013,cakr,13cakrdunl153,dunl,flin,2013-06-21,searcher,3,2,float
,2013,cakr,13cakrltdu137,ltdu,jkardiak,2013-07-08,searcher,6,,
,2013,cakr,13cakrpaja049,paja,flin,2013-06-05,searcher,1,,lay
,2013,cakr,13cakrrnph108,rnph,flin,2013-06-20,searcher,4,2,float
,2013,cakr,13cakrrnph126,rnph,jkardiak,2013-06-20,searcher,3,2,float
,2013,cakr,13cakrrnph157,rnph,jkardiak,2013-06-26,rope,4,12,float
,2013,cakr,13cakrrnph158,rnph,rhunnewell,2013-06-24,searcher,3,2,float
,2013,cakr,13cakrrnph172,rnph,flin,2013-06-27,rope,4,9,float
,2013,cakr,13cakrsasp017,savs,mboldenow,2013-06-14,searcher,5,,
,2013,cakr,13cakrsasp173,savs,flin,2013-06-29,searcher,6,,
,2013,cakr,13cakrsesa015,sesa,mboldenow,2013-06-12,searcher,4,,float
,2013,cakr,13cakrsesa027,sesa,jkardiak,2013-06-07,searcher,4,3,float
,2013,cakr,13cakrsesa051,sesa,flin,2013-06-06,searcher,3,2,float
,2013,cakr,13cakrsesa056,sesa,flin,2013-06-08,searcher,4,2,float
,2013,cakr,13cakrsesa057,sesa,flin,2013-06-09,searcher,4,8,float
,2013,cakr,13cakrsesa076,sesa,rhunnewell,2013-06-19,searcher,4,2,float
,2013,cakr,13cakrsesa081,sesa,flin,2013-06-10,searcher,3,1,float
,2013,cakr,13cakrsesa100,sesa,jkardiak,2013-06-18,searcher,4,1,float
,2013,cakr,13cakrsesa159,sesa,jkardiak,2013-06-26,rope,4,10,float
,2013,cakr,13cakrtusw068,tusw,rhunnewell,2013-06-08,searcher,3,,
,2013,cakr,13cakrwesa002,wesa,mboldenow,2013-06-01,searcher,3,3,float
,2013,cakr,13cakrwesa018,wesa,tfarrugia,2013-06-15,searcher,3,3,float
,2013,cakr,13cakrwesa019,wesa,tfarrugia,2013-06-15,searcher,3,2,float
,2013,cakr,13cakrwesa023,wesa,jkardiak,2013-06-04,searcher,4,4,float
,2013,cakr,13cakrwesa028,wesa,jkardiak,2013-06-07,searcher,4,3,float
,2013,cakr,13cakrwesa029,wesa,jkardiak,2013-06-07,searcher,4,4,float
,2013,cakr,13cakrwesa032,wesa,jkardiak,2013-06-09,searcher,2,,lay
,2013,cakr,13cakrwesa035,wesa,jkardiak,2013-06-09,searcher,4,3,float
,2013,cakr,13cakrwesa037,wesa,jkardiak,2013-06-10,searcher,4,6,float
,2013,cakr,13cakrwesa083,wesa,flin,2013-06-10,searcher,4,7,float
,2013,cakr,13cakrwesa090,wesa,flin,2013-06-15,searcher,2,,
,2013,cakr,13cakrwesa095,wesa,jkardiak,2013-06-14,searcher,3,5,float
,2013,cakr,13cakrwesa097,wesa,jkardiak,2013-06-17,rope,4,3,float
,2013,cakr,13cakrwesa109,wesa,flin,2013-06-20,searcher,2,2,float
,2013,cakr,13cakrwesa121,wesa,jkardiak,2013-06-16,searcher,3,3,float
,2013,cakr,13cakrwesa123,wesa,jkardiak,2013-06-19,searcher,4,1,float
,2013,cakr,13cakrwesa125,wesa,mboldenow,2013-06-18,searcher,4,1,float
,2013,cakr,13cakrwesa151,wesa,flin,2013-06-21,searcher,3,2,float
,2013,cakr,13cakrwesa155,wesa,jkardiak,2013-06-23,searcher,1,1,float
,2013,cakr,13cakrwipt021,wipt,jkardiak,2013-06-02,searcher,2,,lay
,2013,cakr,13cakrwipt102,wipt,flin,2013-06-17,searcher,2,,
,2014,cakr,14cakrarte076,arte,mboldenow,2014-06-12,bander,1,,
,2014,cakr,14cakrarte093,arte,mmcconnell,2014-06-11,bander,1,,
,2014,cakr,14cakreywa153,eywa,jhughey,2014-06-28,searcher,3,,
,2014,cakr,14cakrgwfg019,gwfg,mmcconnell,2014-06-04,searcher,7,,
,2014,cakr,14cakrgwte152,gwte,jhughey,2014-06-28,rope,8,,
,2014,cakr,14cakrltdu165,ltdu,mmcconnell,2014-06-23,searcher,,,
,2014,cakr,14cakrpaja006,paja,mmcconnell,2014-05-29,searcher,2,,
,2014,cakr,14cakrpalo038,palo,jhughey,2014-06-08,searcher,,,
,2014,cakr,14cakrrnph060,rnph,jeschenroeder,2014-06-14,rope,4,2,float
,2014,cakr,14cakrrnph080,rnph,mboldenow,2014-06-21,searcher,3,3,float
,2014,cakr,14cakrsasp115,savs,jhughey,2014-06-18,searcher,5,,
,2014,cakr,14cakrsesa094,sesa,mmcconnell,2014-06-11,searcher,4,12,float
,2014,cakr,14cakrsesa095,sesa,mmcconnell,2014-06-11,searcher,4,12,float
,2014,cakr,14cakrsesa096,sesa,mmcconnell,2014-06-11,searcher,4,8,float
,2014,cakr,14cakrsesa097,sesa,mmcconnell,2014-06-11,searcher,4,4,float
,2014,cakr,14cakrsesa102,sesa,jhughey,2014-06-11,searcher,4,2,float
,2014,cakr,14cakrsesa105,sesa,jhughey,2014-06-12,searcher,3,2,float
,2014,cakr,14cakrsesa121,sesa,jeschenroeder,2014-06-15,rope,4,0,float
,2014,cakr,14cakrsesa129,sesa,jeschenroeder,2014-06-27,rope,1,3,float
,2014,cakr,14cakrwesa043,wesa,jeschenroeder,2014-06-01,searcher,4,1,float
,2014,cakr,14cakrwesa048,wesa,jeschenroeder,2014-06-07,searcher,4,5,float
,2014,cakr,14cakrwesa077,wesa,mboldenow,2014-06-12,bander,4,2,float
,2014,cakr,14cakrwesa090,wesa,mmcconnell,2014-06-10,searcher,3,2,float
,2014,cakr,14cakrwesa114,wesa,jhughey,2014-06-18,searcher,2,0,float
,2014,cakr,14cakrwesa117,wesa,jhughey,2014-06-18,searcher,1,3,float
,2014,cakr,14cakrwesa142,wesa,mboldenow,2014-06-22,bander,3,2,float
,2014,cakr,14cakrwipt002,wipt,mmcconnell,2014-05-22,searcher,1,,
220,2010,cari,10cariagpl220,amgp,sfreeman,2010-06-17,incidental,4,13,float
525,2010,cari,10cariamgp525,amgp,ecorp,2010-07-01,incidental,4,,
834,2010,cari,10cariamgp834,amgp,hcraig,2010-07-01,incidental,3,,
225,2010,cari,10caribbpl225,bbpl,sfreeman,2010-07-11,incidental,4,6,float
610,2010,cari,10caribbpl610,bbpl,bharrington,2010-06-17,incidental,4,8,float
203,2010,cari,10caripesa203,pesa,sfreeman,2010-06-09,searcher,4,6,float
226,2010,cari,10caripesa226,pesa,sfreeman,2010-06-23,rope,4,11,float
244,2010,cari,10caripesa244,pesa,sfreeman,2010-07-07,incidental,4,,hatch
407,2010,cari,10caripesa407,pesa,sbrown,2010-06-16,incidental,4,8,float
509,2010,cari,10caripesa509,pesa,ecorp,2010-06-14,rope,4,0,float
706,2010,cari,10caripesa706,pesa,cwoodworth,2010-06-14,rope,4,1,float
805,2010,cari,10caripesa805,pesa,hcraig,2010-06-09,searcher,4,1,float
817,2010,cari,10caripesa817,pesa,hcraig,2010-06-18,incidental,4,6,float
215,2010,cari,10carireph215,reph,sfreeman,2010-06-15,rope,4,4,float
510,2010,cari,10carireph510,reph,ecorp,2010-06-15,rope,4,7,float
705,2010,cari,10carireph705,reph,cwoodworth,2010-06-14,rope,4,6,float
730,2010,cari,10carireph730,reph,cwoodworth,2010-07-07,incidental,4,13,float
811,2010,cari,10carireph811,reph,hcraig,2010-06-13,incidental,4,5,float
210,2010,cari,10carirnph210,rnph,sfreeman,2010-06-14,rope,4,8,float
212,2010,cari,10carirnph212,rnph,sfreeman,2010-06-14,rope,4,0,float
216,2010,cari,10carirnph216,rnph,sfreeman,2010-06-15,rope,4,0,float
221,2010,cari,10carirnph221,rnph,sfreeman,2010-06-18,incidental,4,4,float
516,2010,cari,10carirnph516,rnph,ecorp,2010-06-23,rope,4,11,float
518,2010,cari,10carirnph518,rnph,ecorp,2010-06-24,rope,4,8,float
521,2010,cari,10carirnph521,rnph,ecorp,2010-06-25,incidental,4,8,float
701,2010,cari,10carirnph701,rnph,cwoodworth,2010-06-11,incidental,4,0,float
713,2010,cari,10carirnph713,rnph,cwoodworth,2010-06-21,incidental,4,8,float
718,2010,cari,10carisand718,sand,cwoodworth,2010-06-27,incidental,4,,
208,2010,cari,10carisesa208,sesa,sfreeman,2010-06-14,rope,4,3,float
209,2010,cari,10carisesa209,sesa,sfreeman,2010-06-14,rope,4,2,float
214,2010,cari,10carisesa214,sesa,sfreeman,2010-06-15,rope,4,13,float
303,2010,cari,10carisesa303,sesa,mmcgarvey,2010-06-09,searcher,4,8,float
403,2010,cari,10carisesa403,sesa,sbrown,2010-06-09,searcher,4,8,float
409,2010,cari,10carisesa409,sesa,sbrown,2010-06-18,incidental,4,8,float
501,2010,cari,10carisesa501,sesa,ecorp,2010-06-09,searcher,4,8,float
507,2010,cari,10carisesa507,sesa,ecorp,2010-06-13,incidental,2,,
511,2010,cari,10carisesa511,sesa,ecorp,2010-06-15,rope,4,3,float
702,2010,cari,10carisesa702,sesa,cwoodworth,2010-06-11,incidental,2,,
707,2010,cari,10carisesa707,sesa,cwoodworth,2010-06-16,incidental,4,5,float
721,2010,cari,10carisesa721,sesa,cwoodworth,2010-06-30,incidental,4,19,float
803,2010,cari,10carisesa803,sesa,hcraig,2010-06-09,searcher,4,0,float
806,2010,cari,10carisesa806,sesa,hcraig,2010-06-09,searcher,4,2,float
830,2010,cari,10carisesa830,sesa,hcraig,2010-06-28,incidental,4,19,float
401,2010,cari,10caristsa401,stsa,sbrown,2010-06-07,incidental,4,0,float
517,2010,cari,10caristsa517,stsa,ecorp,2010-06-23,rope,4,6,float
520,2010,cari,10caristsa520,stsa,ecorp,2010-06-25,incidental,4,1,float
802,2010,cari,10caristsa802,stsa,hcraig,2010-06-07,incidental,4,0,float
102,2011,cari,11cari102pesa,pesa,sfreeman,2011-06-04,searcher,3,19,float
107,2011,cari,11cari107rnph,rnph,sfreeman,2011-06-11,searcher,4,5,float
112,2011,cari,11cari112pesa,pesa,sfreeman,2011-06-12,searcher,4,12,float
118,2011,cari,11cari118pesa,pesa,sfreeman,2011-06-14,searcher,4,5,float
121,2011,cari,11cari121sesa,sesa,sfreeman,2011-06-16,searcher,4,0,float
126,2011,cari,11cari126pesa,pesa,sfreeman,2011-06-18,searcher,4,12,float
127,2011,cari,11cari127pesa,pesa,sfreeman,2011-06-18,searcher,4,13,float
130,2011,cari,11cari130stsa,stsa,sfreeman,2011-06-18,searcher,4,10,float
135,2011,cari,11cari135pesa,pesa,sfreeman,2011-06-20,searcher,4,13,float
136,2011,cari,11cari136sesa,sesa,sfreeman,2011-06-20,searcher,4,12,float
138,2011,cari,11cari138rnph,rnph,sfreeman,2011-06-21,searcher,4,1,float
140,2011,cari,11cari140rnph,rnph,sfreeman,2011-06-22,searcher,3,0,float
143,2011,cari,11cari143stsa,stsa,sfreeman,2011-06-22,rope,4,14,float
146,2011,cari,11cari146sesa,sesa,sfreeman,2011-06-24,searcher,3,11,float
147,2011,cari,11cari147pesa,pesa,sfreeman,2011-06-24,searcher,4,3,float
148,2011,cari,11cari148pesa,pesa,sfreeman,2011-06-24,searcher,4,3,float
154,2011,cari,11cari154pesa,pesa,sfreeman,2011-06-28,searcher,4,6,float
156,2011,cari,11cari156pesa,pesa,sfreeman,2011-06-30,searcher,4,21,float
157,2011,cari,11cari157rnph,rnph,sfreeman,2011-07-01,searcher,4,5,float
158,2011,cari,11cari158sesa,sesa,sfreeman,2011-07-01,searcher,4,13,float
159,2011,cari,11cari159rnph,rnph,sfreeman,2011-07-01,searcher,4,13,float
160,2011,cari,11cari160rnph,rnph,sfreeman,2011-07-01,searcher,4,13,float
161,2011,cari,11cari161reph,reph,sfreeman,2011-07-01,searcher,4,12,float
162,2011,cari,11cari162reph,reph,sfreeman,2011-07-01,searcher,4,12,float
164,2011,cari,11cari164rnph,rnph,sfreeman,2011-07-02,searcher,4,13,float
166,2011,cari,11cari166reph,reph,sfreeman,2011-07-02,searcher,4,11,float
167,2011,cari,11cari167reph,reph,sfreeman,2011-07-02,searcher,4,11,float
168,2011,cari,11cari168rnph,rnph,sfreeman,2011-07-02,searcher,4,13,float
170,2011,cari,11cari170reph,reph,sfreeman,2011-07-03,searcher,4,12,float
171,2011,cari,11cari171rnph,rnph,sfreeman,2011-07-03,searcher,4,12,float
172,2011,cari,11cari172reph,reph,sfreeman,2011-07-04,searcher,4,14,float
173,2011,cari,11cari173reph,reph,sfreeman,2011-07-04,searcher,4,12,float
174,2011,cari,11cari174rnph,rnph,sfreeman,2011-07-04,searcher,4,13,float
179,2011,cari,11cari179reph,reph,sfreeman,2011-07-07,searcher,3,15,float
180,2011,cari,11cari180reph,reph,sfreeman,2011-07-07,searcher,4,16,float
181,2011,cari,11cari181reph,reph,sfreeman,2011-07-07,searcher,4,16,float
182,2011,cari,11cari182reph,reph,sfreeman,2011-07-07,searcher,4,15,float
183,2011,cari,11cari183reph,reph,sfreeman,2011-07-07,searcher,4,16,float
184,2011,cari,11cari184reph,reph,sfreeman,2011-07-08,searcher,4,12,float
185,2011,cari,11cari185reph,reph,sfreeman,2011-07-12,searcher,1,,
203,2011,cari,11cari203pesa,pesa,bwinn,2011-06-06,searcher,3,6,float
213,2011,cari,11cari213sesa,sesa,bwinn,2011-06-16,rope,3,0,float
214,2011,cari,11cari214amgp,amgp,bwinn,2011-06-17,searcher,4,6,float
216,2011,cari,11cari216stsa,stsa,bwinn,2011-06-17,searcher,4,7,float
218,2011,cari,11cari218lbdo,lbdo,bwinn,2011-06-19,searcher,3,10,float
219,2011,cari,11cari219sesa,sesa,bwinn,2011-06-19,searcher,4,5,float
221,2011,cari,11cari221sesa,sesa,bwinn,2011-06-20,searcher,3,2,float
222,2011,cari,11cari222stsa,stsa,bwinn,2011-06-22,rope,4,0,float
223,2011,cari,11cari223pesa,pesa,bwinn,2011-06-23,searcher,4,2,float
224,2011,cari,11cari224pesa,pesa,bwinn,2011-06-23,searcher,3,2,float
302,2011,cari,11cari302sesa,sesa,ohicks,2011-06-06,searcher,3,8,float
311,2011,cari,11cari311sesa,sesa,ohicks,2011-06-20,searcher,2,11,float
313,2011,cari,11cari313reph,reph,ohicks,2011-06-21,searcher,3,2,float
314,2011,cari,11cari314rnph,rnph,ohicks,2011-06-22,rope,4,0,float
315,2011,cari,11cari315sesa,sesa,ohicks,2011-06-23,searcher,4,8,float
317,2011,cari,11cari317sesa,sesa,ohicks,2011-06-23,searcher,4,0,float
318,2011,cari,11cari318rutu,rutu,ohicks,2011-06-23,searcher,4,8,float
320,2011,cari,11cari320bbsa,bbsa,ohicks,2011-06-27,searcher,4,13,float
323,2011,cari,11cari323reph,reph,ohicks,2011-07-02,searcher,3,5,float
324,2011,cari,11cari324rnph,rnph,ohicks,2011-07-04,searcher,4,13,float
325,2011,cari,11cari325bbsa,bbsa,ohicks,2011-07-04,searcher,4,16,float
401,2011,cari,11cari401sesa,sesa,sbrown,2011-06-04,searcher,4,0,float
502,2011,cari,11cari502pesa,pesa,ecorp,2011-06-04,searcher,4,5,float
506,2011,cari,11cari506pesa,pesa,ecorp,2011-06-10,searcher,4,3,float
510,2011,cari,11cari510sesa,sesa,ecorp,2011-06-13,searcher,4,8,float
511,2011,cari,11cari511pesa,pesa,ecorp,2011-06-13,searcher,4,12,float
516,2011,cari,11cari516pesa,pesa,ecorp,2011-06-15,searcher,4,8,float
519,2011,cari,11cari519pesa,pesa,ecorp,2011-06-17,searcher,4,12,float
527,2011,cari,11cari527pesa,pesa,ecorp,2011-06-21,searcher,4,15,float
530,2011,cari,11cari530sesa,sesa,ecorp,2011-06-22,rope,4,0,float
532,2011,cari,11cari532rnph,rnph,ecorp,2011-06-22,searcher,4,8,float
533,2011,cari,11cari533pesa,pesa,ecorp,2011-06-26,searcher,4,17,float
534,2011,cari,11cari534bbsa,bbsa,ecorp,2011-06-26,searcher,4,0,float
535,2011,cari,11cari535bbpl,bbpl,ecorp,2011-06-26,searcher,4,0,float
537,2011,cari,11cari537pesa,pesa,ecorp,2011-06-27,searcher,4,8,float
538,2011,cari,11cari538sesa,sesa,ecorp,2011-06-28,searcher,4,9,float
541,2011,cari,11cari541reph,reph,ecorp,2011-06-29,searcher,3,8,float
542,2011,cari,11cari542rnph,rnph,ecorp,2011-07-01,searcher,4,13,float
543,2011,cari,11cari543rnph,rnph,ecorp,2011-07-01,searcher,4,11,float
545,2011,cari,11cari545pesa,pesa,ecorp,2011-07-01,searcher,4,12,float
547,2011,cari,11cari547rnph,rnph,ecorp,2011-07-02,searcher,4,13,float
548,2011,cari,11cari548reph,reph,ecorp,2011-07-06,searcher,3,13,float
549,2011,cari,11cari549reph,reph,ecorp,2011-07-09,searcher,4,12,float
601,2011,cari,11cari601pesa,pesa,rburner,2011-06-07,searcher,4,4,float
607,2011,cari,11cari607pesa,pesa,rburner,2011-06-09,searcher,4,6,float
610,2011,cari,11cari610pesa,pesa,rburner,2011-06-11,searcher,4,6,float
612,2011,cari,11cari612sesa,sesa,rburner,2011-06-12,searcher,4,5,float
613,2011,cari,11cari613pesa,pesa,rburner,2011-06-14,searcher,4,8,float
616,2011,cari,11cari616sesa,sesa,rburner,2011-06-15,searcher,4,2,float
618,2011,cari,11cari618pesa,pesa,rburner,2011-06-16,rope,4,10,float
625,2011,cari,11cari625sesa,sesa,rburner,2011-06-20,searcher,3,13,float
626,2011,cari,11cari626pesa,pesa,rburner,2011-06-21,searcher,4,11,float
630,2011,cari,11cari630rnph,rnph,rburner,2011-06-22,rope,4,4,float
631,2011,cari,11cari631pesa,pesa,rburner,2011-06-22,searcher,4,0,float
633,2011,cari,11cari633pesa,pesa,rburner,2011-06-23,searcher,4,6,float
707,2011,cari,11cari707sesa,sesa,rchurchwell,2011-06-12,searcher,4,3,float
712,2011,cari,11cari712stsa,stsa,rchurchwell,2011-06-13,searcher,4,4,float
715,2011,cari,11cari715pesa,pesa,rchurchwell,2011-06-14,searcher,4,4,float
722,2011,cari,11cari722sesa,sesa,rchurchwell,2011-06-16,rope,4,0,float
723,2011,cari,11cari723pesa,pesa,rchurchwell,2011-06-16,rope,4,8,float
726,2011,cari,11cari726sesa,sesa,rchurchwell,2011-06-17,searcher,4,0,float
727,2011,cari,11cari727pesa,pesa,rchurchwell,2011-06-17,searcher,4,5,float
735,2011,cari,11cari735pesa,pesa,rchurchwell,2011-06-20,searcher,4,15,float
740,2011,cari,11cari740bbpl,bbpl,rchurchwell,2011-06-21,searcher,4,,
741,2011,cari,11cari741rnph,rnph,rchurchwell,2011-06-22,rope,4,5,float
743,2011,cari,11cari743dunl,dunl,rchurchwell,2011-06-23,searcher,4,0,float
744,2011,cari,11cari744rnph,rnph,rchurchwell,2011-06-23,searcher,4,0,float
745,2011,cari,11cari745sesa,sesa,rchurchwell,2011-06-23,searcher,4,11,float
748,2011,cari,11cari748pesa,pesa,rchurchwell,2011-06-23,searcher,4,,hatch
802,2011,cari,11cari802rnph,rnph,mboldenow,2011-06-27,searcher,4,4,float
805,2011,cari,11cari805pesa,pesa,mboldenow,2011-07-01,searcher,4,,hatch
808,2011,cari,11cari808rnph,rnph,mboldenow,2011-07-02,searcher,4,3,float
809,2011,cari,11cari809pesa,pesa,mboldenow,2011-07-02,searcher,4,11,float
810,2011,cari,11cari810dunl,dunl,mboldenow,2011-07-03,searcher,4,10,float
811,2011,cari,11cari811reph,reph,mboldenow,2011-07-09,searcher,4,11,float
103,2012,cari,12cari103sesa,sesa,sfreeman,2012-06-11,incidental,4,2,float
107,2012,cari,12cari107sesa,sesa,sfreeman,2012-06-13,incidental,4,5,float
113,2012,cari,12cari113sesa,sesa,sfreeman,2012-06-19,rope,4,0,float
114,2012,cari,12cari114reph,reph,sfreeman,2012-06-19,rope,2,-2,float
115,2012,cari,12cari115pesa,pesa,sfreeman,2012-06-19,rope,2,-2,float
120,2012,cari,12cari120sesa,sesa,sfreeman,2012-06-22,incidental,4,14,float
125,2012,cari,12cari125rnph,rnph,sfreeman,2012-06-23,incidental,4,4,float
129,2012,cari,12cari129reph,reph,sfreeman,2012-06-24,incidental,1,,lay
131,2012,cari,12cari131sesa,sesa,sfreeman,2012-06-25,searcher,4,3,float
132,2012,cari,12cari132sesa,sesa,sfreeman,2012-06-25,searcher,4,13,float
133,2012,cari,12cari133rnph,rnph,sfreeman,2012-06-25,searcher,4,0,float
134,2012,cari,12cari134rnph,rnph,sfreeman,2012-06-25,searcher,4,0,float
135,2012,cari,12cari135rnph,rnph,sfreeman,2012-06-25,searcher,4,4,float
136,2012,cari,12cari136sesa,sesa,sfreeman,2012-06-25,searcher,4,0,float
137,2012,cari,12cari137reph,reph,sfreeman,2012-06-25,incidental,4,5,float
139,2012,cari,12cari139rnph,rnph,sfreeman,2012-06-28,incidental,4,5,float
142,2012,cari,12cari142rnph,rnph,sfreeman,2012-06-29,incidental,3,1,float
148,2012,cari,12cari148rnph,rnph,sfreeman,2012-07-09,incidental,4,3,float
150,2012,cari,12cari150rnph,rnph,sfreeman,2012-07-11,incidental,3,16,float
201,2012,cari,12cari201lbdo,lbdo,bwinn,2012-06-11,incidental,3,-1,float
208,2012,cari,12cari208sesa,sesa,bwinn,2012-06-14,searcher,4,8,float
209,2012,cari,12cari209sesa,sesa,bwinn,2012-06-14,searcher,4,8,float
215,2012,cari,12cari215rnph,rnph,bwinn,2012-06-26,incidental,3,-1,float
216,2012,cari,12cari216basa,basa,bwinn,2012-06-28,incidental,4,10,float
220,2012,cari,12cari220sesa,sesa,bwinn,2012-06-29,rope,3,8,float
222,2012,cari,12cari222pesa,pesa,bwinn,2012-07-01,incidental,4,11,float
301,2012,cari,12cari301sesa,sesa,asoto,2012-06-12,incidental,4,0,float
305,2012,cari,12cari305sesa,sesa,asoto,2012-06-15,incidental,4,3,float
309,2012,cari,12cari309reph,reph,asoto,2012-06-18,incidental,1,,lay
310,2012,cari,12cari310sesa,sesa,asoto,2012-06-19,rope,4,8,float
317,2012,cari,12cari317amgp,amgp,asoto,2012-06-27,incidental,4,0,float
319,2012,cari,12cari319rnph,rnph,asoto,2012-06-27,incidental,3,-1,float
405,2012,cari,12cari405sesa,sesa,epierce,2012-06-14,searcher,4,0,float
418,2012,cari,12cari418rnph,rnph,epierce,2012-06-26,incidental,4,4,float
421,2012,cari,12cari421sesa,sesa,epierce,2012-06-28,incidental,4,19,float
504,2012,cari,12cari504sesa,sesa,lkoloski,2012-06-11,incidental,3,-1,float
505,2012,cari,12cari505amgp,amgp,lkoloski,2012-06-11,incidental,4,0,float
508,2012,cari,12cari508dunl,dunl,lkoloski,2012-06-14,incidental,3,-1,float
511,2012,cari,12cari511rutu,rutu,lkoloski,2012-06-14,incidental,2,-2,float
532,2012,cari,12cari532rnph,rnph,lkoloski,2012-06-29,rope,4,3,float
534,2012,cari,12cari534pesa,pesa,lkoloski,2012-07-06,searcher,4,13,float
602,2012,cari,12cari602rutu,rutu,akneidel,2012-06-11,incidental,4,0,float
603,2012,cari,12cari603sesa,sesa,akneidel,2012-06-11,incidental,4,0,float
618,2012,cari,12cari618sesa,sesa,akneidel,2012-06-16,incidental,4,4,float
619,2012,cari,12cari619sesa,sesa,akneidel,2012-06-16,incidental,4,5,float
625,2012,cari,12cari625stsa,stsa,akneidel,2012-06-19,rope,4,4,float
632,2012,cari,12cari632rnph,rnph,akneidel,2012-06-21,incidental,2,,
636,2012,cari,12cari636reph,reph,akneidel,2012-06-23,searcher,4,0,float
637,2012,cari,12cari637sesa,sesa,akneidel,2012-06-24,searcher,3,-1,float
638,2012,cari,12cari638sesa,sesa,akneidel,2012-06-24,searcher,2,,lay
639,2012,cari,12cari639reph,reph,akneidel,2012-06-24,searcher,4,0,float
641,2012,cari,12cari641rnph,rnph,akneidel,2012-06-25,incidental,1,-3,float
644,2012,cari,12cari644rnph,rnph,akneidel,2012-06-27,incidental,1,,lay
645,2012,cari,12cari645sesa,sesa,akneidel,2012-06-27,incidental,4,19,float
651,2012,cari,12cari651sesa,sesa,akneidel,2012-07-01,incidental,3,15,float
703,2012,cari,12cari703sesa,sesa,idavies,2012-06-10,searcher,4,0,float
705,2012,cari,12cari705sesa,sesa,idavies,2012-06-10,searcher,4,0,float
706,2012,cari,12cari706sesa,sesa,idavies,2012-06-11,searcher,4,2,float
711,2012,cari,12cari711pesa,pesa,idavies,2012-06-12,incidental,4,0,float
712,2012,cari,12cari712sesa,sesa,idavies,2012-06-13,incidental,4,0,float
716,2012,cari,12cari716sesa,sesa,idavies,2012-06-14,incidental,3,-1,float
719,2012,cari,12cari719sesa,sesa,idavies,2012-06-15,incidental,2,-2,float
720,2012,cari,12cari720sesa,sesa,idavies,2012-06-15,incidental,1,-3,float
721,2012,cari,12cari721amgp,amgp,idavies,2012-06-15,incidental,4,6,float
728,2012,cari,12cari728sesa,sesa,idavies,2012-06-17,incidental,4,3,float
730,2012,cari,12cari730sesa,sesa,idavies,2012-06-18,incidental,4,9,float
737,2012,cari,12cari737stsa,stsa,idavies,2012-06-19,incidental,4,3,float
746,2012,cari,12cari746sesa,sesa,idavies,2012-06-23,incidental,4,3,float
748,2012,cari,12cari748sesa,sesa,idavies,2012-06-23,searcher,4,4,float
749,2012,cari,12cari749sesa,sesa,idavies,2012-06-23,incidental,4,3,float
752,2012,cari,12cari752reph,reph,idavies,2012-06-25,searcher,4,1,float
754,2012,cari,12cari754rnph,rnph,idavies,2012-06-25,searcher,4,4,float
759,2012,cari,12cari759rnph,rnph,idavies,2012-06-26,incidental,4,0,float
761,2012,cari,12cari761sesa,sesa,idavies,2012-06-26,incidental,3,3,float
762,2012,cari,12cari762sesa,sesa,idavies,2012-06-26,incidental,4,6,float
763,2012,cari,12cari763sesa,sesa,idavies,2012-06-26,incidental,4,11,float
765,2012,cari,12cari765sesa,sesa,idavies,2012-06-26,incidental,3,12,float
766,2012,cari,12cari766sesa,sesa,idavies,2012-06-26,incidental,3,8,float
768,2012,cari,12cari768dunl,dunl,idavies,2012-06-27,incidental,4,17,float
769,2012,cari,12cari769sesa,sesa,idavies,2012-06-27,incidental,4,13,float
770,2012,cari,12cari770rnph,rnph,idavies,2012-06-28,incidental,4,13,float
772,2012,cari,12cari772rnph,rnph,idavies,2012-06-29,rope,4,3,float
778,2012,cari,12cari778rutu,rutu,idavies,2012-07-05,incidental,4,13,float
779,2012,cari,12cari779rnph,rnph,idavies,2012-07-07,incidental,4,,hatch
804,2012,cari,12cari804sesa,sesa,mlafaver,2012-06-12,incidental,4,0,float
805,2012,cari,12cari805sesa,sesa,mlafaver,2012-06-14,searcher,4,2,float
811,2012,cari,12cari811pesa,pesa,mlafaver,2012-06-19,rope,4,0,float
813,2012,cari,12cari813sesa,sesa,mlafaver,2012-06-24,searcher,4,2,float
815,2012,cari,12cari815rnph,rnph,mlafaver,2012-06-27,incidental,4,11,float
104,2013,cari,13cari104stsa,stsa,sfreeman,2013-06-13,incidental,4,0,float
116,2013,cari,13cari116rnph,rnph,sfreeman,2013-06-17,incidental,4,0,float
118,2013,cari,13cari118bbsa,bbsa,sfreeman,2013-06-18,incidental,4,4,float
120,2013,cari,13cari120sesa,sesa,sfreeman,2013-06-20,incidental,4,11,float
121,2013,cari,13cari121sesa,sesa,sfreeman,2013-06-20,incidental,2,6,float
126,2013,cari,13cari126sesa,sesa,sfreeman,2013-06-21,incidental,4,7,float
129,2013,cari,13cari129rnph,rnph,sfreeman,2013-06-21,incidental,4,4,float
131,2013,cari,13cari131sesa,sesa,sfreeman,2013-06-22,incidental,4,10,float
133,2013,cari,13cari133reph,reph,sfreeman,2013-06-23,incidental,4,5,float
135,2013,cari,13cari135reph,reph,sfreeman,2013-06-23,incidental,3,0,float
137,2013,cari,13cari137reph,reph,sfreeman,2013-06-23,incidental,3,,
139,2013,cari,13cari139rnph,rnph,sfreeman,2013-06-23,incidental,4,7,float
140,2013,cari,13cari140rnph,rnph,sfreeman,2013-06-25,incidental,3,7,float
141,2013,cari,13cari141reph,reph,sfreeman,2013-06-25,incidental,4,13,float
142,2013,cari,13cari142reph,reph,sfreeman,2013-06-26,incidental,4,4,float
145,2013,cari,13cari145reph,reph,sfreeman,2013-06-27,incidental,2,,lay
146,2013,cari,13cari146pesa,pesa,sfreeman,2013-06-29,incidental,4,15,float
147,2013,cari,13cari147pesa,pesa,sfreeman,2013-06-30,incidental,3,15,float
148,2013,cari,13cari148pesa,pesa,sfreeman,2013-06-30,incidental,4,3,float
151,2013,cari,13cari151reph,reph,sfreeman,2013-07-03,incidental,4,13,float
152,2013,cari,13cari152rnph,rnph,sfreeman,2013-07-05,incidental,4,6,float
153,2013,cari,13cari153bbsa,bbsa,sfreeman,2013-07-06,incidental,4,18,float
154,2013,cari,13cari154pesa,pesa,sfreeman,2013-07-09,incidental,4,7,float
155,2013,cari,13cari155pesa,pesa,sfreeman,2013-07-09,incidental,4,7,float
156,2013,cari,13cari156pesa,pesa,sfreeman,2013-07-11,incidental,4,4,float
157,2013,cari,13cari157pesa,pesa,sfreeman,2013-07-11,incidental,4,13,float
158,2013,cari,13cari158reph,reph,sfreeman,2013-07-11,incidental,4,15,float
159,2013,cari,13cari159pesa,pesa,sfreeman,2013-07-13,incidental,4,11,float
160,2013,cari,13cari160pesa,pesa,sfreeman,2013-07-19,incidental,2,18,float
203,2013,cari,13cari203rutu,rutu,hhelling,2013-06-11,incidental,4,8,float
207,2013,cari,13cari207sesa,sesa,hhelling,2013-06-13,incidental,4,0,float
210,2013,cari,13cari210pesa,pesa,hhelling,2013-06-15,incidental,3,3,float
212,2013,cari,13cari212sesa,sesa,hhelling,2013-06-17,incidental,4,5,float
215,2013,cari,13cari215rnph,rnph,hhelling,2013-06-22,incidental,4,5,float
217,2013,cari,13cari217rnph,rnph,hhelling,2013-06-21,incidental,4,4,float
218,2013,cari,13cari218reph,reph,hhelling,2013-06-21,incidental,1,,lay
219,2013,cari,13cari219pesa,pesa,hhelling,2013-06-21,incidental,4,0,float
220,2013,cari,13cari220rnph,rnph,hhelling,2013-06-23,incidental,4,4,float
223,2013,cari,13cari223reph,reph,hhelling,2013-06-27,incidental,4,12,float
224,2013,cari,13cari224reph,reph,hhelling,2013-06-27,incidental,4,12,float
225,2013,cari,13cari225sesa,sesa,hhelling,2013-06-29,incidental,4,11,float
316,2013,cari,13cari316sesa,sesa,abradley,2013-06-16,incidental,4,,
317,2013,cari,13cari317sesa,sesa,abradley,2013-06-16,incidental,4,,
319,2013,cari,13cari319pesa,pesa,abradley,2013-06-16,incidental,4,4,float
320,2013,cari,13cari320sesa,sesa,abradley,2013-06-16,incidental,4,3,float
322,2013,cari,13cari322bbsa,bbsa,abradley,2013-06-16,incidental,4,3,float
334,2013,cari,13cari334reph,reph,abradley,2013-06-22,incidental,4,2,float
336,2013,cari,13cari336pesa,pesa,abradley,2013-06-24,incidental,4,4,float
337,2013,cari,13cari337reph,reph,abradley,2013-06-24,incidental,4,5,float
338,2013,cari,13cari338sesa,sesa,abradley,2013-06-25,incidental,4,10,float
339,2013,cari,13cari339reph,reph,abradley,2013-06-25,incidental,3,5,float
340,2013,cari,13cari340pesa,pesa,abradley,2013-06-25,incidental,4,5,float
341,2013,cari,13cari341sesa,sesa,abradley,2013-06-25,incidental,3,4,float
342,2013,cari,13cari342sesa,sesa,abradley,2013-06-25,incidental,4,11,float
343,2013,cari,13cari343reph,reph,abradley,2013-06-26,incidental,4,8,float
344,2013,cari,13cari344sesa,sesa,abradley,2013-06-29,incidental,4,13,float
345,2013,cari,13cari345sesa,sesa,abradley,2013-06-29,incidental,4,11,float
346,2013,cari,13cari346rnph,rnph,abradley,2013-06-29,incidental,4,3,float
347,2013,cari,13cari347dunl,dunl,abradley,2013-07-01,incidental,4,3,float
348,2013,cari,13cari348rnph,rnph,abradley,2013-07-01,incidental,4,17,float
349,2013,cari,13cari349pesa,pesa,abradley,2013-07-03,incidental,4,4,float
350,2013,cari,13cari350rnph,rnph,abradley,2013-07-07,incidental,4,11,float
353,2013,cari,13cari353rnph,rnph,abradley,2013-07-09,incidental,4,9,float
354,2013,cari,13cari354pesa,pesa,abradley,2013-07-13,incidental,2,13,float
425,2013,cari,13cari425bbsa,bbsa,bhiggins,2013-06-20,incidental,4,0,float
426,2013,cari,13cari426pesa,pesa,bhiggins,2013-06-21,incidental,4,8,float
430,2013,cari,13cari430sesa,sesa,bhiggins,2013-06-23,incidental,4,12,float
432,2013,cari,13cari432rnph,rnph,bhiggins,2013-06-22,incidental,4,14,float
433,2013,cari,13cari433sesa,sesa,bhiggins,2013-06-24,incidental,4,13,float
434,2013,cari,13cari434pesa,pesa,bhiggins,2013-06-24,incidental,2,0,float
435,2013,cari,13cari435lbdo,lbdo,bhiggins,2013-06-24,incidental,4,11,float
436,2013,cari,13cari436reph,reph,bhiggins,2013-06-26,incidental,4,4,float
437,2013,cari,13cari437pesa,pesa,bhiggins,2013-06-26,incidental,4,4,float
439,2013,cari,13cari439dunl,dunl,bhiggins,2013-06-26,incidental,4,15,float
440,2013,cari,13cari440pesa,pesa,bhiggins,2013-06-26,incidental,4,8,float
441,2013,cari,13cari441reph,reph,bhiggins,2013-06-26,incidental,4,3,float
444,2013,cari,13cari444pesa,pesa,bhiggins,2013-06-29,incidental,4,10,float
448,2013,cari,13cari448rnph,rnph,bhiggins,2013-07-03,incidental,4,17,float
449,2013,cari,13cari449rnph,rnph,bhiggins,2013-07-03,incidental,4,8,float
451,2013,cari,13cari451bbsa,bbsa,bhiggins,2013-07-06,incidental,2,18,float
452,2013,cari,13cari452bbsa,bbsa,bhiggins,2013-07-06,incidental,4,17,float
453,2013,cari,13cari453rnph,rnph,bhiggins,2013-07-08,incidental,4,14,float
454,2013,cari,13cari454pesa,pesa,bhiggins,2013-07-11,incidental,4,21,float
455,2013,cari,13cari455reph,reph,bhiggins,2013-07-12,incidental,3,13,float
511,2013,cari,13cari511pesa,pesa,rchurchwell,2013-06-14,incidental,4,8,float
513,2013,cari,13cari513rnph,rnph,rchurchwell,2013-06-15,incidental,4,0,float
518,2013,cari,13cari518sesa,sesa,rchurchwell,2013-06-18,incidental,4,4,float
530,2013,cari,13cari530rnph,rnph,rchurchwell,2013-06-23,incidental,4,2,float
531,2013,cari,13cari531reph,reph,rchurchwell,2013-06-23,incidental,4,0,float
536,2013,cari,13cari536reph,reph,rchurchwell,2013-06-24,incidental,4,4,float
537,2013,cari,13cari537pesa,pesa,rchurchwell,2013-06-24,incidental,4,3,float
602,2013,cari,13cari602stsa,stsa,idavies,2013-06-03,incidental,3,,lay
603,2013,cari,13cari603sesa,sesa,idavies,2013-06-03,incidental,2,,lay
606,2013,cari,13cari606amgp,amgp,idavies,2013-06-10,incidental,3,6,float
619,2013,cari,13cari619reph,reph,idavies,2013-06-14,incidental,4,3,float
636,2013,cari,13cari636rnph,reph,idavies,2013-06-17,incidental,4,2,float
639,2013,cari,13cari639rutu,rutu,idavies,2013-06-19,incidental,4,11,float
640,2013,cari,13cari640pesa,pesa,idavies,2013-06-19,incidental,4,10,float
645,2013,cari,13cari645sesa,sesa,idavies,2013-06-20,incidental,4,2,float
648,2013,cari,13cari648pesa,pesa,idavies,2013-06-20,incidental,4,7,float
650,2013,cari,13cari650pesa,pesa,idavies,2013-06-21,incidental,4,8,float
653,2013,cari,13cari653sesa,sesa,idavies,2013-06-21,incidental,4,5,float
654,2013,cari,13cari654reph,reph,idavies,2013-06-21,incidental,4,3,float
655,2013,cari,13cari655sesa,sesa,idavies,2013-06-22,incidental,4,12,float
656,2013,cari,13cari656rnph,rnph,idavies,2013-06-22,incidental,4,17,float
657,2013,cari,13cari657pesa,sesa,idavies,2013-06-22,incidental,4,8,float
662,2013,cari,13cari662pesa,pesa,idavies,2013-06-22,incidental,4,4,float
663,2013,cari,13cari663reph,reph,idavies,2013-06-22,incidental,3,,
664,2013,cari,13cari664sesa,sesa,idavies,2013-06-22,incidental,4,10,float
667,2013,cari,13cari667sesa,sesa,idavies,2013-06-23,incidental,3,-1,float
668,2013,cari,13cari668pesa,pesa,idavies,2013-06-24,incidental,4,14,float
670,2013,cari,13cari670reph,rnph,idavies,2013-06-24,incidental,4,6,float
672,2013,cari,13cari672sesa,sesa,idavies,2013-06-24,incidental,4,4,float
673,2013,cari,13cari673rnph,rnph,idavies,2013-06-24,incidental,4,7,float
675,2013,cari,13cari675sesa,sesa,idavies,2013-06-24,incidental,3,5,float
678,2013,cari,13cari678sesa,sesa,idavies,2013-06-25,incidental,4,6,float
679,2013,cari,13cari679pesa,pesa,idavies,2013-06-25,incidental,4,4,float
681,2013,cari,13cari681sesa,sesa,idavies,2013-06-26,incidental,4,13,float
682,2013,cari,13cari682reph,reph,idavies,2013-06-26,incidental,4,4,float
683,2013,cari,13cari683pesa,pesa,idavies,2013-06-26,incidental,4,10,float
686,2013,cari,13cari686reph,reph,idavies,2013-06-27,incidental,4,5,float
690,2013,cari,13cari690reph,reph,idavies,2013-06-28,incidental,4,0,float
691,2013,cari,13cari691reph,reph,idavies,2013-06-28,incidental,4,4,float
698,2013,cari,13cari698pesa,pesa,idavies,2013-06-30,incidental,4,8,float
699,2013,cari,13cari699pesa,pesa,idavies,2013-06-30,incidental,4,15,float
703,2013,cari,13cari703rnph,rnph,idavies,2013-07-02,incidental,4,16,float
704,2013,cari,13cari704pesa,pesa,idavies,2013-07-02,incidental,4,8,float
706,2013,cari,13cari706pesa,pesa,idavies,2013-07-03,incidental,4,15,float
708,2013,cari,13cari708reph,reph,idavies,2013-07-04,incidental,3,8,float
713,2013,cari,13cari713pesa,pesa,idavies,2013-07-08,incidental,1,10,float
714,2013,cari,13cari714pesa,pesa,idavies,2013-07-08,incidental,4,21,float
716,2013,cari,13cari716pesa,pesa,idavies,2013-07-09,incidental,4,13,float
718,2013,cari,13cari718reph,reph,idavies,2013-07-10,incidental,4,21,float
719,2013,cari,13cari719pesa,pesa,idavies,2013-07-11,incidental,4,4,float
720,2013,cari,13cari720pesa,pesa,idavies,2013-07-11,incidental,4,5,float
721,2013,cari,13cari721rnph,reph,idavies,2013-07-12,incidental,4,13,float
801,2013,cari,13cari801bbsa,bbsa,sfreeman,2013-07-04,incidental,4,18,float
101,2014,cari,14cari101stis,stsa,sfreeman,2014-06-07,incidental,4,0,float
115,2014,cari,14cari115rutu,rutu,sfreeman,2014-06-12,incidental,4,6,float
119,2014,cari,14cari119pesa,pesa,sfreeman,2014-06-13,incidental,4,4,float
120,2014,cari,14cari120pesa,pesa,sfreeman,2014-06-13,incidental,4,2,float
121,2014,cari,14cari121pesa,pesa,sfreeman,2014-06-13,incidental,4,4,float
122,2014,cari,14cari122pesa,pesa,sfreeman,2014-06-13,incidental,4,0,float
124,2014,cari,14cari124pesa,pesa,sfreeman,2014-06-14,incidental,4,0,float
125,2014,cari,14cari125pesa,pesa,sfreeman,2014-06-14,incidental,4,2,float
126,2014,cari,14cari126pesa,pesa,sfreeman,2014-06-14,incidental,4,6,float
129,2014,cari,14cari129rnph,rnph,sfreeman,2014-06-15,incidental,4,0,float
130,2014,cari,14cari130pesa,pesa,sfreeman,2014-06-15,incidental,4,0,float
131,2014,cari,14cari131reph,reph,sfreeman,2014-06-15,incidental,4,4,float
132,2014,cari,14cari132reph,reph,sfreeman,2014-06-15,incidental,4,4,float
134,2014,cari,14cari134pesa,pesa,sfreeman,2014-06-16,incidental,4,2,float
135,2014,cari,14cari135pesa,pesa,sfreeman,2014-06-16,incidental,4,5,float
136,2014,cari,14cari136pesa,pesa,sfreeman,2014-06-16,incidental,4,4,float
144,2014,cari,14cari144pesa,pesa,sfreeman,2014-06-20,incidental,4,4,float
146,2014,cari,14cari146lbdo,lbdo,sfreeman,2014-06-21,incidental,4,19,float
148,2014,cari,14cari148pesa,pesa,sfreeman,2014-06-23,incidental,4,2,float
149,2014,cari,14cari149reph,reph,sfreeman,2014-06-23,incidental,4,4,float
150,2014,cari,14cari150reph,reph,sfreeman,2014-06-24,incidental,4,4,float
151,2014,cari,14cari151reph,reph,sfreeman,2014-06-24,incidental,4,6,float
153,2014,cari,14cari153sesa,sesa,sfreeman,2014-06-24,incidental,4,13,float
155,2014,cari,14cari155pesa,pesa,sfreeman,2014-06-25,incidental,4,3,float
158,2014,cari,14cari158pesa,pesa,sfreeman,2014-06-25,incidental,4,6,float
159,2014,cari,14cari159pesa,pesa,sfreeman,2014-06-25,incidental,4,0,float
162,2014,cari,14cari162rnph,rnph,sfreeman,2014-06-24,incidental,4,11,float
164,2014,cari,14cari164bbsa,bbsa,sfreeman,2014-06-28,incidental,4,4,float
165,2014,cari,14cari165sesa,sesa,sfreeman,2014-06-29,incidental,4,13,float
167,2014,cari,14cari167pesa,pesa,sfreeman,2014-06-29,incidental,4,4,float
168,2014,cari,14cari168sesa,sesa,sfreeman,2014-06-29,incidental,4,2,float
170,2014,cari,14cari170reph,reph,sfreeman,2014-06-29,incidental,4,10,float
172,2014,cari,14cari172pesa,pesa,sfreeman,2014-06-30,incidental,4,12,float
174,2014,cari,14cari174pesa,pesa,sfreeman,2014-07-01,incidental,4,12,float
176,2014,cari,14cari176pesa,pesa,sfreeman,2014-07-01,incidental,4,10,float
177,2014,cari,14cari177pesa,pesa,sfreeman,2014-07-03,incidental,4,4,float
178,2014,cari,14cari178pesa,pesa,sfreeman,2014-07-03,incidental,1,12,float
179,2014,cari,14cari179pesa,pesa,sfreeman,2014-07-03,incidental,4,10,float
180,2014,cari,14cari180pesa,pesa,sfreeman,2014-07-03,incidental,4,12,float
181,2014,cari,14cari181bbsa,bbsa,sfreeman,2014-07-04,incidental,4,9,float
182,2014,cari,14cari182bbsa,bbsa,sfreeman,2014-07-04,incidental,4,18,float
183,2014,cari,14cari183reph,reph,sfreeman,2014-07-06,incidental,4,15,float
184,2014,cari,14cari184reph,reph,sfreeman,2014-07-12,incidental,3,20,float
185,2014,cari,14cari185pesa,pesa,sfreeman,2014-07-12,incidental,4,15,float
204,2014,cari,14cari204reph,reph,cmontgomerie,2014-06-11,incidental,3,4,float
205,2014,cari,14cari205stis,stsa,cmontgomerie,2014-06-12,incidental,4,2,float
212,2014,cari,14cari212pesa,pesa,cmontgomerie,2014-06-15,incidental,4,0,float
213,2014,cari,14cari213dunl,dunl,cmontgomerie,2014-06-15,incidental,4,0,float
214,2014,cari,14cari214pesa,pesa,cmontgomerie,2014-06-15,incidental,4,2,float
216,2014,cari,14cari216sesa,sesa,cmontgomerie,2014-06-16,incidental,4,0,float
219,2014,cari,14cari219rnph,rnph,cmontgomerie,2014-06-16,incidental,4,0,float
221,2014,cari,14cari221pesa,pesa,cmontgomerie,2014-06-16,incidental,4,2,float
222,2014,cari,14cari222rnph,rnph,cmontgomerie,2014-06-17,incidental,4,0,float
225,2014,cari,14cari225pesa,pesa,cmontgomerie,2014-06-18,incidental,4,4,float
226,2014,cari,14cari226pesa,pesa,cmontgomerie,2014-06-18,incidental,4,12,float
227,2014,cari,14cari227pesa,pesa,cmontgomerie,2014-06-19,incidental,4,8,float
228,2014,cari,14cari228pesa,pesa,cmontgomerie,2014-06-19,incidental,4,13,float
234,2014,cari,14cari234reph,reph,cmontgomerie,2014-06-20,incidental,1,,
235,2014,cari,14cari235pesa,pesa,cmontgomerie,2014-06-21,incidental,4,12,float
302,2014,cari,14cari302pesa,pesa,emagnuson,2014-06-08,incidental,4,0,float
311,2014,cari,14cari311pesa,pesa,emagnuson,2014-06-13,incidental,4,0,float
312,2014,cari,14cari312pesa,pesa,emagnuson,2014-06-14,incidental,4,0,float
313,2014,cari,14cari313sesa,sesa,emagnuson,2014-06-14,incidental,3,,
314,2014,cari,14cari314pesa,pesa,emagnuson,2014-06-14,incidental,4,0,float
317,2014,cari,14cari317pesa,pesa,emagnuson,2014-06-16,incidental,4,0,float
318,2014,cari,14cari318pesa,pesa,emagnuson,2014-06-17,incidental,4,5,float
319,2014,cari,14cari319rnph,rnph,emagnuson,2014-06-18,incidental,4,2,float
320,2014,cari,14cari320pesa,pesa,emagnuson,2014-06-19,incidental,4,5,float
321,2014,cari,14cari321sesa,sesa,emagnuson,2014-06-19,incidental,4,3,float
325,2014,cari,14cari325pesa,pesa,emagnuson,2014-06-20,incidental,4,0,float
328,2014,cari,14cari328rnph,rnph,emagnuson,2014-06-21,incidental,4,6,float
331,2014,cari,14cari331pesa,pesa,emagnuson,2014-06-22,incidental,4,5,float
332,2014,cari,14cari332rnph,rnph,emagnuson,2014-06-22,incidental,4,5,float
333,2014,cari,14cari333pesa,pesa,emagnuson,2014-07-01,incidental,4,20,float
334,2014,cari,14cari334reph,reph,emagnuson,2014-07-01,incidental,4,14,float
335,2014,cari,14cari335reph,reph,emagnuson,2014-07-05,incidental,4,20,float
336,2014,cari,14cari336sesa,sesa,emagnuson,2014-07-06,incidental,4,19,float
337,2014,cari,14cari337rnph,rnph,emagnuson,2014-07-06,incidental,4,13,float
338,2014,cari,14cari338dunl,dunl,emagnuson,2014-07-06,incidental,4,20,float
412,2014,cari,14cari412sesa,sesa,bhiggins,2014-06-14,incidental,4,5,float
413,2014,cari,14cari413pesa,pesa,bhiggins,2014-06-14,incidental,4,2,float
414,2014,cari,14cari414pesa,pesa,bhiggins,2014-06-14,incidental,4,0,float
417,2014,cari,14cari417pesa,pesa,bhiggins,2014-06-14,incidental,3,0,float
418,2014,cari,14cari418pesa,pesa,bhiggins,2014-06-14,incidental,4,10,float
419,2014,cari,14cari419pesa,pesa,bhiggins,2014-06-14,incidental,4,9,float
421,2014,cari,14cari421pesa,pesa,bhiggins,2014-06-14,incidental,4,4,float
422,2014,cari,14cari422pesa,pesa,bhiggins,2014-06-14,incidental,4,0,float
423,2014,cari,14cari423pesa,pesa,bhiggins,2014-06-15,incidental,4,3,float
426,2014,cari,14cari426pesa,pesa,bhiggins,2014-06-16,incidental,4,7,float
427,2014,cari,14cari427reph,reph,bhiggins,2014-06-16,incidental,4,3,float
429,2014,cari,14cari429reph,reph,bhiggins,2014-06-16,incidental,4,6,float
431,2014,cari,14cari431pesa,pesa,bhiggins,2014-06-18,incidental,4,8,float
432,2014,cari,14cari432pesa,pesa,bhiggins,2014-06-18,incidental,4,7,float
433,2014,cari,14cari433pesa,pesa,bhiggins,2014-06-18,incidental,4,5,float
434,2014,cari,14cari434pesa,pesa,bhiggins,2014-06-19,incidental,4,0,float
435,2014,cari,14cari435pesa,pesa,bhiggins,2014-06-19,incidental,4,8,float
436,2014,cari,14cari436pesa,pesa,bhiggins,2014-06-19,incidental,4,13,float
437,2014,cari,14cari437pesa,pesa,bhiggins,2014-06-19,incidental,4,2,float
439,2014,cari,14cari439pesa,pesa,bhiggins,2014-06-20,incidental,4,4,float
440,2014,cari,14cari440pesa,pesa,bhiggins,2014-06-21,incidental,4,11,float
442,2014,cari,14cari442pesa,pesa,bhiggins,2014-06-22,incidental,4,7,float
446,2014,cari,14cari446reph,reph,bhiggins,2014-06-23,incidental,4,4,float
447,2014,cari,14cari447sesa,sesa,bhiggins,2014-06-23,incidental,4,11,float
448,2014,cari,14cari448pesa,pesa,bhiggins,2014-06-23,incidental,4,4,float
449,2014,cari,14cari449reph,reph,bhiggins,2014-06-23,incidental,4,7,float
450,2014,cari,14cari450rnph,rnph,bhiggins,2014-06-23,incidental,2,8,float
453,2014,cari,14cari453pesa,pesa,bhiggins,2014-06-24,incidental,4,18,float
454,2014,cari,14cari454pesa,pesa,bhiggins,2014-06-24,incidental,4,11,float
455,2014,cari,14cari455pesa,pesa,bhiggins,2014-06-24,incidental,4,7,float
456,2014,cari,14cari456reph,reph,bhiggins,2014-06-24,incidental,4,8,float
457,2014,cari,14cari457pesa,pesa,bhiggins,2014-06-24,incidental,4,6,float
458,2014,cari,14cari458reph,reph,bhiggins,2014-06-24,incidental,4,5,float
460,2014,cari,14cari460reph,reph,bhiggins,2014-06-25,incidental,2,5,float
461,2014,cari,14cari461sesa,sesa,bhiggins,2014-06-25,incidental,4,15,float
467,2014,cari,14cari467pesa,pesa,bhiggins,2014-06-28,incidental,4,7,float
468,2014,cari,14cari468pesa,pesa,bhiggins,2014-06-28,incidental,4,15,float
469,2014,cari,14cari469pesa,pesa,bhiggins,2014-06-30,incidental,4,12,float
470,2014,cari,14cari470reph,reph,bhiggins,2014-06-30,incidental,1,9,float
471,2014,cari,14cari471pesa,pesa,bhiggins,2014-07-01,incidental,4,11,float
473,2014,cari,14cari473reph,reph,bhiggins,2014-07-02,incidental,3,8,float
475,2014,cari,14cari475sesa,sesa,bhiggins,2014-07-03,incidental,3,,
476,2014,cari,14cari476pesa,pesa,bhiggins,2014-07-04,incidental,4,16,float
477,2014,cari,14cari477pesa,pesa,bhiggins,2014-07-04,incidental,4,22,float
478,2014,cari,14cari478pesa,pesa,bhiggins,2014-07-04,incidental,4,11,float
479,2014,cari,14cari479pesa,pesa,bhiggins,2014-07-04,incidental,4,20,float
480,2014,cari,14cari480rnph,rnph,bhiggins,2014-07-05,incidental,4,19,float
481,2014,cari,14cari481sesa,sesa,bhiggins,2014-07-07,incidental,4,14,float
482,2014,cari,14cari482pesa,pesa,bhiggins,2014-07-08,incidental,4,4,float
483,2014,cari,14cari483reph,reph,bhiggins,2014-07-09,incidental,4,20,float
508,2014,cari,14cari508stis,stsa,mcorrell,2014-06-27,incidental,4,16,float
509,2014,cari,14cari509sesa,sesa,mcorrell,2014-06-27,incidental,4,11,float
510,2014,cari,14cari510sesa,sesa,mcorrell,2014-06-27,incidental,4,5,float
512,2014,cari,14cari512amgp,amgp,mcorrell,2014-06-30,incidental,4,10,float
514,2014,cari,14cari514pesa,pesa,mcorrell,2014-06-30,incidental,4,6,float
516,2014,cari,14cari516reph,reph,mcorrell,2014-07-02,incidental,4,8,float
517,2014,cari,14cari517reph,reph,mcorrell,2014-07-08,incidental,3,21,float
604,2014,cari,14cari604pesa,pesa,idavies,2014-06-08,incidental,3,,
611,2014,cari,14cari611pesa,pesa,idavies,2014-06-09,incidental,4,3,float
618,2014,cari,14cari618pesa,pesa,idavies,2014-06-10,incidental,4,3,float
627,2014,cari,14cari627rnph,rnph,idavies,2014-06-12,incidental,4,3,float
629,2014,cari,14cari629pesa,pesa,idavies,2014-06-13,incidental,4,4,float
632,2014,cari,14cari632pesa,pesa,idavies,2014-06-13,incidental,4,6,float
633,2014,cari,14cari633sesa,sesa,idavies,2014-06-13,incidental,4,3,float
634,2014,cari,14cari634pesa,pesa,idavies,2014-06-13,incidental,4,7,float
635,2014,cari,14cari635pesa,pesa,idavies,2014-06-13,incidental,4,3,float
639,2014,cari,14cari639pesa,pesa,idavies,2014-06-13,incidental,4,3,float
640,2014,cari,14cari640pesa,pesa,idavies,2014-06-13,incidental,4,10,float
641,2014,cari,14cari641pesa,pesa,idavies,2014-06-13,incidental,4,4,float
645,2014,cari,14cari645pesa,pesa,idavies,2014-06-13,incidental,4,4,float
646,2014,cari,14cari646pesa,pesa,idavies,2014-06-13,incidental,4,4,float
647,2014,cari,14cari647pesa,pesa,idavies,2014-06-14,incidental,4,7,float
649,2014,cari,14cari649pesa,pesa,idavies,2014-06-15,incidental,4,4,float
651,2014,cari,14cari651pesa,pesa,idavies,2014-06-15,incidental,4,5,float
652,2014,cari,14cari652pesa,pesa,idavies,2014-06-15,incidental,4,8,float
654,2014,cari,14cari654pesa,pesa,idavies,2014-06-15,incidental,4,4,float
655,2014,cari,14cari655pesa,pesa,idavies,2014-06-15,incidental,4,3,float
656,2014,cari,14cari656reph,reph,idavies,2014-06-15,incidental,4,6,float
661,2014,cari,14cari661pesa,pesa,idavies,2014-06-16,incidental,4,4,float
663,2014,cari,14cari663pesa,pesa,idavies,2014-06-17,incidental,4,8,float
664,2014,cari,14cari664pesa,pesa,idavies,2014-06-17,incidental,4,8,float
665,2014,cari,14cari665pesa,pesa,idavies,2014-06-17,incidental,4,6,float
666,2014,cari,14cari666pesa,pesa,idavies,2014-06-17,incidental,4,4,float
667,2014,cari,14cari667pesa,pesa,idavies,2014-06-17,incidental,4,8,float
669,2014,cari,14cari669pesa,pesa,idavies,2014-06-17,incidental,4,8,float
672,2014,cari,14cari672pesa,pesa,idavies,2014-06-18,incidental,4,4,float
673,2014,cari,14cari673pesa,pesa,idavies,2014-06-18,incidental,4,7,float
674,2014,cari,14cari674pesa,pesa,idavies,2014-06-18,incidental,4,4,float
675,2014,cari,14cari675pesa,pesa,idavies,2014-06-18,incidental,4,9,float
676,2014,cari,14cari676pesa,pesa,idavies,2014-06-18,incidental,4,4,float
677,2014,cari,14cari677sesa,sesa,idavies,2014-06-18,incidental,4,9,float
678,2014,cari,14cari678pesa,pesa,idavies,2014-06-18,incidental,4,4,float
680,2014,cari,14cari680pesa,pesa,idavies,2014-06-19,incidental,4,4,float
681,2014,cari,14cari681pesa,pesa,idavies,2014-06-19,incidental,4,8,float
683,2014,cari,14cari683pesa,pesa,idavies,2014-06-19,incidental,4,9,float
684,2014,cari,14cari684pesa,pesa,idavies,2014-06-19,incidental,4,4,float
685,2014,cari,14cari685pesa,pesa,idavies,2014-06-19,incidental,4,9,float
690,2014,cari,14cari690pesa,pesa,idavies,2014-06-20,incidental,4,8,float
691,2014,cari,14cari691pesa,pesa,idavies,2014-06-20,incidental,4,3,float
692,2014,cari,14cari692pesa,pesa,idavies,2014-06-20,incidental,4,10,float
693,2014,cari,14cari693pesa,pesa,idavies,2014-06-20,incidental,4,11,float
694,2014,cari,14cari694pesa,pesa,idavies,2014-06-20,incidental,4,8,float
698,2014,cari,14cari698pesa,pesa,idavies,2014-06-21,incidental,3,0,float
699,2014,cari,14cari699pesa,pesa,idavies,2014-06-21,incidental,4,12,float
701,2014,cari,14cari701sesa,sesa,idavies,2014-06-21,incidental,4,10,float
703,2014,cari,14cari703pesa,pesa,idavies,2014-06-22,incidental,4,4,float
708,2014,cari,14cari708pesa,pesa,idavies,2014-06-22,incidental,4,3,float
710,2014,cari,14cari710pesa,pesa,idavies,2014-06-23,incidental,4,3,float
711,2014,cari,14cari711pesa,pesa,idavies,2014-06-23,incidental,4,4,float
712,2014,cari,14cari712pesa,pesa,idavies,2014-06-23,incidental,4,11,float
713,2014,cari,14cari713pesa,pesa,idavies,2014-06-24,incidental,4,12,float
714,2014,cari,14cari714sesa,sesa,idavies,2014-06-24,incidental,4,8,float
716,2014,cari,14cari716pesa,pesa,idavies,2014-06-24,incidental,4,15,float
717,2014,cari,14cari717reph,reph,idavies,2014-06-24,incidental,4,8,float
718,2014,cari,14cari718reph,reph,idavies,2014-06-24,incidental,4,7,float
719,2014,cari,14cari719reph,reph,idavies,2014-06-24,incidental,4,6,float
721,2014,cari,14cari721reph,reph,idavies,2014-06-24,incidental,3,16,float
722,2014,cari,14cari722pesa,pesa,idavies,2014-06-24,incidental,4,15,float
723,2014,cari,14cari723reph,reph,idavies,2014-06-24,incidental,1,2,float
725,2014,cari,14cari725pesa,pesa,idavies,2014-06-24,incidental,4,10,float
728,2014,cari,14cari728rutu,rutu,idavies,2014-06-24,incidental,2,6,float
732,2014,cari,14cari732pesa,pesa,idavies,2014-06-25,incidental,4,15,float
733,2014,cari,14cari733sesa,sesa,idavies,2014-06-25,incidental,4,16,float
734,2014,cari,14cari734pesa,pesa,idavies,2014-06-25,incidental,4,13,float
737,2014,cari,14cari737pesa,pesa,idavies,2014-06-25,incidental,4,12,float
739,2014,cari,14cari739bbsa,bbsa,idavies,2014-06-26,incidental,4,5,float
740,2014,cari,14cari740sesa,sesa,idavies,2014-06-26,incidental,4,15,float
741,2014,cari,14cari741reph,reph,idavies,2014-06-26,incidental,2,5,float
745,2014,cari,14cari745pesa,pesa,idavies,2014-06-26,incidental,4,15,float
746,2014,cari,14cari746pesa,pesa,idavies,2014-06-26,incidental,4,13,float
748,2014,cari,14cari748sesa,sesa,idavies,2014-06-27,incidental,4,19,float
749,2014,cari,14cari749reph,reph,idavies,2014-06-27,incidental,4,6,float
751,2014,cari,14cari751pesa,pesa,idavies,2014-06-27,incidental,4,12,float
752,2014,cari,14cari752rnph,rnph,idavies,2014-06-27,incidental,4,16,float
753,2014,cari,14cari753pesa,pesa,idavies,2014-06-28,incidental,4,7,float
755,2014,cari,14cari755pesa,pesa,idavies,2014-06-28,incidental,4,10,float
757,2014,cari,14cari757pesa,pesa,idavies,2014-06-28,incidental,4,12,float
758,2014,cari,14cari758pesa,pesa,idavies,2014-06-28,incidental,4,15,float
759,2014,cari,14cari759pesa,pesa,idavies,2014-06-28,incidental,4,6,float
760,2014,cari,14cari760pesa,pesa,idavies,2014-06-28,incidental,4,2,float
761,2014,cari,14cari761pesa,pesa,idavies,2014-06-28,incidental,4,3,float
762,2014,cari,14cari762pesa,pesa,idavies,2014-06-28,incidental,4,13,float
763,2014,cari,14cari763pesa,pesa,idavies,2014-06-28,incidental,4,12,float
764,2014,cari,14cari764pesa,pesa,idavies,2014-06-28,incidental,4,10,float
765,2014,cari,14cari765pesa,pesa,idavies,2014-06-28,incidental,4,13,float
767,2014,cari,14cari767pesa,pesa,idavies,2014-06-29,incidental,4,5,float
769,2014,cari,14cari769reph,reph,idavies,2014-06-29,incidental,4,13,float
772,2014,cari,14cari772reph,reph,idavies,2014-06-29,incidental,4,9,float
773,2014,cari,14cari773reph,reph,idavies,2014-06-29,incidental,4,20,float
774,2014,cari,14cari774reph,reph,idavies,2014-06-30,incidental,4,9,float
775,2014,cari,14cari775pesa,pesa,idavies,2014-06-30,incidental,4,8,float
778,2014,cari,14cari778reph,reph,idavies,2014-06-30,incidental,4,9,float
782,2014,cari,14cari782pesa,pesa,idavies,2014-07-01,incidental,4,13,float
783,2014,cari,14cari783reph,reph,idavies,2014-07-01,incidental,4,9,float
784,2014,cari,14cari784reph,reph,idavies,2014-07-01,incidental,4,12,float
785,2014,cari,14cari785rnph,rnph,idavies,2014-07-01,incidental,3,11,float
786,2014,cari,14cari786reph,reph,idavies,2014-07-01,incidental,4,10,float
787,2014,cari,14cari787rnph,rnph,idavies,2014-07-01,incidental,3,11,float
789,2014,cari,14cari789reph,reph,idavies,2014-07-01,incidental,4,15,float
790,2014,cari,14cari790rutu,rutu,idavies,2014-07-01,incidental,1,21,float
791,2014,cari,14cari791pesa,pesa,idavies,2014-07-02,incidental,4,2,float
792,2014,cari,14cari792pesa,pesa,idavies,2014-07-02,incidental,4,8,float
793,2014,cari,14cari793pesa,pesa,idavies,2014-07-02,incidental,4,13,float
794,2014,cari,14cari794pesa,pesa,idavies,2014-07-02,incidental,4,19,float
795,2014,cari,14cari795pesa,pesa,idavies,2014-07-02,incidental,4,10,float
797,2014,cari,14cari797pesa,pesa,idavies,2014-07-02,incidental,4,12,float
798,2014,cari,14cari798reph,reph,idavies,2014-07-02,incidental,4,10,float
799,2014,cari,14cari799pesa,pesa,idavies,2014-07-03,incidental,4,4,float
800,2014,cari,14cari800sesa,sesa,idavies,2014-07-03,incidental,4,13,float
801,2014,cari,14cari801reph,reph,idavies,2014-07-03,incidental,4,11,float
804,2014,cari,14cari804pesa,pesa,idavies,2014-07-04,incidental,4,22,float
805,2014,cari,14cari805lbdo,lbdo,idavies,2014-07-04,incidental,4,21,float
807,2014,cari,14cari807pesa,pesa,idavies,2014-07-04,incidental,4,15,float
808,2014,cari,14cari808pesa,pesa,idavies,2014-07-04,incidental,4,12,float
809,2014,cari,14cari809reph,reph,idavies,2014-07-04,incidental,4,11,float
810,2014,cari,14cari810pesa,pesa,idavies,2014-07-04,incidental,4,12,float
811,2014,cari,14cari811pesa,pesa,idavies,2014-07-04,incidental,4,4,float
813,2014,cari,14cari813pesa,pesa,idavies,2014-07-05,incidental,4,8,float
815,2014,cari,14cari815pesa,pesa,idavies,2014-07-06,incidental,4,22,float
816,2014,cari,14cari816pesa,pesa,idavies,2014-07-06,incidental,4,21,float
818,2014,cari,14cari818reph,reph,idavies,2014-07-07,incidental,4,10,float
819,2014,cari,14cari819pesa,pesa,idavies,2014-07-07,incidental,4,10,float
820,2014,cari,14cari820pesa,pesa,idavies,2014-07-08,incidental,4,6,float
821,2014,cari,14cari821reph,reph,idavies,2014-07-08,incidental,4,19,float
822,2014,cari,14cari822rnph,rnph,idavies,2014-07-09,incidental,4,11,float
823,2014,cari,14cari823pesa,pesa,idavies,2014-07-10,incidental,4,14,float
824,2014,cari,14cari824rnph,rnph,idavies,2014-07-12,incidental,4,19,float
,2012,chau,12chauartemlb001,arte,mboldenow,2012-06-18,searcher,2,,
,2012,chau,12chauartemlb002,arte,mboldenow,2012-06-26,searcher,2,,
,2012,chau,12chaubbplmlb001,bbpl,mboldenow,2012-07-10,searcher,4,,
,2012,chau,12chaubeswdvs001,besw,dsolovieva,2012-06-04,searcher,4,,
,2012,chau,12chaubeswdvs002,besw,dsolovieva,2012-06-08,searcher,4,,
,2012,chau,12chaudunldvs001,dunl,dsolovieva,2012-06-15,searcher,4,11,float
,2012,chau,12chaudunldvs002,dunl,dsolovieva,2012-06-15,searcher,4,15,float
,2012,chau,12chaudunldvs003,dunl,dsolovieva,2012-06-19,searcher,4,13,float
,2012,chau,12chaudunljrl004,dunl,jliebezeit,2012-06-24,rope,4,5,float
,2012,chau,12chaudunlmlb001,dunl,mboldenow,2012-06-15,searcher,4,11,float
,2012,chau,12chaudunlmlb002,dunl,mboldenow,2012-06-18,searcher,4,8,float
,2012,chau,12chaudunlmlb003,dunl,mboldenow,2012-06-22,rope,4,13,float
,2012,chau,12chaudunlmlb004,dunl,mboldenow,2012-06-22,rope,4,,
,2012,chau,12chaudunlmlb005,dunl,mboldenow,2012-06-24,rope,4,2,float
,2012,chau,12chaudunlmlb007,dunl,mboldenow,2012-06-29,searcher,4,,
,2012,chau,12chaudunlmlb008,dunl,mboldenow,2012-07-05,searcher,4,13,float
,2012,chau,12chaueywajrl001,eywa,jliebezeit,2012-06-25,rope,5,,
,2012,chau,12chaupagpdvs001,pagp,dsolovieva,2012-06-28,searcher,4,18,float
,2012,chau,12chaupesamlb001,pesa,mboldenow,2012-06-25,rope,4,12,float
,2012,chau,12chaupesamlb002,pesa,mboldenow,2012-06-30,searcher,4,12,float
,2012,chau,12chaupesamlb003,pesa,mboldenow,2012-07-05,searcher,4,4,float
,2012,chau,12chaupesamlb004,pesa,mboldenow,2012-07-05,searcher,4,4,float
,2012,chau,12chaupesamlb005,pesa,mboldenow,2012-07-06,searcher,4,11,float
,2012,chau,12chaurnphdvs001,rnph,dsolovieva,2012-06-18,searcher,4,1,float
,2012,chau,12chaurnphdvs002,rnph,dsolovieva,2012-06-18,searcher,4,13,float
,2012,chau,12chaurnphdvs003,rnph,dsolovieva,2012-06-29,searcher,4,12,float
,2012,chau,12chaurnphjrl002,rnph,jliebezeit,2012-06-24,searcher,4,2,float
,2012,chau,12chaurnphmlb001,rnph,mboldenow,2012-06-18,searcher,4,12,float
,2012,chau,12chaurnphmlb002,rnph,mboldenow,2012-06-20,searcher,4,10,float
,2012,chau,12chaurnphmlb003,rnph,mboldenow,2012-06-28,searcher,4,17,float
,2012,chau,12chaurnphmlb004,rnph,mboldenow,2012-06-28,searcher,4,13,float
,2012,chau,12chaurnphmlb005,rnph,mboldenow,2012-07-02,searcher,4,6,float
,2012,chau,12chauruffjrl001,ruff,jliebezeit,2012-06-25,rope,4,,hatch
,2012,chau,12chauruffjrl002,ruff,jliebezeit,2012-06-25,rope,4,,hatch
,2012,chau,12chauruffmve001,ruff,mettuvgy,2012-06-13,searcher,4,,hatch
,2012,chau,12chaurutumlb001,rutu,mboldenow,2012-06-29,searcher,4,,
,2012,chau,12chausacrdvs003,sacr,dsolovieva,2012-06-19,searcher,2,,
,2012,chau,12chautestljs001,test,lsavoy,2012-06-22,searcher,4,13,float
,2012,chau,12chautestmlb001,test,mboldenow,2012-07-01,searcher,4,,
3.01,2013,chau,13chaudunlaog002,dunl,aog,2013-06-14,rope,4,11,float
5.28,2013,chau,13chaudunlaog020,dunl,aog,2013-07-05,searcher,2,13,float
3.05,2013,chau,13chaudunlkwp009,dunl,kwp,2013-06-14,rope,3,0,float
4.01,2013,chau,13chaudunlkwp010,dunl,kwp,2013-06-15,rope,4,12,float
6.02,2013,chau,13chaudunlkwp023,dunl,kwp,2013-06-29,rope,3,2,float
6.03,2013,chau,13chaudunlkwp024,dunl,kwp,2013-06-29,rope,4,5,float
5.11,2013,chau,13chaudunlmlm005,dunl,aog,2013-06-09,searcher,4,1,float
3.02,2013,chau,13chaudunlmlm014,dunl,mlm,2013-06-14,rope,4,11,float
3.11,2013,chau,13chaudunlmlm015,dunl,mlm,2013-06-14,rope,4,7,float
4.06,2013,chau,13chaudunlmlm024,dunl,mlm,2013-06-26,rope,3,,hatch
3.14,2013,chau,13chaudunlmlm028,dunl,mlm,2013-06-27,rope,3,2,float
2.03,2013,chau,13chaulbdoaog017,lbdo,aog,2013-06-30,searcher,,,hatch
2.16,2013,chau,13chaulbdokwp025,lbdo,kwp,2013-06-30,searcher,4,7,float
3.03,2013,chau,13chaupagpmlm013,pagp,mlm,2013-06-14,searcher,4,8,float
3.08,2013,chau,13chaupesaaog016,pesa,aog,2013-06-27,rope,4,7,float
2.04,2013,chau,13chaupesacmw001,pesa,cmw,2013-06-13,searcher,4,10,float
2.02,2013,chau,13chaupesacmw002,pesa,cmw,2013-06-16,searcher,4,12,float
2.07,2013,chau,13chaupesacmw003,pesa,cmw,2013-06-16,searcher,4,6,float
2.1,2013,chau,13chaupesadvs001,pesa,dvs,2013-06-13,searcher,4,12,float
2.11,2013,chau,13chaupesadvs002,pesa,dvs,2013-06-13,searcher,4,3,float
2.01,2013,chau,13chaupesadvs003,pesa,dvs,2013-06-16,searcher,4,12,float
2.09,2013,chau,13chaupesakvy001,pesa,kvy,2013-06-13,searcher,4,8,float
2.18,2013,chau,13chaupesakwp017,pesa,kwp,2013-06-23,searcher,4,11,float
2.12,2013,chau,13chaupesakwp020,pesa,kwp,2013-06-23,rope,4,11,float
1.14,2013,chau,13chaurnphaog,rnph,aog,2013-06-17,searcher,4,2,float
1.06,2013,chau,13chaurnphaog006,rnph,aog,2013-06-17,searcher,4,1,float
1.05,2013,chau,13chaurnphaog009,rnph,aog,2013-06-19,searcher,4,5,float
3.12,2013,chau,13chaurnphaog011,rnph,aog,2013-06-22,searcher,4,10,float
1.16,2013,chau,13chaurnphaog016,rnph,aog,2013-06-25,rope,4,2,float
2.19,2013,chau,13chaurnphaog018,rnph,aog,2013-06-30,searcher,4,11,float
1.17,2013,chau,13chaurnphaog019,rnph,aog,2013-07-03,searcher,4,11,float
5.06,2013,chau,13chaurnphavs003,rnph,avs,2013-06-17,searcher,4,,
5.29,2013,chau,13chaurnphdvs008,rnph,dvs,2013-06-27,searcher,4,1,float
1.07,2013,chau,13chaurnphkwp004,rnph,kwp,2013-06-11,rope,4,5,float
5.09,2013,chau,13chaurnphkwp011,rnph,kwp,2013-06-09,rope,4,8,float
4.03,2013,chau,13chaurnphkwp017,rnph,kwp,2013-06-22,searcher,4,2,float
2.15,2013,chau,13chaurnphkwp018,rnph,kwp,2013-06-23,searcher,4,0,float
2.13,2013,chau,13chaurnphkwp019,rnph,kwp,2013-06-23,rope,4,6,float
2.05,2013,chau,13chaurnphkwp021,rnph,kwp,2013-06-23,rope,4,5,float
5.12,2013,chau,13chaurnphkwp022,rnph,kwp,2013-06-24,searcher,4,4,float
5.01,2013,chau,13chaurnphmlm012,rnph,mlm,2013-06-19,searcher,4,1,float
4.04,2013,chau,13chaurnphmlm020,rnph,mlm,2013-06-22,searcher,4,1,float
4.05,2013,chau,13chaurnphmlm021,rnph,mlm,2013-06-22,searcher,4,4,float
3.09,2013,chau,13chaurnphmlm022,rnph,mlm,2013-06-22,searcher,4,5,float
3.13,2013,chau,13chaurnphmlm025,rnph,mlm,2013-06-27,rope,4,2,float
3.1,2013,chau,13chaurnphmlm026,rnph,mlm,2013-06-27,rope,4,11,float
3.07,2013,chau,13chaurnphmlm027,rnph,mlm,2013-06-27,rope,4,7,float
3.04,2013,chau,13chaurnphmlm029,rnph,mlm,2013-06-27,rope,4,5,float
6.04,2013,chau,13chaurnphmlm032,rnph,mlm,2013-07-06,searcher,4,,hatch
5.04,2013,chau,13chauruffaog004,ruff,aog,2013-06-17,searcher,4,7,float
2.14,2013,chau,13chauruffaog012,ruff,aog,2013-06-23,rope,4,10,float
2.06,2013,chau,13chauruffaog013,ruff,aog,2013-06-23,rope,3,15,float
2.08,2013,chau,13chauruffcmw001,ruff,cmw,2013-06-16,searcher,4,9,float
1.11,2013,chau,13chauruffkwp007,ruff,kwp,2013-06-11,rope,4,3,float
3.06,2013,chau,13chautestaog003,test,aog,2013-06-14,rope,4,2,float
5.05,2013,chau,13chautestavs002,test,avs,2013-06-17,searcher,4,,
5.02,2013,chau,13chautestkwp012,test,kwp,2013-06-09,rope,4,9,float
4.02,2013,chau,13chautestmlm016,test,mlm,2013-06-15,rope,4,1,float
5.25,2013,chau,13chautestmlm019,test,mlm,2013-06-20,searcher,4,7,float
2.16,2014,chau,14chauartemel008,arte,ematsyna,2014-06-23,searcher,2,,
4.32,2014,chau,14chaubbplmai019,bbpl,amatsyna,2014-06-30,searcher,4,18,float
5.06,2014,chau,14chaubeswanm004,besw,amylnikova,2014-06-19,searcher,2,,
4.36,2014,chau,14chaucrplmai024,crpl,amatsyna,2014-07-04,searcher,2,,
4.18,2014,chau,14chaudunljpd009,dunl,jdiener,2014-06-24,searcher,3,1,float
4.39,2014,chau,14chaudunljpd014,dunl,jdiener,2014-06-27,rope,4,4,float
4.4,2014,chau,14chaudunljpd015,dunl,jdiener,2014-06-27,rope,3,3,float
4.03,2014,chau,14chaudunllfg003,dunl,lgoodrick,2014-06-12,searcher,4,3,float
4.05,2014,chau,14chaudunllfg004,dunl,lgoodrick,2014-06-12,searcher,2,,lay
4.28,2014,chau,14chaudunllfg007,dunl,lgoodrick,2014-06-17,searcher,4,4,float
4.08,2014,chau,14chaudunllfg010,dunl,lgoodrick,2014-06-18,searcher,4,,
5.05,2014,chau,14chaudunllfg022,dunl,lgoodrick,2014-06-29,rope,4,4,float
2.04,2014,chau,14chaudunlmai004,dunl,amatsyna,2014-06-12,searcher,4,1,float
4.07,2014,chau,14chaudunlmai006,dunl,amatsyna,2014-06-15,searcher,4,,
3.03,2014,chau,14chaudunlmai016,dunl,amatsyna,2014-06-26,searcher,4,6,float
2.05,2014,chau,14chaudunlmel002,dunl,ematsyna,2014-06-12,searcher,4,1,float
3.02,2014,chau,14chaudunlmel005,dunl,ematsyna,2014-06-21,rope,4,5,float
5.02,2014,chau,14chaudunlmel009,dunl,ematsyna,2014-06-24,searcher,4,0,float
3.04,2014,chau,14chaudunlmel014,dunl,ematsyna,2014-06-26,searcher,4,5,float
1.08,2014,chau,14chaueywamel018,eywa,ematsyna,2014-07-01,searcher,5,,
4.2,2014,chau,14chauhoremai014,hore,amatsyna,2014-06-23,searcher,2,,
5.04,2014,chau,14chaulistmai015,list,amatsyna,2014-06-24,searcher,4,9,float
1.05,2014,chau,14chaultdugkp002,ltdu,gpavlyukov,2014-07-01,rope,8,,
1.09,2014,chau,14chaultdumai026,ltdu,amatsyna,2014-07-01,searcher,4,,
1.02,2014,chau,14chaupalolfg012,palo,lgoodrick,2014-06-21,searcher,,,
2.14,2014,chau,14chaupesajpd007,pesa,jdiener,2014-06-22,searcher,4,4,float
4.29,2014,chau,14chaupesajpd012,pesa,jdiener,2014-06-27,rope,4,3,float
3.06,2014,chau,14chaupesajpd020,pesa,jdiener,2014-07-06,searcher,4,3,float
4.26,2014,chau,14chaupesalfg009,pesa,lgoodrick,2014-06-17,searcher,4,2,float
2.12,2014,chau,14chaupesalfg013,pesa,lgoodrick,2014-06-22,searcher,3,2,float
1.04,2014,chau,14chaupesalfg019,pesa,lgoodrick,2014-06-26,searcher,4,3,float
2.18,2014,chau,14chaupesalfg021,pesa,lgoodrick,2014-06-28,searcher,4,10,float
3.01,2014,chau,14chaupesamai012,pesa,amatsyna,2014-06-21,searcher,4,2,float
2.13,2014,chau,14chaurephlfg014,reph,lgoodrick,2014-06-22,searcher,1,,lay
3.05,2014,chau,14chaurephlfg023,reph,lgoodrick,2014-06-30,rope,4,4,float
2.09,2014,chau,14chaurnphjpd005,rnph,jdiener,2014-06-16,rope,4,2,float
4.3,2014,chau,14chaurnphjpd010,rnph,jdiener,2014-06-25,searcher,4,3,float
4.38,2014,chau,14chaurnphjpd016,rnph,jdiener,2014-06-27,rope,4,5,float
4.27,2014,chau,14chaurnphlfg008,rnph,lgoodrick,2014-06-17,rope,3,2,float
5.01,2014,chau,14chaurnphlfg011,rnph,lgoodrick,2014-06-19,rope,4,3,float
4.13,2014,chau,14chaurnphlfg015,rnph,lgoodrick,2014-06-23,searcher,3,0,float
2.17,2014,chau,14chaurnphlfg020,rnph,lgoodrick,2014-06-28,searcher,4,5,float
4.34,2014,chau,14chaurnphlfg023,rnph,lgoodrick,2014-07-01,searcher,4,4,float
1.03,2014,chau,14chaurnphmai007,rnph,amatsyna,2014-06-21,searcher,3,2,float
4.1,2014,chau,14chaurnphmai009,rnph,amatsyna,2014-06-18,searcher,3,,
4.19,2014,chau,14chaurnphmai013,rnph,amatsyna,2014-06-23,searcher,3,,
1.06,2014,chau,14chaurnphmai021,rnph,amatsyna,2014-07-01,rope,3,19,float
1.07,2014,chau,14chaurnphmel017,rnph,ematsyna,2014-07-01,rope,3,16,float
5.09,2014,chau,14chaurnphmel022,rnph,ematsyna,2014-07-06,searcher,4,13,float
4.16,2014,chau,14chaurtpijpd008,rtpi,jdiener,2014-06-22,searcher,4,,
4.37,2014,chau,14chauruffmel023,ruff,ematsyna,2014-07-07,searcher,4,17,float
1.01,2014,chau,14chauruffslv001,ruff,dsolovyeva,2014-06-16,searcher,4,4,float
2.11,2014,chau,14chausagumel003,sagu,ematsyna,2014-06-18,searcher,2,,
5.07,2014,chau,14chauspeijpd017,spei,jdiener,2014-06-29,rope,,,
2.1,2014,chau,14chauspeilfg006,spei,lgoodrick,2014-06-16,rope,3,,
5.08,2014,chau,14chautestmai025,test,amatsyna,2014-07-06,searcher,3,5,float
4.17,2014,chau,14chautestmel007,test,ematsyna,2014-06-23,searcher,4,3,float
,2010,chur,10churdo03c,sbdo,frousseu,2010-06-13,searcher,3,,
,2010,chur,10churdo04c,sbdo,frousseu,2010-06-12,searcher,4,,
,2010,chur,10churdo05c,sbdo,frousseu,2010-06-12,searcher,3,,
,2010,chur,10churdo06c,sbdo,frousseu,2010-06-12,searcher,4,,
,2010,chur,10churdo08c,sbdo,frousseu,2010-06-17,searcher,3,,
,2010,chur,10churdo09c,sbdo,frousseu,2010-06-19,searcher,3,,
,2010,chur,10churdo10c,sbdo,frousseu,2010-06-22,searcher,4,,
,2010,chur,10churdo11c,sbdo,frousseu,2010-06-28,searcher,4,,
,2010,chur,10churdo12c,sbdo,frousseu,2010-06-29,searcher,4,,
,2010,chur,10churgp01c,amgp,frousseu,2010-06-14,searcher,4,,
,2010,chur,10churgp02c,amgp,frousseu,2010-06-14,searcher,4,,
,2010,chur,10churgp03c,amgp,frousseu,2010-06-13,searcher,4,,
,2010,chur,10churle01c,lesa,frousseu,2010-06-13,searcher,4,,
,2010,chur,10churle02c,lesa,frousseu,2010-06-12,searcher,4,,
,2010,chur,10churle04c,lesa,frousseu,2010-06-17,searcher,4,,
,2010,chur,10churle05c,lesa,frousseu,2010-06-21,searcher,4,,
,2010,chur,10churle06c,lesa,frousseu,2010-06-30,searcher,4,,
,2010,chur,10churle07c,lesa,frousseu,2010-07-01,searcher,4,,
,2010,chur,10churle08c,lesa,frousseu,2010-06-18,searcher,4,,
,2010,chur,10churph01c,rnph,frousseu,2010-06-24,searcher,4,,
,2010,chur,10churph02c,rnph,frousseu,2010-06-25,searcher,4,,
,2010,chur,10churph03c,rnph,frousseu,2010-06-25,searcher,4,,
,2010,chur,10churph05c,rnph,frousseu,2010-06-26,searcher,4,,
,2010,chur,10churph07c,rnph,frousseu,2010-06-27,searcher,4,,
,2010,chur,10churph11c,rnph,frousseu,2010-06-28,searcher,4,,
,2010,chur,10churph12c,rnph,frousseu,2010-06-29,searcher,4,,
,2010,chur,10churph13c,rnph,frousseu,2010-07-01,searcher,4,,
,2010,chur,10churph14c,rnph,frousseu,2010-06-12,searcher,4,,
,2010,chur,10churwh01c,whim,frousseu,2010-06-11,searcher,4,,
,2010,chur,10churwh02c,whim,frousseu,2010-06-11,searcher,2,,
,2010,chur,10churwh08c,whim,frousseu,2010-06-14,searcher,4,,
,2010,chur,10churwh09c,whim,frousseu,2010-06-15,searcher,2,,
,2010,chur,10churwh10c,whim,frousseu,2010-06-15,searcher,1,,
,2010,chur,10churwh11c,whim,frousseu,2010-06-15,searcher,4,,
,2010,chur,10churwh12c,whim,frousseu,2010-06-15,searcher,4,,
,2010,chur,10churwh13c,whim,frousseu,2010-06-18,searcher,3,,
,2010,chur,10churwh14c,whim,frousseu,2010-06-19,searcher,4,,
,2010,chur,10churwh15c,whim,frousseu,2010-06-19,searcher,4,,
,2010,chur,10churwh16c,whim,frousseu,2010-06-20,searcher,4,,
,2010,chur,10churwh17c,whim,frousseu,2010-06-21,searcher,3,,
,2010,chur,10churwh18c,whim,frousseu,2010-06-22,searcher,4,,
,2010,chur,10churwh19c,whim,frousseu,2010-06-22,searcher,2,,
2.12,2011,chur,11chur11du12,dunl,Cornell,2011-06-16,searcher,4,,float
2.2,2011,chur,11chur11du20,dunl,clishman,2011-06-21,searcher,4,,float
2.29,2011,chur,11chur11du29,dunl,lmckinnon,2011-06-28,searcher,4,,
3.01,2011,chur,11chur11ph01,rnph,hspecht,2011-06-14,searcher,2,,
3.02,2011,chur,11chur11ph02,rnph,hspecht,2011-06-20,searcher,2,,float
3.03,2011,chur,11chur11ph03,rnph,edastous,2011-06-21,searcher,4,,float
3.05,2011,chur,11chur11ph05,rnph,edastous,2011-06-21,searcher,3,,
3.07,2011,chur,11chur11ph07,rnph,hspecht,2011-06-23,searcher,4,,float
3.08,2011,chur,11chur11ph08,rnph,edastous,2011-06-24,searcher,4,,float
3.09,2011,chur,11chur11ph09,rnph,hspecht,2011-06-27,searcher,4,,hatch
3.1,2011,chur,11chur11ph10,rnph,edastous,2011-06-29,searcher,5,,float
,2011,chur,11churwhim06,whim,L.McKinnon,2011-06-19,searcher,4,5,float
,2011,chur,11churwhim08,whim,H.Specht,2011-06-20,searcher,4,4,float
,2011,chur,11churwhim14,whim,MHM,2011-06-23,searcher,4,8,float
,2011,chur,11churwhim16,whim,HMS,2011-06-25,searcher,1,7,float
,2011,chur,11churwhim18,whim,HMS,2011-06-27,searcher,1,2,float
,2012,chur,12chur12amgp01w,amgp,jperz,2012-06-05,searcher,2,,hatch
,2012,chur,12chur12amgp02w,amgp,ajohnson,2012-06-09,searcher,4,5,float
,2012,chur,12chur12amgp07d,amgp,fsanders,2012-06-23,searcher,4,,
,2012,chur,12chur12amgp08d,amgp,clahoda,2012-07-03,searcher,2,0,float
,2012,chur,12chur12amgp09d,amgp,clahoda,2012-07-04,searcher,4,16,float
,2012,chur,12chur12du05d,dunl,lmckinnon,2012-06-10,searcher,4,6,float
,2012,chur,12chur12du05w,dunl,jperz,2012-06-12,searcher,4,,
,2012,chur,12chur12du08w,dunl,ajohnson,2012-06-25,searcher,4,20,float
,2012,chur,12chur12du20d,dunl,clahoda,2012-07-02,searcher,,,hatch
,2012,chur,12chur12hugo01d,hugo,lmckinnon,2012-06-03,searcher,3,,
,2012,chur,12chur12hugo02d,hugo,lmkinnon,2012-06-19,searcher,4,,
,2012,chur,12chur12hugo03w,hugo,ajohnson,2012-06-13,searcher,1,0,float
,2012,chur,12chur12hugo04d,hugo,fsanders,2012-06-22,searcher,4,3,float
,2012,chur,12chur12hugo04w,hugo,ajohnson,2012-06-21,searcher,4,15,float
,2012,chur,12chur12hugo05w,hugo,ajohnson,2012-06-22,searcher,2,,lay
,2012,chur,12chur12hugo06w,hugo,ajohnson,2012-06-22,searcher,4,14,float
,2012,chur,12chur12hugo07w,hugo,jperz,2012-07-01,searcher,4,18,float
,2012,chur,12chur12lesa01d,lesa,lmckinnon,2012-06-10,searcher,3,,lay
,2012,chur,12chur12lesa01s,lesa,dgough,2012-06-26,searcher,5,,hatch
,2012,chur,12chur12lesa02d,lesa,acorkery,2012-06-10,searcher,4,,
,2012,chur,12chur12lesa03d,lesa,lmckinnon,2012-06-16,searcher,4,1,float
,2012,chur,12chur12lesa03w,lesa,ajohnson,2012-06-15,searcher,4,,
,2012,chur,12chur12lesa04d,lesa,clahoda,2012-06-20,searcher,4,,
,2012,chur,12chur12lesa04w,lesa,ajohnson,2012-06-17,searcher,4,,
,2012,chur,12chur12lesa05d,lesa,clahoda,2012-06-20,searcher,4,20,float
,2012,chur,12chur12lesa06d,lesa,clahoda,2012-06-20,searcher,4,14,float
,2012,chur,12chur12lesa07d,lesa,clahoda,2012-06-27,searcher,4,,hatch
,2012,chur,12chur12lesa07w,lesa,ajohnson,2012-06-22,searcher,4,10,float
,2012,chur,12chur12lesa08d,lesa,fsanders,2012-06-29,searcher,4,13,float
,2012,chur,12chur12lesa08w,lesa,jperz,2012-06-25,searcher,4,9,float
,2012,chur,12chur12lesa09d,lesa,clahoda,2012-07-03,searcher,3,,hatch
,2012,chur,12chur12leye01d,leye,clahoda,2012-07-04,searcher,4,14,float
,2012,chur,12chur12leye02d,leye,clahoda,2012-07-06,searcher,,,hatch
,2012,chur,12chur12rnph01d,rnph,dgough,2012-07-16,searcher,4,,hatch
,2012,chur,12chur12sbdo01d,sbdo,lmckinnon,2012-06-06,searcher,4,,
,2012,chur,12chur12sbdo01w,sbdo,ajohnson,2012-06-04,searcher,4,,
,2012,chur,12chur12sbdo02d,sbdo,lmkinnon,2012-06-06,searcher,4,,
,2012,chur,12chur12sbdo02w,sbdo,ajohnson,2012-06-07,searcher,3,,lay
,2012,chur,12chur12sbdo03d,sbdo,lmkinnon,2012-06-08,searcher,4,1,float
,2012,chur,12chur12sbdo03w,sbdo,ajohnson,2012-06-10,searcher,4,,
,2012,chur,12chur12sbdo04d,sbdo,jg,2012-06-16,searcher,4,11,float
,2012,chur,12chur12sbdo05d,sbdo,lmckinnon,2012-06-16,searcher,4,1,float
,2012,chur,12chur12sbdo05w,sbdo,ajohnson,2012-06-24,searcher,4,,
,2012,chur,12chur12sbdo06d,sbdo,fsanders,2012-06-26,searcher,4,16,float
,2012,chur,12chur12sbdo07d,sbdo,enol,2012-06-14,searcher,4,,
,2012,chur,12chur12stsa01d,stsa,lmckinnon,2012-06-15,searcher,3,2,float
,2012,chur,12chur12stsa02d,stsa,jg,2012-06-16,searcher,4,11,float
,2012,chur,12chur12stsa03d,stsa,ajohnson,2012-06-07,searcher,2,,
1.07,2012,chur,12chur12whim07,whim,acorkery,2012-06-08,searcher,3,,lay
1.08,2012,chur,12chur12whim08,whim,acorkery,2012-06-08,searcher,3,,lay
1.1,2012,chur,12chur12whim10,whim,ajohnson,2012-06-09,searcher,4,,
1.11,2012,chur,12chur12whim11,whim,ajohnson,2012-06-10,searcher,4,11,float
1.15,2012,chur,12chur12whim15,whim,ajohnson,2012-06-12,searcher,4,,
1.23,2012,chur,12chur12whim23,whim,ajohnson,2012-06-19,searcher,3,2,float
1.26,2012,chur,12chur12whim26,whim,ajohnson,2012-06-20,searcher,3,4,float
1.29,2012,chur,12chur12whim29,whim,ajohnson,2012-06-21,searcher,3,1,float
1.36,2012,chur,12chur12whim36,whim,ajohnson,2012-06-25,searcher,2,18,float
1.37,2012,chur,12chur12whim37,whim,ajohnson,2012-06-26,searcher,3,10,float
1.4,2012,chur,12chur12whim40,whim,ajohnson,2012-06-28,searcher,4,22,float
1.41,2012,chur,12chur12whim41,whim,ajohnson,2012-06-29,searcher,1,24,float
1.45,2012,chur,12chur12whim45,whim,ajohnson,2012-07-01,searcher,4,,hatch
1.46,2012,chur,12chur12whim46,whim,ajohnson,2012-07-01,searcher,4,4,float
1.48,2012,chur,12chur12whim48,whim,ajohnson,2012-07-03,searcher,3,,hatch
1.49,2012,chur,12chur12whim49,whim,ajohnson,2012-07-04,searcher,4,23,float
1.51,2012,chur,12chur12whim51,whim,gmontgomery,2012-07-09,searcher,3,21,float
1.52,2012,chur,12chur12whim52,whim,ajohnson,2012-07-13,searcher,4,,hatch
1.53,2012,chur,12chur12whim53,whim,ajohnson,2012-07-13,searcher,3,,hatch
,2012,chur,12chur12wisn01w,wisn,ajohnson,2012-06-07,searcher,4,,
,2012,chur,12chur1amgpp04d,amgp,clahoda,2012-06-17,searcher,4,1,float
,2013,chur,13chur13amgp04w,amgp,ajohnson,2013-06-19,searcher,4,3,float
,2013,chur,13chur13amgp06w,amgp,ajohnson,2013-06-24,searcher,4,13,float
,2013,chur,13chur13hugo01d,hugo,lkoloski,2013-06-05,searcher,4,0,float
,2013,chur,13chur13hugo02w,hugo,ajonhson,2013-06-04,searcher,1,,lay
,2013,chur,13chur13hugo03w,hugo,ajohnson,2013-06-06,searcher,3,,lay
,2013,chur,13chur13hugo04w,hugo,ajohnson,2013-06-12,searcher,4,6,float
,2013,chur,13chur13hugo06d,hugo,lkoloski,2013-06-10,searcher,4,,
,2013,chur,13chur13hugo06w,hugo,ajohnson,2013-06-17,searcher,,,
,2013,chur,13chur13hugo07w,hugo,enol,2013-06-24,searcher,4,15,float
,2013,chur,13chur13hugo201,hugo,fsanders,2013-06-15,searcher,2,2,float
,2013,chur,13chur13lesa02w,lesa,ajohnson,2013-06-14,searcher,4,,
,2013,chur,13chur13lesa03d,lesa,lkoloski,2013-06-06,searcher,2,,lay
,2013,chur,13chur13lesa03w,lesa,jperz,2013-06-15,searcher,4,12,float
,2013,chur,13chur13lesa04d,lesa,lkoloski,2013-06-06,searcher,3,,lay
,2013,chur,13chur13lesa04w,lesa,jperz,2013-06-21,searcher,4,14,float
,2013,chur,13chur13lesa05d,lesa,canderson,2013-06-16,searcher,4,,
,2013,chur,13chur13lesa05w,lesa,jperz,2013-06-23,searcher,4,,hatch
,2013,chur,13chur13lesa06d,lesa,canderson,2013-06-16,searcher,4,,
,2013,chur,13chur13sbdo01d,sbdo,canderson,2013-06-09,searcher,4,,
,2013,chur,13chur13sbdo01w,sbdo,ajohnson,2013-06-09,searcher,4,,
,2013,chur,13chur13sbdo02d,sbdo,lkoloski,2013-06-05,searcher,4,0,float
,2013,chur,13chur13sbdo02w,sbdo,jperz,2013-06-13,searcher,4,12,float
,2013,chur,13chur13sbdo03d,sbdo,canderson,2013-06-16,searcher,4,,
,2013,chur,13chur13sbdo03w,sbdo,jperz,2013-06-13,searcher,4,11,float
,2013,chur,13chur13sbdo04w,sbdo,ajohnson,2013-06-14,searcher,4,15,float
,2013,chur,13chur13sbdo05w,sbdo,ajohnson,2013-06-15,searcher,4,22,float
,2013,chur,13chur13sbdo06w,sbdo,ajohnson,2013-06-15,searcher,4,14,float
,2013,chur,13chur13sbdo07w,sbdo,ajohnson,2013-06-26,searcher,4,,
,2013,chur,13chur13sbdo201,sbdo,fsanders,2013-06-18,searcher,4,8,float
,2013,chur,13chur13stsa01w,stsa,ajohnson,2013-06-06,searcher,4,4,float
,2013,chur,13chur13stsa02w,stsa,ajohnson,2013-06-15,searcher,4,9,float
,2013,chur,13chur13stsa08d,stsa,lkoloski,2013-06-10,searcher,4,,
,2013,chur,13chur13whim02,whim,jperz,2013-06-06,searcher,3,,lay
,2013,chur,13chur13whim05,whim,ajohnson,2013-06-07,searcher,2,,lay
,2013,chur,13chur13whim08,whim,ajohnson,2013-06-09,searcher,3,,lay
,2013,chur,13chur13whim15,whim,ajonhson,2013-06-11,searcher,2,,lay
,2013,chur,13chur13whim16dep,whim,ajohnson,2013-06-11,searcher,,,
,2013,chur,13chur13whim19,whim,jperz,2013-06-13,searcher,1,,lay
,2013,chur,13chur13whim20,whim,ajohnson,2013-06-14,searcher,4,6,float
,2013,chur,13chur13whim23,whim,ajohnson,2013-06-15,searcher,4,22,float
,2013,chur,13chur13whim25,whim,jperz,2013-06-16,searcher,4,7,float
,2013,chur,13chur13whim28,whim,ajohnson,2013-06-17,searcher,4,21,float
,2013,chur,13chur13whim30,whim,ajohnson,2013-06-19,searcher,4,21,float
,2013,chur,13chur13whim34,whim,ajohnson,2013-06-20,searcher,4,7,float
,2013,chur,13chur13whim35,whim,jperz,2013-06-20,searcher,4,12,float
,2013,chur,13chur13whim37,whim,canderson,2013-06-21,searcher,4,0,float
,2013,chur,13chur13whim40,whim,ajohnson,2013-06-22,searcher,4,24,float
,2013,chur,13chur13whim43,whim,canderson,2013-06-23,searcher,4,17,float
,2013,chur,13chur13whim44,whim,ajohnson,2013-06-26,searcher,3,17,float
,2013,chur,13chur13whim47,whim,jperz,2013-06-28,searcher,4,,
,2013,chur,13chur13whim51,whim,dturner,2013-06-29,searcher,4,19,float
,2013,chur,13chur13whim54,whim,ajohnson,2013-07-03,searcher,4,20,float
,2013,chur,13chur13whim56,whim,ajohnson,2013-07-08,searcher,4,,hatch
,2013,chur,13chur13wisn01w,wisn,jperz,2013-06-03,searcher,4,,
,2013,chur,13chur13wisn02w,wisn,mheung,2013-06-12,searcher,4,,
,2014,chur,14chur14amgp01w,amgp,jperz,2014-06-21,searcher,4,19,float
,2014,chur,14chur14amgp02d,amgp,nmacdonald,2014-06-14,searcher,3,,lay
,2014,chur,14chur14dunl02w,dunl,jperz,2014-06-27,searcher,2,12,float
,2014,chur,14chur14hugo01l,hugo,tmankis,2014-06-13,searcher,1,0,float
,2014,chur,14chur14hugo01w,hugo,cmurchison,2014-06-10,searcher,4,,
,2014,chur,14chur14hugo02l,hugo,codwyer,2014-06-17,searcher,4,6,float
,2014,chur,14chur14kill01d,kill,lkoloski,2014-06-23,searcher,6,,
,2014,chur,14chur14lesa01l,lesa,codwyer,2014-07-02,searcher,4,12,float
,2014,chur,14chur14lesa01w,lesa,cmurchison,2014-06-16,searcher,4,0,float
,2014,chur,14chur14lesa02d,lesa,cmurchison,2014-06-04,searcher,4,,
,2014,chur,14chur14lesa03d,lesa,lkoloski,2014-06-19,searcher,4,5,float
,2014,chur,14chur14lesa04d,lesa,gholmes,2014-06-22,searcher,4,10,float
,2014,chur,14chur14lesa05d,lesa,gholmes,2014-06-24,searcher,4,9,float
,2014,chur,14chur14sbdo02w,sbdo,jperz,2014-06-21,searcher,4,2,float
,2014,chur,14chur14sbdo03l,sbdo,codwyer,2014-06-21,searcher,3,,hatch
,2014,chur,14chur14sbdo04l,sbdo,tmankis,2014-06-26,searcher,4,8,float
,2014,chur,14chur14sbdo101d,sbdo,gholmes,2014-06-04,searcher,4,0,float
,2014,chur,14chur14st201,stsa,fsanders,2014-06-18,searcher,3,,
,2014,chur,14chur14stsa01w,stsa,jperz,2014-06-17,searcher,3,10,float
,2014,chur,14chur14whim01,whim,jperz,2014-06-04,searcher,1,,lay
,2014,chur,14chur14whim01d,whim,lkoloski,2014-06-14,searcher,4,2,float
,2014,chur,14chur14whim02,whim,cmurchison,2014-06-09,searcher,3,-1,float
,2014,chur,14chur14whim05,whim,jperz,2014-06-15,searcher,3,,lay
,2014,chur,14chur14whim08,whim,jperz,2014-06-16,searcher,1,,lay
,2014,chur,14chur14whim09,whim,nmacdonald,2014-06-16,searcher,2,,lay
,2014,chur,14chur14whim17,whim,jperz,2014-06-20,searcher,2,,lay
,2014,chur,14chur14whim18,whim,jperz,2014-06-21,searcher,1,5,float
,2014,chur,14chur14whim22,whim,jperz,2014-06-25,searcher,2,4,float
,2014,chur,14chur14whim24,whim,jperz,2014-06-25,searcher,1,12,float
,2014,chur,14chur14wisn01w,wisn,jperz,2014-06-16,searcher,4,10,float
,2014,coat,14coatbbsf02,bbpl,sflemming,2014-06-24,searcher,4,3.9,float
,2014,coat,14coatbbss01,bbpl,sshulte,2014-06-24,searcher,4,,float
,2014,coat,14coatdubw02,dunl,bwinn,2014-06-26,searcher,1,,lay
,2014,coat,14coatdusf02,dunl,sflemming,2014-06-18,searcher,4,0.7,float
,2014,coat,14coatdusn02,dunl,sneima,2014-06-18,searcher,4,5.1,float
,2014,coat,14coatduss01,dunl,sshulte,2014-06-19,searcher,4,5.4,float
,2014,coat,14coatduss02,dunl,sshulte,2014-06-20,searcher,4,10.8,float
,2014,coat,14coatgpsf01,amgp,sflemming,2014-06-16,searcher,4,9.4,float
,2014,coat,14coatgpss01,amgp,sshulte,2014-06-15,searcher,4,3.6,float
,2014,coat,14coatrpsf02,reph,sflemming,2014-06-27,searcher,4,6.5,float
,2014,coat,14coatrpsn01,reph,sneima,2014-06-19,searcher,4,6.5,float
,2014,coat,14coatrtbw01,rutu,bwinn,2014-06-24,searcher,4,,float
,2014,coat,14coatrtsn01,rutu,sneima,2014-06-27,searcher,4,,float
,2014,coat,14coatspss01,sepl,sshulte,2014-06-27,searcher,4,,float
,2014,coat,14coatssbw06,sesa,bwinn,2014-06-27,searcher,4,5.8,float
,2014,coat,14coatsskr05,sesa,kreischke,2014-07-02,searcher,4,13.1,float
,2014,coat,14coatsskr06,sesa,kreischke,2014-07-06,searcher,4,22,float
,2014,coat,14coatsssf04,sesa,sflemming,2014-07-10,searcher,,,
,2014,coat,14coatsssf06,sesa,sflemming,2014-07-02,searcher,4,14.6,float
,2014,coat,14coatssss05,sesa,sshulte,2014-06-25,searcher,4,10.5,float
,2014,coat,14coatwrkr01,wrsa,kreischke,2014-06-27,searcher,4,17.3,float
,2014,coat,14coatwrsn01,wrsa,sneima,2014-06-15,searcher,4,8.1,float
1.34,2011,colv,11colvamgp801,amgp,epalm,2011-06-16,searcher,3,13,float
2.03,2011,colv,11colvbarg826,btgo,epalm,2011-06-19,searcher,4,9,float
1.08,2011,colv,11colvbbpl104,bbpl,bwilkinson,2011-06-08,searcher,2,,
2.1,2011,colv,11colvbbpl829,bbpl,epalm,2011-06-20,searcher,4,0,float
2.12,2011,colv,11colvdunl073,dunl,dpavlik,2011-06-21,searcher,4,2,float
2.15,2011,colv,11colvdunl076,dunl,dpavlik,2011-06-21,searcher,4,2,float
2.07,2011,colv,11colvdunl173,dunl,bwilkinson,2011-06-19,searcher,4,0,float
1.4,2011,colv,11colvdunl804,dunl,epalm,2011-06-17,searcher,4,0,float
1.31,2011,colv,11colvdunl814,dunl,epalm,2011-06-18,searcher,4,0,float
1.32,2011,colv,11colvdunl815,dunl,epalm,2011-06-18,searcher,4,0,float
1.37,2011,colv,11colvdunl818,dunl,epalm,2011-06-19,searcher,4,0,float
1.38,2011,colv,11colvdunl819,dunl,epalm,2011-06-19,searcher,4,8,float
1.39,2011,colv,11colvdunl820,dunl,epalm,2011-06-19,searcher,4,8,float
1.27,2011,colv,11colvlbdo053,lbdo,dpavlik,2011-06-15,bander,4,8,float
2.12,2011,colv,11colvpesa069,pesa,dpavlik,2011-06-20,bander,4,3,float
1.35,2011,colv,11colvreph067,reph,dpavlik,2011-06-19,bander,4,2,float
2.32,2011,colv,11colvreph089,reph,dpavlik,2011-07-05,searcher,4,,hatch
2.25,2011,colv,11colvreph188,reph,bwilkinson,2011-06-24,searcher,4,5,float
2.27,2011,colv,11colvreph192,reph,bwilkinson,2011-06-26,searcher,3,2,float
2.16,2011,colv,11colvreph846,reph,epalm,2011-06-22,searcher,4,2,float
2.31,2011,colv,11colvreph903,reph,bwilkinson,2011-07-04,searcher,4,12,float
2.13,2011,colv,11colvrnph070,rnph,dpavlik,2011-06-20,bander,4,0,float
2.14,2011,colv,11colvrnph075,rnph,dpavlik,2011-06-21,searcher,4,0,float
2.15,2011,colv,11colvrnph078,rnph,dpavlik,2011-06-22,bander,3,0,float
2.24,2011,colv,11colvrnph081,rnph,dpavlik,2011-06-23,searcher,4,0,float
2.21,2011,colv,11colvrnph082,rnph,dpavlik,2011-06-24,searcher,4,1,float
2.24,2011,colv,11colvrnph083,rnph,dpavlik,2011-06-26,searcher,3,2,float
2.29,2011,colv,11colvrnph084,rnph,dpavlik,2011-06-27,searcher,4,4,float
2.04,2011,colv,11colvrnph174,rnph,bwilkinson,2011-06-20,searcher,4,0,float
2.22,2011,colv,11colvrnph190,rnph,bwilkinson,2011-06-25,searcher,4,2,float
2.23,2011,colv,11colvrnph194,rnph,bwilkinson,2011-06-27,searcher,3,3,float
2.16,2011,colv,11colvrnph310,rnph,khogrefe,2011-06-22,searcher,3,0,float
2.18,2011,colv,11colvrnph848,rnph,epalm,2011-06-22,searcher,4,4,float
2.19,2011,colv,11colvrnph849,rnph,epalm,2011-06-22,searcher,4,3,float
2.25,2011,colv,11colvrnph900,rnph,bwilkinson,2011-07-01,searcher,4,12,float
1.3,2011,colv,11colvrutu171,rutu,bwilkinson,2011-06-18,searcher,4,2,float
2.09,2011,colv,11colvrutu828,rutu,epalm,2011-06-20,searcher,4,1,float
2.08,2011,colv,11colvsepl827,sepl,epalm,2011-06-20,searcher,4,0,float
1.02,2011,colv,11colvsesa023,sesa,dpavlik,2011-06-06,searcher,4,2,float
1.04,2011,colv,11colvsesa033,sesa,dpavlik,2011-06-10,searcher,3,8,float
1.12,2011,colv,11colvsesa037,sesa,dpavlik,2011-06-11,searcher,4,11,float
2.28,2011,colv,11colvsesa040,sesa,dpavlik,2011-06-12,searcher,,,
1.2,2011,colv,11colvsesa042,sesa,dpavlik,2011-06-13,searcher,3,3,float
1.24,2011,colv,11colvsesa056,sesa,dpavlik,2011-06-16,bander,4,1,float
1.3,2011,colv,11colvsesa057,sesa,dpavlik,2011-06-16,bander,3,4,float
1.25,2011,colv,11colvsesa058,sesa,dpavlik,2011-06-17,bander,4,10,float
1.39,2011,colv,11colvsesa059,sesa,dpavlik,2011-06-17,bander,4,10,float
2.1,2011,colv,11colvsesa071,sesa,dpavlik,2011-06-21,searcher,4,1,float
1.09,2011,colv,11colvsesa124,sesa,bwilkinson,2011-06-10,searcher,3,6,float
1.1,2011,colv,11colvsesa125,sesa,bwilkinson,2011-06-10,searcher,4,9,float
1.06,2011,colv,11colvsesa130,sesa,bwilkinson,2011-06-12,searcher,3,5,float
1.09,2011,colv,11colvsesa136,sesa,bwilkinson,2011-06-13,searcher,4,0,float
1.1,2011,colv,11colvsesa137,sesa,bwilkinson,2011-06-13,searcher,4,4,float
1.24,2011,colv,11colvsesa140,sesa,bwilkinson,2011-06-13,bander,3,,
1.13,2011,colv,11colvsesa143,sesa,bwilkinson,2011-06-14,searcher,4,3,float
1.25,2011,colv,11colvsesa147,sesa,bwilkinson,2011-06-15,searcher,3,3,float
1.29,2011,colv,11colvsesa149,sesa,bwilkinson,2011-06-15,searcher,4,0,float
1.35,2011,colv,11colvsesa159,sesa,bwilkinson,2011-06-17,searcher,4,2,float
1.36,2011,colv,11colvsesa160,sesa,bwilkinson,2011-06-17,searcher,4,2,float
1.37,2011,colv,11colvsesa161,sesa,bwilkinson,2011-06-17,searcher,4,10,float
2.01,2011,colv,11colvsesa164,sesa,bwilkinson,2011-06-17,searcher,4,0,float
2.05,2011,colv,11colvsesa175,sesa,bwilkinson,2011-06-20,searcher,2,,
2.14,2011,colv,11colvsesa182,sesa,bwilkinson,2011-06-21,searcher,4,3,float
2.18,2011,colv,11colvsesa184,sesa,bwilkinson,2011-06-23,searcher,4,5,float
2.19,2011,colv,11colvsesa185,sesa,bwilkinson,2011-06-23,searcher,4,11,float
2.2,2011,colv,11colvsesa187,sesa,bwilkinson,2011-06-23,searcher,4,10,float
1.14,2011,colv,11colvsesa220,sesa,tdonnelly,2011-06-11,searcher,4,3,float
2.17,2011,colv,11colvsesa311,sesa,khogrefe,2011-06-22,searcher,4,0,float
1.18,2011,colv,11colvsesa749,sesa,epalm,2011-06-12,searcher,4,0,float
1.16,2011,colv,11colvsesa750,sesa,epalm,2011-06-12,searcher,3,,
1.32,2011,colv,11colvsesa799,sesa,epalm,2011-06-16,searcher,3,4,float
1.33,2011,colv,11colvsesa800,sesa,epalm,2011-06-16,searcher,4,2,float
1.41,2011,colv,11colvsesa807,sesa,epalm,2011-06-17,searcher,3,0,float
2.03,2011,colv,11colvsesa810,sesa,epalm,2011-06-18,searcher,4,0,float
2.05,2011,colv,11colvsesa812,sesa,epalm,2011-06-18,searcher,4,0,float
2.06,2011,colv,11colvsesa813,sesa,epalm,2011-06-18,searcher,4,6,float
1.4,2011,colv,11colvsesa821,sesa,epalm,2011-06-19,searcher,5,8,float
2.01,2011,colv,11colvsesa823,sesa,epalm,2011-06-19,searcher,4,11,float
2.02,2011,colv,11colvsesa824,sesa,epalm,2011-06-19,searcher,4,7,float
2.11,2011,colv,11colvsesa831,sesa,epalm,2011-06-20,searcher,4,8,float
2.26,2011,colv,11colvsesa901,sesa,bwilkinson,2011-07-01,searcher,4,11,float
2.27,2011,colv,11colvsesa902,sesa,bwilkinson,2011-07-03,searcher,4,11,float
1.07,2012,colv,12colvbbpl025,bbpl,dpavlik,2012-06-09,searcher,4,3,float
3.12,2012,colv,12colvbbpl1012,bbpl,dpavlik,2012-06-28,searcher,4,16,float
2.25,2012,colv,12colvbbpl1014,bbpl,dpavlik,2012-06-29,searcher,4,16,float
3.02,2012,colv,12colvbbpl1109,bbpl,bwilkinson,2012-06-25,searcher,4,13,float
2.15,2012,colv,12colvbbpl1207,bbpl,tdonnelly,2012-06-18,searcher,4,0,float
2.3,2012,colv,12colvbbpl198,bbpl,bwilkinson,2012-06-23,searcher,4,4,float
4.07,2012,colv,12colvdunl1123,dunl,bwilkinson,2012-07-11,searcher,4,10,float
3.15,2012,colv,12colvpesa1117,pesa,bwilkinson,2012-06-29,searcher,4,1,float
3.16,2012,colv,12colvpesa1118,pesa,bwilkinson,2012-06-29,searcher,4,7,float
3.17,2012,colv,12colvpesa1119,pesa,bwilkinson,2012-06-29,searcher,4,8,float
2.05,2012,colv,12colvpesa1758,pesa,vbaranyuk,2012-06-18,searcher,4,1,float
3.07,2012,colv,12colvpesa813,pesa,msmith,2012-06-26,searcher,4,7,float
3.21,2012,colv,12colvpesa820,pesa,msmith,2012-07-02,searcher,4,1,float
4.03,2012,colv,12colvpesa823,pesa,msmith,2012-07-04,searcher,4,8,float
2.27,2012,colv,12colvpesa825,pesa,msmith,2012-07-05,searcher,4,11,float
2.14,2012,colv,12colvreph1212,reph,tdonnelly,2012-06-21,searcher,4,10,float
4.06,2012,colv,12colvrnph1008,rnph,dpavlik,2012-06-19,bander,3,,
2.4,2012,colv,12colvrnph1105,rnph,bwilkinson,2012-06-25,searcher,4,3,float
2.41,2012,colv,12colvrnph1107,rnph,bwilkinson,2012-06-25,searcher,4,12,float
3.03,2012,colv,12colvrnph1110,rnph,bwilkinson,2012-06-25,searcher,4,2,float
3.18,2012,colv,12colvrnph1120,rnph,bwilkinson,2012-06-29,searcher,4,9,float
2.28,2012,colv,12colvrnph1122,rnph,bwilkinson,2012-07-11,searcher,3,,hatch
1.1,2012,colv,12colvrnph124,rnph,bwilkinson,2012-06-11,searcher,3,0,float
2.15,2012,colv,12colvrnph193,rnph,bwilkinson,2012-06-22,searcher,4,0,float
2.36,2012,colv,12colvrnph806,rnph,msmith,2012-06-24,searcher,4,0,float
3.08,2012,colv,12colvrnph814,rnph,msmith,2012-06-26,searcher,3,7,float
4.01,2012,colv,12colvrnph821,rnph,msmith,2012-07-02,searcher,4,14,float
4.02,2012,colv,12colvrnph822,rnph,msmith,2012-07-02,searcher,4,14,float
4.04,2012,colv,12colvrnph824,rnph,msmith,2012-07-04,searcher,4,14,float
4.05,2012,colv,12colvrnph826,rnph,msmith,2012-07-06,searcher,3,14,float
1.15,2012,colv,12colvrutu045,rutu,dpavlik,2012-06-11,searcher,4,3,float
1.37,2012,colv,12colvrutu098,rutu,dpavlik,2012-06-17,searcher,4,11,float
1.38,2012,colv,12colvrutu099,rutu,dpavlik,2012-06-17,searcher,3,10,float
1.39,2012,colv,12colvrutu100,rutu,dpavlik,2012-06-17,searcher,4,15,float
1.4,2012,colv,12colvrutu1001,rutu,dpavlik,2012-06-17,searcher,4,11,float
1.41,2012,colv,12colvrutu1002,rutu,dpavlik,2012-06-17,searcher,4,10,float
2.22,2012,colv,12colvrutu1010,rutu,dpavlik,2012-06-26,searcher,4,,hatch
2.23,2012,colv,12colvrutu1011,rutu,dpavlik,2012-06-27,searcher,4,,hatch
2.33,2012,colv,12colvrutu1779,rutu,vbaranyuk,2012-06-22,searcher,4,15,float
1.02,2012,colv,12colvsesa017,sesa,dpavlik,2012-06-09,searcher,4,1,float
1.03,2012,colv,12colvsesa019,sesa,dpavlik,2012-06-09,searcher,2,0,float
1.04,2012,colv,12colvsesa021,sesa,dpavlik,2012-06-09,searcher,4,1,float
1.05,2012,colv,12colvsesa023,sesa,dpavlik,2012-06-09,searcher,4,1,float
1.06,2012,colv,12colvsesa024,sesa,dpavlik,2012-06-09,searcher,4,1,float
1.05,2012,colv,12colvsesa029,sesa,dpavlik,2012-06-10,searcher,3,0,float
1.14,2012,colv,12colvsesa044,sesa,dpavlik,2012-06-11,searcher,4,2,float
1.16,2012,colv,12colvsesa047,sesa,dpavlik,2012-06-11,searcher,4,0,float
1.14,2012,colv,12colvsesa051,sesa,dpavlik,2012-06-12,searcher,3,3,float
1.17,2012,colv,12colvsesa057,sesa,dpavlik,2012-06-12,searcher,4,0,float
1.18,2012,colv,12colvsesa058,sesa,dpavlik,2012-06-12,searcher,4,5,float
1.2,2012,colv,12colvsesa060,sesa,dpavlik,2012-06-12,searcher,4,1,float
1.2,2012,colv,12colvsesa065,sesa,dpavlik,2012-06-13,searcher,4,1,float
1.21,2012,colv,12colvsesa067,sesa,dpavlik,2012-06-13,searcher,4,5,float
1.28,2012,colv,12colvsesa073,sesa,dpavlik,2012-06-14,searcher,4,2,float
1.29,2012,colv,12colvsesa074,sesa,dpavlik,2012-06-14,searcher,4,2,float
1.31,2012,colv,12colvsesa076,sesa,dpavlik,2012-06-14,searcher,4,1,float
1.32,2012,colv,12colvsesa077,sesa,dpavlik,2012-06-14,searcher,4,2,float
1.35,2012,colv,12colvsesa081,sesa,dpavlik,2012-06-14,searcher,4,3,float
1.27,2012,colv,12colvsesa082,sesa,dpavlik,2012-06-15,searcher,4,8,float
1.28,2012,colv,12colvsesa083,sesa,dpavlik,2012-06-15,searcher,4,5,float
1.29,2012,colv,12colvsesa084,sesa,dpavlik,2012-06-15,searcher,4,5,float
1.3,2012,colv,12colvsesa085,sesa,dpavlik,2012-06-15,searcher,4,2,float
1.31,2012,colv,12colvsesa086,sesa,dpavlik,2012-06-15,searcher,4,2,float
1.32,2012,colv,12colvsesa087,sesa,dpavlik,2012-06-15,bander,4,6,float
1.41,2012,colv,12colvsesa091,sesa,dpavlik,2012-06-16,bander,4,5,float
1.34,2012,colv,12colvsesa095,sesa,dpavlik,2012-06-17,searcher,4,11,float
1.35,2012,colv,12colvsesa096,sesa,dpavlik,2012-06-17,searcher,4,8,float
2.1,2012,colv,12colvsesa1003,sesa,dpavlik,2012-06-18,searcher,4,2,float
2.12,2012,colv,12colvsesa1005,sesa,dpavlik,2012-06-18,bander,4,3,float
2.04,2012,colv,12colvsesa1007,sesa,dpavlik,2012-06-19,searcher,4,9,float
2.39,2012,colv,12colvsesa1104,sesa,bwilkinson,2012-06-25,searcher,4,12,float
3.09,2012,colv,12colvsesa1114,sesa,bwilkinson,2012-06-27,searcher,4,12,float
3.1,2012,colv,12colvsesa1115,sesa,bwilkinson,2012-06-27,searcher,4,10,float
3.19,2012,colv,12colvsesa1121,sesa,bwilkinson,2012-06-29,searcher,4,11,float
1.03,2012,colv,12colvsesa116,sesa,bwilkinson,2012-06-09,searcher,2,,lay
1.04,2012,colv,12colvsesa117,sesa,bwilkinson,2012-06-09,searcher,1,,lay
2.16,2012,colv,12colvsesa1209,sesa,tdonnelly,2012-06-19,searcher,4,2,float
1.17,2012,colv,12colvsesa143,sesa,bwilkinson,2012-06-12,searcher,4,2,float
1.22,2012,colv,12colvsesa146,sesa,bwilkinson,2012-06-13,searcher,4,3,float
1.23,2012,colv,12colvsesa147,sesa,bwilkinson,2012-06-13,searcher,4,3,float
1.26,2012,colv,12colvsesa155,sesa,bwilkinson,2012-06-14,searcher,4,3,float
1.37,2012,colv,12colvsesa159,sesa,bwilkinson,2012-06-15,searcher,4,3,float
1.38,2012,colv,12colvsesa160,sesa,bwilkinson,2012-06-15,searcher,4,2,float
1.33,2012,colv,12colvsesa163,sesa,bwilkinson,2012-06-16,searcher,4,6,float
2.03,2012,colv,12colvsesa165,sesa,bwilkinson,2012-06-17,searcher,4,8,float
2.04,2012,colv,12colvsesa166,sesa,bwilkinson,2012-06-17,searcher,4,11,float
2.05,2012,colv,12colvsesa168,sesa,bwilkinson,2012-06-17,searcher,4,3,float
2.08,2012,colv,12colvsesa171,sesa,bwilkinson,2012-06-17,searcher,4,10,float
2.03,2012,colv,12colvsesa175,sesa,bwilkinson,2012-06-18,searcher,4,11,float
2.18,2012,colv,12colvsesa176,sesa,bwilkinson,2012-06-19,searcher,4,10,float
2.11,2012,colv,12colvsesa1760,sesa,vbaranyuk,2012-06-20,searcher,4,5,float
2.13,2012,colv,12colvsesa1762,sesa,vbaranyuk,2012-06-20,searcher,4,11,float
2.19,2012,colv,12colvsesa177,sesa,bwilkinson,2012-06-19,searcher,4,3,float
2.2,2012,colv,12colvsesa178,sesa,bwilkinson,2012-06-19,searcher,4,10,float
2.06,2012,colv,12colvsesa179,sesa,bwilkinson,2012-06-20,searcher,4,8,float
2.07,2012,colv,12colvsesa181,sesa,bwilkinson,2012-06-20,searcher,4,3,float
2.09,2012,colv,12colvsesa183,sesa,bwilkinson,2012-06-20,searcher,4,10,float
2.1,2012,colv,12colvsesa184,sesa,bwilkinson,2012-06-20,searcher,4,10,float
2.22,2012,colv,12colvsesa186,sesa,bwilkinson,2012-06-21,searcher,4,11,float
2.23,2012,colv,12colvsesa188,sesa,bwilkinson,2012-06-21,searcher,4,10,float
2.28,2012,colv,12colvsesa195,sesa,bwilkinson,2012-06-23,searcher,4,0,float
2.29,2012,colv,12colvsesa197,sesa,bwilkinson,2012-06-23,searcher,4,2,float
2.32,2012,colv,12colvsesa200,sesa,bwilkinson,2012-06-23,searcher,4,8,float
2.25,2012,colv,12colvsesa610,sesa,jkorol,2012-06-21,searcher,4,10,float
2.26,2012,colv,12colvsesa613,sesa,jkorol,2012-06-21,searcher,4,10,float
2.17,2012,colv,12colvsesa615,sesa,jkorol,2012-06-23,searcher,4,11,float
2.18,2012,colv,12colvsesa803,sesa,msmith,2012-06-23,searcher,4,13,float
2.19,2012,colv,12colvsesa810,sesa,msmith,2012-06-25,searcher,4,13,float
2.2,2012,colv,12colvsesa811,sesa,msmith,2012-06-25,searcher,4,13,float
3.06,2012,colv,12colvsesa812,sesa,msmith,2012-06-26,searcher,4,13,float
2.21,2012,colv,12colvstsa1112,stsa,bwilkinson,2012-06-26,searcher,4,12,float
1.21,2013,colv,13colvagpl021,amgp,scarvey,2013-06-14,searcher,4,3,float
2.13,2013,colv,13colvbbpl053,bbpl,scarvey,2013-06-19,searcher,4,6,float
1.24,2013,colv,13colvbbpl132,bbpl,bwilkinson,2013-06-14,searcher,5,13,float
2.05,2013,colv,13colvbbpl149,bbpl,bwilkinson,2013-06-17,searcher,4,13,float
2.06,2013,colv,13colvbbpl150,bbpl,bwilkinson,2013-06-17,searcher,4,13,float
2.13,2013,colv,13colvdunl049,dunl,scarvey,2013-06-18,searcher,4,3,float
2.3,2013,colv,13colvdunl067,dunl,scarvey,2013-06-21,searcher,4,2,float
3.14,2013,colv,13colvdunl084,dunl,scarvey,2013-06-23,searcher,4,11,float
3.34,2013,colv,13colvlbdo099,lbdo,scarvey,2013-07-11,searcher,4,,hatch
3.33,2013,colv,13colvpesa176,pesa,bwilkinson,2013-07-04,searcher,3,1,float
2.25,2013,colv,13colvpesa762,pesa,rharned,2013-06-21,searcher,4,8,float
3.26,2013,colv,13colvpesa776,pesa,rharned,2013-06-26,searcher,4,12,float
2.12,2013,colv,13colvreph047,reph,scarvey,2013-06-18,searcher,4,4,float
2.16,2013,colv,13colvreph057,reph,scarvey,2013-06-19,searcher,4,4,float
2.23,2013,colv,13colvreph066,reph,scarvey,2013-06-20,searcher,3,10,float
2.33,2013,colv,13colvreph070,reph,scarvey,2013-06-21,searcher,4,6,float
2.37,2013,colv,13colvreph075,reph,scarvey,2013-06-21,searcher,4,2,float
3.16,2013,colv,13colvreph086,reph,scarvey,2013-06-23,searcher,4,5,float
3.27,2013,colv,13colvreph093,reph,scarvey,2013-06-27,searcher,4,8,float
3.3,2013,colv,13colvreph098,reph,scarvey,2013-07-01,searcher,3,12,float
3.35,2013,colv,13colvreph100,reph,scarvey,2013-07-11,searcher,3,12,float
3.22,2013,colv,13colvreph169,reph,bwilkinson,2013-06-26,searcher,4,12,float
3.24,2013,colv,13colvreph171,reph,bwilkinson,2013-06-26,searcher,4,10,float
2.24,2013,colv,13colvreph2254,reph,tdonnelly,2013-06-21,searcher,4,12,float
2.27,2013,colv,13colvreph2258,reph,tdonnelly,2013-06-21,searcher,4,3,float
2.28,2013,colv,13colvreph2259,reph,tdonnelly,2013-06-21,searcher,4,2,float
2.32,2013,colv,13colvrnph069,rnph,scarvey,2013-06-21,searcher,4,7,float
1.28,2013,colv,13colvrnph143,rnph,bwilkinson,2013-06-15,searcher,4,0,float
2.2,2013,colv,13colvrnph161,rnph,bwilkinson,2013-06-20,searcher,4,0,float
2.21,2013,colv,13colvrnph162,rnph,bwilkinson,2013-06-20,searcher,3,,
3.23,2013,colv,13colvrnph170,rnph,bwilkinson,2013-06-26,searcher,4,12,float
3.28,2013,colv,13colvrnph173,rnph,bwilkinson,2013-06-28,searcher,4,3,float
2.37,2013,colv,13colvrnph174,rnph,bwilkinson,2013-06-29,searcher,3,5,float
2.25,2013,colv,13colvrnph2256,rnph,tdonnelly,2013-06-21,searcher,4,0,float
2.29,2013,colv,13colvrnph425,rnph,dhw,2013-06-23,searcher,4,0,float
1.29,2013,colv,13colvrnph736,rnph,rharned,2013-06-15,searcher,4,3,float
3.03,2013,colv,13colvrnph767,rnph,rharned,2013-06-22,searcher,4,14,float
3.32,2013,colv,13colvrnph783,rnph,rharned,2013-07-04,searcher,4,7,float
2.18,2013,colv,13colvrutu159,rutu,bwilkinson,2013-06-19,searcher,4,9,float
2.06,2013,colv,13colvrutu753,rutu,rharned,2013-06-18,searcher,4,11,float
3.2,2013,colv,13colvrutu775,rutu,rharned,2013-06-25,searcher,4,12,float
1.17,2013,colv,13colvsesa012,sesa,scarvey,2013-06-13,searcher,2,,
1.16,2013,colv,13colvsesa014,sesa,scarvey,2013-06-14,searcher,4,3,float
1.18,2013,colv,13colvsesa016,sesa,scarvey,2013-06-14,searcher,4,2,float
1.19,2013,colv,13colvsesa017,sesa,scarvey,2013-06-14,searcher,4,3,float
1.2,2013,colv,13colvsesa019,sesa,scarvey,2013-06-14,searcher,4,2,float
1.22,2013,colv,13colvsesa024,sesa,scarvey,2013-06-14,searcher,4,1,float
1.33,2013,colv,13colvsesa025,sesa,scarvey,2013-06-15,searcher,4,3,float
1.34,2013,colv,13colvsesa027,sesa,scarvey,2013-06-15,searcher,4,3,float
1.3,2013,colv,13colvsesa030,sesa,scarvey,2013-06-16,searcher,4,5,float
1.31,2013,colv,13colvsesa032,sesa,scarvey,2013-06-16,searcher,4,5,float
1.32,2013,colv,13colvsesa033,sesa,scarvey,2013-06-16,searcher,4,8,float
1.34,2013,colv,13colvsesa034,sesa,scarvey,2013-06-16,searcher,4,5,float
1.35,2013,colv,13colvsesa035,sesa,scarvey,2013-06-16,searcher,4,5,float
1.37,2013,colv,13colvsesa037,sesa,scarvey,2013-06-16,searcher,4,6,float
2.01,2013,colv,13colvsesa038,sesa,scarvey,2013-06-17,searcher,4,6,float
2.03,2013,colv,13colvsesa040,sesa,scarvey,2013-06-17,searcher,4,2,float
2.04,2013,colv,13colvsesa041,sesa,scarvey,2013-06-17,searcher,4,5,float
2.09,2013,colv,13colvsesa043,sesa,scarvey,2013-06-18,searcher,4,2,float
2.1,2013,colv,13colvsesa044,sesa,scarvey,2013-06-18,searcher,4,11,float
2.11,2013,colv,13colvsesa046,sesa,scarvey,2013-06-18,searcher,4,10,float
2.14,2013,colv,13colvsesa050,sesa,scarvey,2013-06-18,searcher,4,5,float
2.12,2013,colv,13colvsesa051,sesa,scarvey,2013-06-19,searcher,4,1,float
2.19,2013,colv,13colvsesa061,sesa,scarvey,2013-06-20,searcher,4,10,float
2.22,2013,colv,13colvsesa064,sesa,scarvey,2013-06-20,searcher,4,10,float
2.2,2013,colv,13colvsesa065,sesa,scarvey,2013-06-20,searcher,3,,
2.31,2013,colv,13colvsesa068,sesa,scarvey,2013-06-21,searcher,4,8,float
2.35,2013,colv,13colvsesa072,sesa,scarvey,2013-06-21,searcher,4,11,float
2.36,2013,colv,13colvsesa074,sesa,scarvey,2013-06-21,searcher,4,6,float
3.01,2013,colv,13colvsesa079,sesa,scarvey,2013-06-21,searcher,4,10,float
3.12,2013,colv,13colvsesa083,sesa,scarvey,2013-06-23,searcher,4,11,float
3.15,2013,colv,13colvsesa085,sesa,scarvey,2013-06-23,searcher,4,12,float
2.3,2013,colv,13colvsesa087,sesa,scarvey,2013-06-24,searcher,4,12,float
2.31,2013,colv,13colvsesa088,sesa,scarvey,2013-06-24,searcher,4,9,float
3.17,2013,colv,13colvsesa089,sesa,scarvey,2013-06-25,searcher,3,3,float
3.18,2013,colv,13colvsesa090,sesa,scarvey,2013-06-25,searcher,4,12,float
2.35,2013,colv,13colvsesa095,sesa,scarvey,2013-06-28,searcher,4,12,float
1.03,2013,colv,13colvsesa110,sesa,bwilkinson,2013-06-11,searcher,3,8,float
1.1,2013,colv,13colvsesa119,sesa,bwilkinson,2013-06-12,searcher,4,1,float
1.15,2013,colv,13colvsesa125,sesa,bwilkinson,2013-06-12,searcher,3,,hatch
1.15,2013,colv,13colvsesa131,sesa,bwilkinson,2013-06-13,searcher,4,1,float
1.24,2013,colv,13colvsesa138,sesa,bwilkinson,2013-06-15,searcher,4,0,float
1.25,2013,colv,13colvsesa140,sesa,bwilkinson,2013-06-15,searcher,4,1,float
2.1,2013,colv,13colvsesa155,sesa,bwilkinson,2013-06-18,searcher,4,8,float
2.22,2013,colv,13colvsesa163,sesa,bwilkinson,2013-06-20,searcher,4,12,float
3.1,2013,colv,13colvsesa166,sesa,bwilkinson,2013-06-21,searcher,4,10,float
3.11,2013,colv,13colvsesa167,sesa,bwilkinson,2013-06-21,searcher,4,5,float
2.23,2013,colv,13colvsesa2253,sesa,tdonnelly,2013-06-21,searcher,4,2,float
2.29,2013,colv,13colvsesa2262,sesa,tdonnelly,2013-06-21,searcher,4,8,float
1.09,2013,colv,13colvsesa720,sesa,rharned,2013-06-12,searcher,4,1,float
1.11,2013,colv,13colvsesa722,sesa,rharned,2013-06-12,searcher,1,,
1.18,2013,colv,13colvsesa725,sesa,rharned,2013-06-13,searcher,4,3,float
1.2,2013,colv,13colvsesa729,sesa,rharned,2013-06-13,searcher,4,3,float
1.23,2013,colv,13colvsesa733,sesa,rharned,2013-06-13,searcher,4,2,float
1.3,2013,colv,13colvsesa739,sesa,rharned,2013-06-15,searcher,4,4,float
1.31,2013,colv,13colvsesa740,sesa,rharned,2013-06-15,searcher,4,3,float
1.32,2013,colv,13colvsesa741,sesa,rharned,2013-06-15,searcher,4,3,float
1.38,2013,colv,13colvsesa742,sesa,rharned,2013-06-16,searcher,4,8,float
2.02,2013,colv,13colvsesa746,sesa,rharned,2013-06-16,searcher,4,4,float
2.03,2013,colv,13colvsesa747,sesa,rharned,2013-06-16,searcher,4,8,float
1.33,2013,colv,13colvsesa748,sesa,rharned,2013-06-16,searcher,4,3,float
1.36,2013,colv,13colvsesa751,sesa,rharned,2013-06-16,searcher,4,5,float
2.07,2013,colv,13colvsesa754,sesa,rharned,2013-06-18,searcher,4,10,float
2.08,2013,colv,13colvsesa755,sesa,rharned,2013-06-18,searcher,4,10,float
2.15,2013,colv,13colvsesa759,sesa,rharned,2013-06-19,searcher,4,8,float
2.26,2013,colv,13colvsesa763,sesa,rharned,2013-06-21,searcher,4,11,float
2.27,2013,colv,13colvsesa764,sesa,rharned,2013-06-21,searcher,4,11,float
2.28,2013,colv,13colvsesa765,sesa,rharned,2013-06-21,searcher,4,11,float
3.05,2013,colv,13colvsesa770,sesa,rharned,2013-06-22,searcher,4,6,float
3.07,2013,colv,13colvsesa773,sesa,rharned,2013-06-22,searcher,4,12,float
3.13,2013,colv,13colvsesa774,sesa,rharned,2013-06-25,searcher,4,5,float
2.33,2013,colv,13colvsesa778,sesa,rharned,2013-06-27,bander,4,10,float
2.34,2013,colv,13colvsesa779,sesa,rharned,2013-06-27,bander,4,6,float
2.32,2013,colv,13colvsesa780,sesa,rharned,2013-06-28,searcher,4,,
2.53,2014,colv,14colvamgp1011,amgp,agottesman,2014-06-28,searcher,3,0,float
1.23,2014,colv,14colvbbpl052,bbpl,agottesman,2014-06-12,searcher,4,0,float
1.53,2014,colv,14colvbbpl072,bbpl,agottesman,2014-06-15,searcher,4,0,float
1.55,2014,colv,14colvbbpl073,bbpl,agottesman,2014-06-15,searcher,4,0,float
2.11,2014,colv,14colvbbpl099,bbpl,agottesman,2014-06-22,searcher,4,6,float
2.61,2014,colv,14colvbbpl1024,bbpl,agottesman,2014-07-05,searcher,3,13,float
2.43,2014,colv,14colvbbpl1204,bbpl,tdonnelly,2014-06-27,searcher,4,12,float
1.17,2014,colv,14colvdunl041,dunl,agottesman,2014-06-12,searcher,4,0,float
1.51,2014,colv,14colvdunl1126,dunl,lburlingame,2014-06-14,searcher,4,0,float
2.41,2014,colv,14colvdunl1162,dunl,lburlingame,2014-06-25,searcher,4,14,float
2.27,2014,colv,14colvpesa1003,pesa,agottesman,2014-06-25,searcher,4,11,float
2.51,2014,colv,14colvpesa1010,pesa,agottesman,2014-06-28,searcher,4,13,float
2.65,2014,colv,14colvpesa1026,pesa,agottesman,2014-07-07,searcher,4,4,float
2.47,2014,colv,14colvpesa1206,pesa,tdonnelly,2014-06-27,searcher,4,5,float
2.67,2014,colv,14colvpesa2106,pesa,lburlingame,2014-07-08,searcher,4,13,float
1.51,2014,colv,14colvpesa252,pesa,tdonnelly,2014-06-14,searcher,4,1,float
1.03,2014,colv,14colvreph024,reph,agottesman,2014-06-10,searcher,4,1,float
1.19,2014,colv,14colvreph045,reph,agottesman,2014-06-12,searcher,4,0,float
1.33,2014,colv,14colvreph056,reph,agottesman,2014-06-13,searcher,4,0,float
1.39,2014,colv,14colvreph065,reph,agottesman,2014-06-14,searcher,4,1,float
3.07,2014,colv,14colvreph1025,reph,agottesman,2014-07-06,searcher,4,,hatch
3.19,2014,colv,14colvreph1030,reph,agottesman,2014-07-09,searcher,3,,hatch
3.21,2014,colv,14colvreph1031,reph,agottesman,2014-07-11,searcher,3,,hatch
2.45,2014,colv,14colvreph1153,reph,lburlingame,2014-06-24,searcher,4,16,float
2.47,2014,colv,14colvreph1154,reph,lburlingame,2014-06-24,searcher,3,2,float
2.51,2014,colv,14colvreph1156,reph,lburlingame,2014-06-25,searcher,4,6,float
2.55,2014,colv,14colvreph1158,reph,lburlingame,2014-06-25,searcher,3,9,float
1.01,2014,colv,14colvreph207,reph,tdonnelly,2014-06-09,searcher,1,,lay
1.27,2014,colv,14colvreph232,reph,tdonnelly,2014-06-12,searcher,4,0,float
1.27,2014,colv,14colvreph237,reph,tdonnelly,2014-06-13,searcher,1,,
1.77,2014,colv,14colvreph275,reph,tdonnelly,2014-06-17,searcher,4,5,float
1.79,2014,colv,14colvreph276,reph,tdonnelly,2014-06-17,searcher,3,6,float
2.13,2014,colv,14colvreph285,reph,tdonnelly,2014-06-20,searcher,4,7,float
2.17,2014,colv,14colvreph287,reph,tdonnelly,2014-06-20,searcher,4,6,float
2.37,2014,colv,14colvreph294,reph,tdonnelly,2014-06-22,searcher,4,12,float
2.49,2014,colv,14colvreph299,reph,tdonnelly,2014-06-25,searcher,4,12,float
3.01,2014,colv,14colvreph421,reph,dward,2014-07-04,searcher,4,11,float
1.77,2014,colv,14colvreph701,reph,cgalasso,2014-06-19,searcher,4,6,float
2.43,2014,colv,14colvrnph100,rnph,agottesman,2014-06-24,searcher,4,1,float
2.55,2014,colv,14colvrnph1020,rnph,agottesman,2014-06-30,searcher,4,14,float
2.59,2014,colv,14colvrnph1023,rnph,agottesman,2014-07-05,searcher,3,17,float
2.71,2014,colv,14colvrnph1033,rnph,agottesman,2014-07-18,searcher,4,,hatch
2.39,2014,colv,14colvrnph1161,rnph,lburlingame,2014-06-25,searcher,4,4,float
2.45,2014,colv,14colvrnph1205,rnph,tdonnelly,2014-06-27,searcher,3,2,float
2.49,2014,colv,14colvrnph1207,rnph,tdonnelly,2014-06-27,searcher,4,14,float
3.13,2014,colv,14colvrnph451,rnph,dward,2014-07-08,searcher,3,,hatch
1.75,2014,colv,14colvrutu082,rutu,agottesman,2014-06-16,searcher,4,6,float
2.27,2014,colv,14colvrutu092,rutu,agottesman,2014-06-21,searcher,4,13,float
2.69,2014,colv,14colvrutu1016,rutu,agottesman,2014-06-29,searcher,4,6,float
2.31,2014,colv,14colvrutu1201,rutu,tdonnelly,2014-06-25,searcher,3,15,float
2.33,2014,colv,14colvrutu1202,rutu,tdonnelly,2014-06-25,searcher,4,12,float
2.35,2014,colv,14colvrutu1203,rutu,tdonnelly,2014-06-25,searcher,1,15,float
1.07,2014,colv,14colvrutu212,rutu,tdonnelly,2014-06-10,searcher,4,0,float
1.25,2014,colv,14colvrutu236,rutu,tdonnelly,2014-06-13,searcher,3,,
2.29,2014,colv,14colvrutu300,rutu,tdonnelly,2014-06-25,searcher,4,15,float
1.13,2014,colv,14colvsesa032,sesa,agottesman,2014-06-11,searcher,4,0,float
1.15,2014,colv,14colvsesa034,sesa,agottesman,2014-06-11,searcher,4,0,float
1.21,2014,colv,14colvsesa050,sesa,agottesman,2014-06-12,searcher,4,0,float
1.35,2014,colv,14colvsesa057,sesa,agottesman,2014-06-13,searcher,4,1,float
1.39,2014,colv,14colvsesa061,sesa,agottesman,2014-06-13,searcher,4,0,float
1.37,2014,colv,14colvsesa063,sesa,agottesman,2014-06-14,searcher,4,1,float
1.59,2014,colv,14colvsesa075,sesa,agottesman,2014-06-15,searcher,4,1,float
1.71,2014,colv,14colvsesa080,sesa,agottesman,2014-06-16,searcher,4,4,float
1.73,2014,colv,14colvsesa081,sesa,agottesman,2014-06-16,searcher,4,5,float
1.69,2014,colv,14colvsesa084,sesa,agottesman,2014-06-17,searcher,4,3,float
2.05,2014,colv,14colvsesa085,sesa,agottesman,2014-06-18,searcher,4,11,float
2.07,2014,colv,14colvsesa086,sesa,agottesman,2014-06-18,searcher,4,11,float
1.81,2014,colv,14colvsesa091,sesa,agottesman,2014-06-20,searcher,4,12,float
2.35,2014,colv,14colvsesa096,sesa,agottesman,2014-06-21,searcher,4,11,float
2.09,2014,colv,14colvsesa098,sesa,agottesman,2014-06-22,searcher,4,11,float
1.45,2014,colv,14colvsesa1123,sesa,lburlingame,2014-06-14,searcher,4,1,float
1.47,2014,colv,14colvsesa1124,sesa,lburlingame,2014-06-14,searcher,4,1,float
2.41,2014,colv,14colvsesa1136,sesa,lburlingame,2014-06-16,searcher,4,4,float
2.13,2014,colv,14colvsesa1149,sesa,lburlingame,2014-06-22,searcher,4,11,float
2.15,2014,colv,14colvsesa1151,sesa,lburlingame,2014-06-23,searcher,4,9,float
1.19,2014,colv,14colvsesa165,sesa,lburlingame,2014-06-11,searcher,4,0,float
1.21,2014,colv,14colvsesa166,sesa,lburlingame,2014-06-11,searcher,4,0,float
1.09,2014,colv,14colvsesa214,sesa,tdonnelly,2014-06-10,searcher,4,0,float
1.11,2014,colv,14colvsesa215,sesa,tdonnelly,2014-06-10,searcher,2,,
1.29,2014,colv,14colvsesa235,sesa,tdonnelly,2014-06-12,searcher,4,0,float
1.43,2014,colv,14colvsesa248,sesa,tdonnelly,2014-06-14,searcher,4,1,float
1.47,2014,colv,14colvsesa250,sesa,tdonnelly,2014-06-14,searcher,4,2,float
1.49,2014,colv,14colvsesa251,sesa,tdonnelly,2014-06-14,searcher,4,1,float
1.53,2014,colv,14colvsesa252,sesa,tdonnelly,2014-06-15,searcher,3,2,float
1.55,2014,colv,14colvsesa254,sesa,tdonnelly,2014-06-15,searcher,4,2,float
1.57,2014,colv,14colvsesa255,sesa,tdonnelly,2014-06-15,searcher,4,3,float
1.59,2014,colv,14colvsesa256,sesa,tdonnelly,2014-06-15,searcher,4,3,float
1.61,2014,colv,14colvsesa258,sesa,tdonnelly,2014-06-15,searcher,4,2,float
1.81,2014,colv,14colvsesa277,sesa,tdonnelly,2014-06-17,searcher,4,11,float
1.71,2014,colv,14colvsesa280,sesa,tdonnelly,2014-06-18,searcher,4,14,float
1.73,2014,colv,14colvsesa281,sesa,tdonnelly,2014-06-18,searcher,4,10,float
1.75,2014,colv,14colvsesa282,sesa,tdonnelly,2014-06-18,searcher,4,10,float
2.09,2014,colv,14colvsesa283,sesa,tdonnelly,2014-06-19,searcher,4,6,float
2.19,2014,colv,14colvsesa288,sesa,tdonnelly,2014-06-20,searcher,4,8,float
2.23,2014,colv,14colvsesa290,sesa,tdonnelly,2014-06-20,searcher,4,11,float
2.01,2014,colv,14colvsesa315,sesa,khogrefe,2014-06-20,searcher,4,11,float
2.17,2014,colv,14colvsesa401,sesa,dward,2014-06-23,searcher,4,11,float
2.19,2014,colv,14colvsesa402,sesa,dward,2014-06-23,searcher,4,12,float
2.21,2014,colv,14colvsesa404,sesa,dward,2014-06-24,searcher,4,11,float
2.77,2014,colv,14colvsesa419,sesa,dward,2014-07-03,searcher,4,13,float
3.09,2014,colv,14colvsesa449,sesa,dward,2014-07-07,searcher,4,12,float
1.13,2014,colv,14colvsesa824,sesa,druthrauff,2014-06-11,searcher,4,4,float
1.63,2014,colv,14colvsesa878,sesa,druthrauff,2014-06-16,searcher,4,4,float
1.65,2014,colv,14colvsesa879,sesa,druthrauff,2014-06-16,searcher,4,3,float
1.67,2014,colv,14colvsesa880,sesa,druthrauff,2014-06-16,searcher,4,8,float
1.09,2014,colv,14colvsesas226,sesa,tdonnelly,2014-06-11,searcher,4,0,float
,2010,eaba,10eababba02,bbpl,eaba_crew,2010-06-21,searcher,4,22,float
,2010,eaba,10eababba03,bbpl,eaba_crew,2010-06-26,searcher,4,20.4,float
,2010,eaba,10eababba05,bbpl,eaba_crew,2010-06-29,searcher,4,19.8,float
,2010,eaba,10eababbk02,bbpl,eaba_crew,2010-06-30,searcher,4,18.4,float
,2010,eaba,10eababbk03,bbpl,eaba_crew,2010-07-01,searcher,4,20.5,float
,2010,eaba,10eababbm01,bbpl,eaba_crew,2010-06-30,searcher,4,15.8,float
,2010,eaba,10eababbm02,bbpl,eaba_crew,2010-07-02,searcher,4,14.2,float
,2010,eaba,10eababbp01,bbpl,eaba_crew,2010-06-20,searcher,4,23,float
,2010,eaba,10eababbp02,bbpl,eaba_crew,2010-06-20,searcher,4,23,float
,2010,eaba,10eabadud01,dunl,eaba_crew,2010-06-20,searcher,4,16,float
,2010,eaba,10eabadudm01,dunl,eaba_crew,2010-06-24,searcher,4,18,float
,2010,eaba,10eabadudmo2,dunl,eaba_crew,2010-06-30,searcher,4,13.6,float
,2010,eaba,10eabapaja01,paja,eaba_crew,2010-06-19,searcher,2,,
,2010,eaba,10eabapaja02,paja,eaba_crew,2010-06-21,searcher,2,,
,2010,eaba,10eabarpa01,reph,eaba_crew,2010-06-24,searcher,,,
,2010,eaba,10eabarpa02,reph,eaba_crew,2010-06-25,searcher,4,15.4,float
,2010,eaba,10eabarpa06,reph,eaba_crew,2010-07-07,searcher,4,9.8,float
,2010,eaba,10eabarpdm04,reph,eaba_crew,2010-07-08,searcher,4,11.1,float
,2010,eaba,10eabarpk01,reph,eaba_crew,2010-06-22,searcher,4,17,float
,2010,eaba,10eabarpk04,reph,eaba_crew,2010-07-07,searcher,4,15,float
,2010,eaba,10eabarpk05,reph,eaba_crew,2010-07-08,searcher,4,19,float
,2010,eaba,10eabarpk09,reph,eaba_crew,2010-07-08,searcher,4,13,float
,2010,eaba,10eabarpk10,reph,eaba_crew,2010-07-09,searcher,4,16,float
,2010,eaba,10eabarpk11,reph,eaba_crew,2010-07-11,searcher,4,16.5,float
,2010,eaba,10eabarpm03,reph,eaba_crew,2010-07-09,searcher,4,18.1,float
,2010,eaba,10eabarua01,rutu,eaba_crew,2010-06-19,searcher,4,16.9,float
,2010,eaba,10eabarua02,rutu,eaba_crew,2010-06-27,searcher,4,18,float
,2010,eaba,10eabarua03,rutu,eaba_crew,2010-06-27,searcher,4,18,float
,2010,eaba,10eabarua04,rutu,eaba_crew,2010-06-28,searcher,4,17.3,float
,2010,eaba,10eabarua05,rutu,eaba_crew,2010-07-03,searcher,4,10.9,float
,2010,eaba,10eabarudm01,rutu,eaba_crew,2010-06-22,searcher,4,19.4,float
,2010,eaba,10eabarudm02,rutu,eaba_crew,2010-06-28,searcher,4,14.6,float
,2010,eaba,10eabarudm03,rutu,eaba_crew,2010-06-28,searcher,4,17.3,float
,2010,eaba,10eabarudm05,rutu,eaba_crew,2010-07-03,searcher,4,16.2,float
,2010,eaba,10eabarudm06,rutu,eaba_crew,2010-07-03,searcher,3,10.9,float
,2010,eaba,10eabarudm07,rutu,eaba_crew,2010-07-03,searcher,4,19.4,float
,2010,eaba,10eabarudm08,rutu,eaba_crew,2010-07-03,searcher,4,15.8,float
,2010,eaba,10eabarudmo4,rutu,eaba_crew,2010-06-30,searcher,4,10.9,float
,2010,eaba,10eabaruk01,rutu,eaba_crew,2010-06-24,searcher,4,17.8,float
,2010,eaba,10eabaruk02,rutu,eaba_crew,2010-06-25,searcher,4,18.4,float
,2010,eaba,10eabaruk03,rutu,eaba_crew,2010-06-26,searcher,4,15.8,float
,2010,eaba,10eabaruk04,rutu,eaba_crew,2010-06-28,searcher,4,10.9,float
,2010,eaba,10eabaruk05,rutu,eaba_crew,2010-06-28,searcher,4,18.4,float
,2010,eaba,10eabaruk07,rutu,eaba_crew,2010-07-03,searcher,4,10.4,float
,2010,eaba,10eabaruk08,rutu,eaba_crew,2010-07-03,searcher,4,10.4,float
,2010,eaba,10eabaruk09,rutu,eaba_crew,2010-07-03,searcher,4,10.4,float
,2010,eaba,10eabaruk10,rutu,eaba_crew,2010-07-05,searcher,4,10,float
,2010,eaba,10eabaruk11,rutu,eaba_crew,2010-07-05,searcher,4,10,float
,2010,eaba,10eabarum01,rutu,eaba_crew,2010-06-20,searcher,4,15,float
,2010,eaba,10eabarum02/rup01,rutu,eaba_crew,2010-06-21,searcher,4,18,float
,2010,eaba,10eabarum03,rutu,eaba_crew,2010-06-28,searcher,4,10.9,float
,2010,eaba,10eabasaa01,sand,eaba_crew,2010-06-25,searcher,4,20.9,float
,2010,eaba,10eabasea01,sepl,eaba_crew,2010-06-24,searcher,4,20,float
,2010,eaba,10eabasedm01,sepl,eaba_crew,2010-07-03,searcher,4,18.4,float
,2010,eaba,10eabasek01,sepl,eaba_crew,2010-07-03,searcher,4,13.2,float
,2010,eaba,10eabawra02,wrsa,eaba_crew,2010-06-25,searcher,4,17.2,float
,2010,eaba,10eabawra04,wrsa,eaba_crew,2010-07-03,searcher,4,22,float
,2010,eaba,10eabawrd01,wrsa,eaba_crew,2010-06-19,searcher,4,17.2,float
,2010,eaba,10eabawrd02,wrsa,eaba_crew,2010-06-19,searcher,4,9.5,float
,2010,eaba,10eabawrd04,wrsa,eaba_crew,2010-06-20,searcher,4,25,float
,2010,eaba,10eabawrd05,wrsa,eaba_crew,2010-06-20,searcher,4,25,float
,2010,eaba,10eabawrd06,wrsa,eaba_crew,2010-06-21,searcher,4,22,float
,2010,eaba,10eabawrdm01,wrsa,eaba_crew,2010-06-20,searcher,4,21.6,float
,2010,eaba,10eabawrdm02,wrsa,eaba_crew,2010-06-25,searcher,4,20.4,float
,2010,eaba,10eabawrk04,wrsa,eaba_crew,2010-07-05,searcher,4,14,float
,2010,eaba,10eabawrk05,wrsa,eaba_crew,2010-07-09,searcher,4,11,float
,2010,eaba,10eabawrm01,wrsa,eaba_crew,2010-06-25,searcher,4,16.9,float
,2010,eaba,10eabawrm02,wrsa,eaba_crew,2010-06-27,searcher,4,14,float
,2010,eaba,10eabawrm06,wrsa,eaba_crew,2010-06-30,searcher,4,19.4,float
,2010,eaba,10eabawrm08,wrsa,eaba_crew,2010-07-06,searcher,4,15,float
,2010,eaba,10eabawrp01,wrsa,eaba_crew,2010-06-20,searcher,4,19,float
,2010,eaba,10eabawrp02,wrsa,eaba_crew,2010-06-20,searcher,4,18,float
,2010,eaba,10eabawrp03,wrsa,eaba_crew,2010-06-20,searcher,4,15,float
,2010,eaba,10eabawrp04,wrsa,eaba_crew,2010-06-20,searcher,4,17,float
,2010,eaba,10eabawrp05,wrsa,eaba_crew,2010-06-21,searcher,4,18,float
,2011,eaba,11eaba,wrsa,,2011-07-10,searcher,4,,
,2011,eaba,11eabaagc01,amgp,,2011-06-24,searcher,4,6,float
,2011,eaba,11eabaagv01,amgp,,2011-06-25,searcher,3,3,float
,2011,eaba,11eababbc02,bbpl,,2011-06-24,searcher,4,4,float
,2011,eaba,11eababsv01,wrsa,,2011-07-07,searcher,4,2,float
,2011,eaba,11eabaduh01,dunl,,2011-06-28,searcher,3,2,float
,2011,eaba,11eabaduv01,dunl,,2011-06-29,searcher,4,5,float
,2011,eaba,11eabarpc01,reph,,2011-07-08,searcher,4,4,float
,2011,eaba,11eabarpc02,reph,,2011-07-08,searcher,3,4,float
,2011,eaba,11eabarpc03,reph,,2011-07-09,searcher,4,6,float
,2011,eaba,11eabarph04,reph,,2011-07-04,searcher,4,5,float
,2011,eaba,11eabarph05,reph,,2011-07-05,searcher,4,4,float
,2011,eaba,11eabarph06,reph,,2011-07-06,searcher,3,4,float
,2011,eaba,11eabarph07,reph,,2011-07-08,searcher,4,4,float
,2011,eaba,11eabarph08,reph,,2011-07-13,searcher,4,5,float
,2011,eaba,11eabarpm02,reph,,2011-07-07,searcher,4,4,float
,2011,eaba,11eabarth07,rutu,,2011-07-15,searcher,4,12,float
,2011,eaba,11eabartm01,rutu,,2011-06-26,searcher,4,3,float
,2011,eaba,11eabaspc01,sepl,,2011-06-29,searcher,4,4,float
,2011,eaba,11eabaspc02,sepl,,2011-06-30,searcher,4,9,float
,2011,eaba,11eabasph04,sepl,,2011-06-29,searcher,4,7,float
,2011,eaba,11eabasph05,sepl,,2011-06-29,searcher,4,6,float
,2011,eaba,11eabaspm01,sepl,,2011-06-26,searcher,3,0,float
,2011,eaba,11eabaspm02,sepl,,2011-06-26,searcher,4,8,float
,2011,eaba,11eabaspm03,sepl,,2011-06-30,searcher,4,2,float
,2011,eaba,11eabaspv01,sepl,,2011-06-28,searcher,4,9,float
,2011,eaba,11eabawrc01,wrsa,,2011-06-24,searcher,4,4,float
,2011,eaba,11eabawrc03,wrsa,,2011-07-13,searcher,4,2,float
,2011,eaba,11eabawrc04,wrsa,,2011-07-13,searcher,3,2,float
,2011,eaba,11eabawrc05,wrsa,,2011-07-13,searcher,4,11,float
,2011,eaba,11eabawrc06,wrsa,,2011-07-19,searcher,4,2,float
,2011,eaba,11eabawrc07,wrsa,,2011-07-19,searcher,3,11,float
,2011,eaba,11eabawrh02,wrsa,,2011-07-05,searcher,4,3,float
,2011,eaba,11eabawrh03,wrsa,,2011-07-05,searcher,3,3,float
,2011,eaba,11eabawrh04,wrsa,,2011-07-06,searcher,4,3,float
,2011,eaba,11eabawrh05,wrsa,,2011-07-16,searcher,3,3,float
,2011,eaba,11eabawrh06,wrsa,,2011-07-19,searcher,4,3,float
,2011,eaba,11eabawrh07,wrsa,,2011-07-19,searcher,4,12,float
,2011,eaba,11eabawrm01,wrsa,,2011-06-20,searcher,4,3,float
,2011,eaba,11eabawrm04,wrsa,,2011-07-02,searcher,4,5,float
,2011,eaba,11eabawrm06,wrsa,,2011-07-10,searcher,3,0,float
3.2,2012,eaba,12eababba02,bbpl,akprimeau,2012-07-05,searcher,4,3.5,float
1.16,2012,eaba,12eababbm01,bbpl,mmccloskey,2012-06-28,searcher,4,3,float
,2012,eaba,12eabaduk01,dunl,kward,2012-06-27,searcher,1,,lay
1.6,2012,eaba,12eabadum01,dunl,mmccloskey,2012-06-21,searcher,4,1,float
1.32,2012,eaba,12eabarpm01,reph,mmccloskey,2012-07-11,searcher,4,3,float
4.23,2012,eaba,12eabarpn01,reph,nmanintveld,2012-06-30,searcher,1,,lay
4.33,2012,eaba,12eabarpn02,reph,nmanintveld,2012-07-06,searcher,4,10,float
4.41,2012,eaba,12eabarpn03,reph,nmanintveld,2012-07-13,searcher,4,8,float
4.41,2012,eaba,12eabarpn04,reph,nmanintveld,2012-07-13,searcher,4,,hatch
2.33,2012,eaba,12eabaruk01,rutu,kward,2012-07-05,searcher,2,-2,float
2.37,2012,eaba,12eabaruk04,rutu,kward,2012-07-09,searcher,4,8,float
,2012,eaba,12eabarup02,rutu,psmith,2012-06-21,searcher,4,1,float
,2012,eaba,12eabarup04,rutu,psmith,2012-06-24,searcher,1,,lay
2.14,2012,eaba,12eabasek01,sepl,kward,2012-06-20,searcher,2,-2,float
2.38,2012,eaba,12eabasek02,sepl,kward,2012-07-09,searcher,4,15,float
2.39,2012,eaba,12eabasek03,sepl,kward,2012-07-10,searcher,2,11,float
2.4,2012,eaba,12eabasek04,sepl,kward,2012-07-11,searcher,2,unknown,float
1.29,2012,eaba,12eabasem01,sepl,mmccloskey,2012-07-09,searcher,3,3,float
1.3,2012,eaba,12eabasem02,sepl,mmccloskey,2012-07-10,searcher,3,11,float
4.34,2012,eaba,12eabasen02,sepl,nmanintveld,2012-07-10,searcher,4,15,float
3.4,2012,eaba,12eabassa01,sesa,akprimeau,2012-07-09,searcher,2,-2,float
1.16,2012,eaba,12eabassm01,sesa,mmccloskey,2012-06-28,searcher,4,2,float
,2012,eaba,12eabawra01,wrsa,akprimeau,2012-06-21,searcher,4,0,float
3.1,2012,eaba,12eabawra03,wrsa,akprimeau,2012-07-04,searcher,4,2,float
3.1,2012,eaba,12eabawra04,wrsa,akprimeau,2012-07-05,searcher,4,3,float
3.8,2012,eaba,12eabawra06,wrsa,akprimeau,2012-07-11,searcher,4,4,float
3.1,2012,eaba,12eabawra07,wrsa,akprimeau,2012-07-11,searcher,3,7,float
2.19,2012,eaba,12eabawrk01,wrsa,kward,2012-06-24,searcher,4,0,float
2.2,2012,eaba,12eabawrk03,wrsa,kward,2012-06-24,searcher,4,0,float
2.43,2012,eaba,12eabawrk04,wrsa,kward,2012-07-16,searcher,4,12,float
,2012,eaba,12eabawrk05,wrsa,kward,2012-07-25,searcher,,,
4.31,2012,eaba,12eabawrm01,wrsa,mmccloskey,2012-07-06,searcher,4,4,float
1.29,2012,eaba,12eabawrm02,wrsa,mmccloskey,2012-07-09,searcher,1,,lay
1.31,2012,eaba,12eabawrm03,wrsa,mmccloskey,2012-07-11,searcher,2,,lay
1.34,2012,eaba,12eabawrm04,wrsa,mmccloskey,2012-07-18,searcher,2,10,float
4.26,2012,eaba,12eabawrn01,wrsa,nmanintveld,2012-07-03,searcher,2,-2,float
,2013,eaba,13eababba01,bbpl,,2013-06-25,searcher,4,3,float
,2013,eaba,13eababba04,bbpl,,2013-06-27,searcher,4,3,float
,2013,eaba,13eababbs01,bbpl,,2013-06-24,searcher,2,,
,2013,eaba,13eabadue01,dunl,,2013-07-01,searcher,2,,
,2013,eaba,13eabarpa01,reph,,2013-06-27,searcher,4,2,float
,2013,eaba,13eabarpa05,reph,,2013-07-02,searcher,1,,
,2013,eaba,13eabarpe04,reph,,2013-07-04,searcher,3,,
,2013,eaba,13eabarpl01,reph,,2013-07-02,searcher,3,,
,2013,eaba,13eabarps03,reph,,2013-07-04,searcher,4,5,float
,2013,eaba,13eabarps05,reph,,2013-07-12,searcher,4,1,float
,2013,eaba,13eabarue01,rutu,,2013-07-03,searcher,4,11,float
,2013,eaba,13eabarus03,rutu,,2013-07-09,searcher,4,4,float
,2013,eaba,13eabasee01,sesa,,2013-07-01,searcher,4,,float
,2013,eaba,13eabasee02,sesa,,2013-07-02,searcher,4,8,float
,2013,eaba,13eabaspl01,sepl,,2013-06-25,searcher,4,4,float
,2013,eaba,13eabaspl02,sepl,,2013-06-27,searcher,4,10,float
,2013,eaba,13eabawra02,wrsa,,2013-06-25,searcher,4,7,float
,2013,eaba,13eabawra03,wrsa,,2013-06-25,searcher,4,6,float
,2013,eaba,13eabawra04,wrsa,,2013-07-02,searcher,1,,lay
,2013,eaba,13eabawra05,wrsa,,2013-07-07,searcher,4,4,float
,2013,eaba,13eabawra06,wrsa,,2013-07-08,searcher,4,10,float
,2013,eaba,13eabawra07,wrsa,,2013-07-11,searcher,3,4,float
,2013,eaba,13eabawra08,wrsa,,2013-07-12,searcher,2,,
,2013,eaba,13eabawre01,wrsa,,2013-07-01,searcher,4,,float
,2013,eaba,13eabawre02,wrsa,,2013-07-01,searcher,4,,
,2013,eaba,13eabawre03,wrsa,,2013-07-04,searcher,4,10,float
,2013,eaba,13eabawre04,wrsa,,2013-07-10,searcher,4,,
,2013,eaba,13eabawre05,wrsa,,2013-07-10,searcher,3,,
,2013,eaba,13eabawrl01,wrsa,,2013-06-21,searcher,4,,hatch
,2013,eaba,13eabawrl02,wrsa,,2013-06-27,searcher,4,3,float
,2013,eaba,13eabawrl03,wrsa,,2013-07-04,searcher,4,4,float
,2013,eaba,13eabawrl04,wrsa,,2013-07-06,searcher,4,12,float
,2013,eaba,13eabawrl05,wrsa,,2013-07-18,searcher,4,10,float
,2013,eaba,13eabawrl06,wrsa,,2013-07-19,searcher,3,10,float
,2013,eaba,13eabawrs01,wrsa,,2013-06-21,searcher,3,,lay
,2013,eaba,13eabawrs02,wrsa,,2013-06-28,searcher,5,3,float
,2013,eaba,13eabawrs03,wrsa,,2013-07-01,searcher,4,10,float
,2013,eaba,13eabawrs04,wrsa,,2013-07-02,searcher,4,10,float
,2013,eaba,13eabawrs05,wrsa,,2013-07-08,searcher,4,14,float
,2013,iglo,13igloamgp046,amgp,nlecomte,2013-07-10,searcher,4,,
,2013,iglo,13igloamgp047,amgp,nlecomte,2013-07-10,searcher,4,20,float
,2013,iglo,13igloamgp048,amgp,nlecomte,2013-07-11,searcher,4,,
,2013,iglo,13iglobasa021,basa,nlecomte,2013-07-14,rope,4,11,float
,2013,iglo,13iglobbpl001,bbpl,nlecomte,2013-07-08,searcher,4,14,float
,2013,iglo,13igloreph001,reph,mgiroux,2013-07-05,rope,4,7,float
,2013,iglo,13igloreph002,reph,nlecomte,2013-07-03,searcher,4,4,float
,2013,iglo,13igloreph004,reph,mgiroux,2013-07-08,rope,4,11,float
,2013,iglo,13igloreph021,reph,mgiroux,2013-06-27,searcher,3,6,float
,2013,iglo,13igloreph023,reph,nlecomte,2013-06-29,searcher,4,5,float
,2013,iglo,13igloreph024,reph,mgiroux,2013-06-29,searcher,4,14,float
,2013,iglo,13igloreph025,reph,mgiroux,2013-06-29,searcher,4,,
,2013,iglo,13igloreph026,reph,mgiroux,2013-07-06,rope,3,8,float
,2013,iglo,13igloreph027,reph,mgiroux,2013-07-06,rope,4,4,float
,2013,iglo,13igloreph028,reph,nlecomte,2013-07-08,rope,4,,
,2013,iglo,13iglorutu001,rutu,mgiroux,2013-07-13,searcher,4,,hatch
,2013,iglo,13iglosesa020,sesa,mgiroux,2013-06-22,searcher,4,,
,2013,iglo,13iglosesa021,sesa,mgiroux,2013-06-27,searcher,4,9,float
,2013,iglo,13iglosesa023,sesa,nlecomte,2013-06-29,rope,4,2,float
,2013,iglo,13iglowrsa001,wrsa,nlecomte,2013-07-07,rope,4,5,float
,2013,iglo,13iglowrsa002,wrsa,nlecomte,2013-07-07,rope,2,11,float
,2013,iglo,13iglowrsa003,wrsa,mgiroux,2013-07-15,rope,4,,
,2013,iglo,13iglowrsa021,wrsa,mgiroux,2013-06-27,searcher,4,3,float
,2014,iglo,14igloamgp.14.004,amgp,mcfrenette,2014-07-12,searcher,4,17,float
,2014,iglo,14igloamgp.14.101,amgp,magiroux,2014-06-29,searcher,4,6,float
,2014,iglo,14iglobasa.14.002,basa,mcfrenette,2014-07-06,searcher,4,6,float
,2014,iglo,14iglobbpl.14.001,bbpl,mcfrenette,2014-06-29,searcher,4,2,float
,2014,iglo,14iglobbpl.14.051,bbpl,mtrottierpaquet,2014-06-27,searcher,4,2,float
,2014,iglo,14iglobbpl.14.052,bbpl,mtrottierpaquet,2014-07-06,searcher,4,10,float
,2014,iglo,14iglodunl.14.151,dunl,nlecomte,2014-07-06,searcher,4,16,float
,2014,iglo,14iglopesa.14.001,pesa,mcfrenette,2014-06-29,searcher,4,3,float
,2014,iglo,14iglopusa.14.001,pusa,mcfrenette,2014-06-25,searcher,3,,lay
,2014,iglo,14igloreph.14.001,reph,mcfrenette,2014-06-28,searcher,4,6,float
,2014,iglo,14igloreph.14.004,reph,mcfrenette,2014-07-06,searcher,4,10,float
,2014,iglo,14igloreph.14.005,reph,mcfrenette,2014-07-04,searcher,4,1,float
,2014,iglo,14igloreph.14.006,reph,mcfrenette,2014-07-10,searcher,4,4,float
,2014,iglo,14igloreph.14.051,reph,mtrottierpaquet,2014-06-24,searcher,4,,lay
,2014,iglo,14igloreph.14.053,reph,mtrottierpaquet,2014-06-29,searcher,3,4,float
,2014,iglo,14igloreph.14.055,reph,mtrottierpaquet,2014-07-04,rope,4,2,float
,2014,iglo,14igloreph.14.056,reph,mtrottierpaquet,2014-07-04,rope,4,3,float
,2014,iglo,14igloreph.14.102,reph,magiroux,2014-06-27,searcher,4,3,float
,2014,iglo,14igloreph.14.104,reph,magiroux,2014-07-01,rope,4,5,float
,2014,iglo,14igloreph.14.106,reph,magiroux,2014-07-04,rope,4,3,float
,2014,iglo,14igloreph.14.107,reph,magiroux,2014-07-04,rope,4,3,float
,2014,iglo,14igloreph.14.151,reph,nlecomte,2014-07-02,searcher,4,3,float
,2014,iglo,14igloreph.14.152,reph,nlecomte,2014-07-02,searcher,4,3,float
,2014,iglo,14iglorutu.14.001,rutu,mcfrenette,2014-06-24,searcher,4,8,float
,2014,iglo,14iglorutu.14.002,rutu,mcfrenette,2014-06-25,searcher,4,12,float
,2014,iglo,14iglosesa.14.001,sesa,mcfrenette,2014-06-25,searcher,4,,
,2014,iglo,14iglosesa.14.051,sesa,mtrottierpaquet,2014-06-29,searcher,4,,
,2014,iglo,14iglosesa.14.052,sesa,mtrottierpaquet,2014-06-27,searcher,4,6,float
,2014,iglo,14iglosesa.14.101,sesa,magiroux,2014-07-27,searcher,4,4,float
,2014,iglo,14iglowrsa.14.001,wrsa,mcfrenette,2014-06-25,searcher,4,2,float
,2014,iglo,14iglowrsa.14.002,wrsa,mcfrenette,2014-06-29,searcher,4,4,float
,2014,iglo,14iglowrsa.14.051,wrsa,mtrottierpaquet,2014-06-26,searcher,4,7,float
,2014,iglo,14iglowrsa.14.053,wrsa,mtrottierpaquet,2014-06-28,searcher,4,,
,2014,iglo,14iglowrsa.14.056,wrsa,mtrottierpaquet,2014-07-01,searcher,4,9,float
,2014,iglo,14iglowrsa.14.057,wrsa,mtrottierpaquet,2014-07-01,searcher,4,10,float
,2014,iglo,14iglowrsa.14.102,wrsa,magiroux,2014-06-27,searcher,4,5,float
,2014,iglo,14iglowrsa.14.103,wrsa,magiroux,2014-06-27,searcher,4,3,float
,2014,iglo,14iglowrsa.14.151,wrsa,nlecomte,2014-06-30,searcher,4,9,float
,2014,iglo,14iglowrsa.14.153,wrsa,nlecomte,2014-07-01,searcher,4,,
,2014,iglo,14iglowrsa.14.155,wrsa,nlecomte,2014-07-02,searcher,4,4,float
,2014,iglo,14iglowrsa.14.160,wrsa,nlecomte,2014-07-06,searcher,4,7,float
,2010,ikpi,10ikpi10cjs001,sesa,,2010-06-11,rope,3,,lay
,2010,ikpi,10ikpi10cjs002,dunl,,2010-06-11,bander,2,,lay
,2010,ikpi,10ikpi10cjs003,rnph,ANC,2010-06-11,,1,,lay
,2010,ikpi,10ikpi10cjs004,sesa,,2010-06-14,rope,4,,float
,2010,ikpi,10ikpi10cjs006,rnph,ANC,2010-06-14,rope,4,,float
,2010,ikpi,10ikpi10cjs007,reph,,2010-06-14,rope,4,,float
,2010,ikpi,10ikpi10cjs008,sesa,ANC,2010-06-14,,3,,lay
,2010,ikpi,10ikpi10cjs009,sesa,ANC,2010-06-14,rope,4,,float
,2010,ikpi,10ikpi10cjs010,sesa,ANC,2010-06-14,rope,4,,float
,2010,ikpi,10ikpi10cjs011,rnph,ANC,2010-06-14,rope,3,,lay
,2010,ikpi,10ikpi10cjs012,sesa,ANC,2010-06-14,rope,4,,hatch
,2010,ikpi,10ikpi10cjs013,sesa,ANC,2010-06-14,rope,4,,float
,2010,ikpi,10ikpi10cjs014,sesa,ANC,2010-06-14,rope,4,,float
,2010,ikpi,10ikpi10cjs015,dunl,,2010-06-18,bander,4,,float
,2010,ikpi,10ikpi10cjs016,btgo,ANC,2010-06-14,searcher,4,,float
,2010,ikpi,10ikpi10cjs018,sesa,CMB,2010-06-14,rope,4,,float
,2010,ikpi,10ikpi10cjs019,sesa,CMB,2010-06-15,rope,4,,float
,2010,ikpi,10ikpi10cjs020,reph,,2010-06-15,rope,4,,float
,2010,ikpi,10ikpi10cjs021,sesa,CMB,2010-06-15,rope,4,,float
,2010,ikpi,10ikpi10cjs022,sesa,,2010-06-15,rope,4,,float
,2010,ikpi,10ikpi10cjs023,sesa,,2010-06-15,rope,4,,float
,2010,ikpi,10ikpi10cjs024,sesa,,2010-06-15,rope,4,,float
,2010,ikpi,10ikpi10cjs025,dunl,,2010-06-15,rope,4,,float
,2010,ikpi,10ikpi10cjs026,sesa,,2010-06-15,rope,4,,float
,2010,ikpi,10ikpi10cjs027,sesa,,2010-06-16,rope,4,,float
,2010,ikpi,10ikpi10cjs028,bbpl,,2010-06-16,rope,4,,float
,2010,ikpi,10ikpi10cjs029,sesa,,2010-06-16,rope,4,,float
,2010,ikpi,10ikpi10cjs030,sesa,,2010-06-16,rope,4,,float
,2010,ikpi,10ikpi10cjs031,sesa,,2010-06-16,rope,4,,float
,2010,ikpi,10ikpi10cjs032,sesa,,2010-06-16,rope,4,,float
,2010,ikpi,10ikpi10cjs034,lbdo,ANC,2010-06-16,rope,4,,float
,2010,ikpi,10ikpi10cjs035,btgo,,2010-06-16,rope,,,
,2010,ikpi,10ikpi10cjs036,dunl,,2010-06-16,rope,4,,float
,2010,ikpi,10ikpi10cjs037,pesa,,2010-06-22,rope,4,,
,2010,ikpi,10ikpi10cjs038,pesa,,2010-06-25,rope,4,,float
,2010,ikpi,10ikpi10cjs039,pesa,,2010-06-25,rope,4,,float
,2010,ikpi,10ikpi10cjs040,lbdo,,2010-06-25,rope,2,,lay
,2010,ikpi,10ikpi10cjs041,sesa,,2010-06-26,bander,4,,float
,2010,ikpi,10ikpi10cjs042,sesa,,2010-06-26,bander,4,,float
,2010,ikpi,10ikpi10cjs043,rnph,CMB,2010-06-27,bander,4,,float
,2010,ikpi,10ikpi10cjs044,pesa,,2010-06-27,bander,4,,float
,2010,ikpi,10ikpi10cjs045,reph,ANC,2010-06-27,bander,3,,float
,2010,ikpi,10ikpi10cjs046,reph,ANC,2010-06-27,bander,4,,
,2010,ikpi,10ikpi10cjs047,pesa,,2010-06-28,bander,4,,
,2010,ikpi,10ikpi10cjs048,reph,CMB,2010-06-28,bander,4,,
,2010,ikpi,10ikpi10cjs049,sesa,ANC,2010-06-28,bander,4,,
,2010,ikpi,10ikpi10cjs050,pesa,CMB,2010-07-02,bander,4,,
,2010,ikpi,10ikpi10cjs051,rnph,,2010-07-03,bander,4,,float
,2010,ikpi,10ikpi10cjs052,pesa,ANC,2010-07-03,bander,4,,
,2010,ikpi,10ikpi10cmb007,dunl,,2010-06-12,bander,3,,lay
,2010,ikpi,10ikpi10cmb011,pesa,,2010-06-19,rope,4,,float
,2010,ikpi,10ikpi10cmb015,pesa,,2010-06-30,rope,,,
,2010,ikpi,10ikpi10cmb017,pesa,,2010-06-30,,4,,float
,2010,ikpi,10ikpi10cmb018,btgo,,2010-06-30,bander,,,
,2010,ikpi,10ikpi10vj003,reph,AKM,2010-06-10,bander,2,,lay
,2010,ikpi,10ikpi10vj004,dunl,AKM,2010-06-11,bander,4,,float
,2010,ikpi,10ikpi10vj005,pesa,AKM,2010-06-11,bander,3,,lay
,2010,ikpi,10ikpi10vj006,dunl,AKM,2010-06-11,,3,,lay
,2010,ikpi,10ikpi10vj007,sesa,MLM,2010-06-12,,2,,lay
,2010,ikpi,10ikpi10vj010,sesa,MLM,2010-06-12,rope,3,,lay
,2010,ikpi,10ikpi10vj012,rnph,,2010-06-12,,1,,lay
,2010,ikpi,10ikpi10vj013,sesa,,2010-06-12,,4,,float
,2010,ikpi,10ikpi10vj014,dunl,,2010-06-12,rope,1,,lay
,2010,ikpi,10ikpi10vj015,sesa,,2010-06-12,rope,3,,lay
,2010,ikpi,10ikpi10vj016,sesa,,2010-06-12,rope,4,,float
,2010,ikpi,10ikpi10vj017,sesa,,2010-06-12,,3,,lay
,2010,ikpi,10ikpi10vj018,sesa,,2010-06-13,rope,4,,float
,2010,ikpi,10ikpi10vj019,sesa,,2010-06-13,rope,4,,float
,2010,ikpi,10ikpi10vj021,sesa,,2010-06-13,rope,3,,lay
,2010,ikpi,10ikpi10vj023,sesa,,2010-06-13,rope,3,,lay
,2010,ikpi,10ikpi10vj024,sesa,,2010-06-13,rope,3,,lay
,2010,ikpi,10ikpi10vj025,sesa,,2010-06-13,bander,3,,lay
,2010,ikpi,10ikpi10vj026,reph,,2010-06-13,rope,4,,float
,2010,ikpi,10ikpi10vj027,dunl,,2010-06-13,rope,3,,lay
,2010,ikpi,10ikpi10vj028,dunl,,2010-06-13,rope,4,,float
,2010,ikpi,10ikpi10vj029,btgo,CMB,2010-06-13,searcher,2,,lay
,2010,ikpi,10ikpi10vj030,sesa,MCM,2010-06-13,rope,2,,lay
,2010,ikpi,10ikpi10vj031,sesa,,2010-06-13,rope,4,,float
,2010,ikpi,10ikpi10vj032,sesa,KWP,2010-06-13,rope,2,,lay
,2010,ikpi,10ikpi10vj033,sesa,KWP,2010-06-13,,3,,lay
,2010,ikpi,10ikpi10vj034,reph,KWP,2010-06-13,rope,2,,lay
,2010,ikpi,10ikpi10vj035,sesa,KWP,2010-06-13,rope,3,,lay
,2010,ikpi,10ikpi10vj036,dunl,KWP,2010-06-13,rope,4,,float
,2010,ikpi,10ikpi10vj037,reph,KWP,2010-06-13,rope,4,,float
,2010,ikpi,10ikpi10vj038,dunl,KWP,2010-06-13,rope,4,,float
,2010,ikpi,10ikpi10vj040,sesa,KWP,2010-06-13,rope,4,,float
,2010,ikpi,10ikpi10vj041,dunl,KWP,2010-06-13,rope,4,,float
,2010,ikpi,10ikpi10vj042,sesa,CMB,2010-06-14,rope,4,,float
,2010,ikpi,10ikpi10vj043,sesa,CMB,2010-06-14,bander,4,,float
,2010,ikpi,10ikpi10vj044,sesa,AKM,2010-06-15,bander,4,,float
,2010,ikpi,10ikpi10vj045,sesa,KWP,2010-06-15,,4,,float
,2010,ikpi,10ikpi10vj046,sesa,AKM,2010-06-17,bander,4,,float
,2010,ikpi,10ikpi10vj047,sesa,AKM,2010-06-17,bander,4,,float
,2010,ikpi,10ikpi10vj048,pesa,CMB,2010-06-17,bander,4,,float
,2010,ikpi,10ikpi10vj049,pesa,VJ,2010-06-17,bander,4,,float
,2010,ikpi,10ikpi10vj050,sesa,CJS,2010-06-17,,4,,float
,2010,ikpi,10ikpi10vj051,dunl,CJS,2010-06-17,bander,4,,float
,2010,ikpi,10ikpi10vj052,dunl,CJS,2010-06-18,bander,4,,float
,2010,ikpi,10ikpi10vj053,pesa,CMB,2010-06-19,bander,4,,float
,2010,ikpi,10ikpi10vj054,sesa,,2010-06-19,,4,,float
,2010,ikpi,10ikpi10vj056,pesa,,2010-06-19,bander,4,,float
,2010,ikpi,10ikpi10vj057,sesa,VJ,2010-06-19,bander,4,,float
,2010,ikpi,10ikpi10vj058,reph,KWP,2010-06-19,bander,4,,
,2010,ikpi,10ikpi10vj059,reph,CMB,2010-06-20,bander,4,,float
,2010,ikpi,10ikpi10vj060,sesa,,2010-06-20,bander,4,,float
,2010,ikpi,10ikpi10vj061,reph,CMB,2010-06-20,bander,4,,
,2010,ikpi,10ikpi10vj062,sesa,AKM,2010-06-20,rope,4,,float
,2010,ikpi,10ikpi10vj063,lbdo,AKM,2010-06-20,rope,3,,
,2010,ikpi,10ikpi10vj064,sesa,,2010-06-20,rope,4,,float
,2010,ikpi,10ikpi10vj065,dunl,CMB,2010-06-20,rope,4,,float
,2010,ikpi,10ikpi10vj066,reph,CMB,2010-06-21,bander,3,,
,2010,ikpi,10ikpi10vj067,sesa,CJS,2010-06-21,bander,4,,
,2010,ikpi,10ikpi10vj068,sesa,VJ,2010-06-21,bander,4,,
,2010,ikpi,10ikpi10vj069,sesa,MLM,2010-06-21,rope,1,,lay
,2010,ikpi,10ikpi10vj070,sesa,MLM,2010-06-21,rope,4,,float
,2010,ikpi,10ikpi10vj071,sesa,MLM,2010-06-21,rope,4,,float
,2010,ikpi,10ikpi10vj072,dunl,KWP,2010-06-21,rope,4,,float
,2010,ikpi,10ikpi10vj073,sesa,MLM,2010-06-21,rope,4,,hatch
,2010,ikpi,10ikpi10vj074,dunl,MLM,2010-06-21,rope,4,,lay
,2010,ikpi,10ikpi10vj075,pesa,AKM,2010-06-22,bander,4,,float
,2010,ikpi,10ikpi10vj076,pesa,MLM,2010-06-22,,4,,
,2010,ikpi,10ikpi10vj077,sesa,KWP,2010-06-23,rope,4,,float
,2010,ikpi,10ikpi10vj078,dunl,,2010-06-23,rope,3,,
,2010,ikpi,10ikpi10vj079,sesa,KWP,2010-06-23,rope,4,,float
,2010,ikpi,10ikpi10vj080,sesa,CMB,2010-06-24,bander,3,,hatch
,2010,ikpi,10ikpi10vj081,reph,CJS,2010-06-24,rope,4,,float
,2010,ikpi,10ikpi10vj082,sesa,VJ,2010-06-24,rope,4,,float
,2010,ikpi,10ikpi10vj083,dunl,,2010-06-24,rope,4,,float
,2010,ikpi,10ikpi10vj084,sesa,VJ,2010-06-24,rope,4,,float
,2010,ikpi,10ikpi10vj086,sesa,CMB,2010-06-24,rope,4,,float
,2010,ikpi,10ikpi10vj087,sesa,CJS,2010-06-24,rope,4,,hatch
,2010,ikpi,10ikpi10vj088,dunl,CMB,2010-06-24,rope,4,,hatch
,2010,ikpi,10ikpi10vj089,sesa,MVM,2010-06-24,rope,4,,
,2010,ikpi,10ikpi10vj090,rnph,,2010-06-25,bander,3,,
,2010,ikpi,10ikpi10vj091,sesa,AKM,2010-06-26,rope,4,,float
,2010,ikpi,10ikpi10vj092,sesa,CJS,2010-06-27,,4,,
,2010,ikpi,10ikpi10vj093,reph,CMB,2010-06-29,bander,4,,hatch
,2010,ikpi,10ikpi10vj094,sesa,,2010-07-02,bander,,,
,2011,ikpi,11ikpi11jpd010,sesa,jliebezeit,2011-06-11,rope,3,,lay
,2011,ikpi,11ikpi11jpd013,sesa,jlibezeit,2011-06-12,incidental,1,,lay
,2011,ikpi,11ikpi11jpd016,sesa,jwright,2011-06-13,incidental,2,,lay
,2011,ikpi,11ikpi11jpd019,sesa,jliebezeit,2011-06-13,incidental,2,,lay
,2011,ikpi,11ikpi11jpd032,sesa,jliebezeit,2011-06-15,rope,4,6,float
,2011,ikpi,11ikpi11jpd035,reph,jliebezeit,2011-06-15,rope,4,6,float
,2011,ikpi,11ikpi11jpd038,reph,jliebezeit,2011-06-15,incidental,2,,lay
,2011,ikpi,11ikpi11jpd059,sesa,jliebezeit,2011-06-17,incidental,3,,hatch
,2011,ikpi,11ikpi11jpd064,sesa,kpietrzak,2011-06-18,rope,3,,
,2011,ikpi,11ikpi11jpd072,sesa,kpietrzak,2011-06-18,rope,4,3,float
,2011,ikpi,11ikpi11jpd073,sesa,kpietrzak,2011-06-18,rope,4,5,float
,2011,ikpi,11ikpi11jpd077,reph,ncook,2011-06-19,incidental,4,6,float
,2011,ikpi,11ikpi11jpd085,sesa,bcurry,2011-06-20,incidental,4,6,float
,2011,ikpi,11ikpi11jpd088,dunl,bcurry,2011-06-21,incidental,4,5,float
,2011,ikpi,11ikpi11jpd093,sesa,jdiener,2011-06-22,incidental,4,7,float
,2011,ikpi,11ikpi11jpd096,reph,jdiener,2011-06-23,incidental,3,,
,2011,ikpi,11ikpi11jpd102,reph,kpietrzak,2011-06-26,incidental,4,12,float
,2011,ikpi,11ikpi11jpd115,rnph,kpietrzak,2011-06-26,rope,4,6,float
,2011,ikpi,11ikpi11jpd121,sesa,jdiener,2011-06-30,incidental,4,14,float
,2011,ikpi,11ikpi11jpd125,sesa,kpietrzak,2011-06-30,incidental,3,18,float
,2011,ikpi,11ikpi11jpd126,dunl,kpietrzak,2011-06-30,rope,4,13,float
,2011,ikpi,11ikpi11jpd130,lbdo,mmudge,2011-07-03,incidental,4,12,float
,2011,ikpi,11ikpi11jpd131,lbdo,mmudge,2011-07-03,incidental,4,5,float
,2011,ikpi,11ikpi11jpd137,pesa,jdiener,2011-07-08,incidental,4,17,float
,2011,ikpi,11ikpi11jpd140,lbdo,bcurry,2011-07-10,incidental,4,,hatch
1.006,2012,ikpi,12ikpi12bcc006,lbdo,bcurry,2012-06-09,searcher,4,3,float
1.007,2012,ikpi,12ikpi12bcc007,lbdo,crutt,2012-06-10,searcher,4,1,float
1.011,2012,ikpi,12ikpi12bcc011,dunl,bcurry,2012-06-11,rope,1,9,float
1.013,2012,ikpi,12ikpi12bcc013,bbpl,bcurry,2012-06-12,rope,4,0,float
1.018,2012,ikpi,12ikpi12bcc018,sesa,crutt,2012-06-13,rope,3,,lay
1.031,2012,ikpi,12ikpi12bcc031,lbdo,bcurry,2012-06-14,rope,3,8,float
1.039,2012,ikpi,12ikpi12bcc039,lbdo,crutt,2012-06-14,searcher,3,,lay
1.043,2012,ikpi,12ikpi12bcc043,pesa,bcurry,2012-06-15,rope,4,3,float
1.044,2012,ikpi,12ikpi12bcc044,sesa,bcurry,2012-06-15,rope,4,5,float
1.048,2012,ikpi,12ikpi12bcc048,bbpl,crutt,2012-06-15,searcher,4,3,float
1.058,2012,ikpi,12ikpi12bcc058,dunl,crutt,2012-06-16,rope,4,5,float
1.059,2012,ikpi,12ikpi12bcc059,reph,bcurry,2012-06-16,rope,4,2,float
1.061,2012,ikpi,12ikpi12bcc061,sesa,bcurry,2012-06-16,searcher,4,2,float
1.062,2012,ikpi,12ikpi12bcc062,pesa,bcurry,2012-06-16,rope,4,3,float
1.08,2012,ikpi,12ikpi12bcc080,sesa,mmudge,2012-06-19,rope,3,,
1.092,2012,ikpi,12ikpi12bcc092,pesa,mmudge,2012-06-20,rope,4,6,float
1.095,2012,ikpi,12ikpi12bcc095,sesa,bcurry,2012-06-21,searcher,4,12,float
1.097,2012,ikpi,12ikpi12bcc097,pesa,mmudge,2012-06-22,searcher,4,13,float
1.1,2012,ikpi,12ikpi12bcc100,lbdo,mmudge,2012-06-24,bander,4,2,float
1.102,2012,ikpi,12ikpi12bcc102,bbpl,crutt,2012-06-24,rope,4,7,float
1.104,2012,ikpi,12ikpi12bcc104,rnph,crutt,2012-06-24,rope,4,1,float
1.109,2012,ikpi,12ikpi12bcc109,sesa,kpietrzak,2012-06-24,rope,3,5,float
1.116,2012,ikpi,12ikpi12bcc116,rnph,crutt,2012-06-25,searcher,4,1,float
1.118,2012,ikpi,12ikpi12bcc118,rnph,crutt,2012-06-25,searcher,4,1,float
1.133,2012,ikpi,12ikpi12bcc133,lbdo,mmudge,2012-07-05,searcher,4,6,float
1.151,2013,ikpi,13ikpi13amgp001,amgp,jliebezeit,2013-06-11,searcher,2,,
1.155,2013,ikpi,13ikpi13amgp005,amgp,acook,2013-07-08,searcher,4,,
1.02,2013,ikpi,13ikpi13anc002,lbdo,acook,2013-06-11,searcher,3,2,float
1.05,2013,ikpi,13ikpi13anc005,lbdo,ojames,2013-06-12,rope,3,,lay
1.06,2013,ikpi,13ikpi13anc006,dunl,acook,2013-06-12,rope,2,,lay
1.08,2013,ikpi,13ikpi13anc008,reph,ojames,2013-06-12,rope,2,,lay
1.11,2013,ikpi,13ikpi13anc011,lbdo,ojames,2013-06-12,rope,4,3,float
1.12,2013,ikpi,13ikpi13anc012,dunl,ojames,2013-06-12,rope,4,2,float
1.15,2013,ikpi,13ikpi13anc015,lbdo,ojames,2013-06-13,rope,4,3,float
1.16,2013,ikpi,13ikpi13anc016,lbdo,acook,2013-06-13,rope,3,,lay
1.2,2013,ikpi,13ikpi13anc020,pesa,jliebezeit,2013-06-13,rope,4,5,float
1.21,2013,ikpi,13ikpi13anc021,lbdo,acook,2013-06-13,rope,3,,lay
1.22,2013,ikpi,13ikpi13anc022,lbdo,jliebezeit,2013-06-13,rope,2,,lay
1.23,2013,ikpi,13ikpi13anc023,lbdo,jliebezeit,2013-06-13,rope,3,,lay
1.29,2013,ikpi,13ikpi13anc029,lbdo,jliebezeit,2013-06-13,rope,4,2,float
1.31,2013,ikpi,13ikpi13anc031,reph,jliebezeit,2013-06-13,rope,4,2,float
1.33,2013,ikpi,13ikpi13anc033,lbdo,acook,2013-06-13,rope,4,2,float
1.38,2013,ikpi,13ikpi13anc038,sesa,jliebezeit,2013-06-14,searcher,4,4,float
1.39,2013,ikpi,13ikpi13anc039,lbdo,epayne,2013-06-14,rope,4,4,float
1.43,2013,ikpi,13ikpi13anc043,sesa,epayne,2013-06-14,rope,4,4,float
1.44,2013,ikpi,13ikpi13anc044,reph,epayne,2013-06-14,rope,2,,hatch
1.46,2013,ikpi,13ikpi13anc046,sesa,epayne,2013-06-14,rope,4,5,float
1.5,2013,ikpi,13ikpi13anc050,rnph,epayne,2013-06-14,rope,3,,lay
1.53,2013,ikpi,13ikpi13anc053,btgo,epayne,2013-06-15,rope,3,0,float
1.55,2013,ikpi,13ikpi13anc055,sesa,epayne,2013-06-15,rope,3,,float
1.59,2013,ikpi,13ikpi13anc059,sesa,epayne,2013-06-15,rope,3,2,float
1.6,2013,ikpi,13ikpi13anc060,sesa,jliebezeit,2013-06-15,rope,4,6,float
1.62,2013,ikpi,13ikpi13anc062,sesa,jliebezeit,2013-06-15,rope,4,6,float
1.66,2013,ikpi,13ikpi13anc066,sesa,jliebezeit,2013-06-15,rope,4,5,float
1.67,2013,ikpi,13ikpi13anc067,sesa,jliebezeit,2013-06-15,rope,3,,lay
1.68,2013,ikpi,13ikpi13anc068,sesa,epayne,2013-06-15,rope,4,4,float
1.7,2013,ikpi,13ikpi13anc070,pesa,jliebezeit,2013-06-15,rope,4,3,float
1.72,2013,ikpi,13ikpi13anc072,sesa,epayne,2013-06-15,rope,4,,
1.73,2013,ikpi,13ikpi13anc073,dunl,jliebezeit,2013-06-15,searcher,4,3,float
1.74,2013,ikpi,13ikpi13anc074,bbsa,jliebezeit,2013-06-16,searcher,4,3,float
1.75,2013,ikpi,13ikpi13anc075,bbpl,epayne,2013-06-16,bander,4,3,float
1.76,2013,ikpi,13ikpi13anc076,sesa,jliebezeit,2013-06-16,rope,4,5,float
1.78,2013,ikpi,13ikpi13anc078,sesa,jliebezeit,2013-06-16,rope,4,5,float
1.79,2013,ikpi,13ikpi13anc079,sesa,jliebezeit,2013-06-16,rope,4,3,float
1.81,2013,ikpi,13ikpi13anc081,sesa,jliebezeit,2013-06-16,rope,4,4,float
1.82,2013,ikpi,13ikpi13anc082,bbsa,ojames,2013-06-16,rope,4,1,float
1.83,2013,ikpi,13ikpi13anc083,dunl,jliebezeit,2013-06-17,rope,4,2,float
1.86,2013,ikpi,13ikpi13anc086,pesa,jliebezeit,2013-06-17,rope,4,5,float
1.89,2013,ikpi,13ikpi13anc089,pesa,epayne,2013-06-17,rope,4,5,float
1.92,2013,ikpi,13ikpi13anc092,sesa,epayne,2013-06-17,rope,4,7,float
1.94,2013,ikpi,13ikpi13anc094,sesa,jliebezeit,2013-06-17,rope,4,7,float
1.95,2013,ikpi,13ikpi13anc095,sesa,jliebezeit,2013-06-17,searcher,4,5,float
1.96,2013,ikpi,13ikpi13anc096,sesa,jliebezeit,2013-06-17,rope,4,4,float
1.97,2013,ikpi,13ikpi13anc097,pesa,jliebezeit,2013-06-18,searcher,3,,lay
1.99,2013,ikpi,13ikpi13anc099,sesa,acook,2013-06-19,rope,4,3,float
1.1,2013,ikpi,13ikpi13anc100,dunl,acook,2013-06-19,rope,4,8,float
1.101,2013,ikpi,13ikpi13anc101,pesa,acook,2013-06-19,rope,4,5,float
1.104,2013,ikpi,13ikpi13anc104,sesa,acook,2013-06-19,rope,4,7,float
1.105,2013,ikpi,13ikpi13anc105,pesa,acook,2013-06-19,rope,4,6,float
1.108,2013,ikpi,13ikpi13anc108,reph,acook,2013-06-19,rope,4,5,float
1.109,2013,ikpi,13ikpi13anc109,pesa,acook,2013-06-19,rope,4,9,float
1.11,2013,ikpi,13ikpi13anc110,pesa,acook,2013-06-19,rope,4,4,float
1.112,2013,ikpi,13ikpi13anc112,sesa,acook,2013-06-19,rope,4,8,float
1.113,2013,ikpi,13ikpi13anc113,bbpl,acook,2013-06-19,rope,4,6,float
1.117,2013,ikpi,13ikpi13anc117,sesa,epayne,2013-06-22,rope,4,9,float
1.118,2013,ikpi,13ikpi13anc118,dunl,epayne,2013-06-22,rope,4,5,float
1.119,2013,ikpi,13ikpi13anc119,sesa,epayne,2013-06-22,rope,4,13,float
1.12,2013,ikpi,13ikpi13anc120,pesa,epayne,2013-06-22,rope,4,3,float
1.121,2013,ikpi,13ikpi13anc121,lbdo,epayne,2013-06-22,rope,4,7,float
1.124,2013,ikpi,13ikpi13anc124,sesa,epayne,2013-06-24,searcher,4,8,float
1.125,2013,ikpi,13ikpi13anc125,bbpl,epayne,2013-06-25,bander,4,9,float
1.126,2013,ikpi,13ikpi13anc126,dunl,epayne,2013-06-22,rope,4,7,float
1.03,2014,ikpi,14ikpi14mdd002,reph,mdodds,2014-06-11,rope,4,5,float
1.07,2014,ikpi,14ikpi14mdd004,sesa,mdodds,2014-06-12,rope,4,5,float
1.13,2014,ikpi,14ikpi14mdd007,gwfg,mdodds,2014-06-15,searcher,3,3,float
1.17,2014,ikpi,14ikpi14mdd009,sesa,mdodds,2014-06-15,searcher,4,5,float
1.19,2014,ikpi,14ikpi14mdd010,gwfg,mdodds,2014-06-15,searcher,3,3,float
1.31,2014,ikpi,14ikpi14mdd016,bbpl,mdodds,2014-06-15,searcher,4,5,float
1.33,2014,ikpi,14ikpi14mdd017,sesa,mdodds,2014-06-16,rope,4,8,float
1.35,2014,ikpi,14ikpi14mdd018,dunl,mdodds,2014-06-16,rope,2,,
1.37,2014,ikpi,14ikpi14mdd019,reph,mdodds,2014-06-16,rope,2,,
1.39,2014,ikpi,14ikpi14mdd020,gwfg,mdodds,2014-06-18,searcher,5,6,float
1.43,2014,ikpi,14ikpi14mdd022,arte,mdodds,2014-06-18,rope,2,8,float
1.45,2014,ikpi,14ikpi14mdd023,dunl,mdodds,2014-06-18,rope,4,9,float
1.49,2014,ikpi,14ikpi14mdd025,sesa,mdodds,2014-06-18,rope,4,9,float
1.51,2014,ikpi,14ikpi14mdd026,gwfg,mdodds,2014-06-19,searcher,2,12,float
1.53,2014,ikpi,14ikpi14mdd027,rnph,mdodds,2014-06-19,searcher,3,,
1.55,2014,ikpi,14ikpi14mdd028,gwfg,mdodds,2014-06-19,searcher,2,15,float
1.59,2014,ikpi,14ikpi14mdd030,sesa,mdodds,2014-06-19,searcher,4,11,float
2.01,2014,ikpi,14ikpi14mdd031,arte,mdodds,2014-06-19,searcher,2,13,float
2.03,2014,ikpi,14ikpi14mdd032,arte,mdodds,2014-06-20,searcher,2,5,float
2.05,2014,ikpi,14ikpi14mdd033,gwfg,mdodds,2014-06-20,searcher,4,12,float
2.09,2014,ikpi,14ikpi14mdd035,sesa,mdodds,2014-06-20,searcher,4,8,float
2.11,2014,ikpi,14ikpi14mdd036,gwfg,mdodds,2014-06-20,searcher,2,10,float
2.13,2014,ikpi,14ikpi14mdd037,reph,mdodds,2014-06-21,searcher,3,,
2.15,2014,ikpi,14ikpi14mdd038,arte,mdodds,2014-06-21,searcher,2,11,float
2.17,2014,ikpi,14ikpi14mdd039,brant,mdodds,2014-06-21,searcher,4,,
2.19,2014,ikpi,14ikpi14mdd040,glgu,mdodds,2014-06-21,searcher,2,,
2.21,2014,ikpi,14ikpi14mdd041,reph,mdodds,2014-06-22,searcher,4,14,float
2.23,2014,ikpi,14ikpi14mdd042,rnph,mdodds,2014-06-22,searcher,4,6,float
2.25,2014,ikpi,14ikpi14mdd043,palo,mdodds,2014-06-22,searcher,2,1,float
2.27,2014,ikpi,14ikpi14mdd044,palo,mdodds,2014-06-24,searcher,2,,
2.29,2014,ikpi,14ikpi14mdd045,rnph,mdodds,2014-06-24,searcher,4,7,float
2.31,2014,ikpi,14ikpi14mdd046,rnph,mdodds,2014-06-25,searcher,4,5,float
2.35,2014,ikpi,14ikpi14mdd048,reph,mdodds,2014-06-25,searcher,4,8,float
2.37,2014,ikpi,14ikpi14mdd049,sesa,mdodds,2014-06-25,searcher,4,9,float
2.39,2014,ikpi,14ikpi14mdd050,reph,mdodds,2014-06-27,searcher,3,7,float
2.41,2014,ikpi,14ikpi14mdd051,reph,mdodds,2014-06-27,searcher,4,17,float
2.45,2014,ikpi,14ikpi14mdd053,sesa,mdodds,2014-06-27,searcher,1,,
2.49,2014,ikpi,14ikpi14mdd055,sesa,mdodds,2014-06-27,searcher,3,3,float
2.51,2014,ikpi,14ikpi14mdd056,sesa,mdodds,2014-06-27,searcher,4,21,float
2.53,2014,ikpi,14ikpi14mdd057,dunl,mdodds,2014-06-27,searcher,4,20,float
2.55,2014,ikpi,14ikpi14mdd058,palo,mdodds,2014-06-27,searcher,2,,
2.57,2014,ikpi,14ikpi14mdd059,sesa,mdodds,2014-06-27,searcher,3,,
2.59,2014,ikpi,14ikpi14mdd060,pesa,mdodds,2014-06-28,searcher,4,16,float
5.13,2014,ikpi,14ikpi14mdd061,sesa,mdodds,2014-06-28,searcher,4,8,float
5.15,2014,ikpi,14ikpi14mdd062,pesa,mdodds,2014-06-28,searcher,4,8,float
5.19,2014,ikpi,14ikpi14mdd064,sesa,mdodds,2014-06-29,searcher,2,,
5.21,2014,ikpi,14ikpi14mdd065,bbpl,mdodds,2014-06-29,searcher,4,8,float
5.33,2014,ikpi,14ikpi14mdd066,ltdu,mdodds,2014-06-30,searcher,6,,
5.35,2014,ikpi,14ikpi14mdd067,reph,mdodds,2014-06-30,searcher,4,7,float
5.37,2014,ikpi,14ikpi14mdd069,rnph,mdodds,2014-07-02,searcher,4,15,float
5.39,2014,ikpi,14ikpi14mdd070,reph,mdodds,2014-07-02,searcher,4,16,float
5.45,2014,ikpi,14ikpi14mdd072,rnph,mdodds,2014-07-03,rope,4,6,float
5.47,2014,ikpi,14ikpi14mdd073,rnph,mdodds,2014-07-05,searcher,4,14,float
5.51,2014,ikpi,14ikpi14mdd074,reph,mdodds,2014-07-06,searcher,4,8,float
3.31,2014,ikpi,14ikpi14mdd075,pesa,mdodds,2014-07-07,searcher,4,8,float
3.33,2014,ikpi,14ikpi14mdd076,sesa,mdodds,2014-07-07,searcher,4,18,float
3.37,2014,ikpi,14ikpi14mdd077,rnph,mdodds,2014-07-08,searcher,4,18,float
5.61,2014,ikpi,14ikpi14mdd078,reph,mdodds,2014-07-09,searcher,,,
5.63,2014,ikpi,14ikpi14mdd079,rnph,mdodds,2014-07-16,searcher,4,20,float
4.01,2014,ikpi,14ikpi14pac001,gwfg,pchilton,2014-06-10,searcher,3,,
4.05,2014,ikpi,14ikpi14pac003,gwfg,pchilton,2014-06-10,searcher,5,6,float
4.07,2014,ikpi,14ikpi14pac004,gwfg,pchilton,2014-06-10,searcher,3,,
4.11,2014,ikpi,14ikpi14pac006,sesa,pchilton,2014-06-15,rope,3,,
4.13,2014,ikpi,14ikpi14pac007,sesa,pchilton,2014-06-15,rope,4,7,float
4.15,2014,ikpi,14ikpi14pac008,gwfg,pchilton,2014-06-15,rope,4,7,float
4.23,2014,ikpi,14ikpi14pac012,sesa,pchilton,2014-06-16,searcher,4,12,float
4.27,2014,ikpi,14ikpi14pac014,gwfg,pchilton,2014-06-16,rope,3,7,float
4.29,2014,ikpi,14ikpi14pac015,sesa,pchilton,2014-06-16,rope,4,9,float
4.31,2014,ikpi,14ikpi14pac016,gwfg,pchilton,2014-06-16,searcher,2,7,float
4.33,2014,ikpi,14ikpi14pac017,arte,pchilton,2014-06-16,rope,2,9,float
4.35,2014,ikpi,14ikpi14pac018,dunl,pchilton,2014-06-16,rope,4,8,float
4.39,2014,ikpi,14ikpi14pac020,sesa,pchilton,2014-06-18,searcher,4,9,float
4.43,2014,ikpi,14ikpi14pac022,rnph,pchilton,2014-06-18,rope,3,,
4.45,2014,ikpi,14ikpi14pac023,reph,pchilton,2014-06-18,rope,3,8,float
4.47,2014,ikpi,14ikpi14pac024,dunl,pchilton,2014-06-19,searcher,4,10,float
4.49,2014,ikpi,14ikpi14pac025,sesa,pchilton,2014-06-20,searcher,4,10,float
4.51,2014,ikpi,14ikpi14pac026,sesa,pchilton,2014-06-21,searcher,4,15,float
4.59,2014,ikpi,14ikpi14pac030,sesa,pchilton,2014-06-26,searcher,4,9,float
3.01,2014,ikpi,14ikpi14pac031,rnph,pchilton,2014-06-26,searcher,4,6,float
3.05,2014,ikpi,14ikpi14pac033,reph,pchilton,2014-06-26,searcher,2,,
3.11,2014,ikpi,14ikpi14pac036,sesa,pchilton,2014-06-29,searcher,4,15,float
3.13,2014,ikpi,14ikpi14pac037,reph,pchilton,2014-06-29,searcher,3,,
3.17,2014,ikpi,14ikpi14pac039,pesa,pchilton,2014-07-01,searcher,4,8,float
3.19,2014,ikpi,14ikpi14pac040,dunl,pchilton,2014-07-03,searcher,,,
3.21,2014,ikpi,14ikpi14pac041,rnph,pchilton,2014-07-05,searcher,4,12,float
3.23,2014,ikpi,14ikpi14pac042,reph,pchilton,2014-07-05,searcher,4,,
3.35,2014,ikpi,14ikpi14pac046,pesa,pchilton,2014-07-07,searcher,4,12,float
3.39,2014,ikpi,14ikpi14pac047,rnph,pchilton,2014-07-08,searcher,4,7,float
6.09,2014,ikpi,14ikpi14rlh006,gwfg,rhammond,2014-06-15,rope,5,9,float
6.13,2014,ikpi,14ikpi14rlh007,dunl,rhammond,2014-06-16,searcher,4,6,float
6.17,2014,ikpi,14ikpi14rlh009,gwfg,rhammond,2014-06-16,searcher,3,9,float
6.19,2014,ikpi,14ikpi14rlh010,sesa,rhammond,2014-06-18,rope,4,8,float
6.21,2014,ikpi,14ikpi14rlh011,dunl,rhammond,2014-06-18,searcher,4,10,float
6.23,2014,ikpi,14ikpi14rlh012,dunl,rhammond,2014-06-19,searcher,4,8,float
6.25,2014,ikpi,14ikpi14rlh013,pesa,rhammond,2014-06-20,searcher,4,8,float
6.27,2014,ikpi,14ikpi14rlh014,dunl,rhammond,2014-06-20,searcher,4,4,float
6.29,2014,ikpi,14ikpi14rlh015,sesa,rhammond,2014-06-21,searcher,4,14,float
6.31,2014,ikpi,14ikpi14rlh016,sesa,rhammond,2014-06-21,searcher,4,4,float
6.35,2014,ikpi,14ikpi14rlh018,sesa,rhammond,2014-06-22,searcher,4,17,float
6.37,2014,ikpi,14ikpi14rlh019,gwfg,rhammond,2014-06-22,searcher,2,10,float
6.45,2014,ikpi,14ikpi14rlh024,sesa,rhammond,2014-06-24,searcher,4,8,float
6.47,2014,ikpi,14ikpi14rlh025,rnph,rhammond,2014-06-24,searcher,3,3,float
6.51,2014,ikpi,14ikpi14rlh026,rnph,rhammond,2014-06-25,searcher,4,4,float
6.53,2014,ikpi,14ikpi14rlh027,palo,rhammond,2014-06-26,searcher,1,5,float
6.55,2014,ikpi,14ikpi14rlh028,sesa,rhammond,2014-06-26,searcher,4,20,float
5.01,2014,ikpi,14ikpi14rlh031,gwfg,rhammond,2014-06-27,searcher,5,20,float
5.09,2014,ikpi,14ikpi14rlh035,pesa,rhammond,2014-06-28,searcher,4,15,float
5.11,2014,ikpi,14ikpi14rlh036,pesa,rhammond,2014-06-28,searcher,4,16,float
5.23,2014,ikpi,14ikpi14rlh037,rnph,rhammond,2014-06-29,searcher,4,6,float
5.27,2014,ikpi,14ikpi14rlh040,rnph,rhammond,2014-07-01,searcher,2,,
5.43,2014,ikpi,14ikpi14rlh041,sesa,rhammond,2014-07-02,searcher,4,16,float
5.49,2014,ikpi,14ikpi14rlh042,sesa,rhammond,2014-07-05,searcher,4,5,float
5.55,2014,ikpi,14ikpi14rlh044,pesa,rhammond,2014-07-07,searcher,4,7,float
5.57,2014,ikpi,14ikpi14rlh045,pesa,rhammond,2014-07-07,searcher,,,
5.59,2014,ikpi,14ikpi14rlh046,pesa,rhammond,2014-07-07,searcher,4,6,float
3.41,2014,ikpi,14ikpi14rlh047,pesa,rhammond,2014-07-08,searcher,4,19,float
3.43,2014,ikpi,14ikpi14rlh048,pesa,rhammond,2014-07-08,searcher,4,8,float
3.47,2014,ikpi,14ikpi14rlh050,rnph,rhammond,2014-07-09,searcher,4,13,float
3.49,2014,ikpi,14ikpi14rlh051,rnph,rhammond,2014-07-09,searcher,,,
,2012,lkri,12lkriacms1,spts,msoloviev,2012-06-20,searcher,4,,float
,2012,lkri,12lkriacms2,spts,msoloviev,2012-06-26,searcher,4,,float
,2012,lkri,12lkriacms3,spts,msoloviev,2012-06-26,searcher,4,,float
,2012,lkri,12lkriacms4,spts,msoloviev,2012-06-29,rope,4,,hatch
,2012,lkri,12lkriacmv1,spts,vgolovnyuk,2012-06-30,rope,4,,float
,2012,lkri,12lkrialpg1,dunl,gsedash,2012-06-19,searcher,4,,float
,2012,lkri,12lkrialpg2,dunl,gsedash,2012-06-21,searcher,4,,float
,2012,lkri,12lkrialpn1,dunl,apopovkina,2012-06-18,searcher,4,,float
,2012,lkri,12lkrialpn2,dunl,apopovkina,2012-06-19,searcher,4,,float
,2012,lkri,12lkrialps1,dunl,msoloviev,2012-06-18,searcher,4,,float
,2012,lkri,12lkrialps2,dunl,msoloviev,2012-06-18,searcher,4,,float
,2012,lkri,12lkrialps3,dunl,msoloviev,2012-06-23,searcher,4,,float
,2012,lkri,12lkrialpv1,dunl,vgolovnyuk,2012-06-21,searcher,3,,
,2012,lkri,12lkrialpv2,dunl,vgolovnyuk,2012-06-30,rope,4,,float
,2012,lkri,12lkrialpv3,dunl,vgolovnyuk,2012-06-28,rope,4,,float
,2012,lkri,12lkrialpv4,dunl,vgolovnyuk,2012-07-01,rope,,,hatch
,2012,lkri,12lkrichan1,crpl,apopovkina,2012-06-16,searcher,4,,
,2012,lkri,12lkrieryv1,spre,vgolovnyuk,2012-06-21,searcher,3,,float
,2012,lkri,12lkrieryv2,spre,vgolovnyuk,2012-06-25,searcher,4,,float
,2012,lkri,12lkrifalv1,bbis,vgolovnyuk,2012-06-24,searcher,4,,float
,2012,lkri,12lkrifalv2,bbis,vgolovnyuk,2012-06-24,searcher,4,,
,2012,lkri,12lkriferv1,cusa,vgolovnyuk,2012-06-22,searcher,3,,float
,2012,lkri,12lkrifuln1,pagp,apopovkina,2012-06-18,searcher,3,,float
,2012,lkri,12lkrifuln2,pagp,apopovkina,2012-06-20,searcher,4,,float
,2012,lkri,12lkrifuls1,pagp,msoloviev,2012-06-18,searcher,4,,float
,2012,lkri,12lkrifulv1,pagp,vgolovnyuk,2012-06-19,searcher,4,,float
,2012,lkri,12lkrifulv2,pagp,vgolovnyuk,2012-06-21,searcher,4,,float
,2012,lkri,12lkrifulv4,pagp,vgolovnyuk,2012-06-22,searcher,4,,float
,2012,lkri,12lkrifulv5,pagp,vgolovnyuk,2012-06-22,searcher,4,,float
,2012,lkri,12lkrifulv6,pagp,vgolovnyuk,2012-06-28,rope,3,,float
,2012,lkri,12lkrigals1,cosn,msoloviev,2012-07-15,incidental,4,,float
,2012,lkri,12lkrigalv1,cosn,vgolovnyuk,2012-06-29,rope,4,,float
,2012,lkri,12lkrigalv2,cosn,vgolovnyuk,2012-07-02,rope,4,,float
,2012,lkri,12lkrilobg1,rnph,gsedash,2012-06-19,searcher,4,,float
,2012,lkri,12lkrilobv1,rnph,vgolovnyuk,2012-06-18,searcher,4,,float
,2012,lkri,12lkrilobv2,rnph,vgolovnyuk,2012-06-18,searcher,4,,float
,2012,lkri,12lkrilobv3,rnph,vgolovnyuk,2012-07-02,rope,4,,hatch
,2012,lkri,12lkrilobv4,rnph,vgolovnyuk,2012-07-08,searcher,4,,float
,2012,lkri,12lkrilobv5,rnph,vgolovnyuk,2012-07-08,searcher,4,,float
,2012,lkri,12lkrilobv6,rnph,vgolovnyuk,2012-07-16,searcher,4,,float
,2012,lkri,12lkrimelg10,pesa,gsedash,2012-06-30,searcher,4,,float
,2012,lkri,12lkrimelg2,pesa,gsedash,2012-06-19,searcher,4,,float
,2012,lkri,12lkrimelg3,pesa,gsedash,2012-06-20,searcher,4,,float
,2012,lkri,12lkrimelg4,pesa,gsedash,2012-06-22,searcher,4,,float
,2012,lkri,12lkrimelg5,pesa,gsedash,2012-06-24,searcher,4,,float
,2012,lkri,12lkrimelg6,pesa,gsedash,2012-06-25,searcher,4,,float
,2012,lkri,12lkrimelg7,pesa,gsedash,2012-06-25,searcher,4,,float
,2012,lkri,12lkrimelg8,pesa,gsedash,2012-06-27,searcher,4,,float
,2012,lkri,12lkrimelg9,pesa,gsedash,2012-06-27,searcher,4,,float
,2012,lkri,12lkrimeln1,pesa,apopovkina,2012-06-18,searcher,4,,float
,2012,lkri,12lkrimeln2,pesa,apopovkina,2012-06-18,searcher,4,,float
,2012,lkri,12lkrimeln3,pesa,apopovkina,2012-06-19,searcher,4,,float
,2012,lkri,12lkrimeln4,pesa,apopovkina,2012-06-22,searcher,2,,float
,2012,lkri,12lkrimeln5,pesa,apopovkina,2012-06-22,searcher,4,,float
,2012,lkri,12lkrimeln6,pesa,apopovkina,2012-06-25,searcher,4,,float
,2012,lkri,12lkrimeln7,pesa,apopovkina,2012-06-29,searcher,4,,hatch
,2012,lkri,12lkrimeln8,pesa,apopovkina,2012-07-02,searcher,4,,float
,2012,lkri,12lkrimels1,pesa,msoloviev,2012-06-19,searcher,4,,float
,2012,lkri,12lkrimels10,pesa,msoloviev,2012-07-12,incidental,4,,float
,2012,lkri,12lkrimels2,pesa,msoloviev,2012-06-20,searcher,4,,float
,2012,lkri,12lkrimels3,pesa,msoloviev,2012-06-22,searcher,2,,lay
,2012,lkri,12lkrimels4,pesa,msoloviev,2012-06-24,searcher,4,,float
,2012,lkri,12lkrimels5,pesa,msoloviev,2012-06-25,searcher,4,,float
,2012,lkri,12lkrimels6,pesa,msoloviev,2012-06-26,searcher,4,,float
,2012,lkri,12lkrimels7,pesa,msoloviev,2012-06-28,rope,4,,float
,2012,lkri,12lkrimels8,pesa,msoloviev,2012-06-29,rope,4,,float
,2012,lkri,12lkrimels9,pesa,msoloviev,2012-07-05,incidental,4,,float
,2012,lkri,12lkrimelv1,pesa,vgolovnyuk,2012-06-18,searcher,4,,float
,2012,lkri,12lkrimelv10,pesa,vgolovnyuk,2012-06-20,searcher,4,,float
,2012,lkri,12lkrimelv11,pesa,vgolovnyuk,2012-06-23,searcher,4,,float
,2012,lkri,12lkrimelv12,pesa,vgolovnyuk,2012-06-24,searcher,3,,float
,2012,lkri,12lkrimelv13,pesa,vgolovnyuk,2012-06-25,searcher,4,,float
,2012,lkri,12lkrimelv14,pesa,vgolovnyuk,2012-06-28,searcher,4,,float
,2012,lkri,12lkrimelv15,pesa,vgolovnyuk,2012-06-28,rope,4,,float
,2012,lkri,12lkrimelv16,pesa,vgolovnyuk,2012-06-29,rope,4,,float
,2012,lkri,12lkrimelv17,pesa,vgolovnyuk,2012-06-29,rope,4,,float
,2012,lkri,12lkrimelv18,pesa,vgolovnyuk,2012-06-30,rope,4,,float
,2012,lkri,12lkrimelv19,pesa,vgolovnyuk,2012-06-30,rope,4,,float
,2012,lkri,12lkrimelv2,pesa,vgolovnyuk,2012-06-18,searcher,4,,float
,2012,lkri,12lkrimelv20,pesa,vgolovnyuk,2012-07-02,rope,4,,float
,2012,lkri,12lkrimelv21,pesa,vgolovnyuk,2012-07-09,searcher,4,,
,2012,lkri,12lkrimelv3,pesa,vgolovnyuk,2012-06-18,searcher,4,,float
,2012,lkri,12lkrimelv4,pesa,vgolovnyuk,2012-06-18,searcher,4,,float
,2012,lkri,12lkrimelv5,pesa,vgolovnyuk,2012-06-19,searcher,4,,float
,2012,lkri,12lkrimelv6,pesa,vgolovnyuk,2012-06-19,searcher,4,,float
,2012,lkri,12lkrimelv7,pesa,vgolovnyuk,2012-06-19,searcher,4,,float
,2012,lkri,12lkrimelv8,pesa,vgolovnyuk,2012-06-19,searcher,4,,float
,2012,lkri,12lkrimelv9,pesa,vgolovnyuk,2012-06-19,searcher,4,,float
,2012,lkri,12lkriminn1,list,apopovkina,2012-06-28,searcher,4,,hatch
,2012,lkri,12lkrimins1,list,msoloviev,2012-06-18,searcher,4,,float
,2012,lkri,12lkrimins2,list,msoloviev,2012-06-19,searcher,4,,float
,2012,lkri,12lkrimins3,list,msoloviev,2012-06-20,searcher,4,,float
,2012,lkri,12lkrimins4,list,msoloviev,2012-06-20,searcher,4,,float
,2012,lkri,12lkrimins5,list,msoloviev,2012-06-21,searcher,4,,float
,2012,lkri,12lkriminv1,list,vgolovnyuk,2012-06-19,searcher,4,,hatch
,2012,lkri,12lkriminv2,list,vgolovnyuk,2012-06-19,searcher,4,,float
,2012,lkri,12lkriminv3,list,vgolovnyuk,2012-06-21,searcher,4,,float
,2012,lkri,12lkriminv4,list,vgolovnyuk,2012-06-22,searcher,4,,float
,2012,lkri,12lkriminv5,list,vgolovnyuk,2012-06-22,searcher,4,,float
,2012,lkri,12lkriminv6,list,vgolovnyuk,2012-06-23,searcher,4,,
,2012,lkri,12lkriminv7,list,vgolovnyuk,2012-06-23,searcher,4,,hatch
,2012,lkri,12lkriminv8,list,vgolovnyuk,2012-06-25,searcher,4,,float
,2012,lkri,12lkriminv9,list,vgolovnyuk,2012-06-28,rope,4,,hatch
,2012,lkri,12lkriphag1,reph,gsedash,2012-06-20,searcher,3,,float
,2012,lkri,12lkriphag2,reph,gsedash,2012-06-20,searcher,4,,float
,2012,lkri,12lkriphag3,reph,gsedash,2012-06-22,searcher,4,,float
,2012,lkri,12lkriphag4,reph,gsedash,2012-06-22,searcher,4,,float
,2012,lkri,12lkriphag5,reph,gsedash,2012-06-22,searcher,4,,float
,2012,lkri,12lkriphag6,reph,gsedash,2012-06-25,searcher,4,,float
,2012,lkri,12lkriphag7,reph,gsedash,2012-06-25,searcher,4,,float
,2012,lkri,12lkriphan1,reph,apopovkina,2012-06-17,searcher,4,,hatch
,2012,lkri,12lkriphan10,reph,apopovkina,2012-06-30,searcher,4,,hatch
,2012,lkri,12lkriphan2,reph,apopovkina,2012-06-21,searcher,4,,
,2012,lkri,12lkriphan3,reph,apopovkina,2012-06-21,searcher,4,,float
,2012,lkri,12lkriphan4,reph,apopovkina,2012-06-21,searcher,4,,float
,2012,lkri,12lkriphan5,reph,apopovkina,2012-06-22,searcher,4,,float
,2012,lkri,12lkriphan6,reph,apopovkina,2012-06-24,searcher,4,,float
,2012,lkri,12lkriphan7,reph,apopovkina,2012-06-24,searcher,4,,float
,2012,lkri,12lkriphan8,reph,apopovkina,2012-06-25,searcher,4,,float
,2012,lkri,12lkriphan9,reph,apopovkina,2012-06-29,searcher,4,,float
,2012,lkri,12lkriphas1,reph,msoloviev,2012-06-19,searcher,4,,float
,2012,lkri,12lkriphas2,reph,msoloviev,2012-06-20,searcher,4,,float
,2012,lkri,12lkriphas3,reph,msoloviev,2012-06-22,searcher,4,,float
,2012,lkri,12lkriphas4,reph,msoloviev,2012-06-25,searcher,4,,float
,2012,lkri,12lkriphas5,reph,msoloviev,2012-06-25,searcher,4,,hatch
,2012,lkri,12lkriphas6,reph,msoloviev,2012-06-29,rope,4,,float
,2012,lkri,12lkriphas7,reph,msoloviev,2012-07-02,rope,4,,hatch
,2012,lkri,12lkriphas8,reph,msoloviev,2012-07-02,rope,4,,hatch
,2012,lkri,12lkriphav1,reph,vgolovnyuk,2012-06-18,searcher,4,,float
,2012,lkri,12lkriphav10,reph,vgolovnyuk,2012-06-20,searcher,4,,float
,2012,lkri,12lkriphav11,reph,vgolovnyuk,2012-06-20,searcher,4,,float
,2012,lkri,12lkriphav12,reph,vgolovnyuk,2012-06-20,searcher,4,,float
,2012,lkri,12lkriphav13,reph,vgolovnyuk,2012-06-21,searcher,4,,float
,2012,lkri,12lkriphav14,reph,vgolovnyuk,2012-06-21,searcher,4,,float
,2012,lkri,12lkriphav15,reph,vgolovnyuk,2012-06-24,searcher,4,,float
,2012,lkri,12lkriphav16,reph,vgolovnyuk,2012-06-26,searcher,4,,float
,2012,lkri,12lkriphav17,reph,vgolovnyuk,2012-06-26,searcher,4,,hatch
,2012,lkri,12lkriphav18,reph,vgolovnyuk,2012-06-26,searcher,4,,float
,2012,lkri,12lkriphav19,reph,vgolovnyuk,2012-06-27,searcher,4,,float
,2012,lkri,12lkriphav2,reph,vgolovnyuk,2012-06-19,searcher,4,,float
,2012,lkri,12lkriphav20,reph,vgolovnyuk,2012-06-27,searcher,4,,hatch
,2012,lkri,12lkriphav21,reph,vgolovnyuk,2012-06-30,rope,4,,hatch
,2012,lkri,12lkriphav22,reph,vgolovnyuk,2012-07-01,searcher,4,,hatch
,2012,lkri,12lkriphav23,reph,vgolovnyuk,2012-07-02,rope,4,,
,2012,lkri,12lkriphav24,reph,vgolovnyuk,2012-07-07,searcher,4,,float
,2012,lkri,12lkriphav3,reph,vgolovnyuk,2012-06-19,searcher,4,,float
,2012,lkri,12lkriphav4,reph,vgolovnyuk,2012-06-20,searcher,4,,float
,2012,lkri,12lkriphav5,reph,vgolovnyuk,2012-06-20,searcher,3,,float
,2012,lkri,12lkriphav6,reph,vgolovnyuk,2012-06-20,searcher,3,,float
,2012,lkri,12lkriphav7,reph,vgolovnyuk,2012-06-21,searcher,4,,float
,2012,lkri,12lkriphav8,reph,vgolovnyuk,2012-06-20,searcher,4,,float
,2012,lkri,12lkriphav9,reph,vgolovnyuk,2012-06-20,searcher,4,,float
,2012,lkri,12lkripugg1,ruff,gsedash,2012-06-25,searcher,4,,float
,2012,lkri,12lkripugg3,ruff,gsedash,2012-07-11,incidental,4,,float
,2012,lkri,12lkripugn1,ruff,apopovkina,2012-06-27,searcher,4,,float
,2012,lkri,12lkripugs1,ruff,msoloviev,2012-06-19,searcher,4,,float
,2012,lkri,12lkripugs2,ruff,msoloviev,2012-06-19,searcher,4,,hatch
,2012,lkri,12lkripugs3,ruff,msoloviev,2012-06-23,searcher,4,,float
,2012,lkri,12lkripugs4,ruff,msoloviev,2012-06-23,searcher,4,,float
,2012,lkri,12lkripugs5,ruff,msoloviev,2012-06-24,searcher,4,,float
,2012,lkri,12lkripugv1,ruff,vgolovnyuk,2012-06-18,searcher,3,,float
,2012,lkri,12lkripugv2,ruff,vgolovnyuk,2012-06-18,searcher,4,,float
,2012,lkri,12lkripugv3,ruff,vgolovnyuk,2012-06-22,searcher,4,,float
,2012,lkri,12lkripugv4,ruff,vgolovnyuk,2012-06-25,searcher,4,,float
,2012,lkri,12lkripugv5,ruff,vgolovnyuk,2012-06-28,rope,4,,hatch
,2012,lkri,12lkripugv6,ruff,vgolovnyuk,2012-07-01,rope,3,,hatch
,2012,lkri,12lkripugv7,ruff,vgolovnyuk,2012-07-03,searcher,2,,
,2012,lkri,12lkripugv8,ruff,vgolovnyuk,2012-07-04,searcher,4,,float
,2012,lkri,12lkrirufv1,rnst,vgolovnyuk,2012-07-11,searcher,4,,
,2012,lkri,12lkrisqus1,bbpl,msoloviev,2012-07-03,incidental,3,,float
,2012,lkri,12lkrisquv1,bbpl,vgolovnyuk,2012-06-17,searcher,4,,float
,2012,lkri,12lkrisquv2,bbpl,vgolovnyuk,2012-06-22,searcher,4,,
,2012,lkri,12lkrisquv3,bbpl,vgolovnyuk,2012-06-23,searcher,4,,
,2012,lkri,12lkritemn1,test,apopovkina,2012-06-16,searcher,4,,float
,2012,lkri,12lkritems1,test,msoloviev,2012-06-15,searcher,4,,float
,2012,lkri,12lkritems2,test,msoloviev,2012-06-16,searcher,4,,float
,2012,lkri,12lkritemv1,test,vgolovnyuk,2012-06-27,searcher,4,,float
,2012,lkri,12lkritemv10,test,vgolovnyuk,2012-07-05,searcher,4,,float
,2012,lkri,12lkritemv11,test,vgolovnyuk,2012-07-05,searcher,4,,float
,2012,lkri,12lkritemv12,test,vgolovnyuk,2012-07-05,searcher,3,,
,2012,lkri,12lkritemv13,test,vgolovnyuk,2012-07-05,searcher,4,,hatch
,2012,lkri,12lkritemv14,test,vgolovnyuk,2012-07-06,searcher,4,,float
,2012,lkri,12lkritemv15,test,vgolovnyuk,2012-07-06,searcher,4,,float
,2012,lkri,12lkritemv17,test,vgolovnyuk,2012-06-15,searcher,4,,float
,2012,lkri,12lkritemv2,test,vgolovnyuk,2012-07-03,searcher,4,,hatch
,2012,lkri,12lkritemv3,test,vgolovnyuk,2012-07-03,searcher,4,,float
,2012,lkri,12lkritemv4,test,vgolovnyuk,2012-07-03,searcher,3,,float
,2012,lkri,12lkritemv5,test,vgolovnyuk,2012-07-04,searcher,4,,float
,2012,lkri,12lkritemv6,test,vgolovnyuk,2012-07-04,searcher,2,,hatch
,2012,lkri,12lkritemv7,test,vgolovnyuk,2012-07-04,searcher,4,,hatch
,2012,lkri,12lkritemv8,test,vgolovnyuk,2012-07-05,searcher,4,,hatch
,2012,lkri,12lkritemv9,test,vgolovnyuk,2012-07-05,searcher,4,,float
,2013,lkri,13lkriacms1,spts,msoloviev,2013-07-16,searcher,4,,hatch
,2013,lkri,13lkrialpl1,dunl,jloshchagina,2013-06-22,searcher,4,,hatch
,2013,lkri,13lkrialpl2,dunl,jloshchagina,2013-06-23,searcher,4,,hatch
,2013,lkri,13lkrialpn1,dunl,apopovkina,2013-06-22,searcher,4,,hatch
,2013,lkri,13lkrialpn2,dunl,apopovkina,2013-06-23,searcher,4,,hatch
,2013,lkri,13lkrialpn3,dunl,apopovkina,2013-06-23,searcher,4,,hatch
,2013,lkri,13lkrialpn4,dunl,apopovkina,2013-06-24,searcher,4,,float
,2013,lkri,13lkrialpn5,dunl,apopovkina,2013-06-25,searcher,4,,hatch
,2013,lkri,13lkrialpn6,dunl,apopovkina,2013-06-25,searcher,4,,float
,2013,lkri,13lkrialps1,dunl,msoloviev,2013-06-21,searcher,4,,float
,2013,lkri,13lkrialps2,dunl,msoloviev,2013-06-21,searcher,4,,hatch
,2013,lkri,13lkrialps3,dunl,msoloviev,2013-06-24,searcher,4,,float
,2013,lkri,13lkrialps4,dunl,msoloviev,2013-06-25,searcher,4,,hatch
,2013,lkri,13lkrialps5,dunl,msoloviev,2013-06-29,rope,4,,hatch
,2013,lkri,13lkrialps6,dunl,msoloviev,2013-06-30,rope,4,,float
,2013,lkri,13lkrialpv1,dunl,vgolovnyuk,2013-06-21,searcher,4,,hatch
,2013,lkri,13lkrialpv2,dunl,vgolovnyuk,2013-06-22,searcher,4,,hatch
,2013,lkri,13lkrialpv3,dunl,vgolovnyuk,2013-06-23,searcher,4,,hatch
,2013,lkri,13lkrialpv4,dunl,vgolovnyuk,2013-06-23,searcher,4,,float
,2013,lkri,13lkrialpv5,dunl,vgolovnyuk,2013-06-25,searcher,4,,float
,2013,lkri,13lkrialpv6,dunl,vgolovnyuk,2013-07-01,rope,4,,hatch
,2013,lkri,13lkrialpv7,dunl,vgolovnyuk,2013-07-01,rope,4,,hatch
,2013,lkri,13lkrialpv8,dunl,vgolovnyuk,2013-07-02,rope,4,,hatch
,2013,lkri,13lkrieryv1,spre,vgolovnyuk,2013-06-25,searcher,4,,float
,2013,lkri,13lkrifalv1,bbis,vgolovnyuk,2013-06-28,searcher,4,,float
,2013,lkri,13lkriferv1,cusa,vgolovnyuk,2013-06-22,searcher,4,,float
,2013,lkri,13lkrifull1,pagp,jloshchagina,2013-06-21,searcher,4,,hatch
,2013,lkri,13lkrifuln1,pagp,apopovkina,2013-07-07,searcher,4,,float
,2013,lkri,13lkrifuls1,pagp,msoloviev,2013-06-21,searcher,3,,float
,2013,lkri,13lkrifuls2,pagp,msoloviev,2013-06-22,searcher,4,,float
,2013,lkri,13lkrifulv1,pagp,vgolovnyuk,2013-06-21,searcher,4,,hatch
,2013,lkri,13lkrifulv2,pagp,vgolovnyuk,2013-06-21,searcher,4,,float
,2013,lkri,13lkrifulv3,pagp,vgolovnyuk,2013-06-21,searcher,4,,float
,2013,lkri,13lkrifulv4,pagp,vgolovnyuk,2013-06-21,searcher,4,,float
,2013,lkri,13lkrifulv5,pagp,vgolovnyuk,2013-06-22,searcher,4,,hatch
,2013,lkri,13lkrifulv6,pagp,vgolovnyuk,2013-06-25,searcher,4,,float
,2013,lkri,13lkrifulv7,pagp,vgolovnyuk,2013-07-02,rope,4,,float
,2013,lkri,13lkrigals1,cosn,msoloviev,2013-05-26,searcher,4,,float
,2013,lkri,13lkrigalv1,cosn,vgolovnyuk,2013-06-22,searcher,4,,float
,2013,lkri,13lkrigalv2,cosn,vgolovnyuk,2013-06-24,searcher,4,,float
,2013,lkri,13lkrigalv3,cosn,vgolovnyuk,2013-06-29,rope,4,,float
,2013,lkri,13lkrigalv4,cosn,vgolovnyuk,2013-06-30,rope,4,,hatch
,2013,lkri,13lkrilobv1,rnph,vgolovnyuk,2013-06-23,searcher,4,,hatch
,2013,lkri,13lkrilobv2,rnph,vgolovnyuk,2013-06-28,searcher,4,,float
,2013,lkri,13lkrilobv3,rnph,vgolovnyuk,2013-07-07,searcher,4,,hatch
,2013,lkri,13lkrimell1,pesa,jloshchagina,2013-06-21,searcher,4,,hatch
,2013,lkri,13lkrimell2,pesa,jloshchagina,2013-06-23,searcher,4,,float
,2013,lkri,13lkrimeln1,pesa,apopovkina,2013-06-24,searcher,4,,float
,2013,lkri,13lkrimeln2,pesa,apopovkina,2013-06-25,searcher,4,,float
,2013,lkri,13lkrimels1,pesa,msoloviev,2013-06-25,searcher,4,,hatch
,2013,lkri,13lkrimels2,pesa,msoloviev,2013-06-25,searcher,4,,float
,2013,lkri,13lkrimels3,pesa,msoloviev,2013-07-03,rope,4,,float
,2013,lkri,13lkrimelv1,pesa,vgolovnyuk,2013-06-23,searcher,4,,hatch
,2013,lkri,13lkrimelv10,pesa,vgolovnyuk,2013-07-21,searcher,4,,float
,2013,lkri,13lkrimelv3,pesa,vgolovnyuk,2013-06-23,searcher,4,,float
,2013,lkri,13lkrimelv4,pesa,vgolovnyuk,2013-06-24,searcher,4,,float
,2013,lkri,13lkrimelv5,pesa,vgolovnyuk,2013-06-24,searcher,4,,float
,2013,lkri,13lkrimelv6,pesa,vgolovnyuk,2013-06-24,searcher,4,,hatch
,2013,lkri,13lkrimelv7,pesa,vgolovnyuk,2013-06-26,searcher,4,,float
,2013,lkri,13lkrimelv8,pesa,vgolovnyuk,2013-06-26,searcher,4,,float
,2013,lkri,13lkrimelv9,pesa,vgolovnyuk,2013-07-03,rope,4,,
,2013,lkri,13lkriphal1,reph,jloshchagina,2013-06-30,searcher,3,,hatch
,2013,lkri,13lkriphan1,reph,apopovkina,2013-06-30,searcher,4,,hatch
,2013,lkri,13lkriphas1,reph,msoloviev,2013-06-30,rope,4,,hatch
,2013,lkri,13lkriphas2,reph,msoloviev,2013-07-02,searcher,4,,float
,2013,lkri,13lkriphav1,reph,vgolovnyuk,2013-06-24,searcher,4,,float
,2013,lkri,13lkriphav2,reph,vgolovnyuk,2013-06-27,searcher,4,,hatch
,2013,lkri,13lkriphav3,reph,vgolovnyuk,2013-06-28,searcher,4,,float
,2013,lkri,13lkriphav4,reph,vgolovnyuk,2013-06-28,searcher,3,,float
,2013,lkri,13lkripugl1,ruff,jloshchagina,2013-06-21,searcher,4,,hatch
,2013,lkri,13lkripugl2,ruff,jloshchagina,2013-06-25,searcher,4,,float
,2013,lkri,13lkripugl3,ruff,jloshchagina,2013-07-12,searcher,4,,hatch
,2013,lkri,13lkripugn1,ruff,apopovkina,2013-06-22,searcher,4,,hatch
,2013,lkri,13lkripugn2,ruff,apopovkina,2013-06-28,searcher,3,,float
,2013,lkri,13lkripugn3,ruff,apopovkina,2013-07-01,searcher,4,,hatch
,2013,lkri,13lkripugn4,ruff,apopovkina,2013-07-11,searcher,4,,float
,2013,lkri,13lkripugo1,ruff,dosipov,2013-06-22,searcher,4,,
,2013,lkri,13lkripugo2,ruff,dosipov,2013-06-25,searcher,3,,
,2013,lkri,13lkripugs1,ruff,msoloviev,2013-06-21,searcher,4,,float
,2013,lkri,13lkripugs2,ruff,msoloviev,2013-06-21,searcher,3,,hatch
,2013,lkri,13lkripugs3,ruff,msoloviev,2013-06-24,searcher,4,,float
,2013,lkri,13lkripugs4,ruff,msoloviev,2013-06-25,searcher,4,,hatch
,2013,lkri,13lkripugs5,ruff,msoloviev,2013-06-29,rope,4,,float
,2013,lkri,13lkripugv1,ruff,vgolovnyuk,2013-06-24,searcher,4,,hatch
,2013,lkri,13lkripugv11,ruff,vgolovnyuk,2013-07-09,searcher,4,,hatch
,2013,lkri,13lkripugv2,ruff,vgolovnyuk,2013-06-24,searcher,4,,hatch
,2013,lkri,13lkripugv3,ruff,vgolovnyuk,2013-06-27,searcher,4,,hatch
,2013,lkri,13lkripugv4,ruff,vgolovnyuk,2013-06-27,searcher,4,,float
,2013,lkri,13lkripugv5,ruff,vgolovnyuk,2013-06-28,searcher,4,,float
,2013,lkri,13lkripugv6,ruff,vgolovnyuk,2013-06-30,rope,4,,float
,2013,lkri,13lkripugv7,ruff,vgolovnyuk,2013-07-01,rope,4,,float
,2013,lkri,13lkripugv8,ruff,vgolovnyuk,2013-07-03,rope,4,,float
,2013,lkri,13lkrisqus1,bbpl,msoloviev,2013-07-07,searcher,4,,hatch
,2013,lkri,13lkrisqus2,bbpl,msoloviev,2013-07-07,searcher,4,,float
,2013,lkri,13lkrisquv1,bbpl,vgolovnyuk,2013-06-30,rope,4,,
,2013,lkri,13lkriteml1,test,jloshchagina,2013-07-06,searcher,4,,hatch
,2013,lkri,13lkriteml2,test,jloshchagina,2013-07-07,searcher,4,,float
,2013,lkri,13lkritemv1,test,vgolovnyuk,2013-07-05,searcher,4,,float
,2013,lkri,13lkritemv2,test,vgolovnyuk,2013-07-06,searcher,4,,float
,2013,lkri,13lkritemv3,test,vgolovnyuk,2013-07-06,searcher,4,,float
,2013,lkri,13lkritemv4,test,vgolovnyuk,2013-07-07,searcher,4,,hatch
,2013,lkri,13lkritemv5,test,vgolovnyuk,2013-07-07,searcher,4,,float
,2013,lkri,13lkritemv6,test,vgolovnyuk,2013-07-07,searcher,1,,hatch
,2014,lkri,14lkriacmv1,spts,vgolovnyuk,2014-06-23,searcher,4,,float
,2014,lkri,14lkriacmv2,spts,vgolovnyuk,2014-07-11,searcher,4,,float
,2014,lkri,14lkrialpl2,dunl,jloshchagina,2014-06-24,searcher,3,,float
,2014,lkri,14lkrialpl3,dunl,jloshchagina,2014-06-26,searcher,3,,hatch
,2014,lkri,14lkrialpl4,dunl,jloshchagina,2014-06-29,searcher,4,,float
,2014,lkri,14lkrialpl5,dunl,jloshchagina,2014-07-03,rope,4,,hatch
,2014,lkri,14lkrialpn1,dunl,apopovkina,2014-06-18,searcher,4,,float
,2014,lkri,14lkrialpn2,dunl,apopovkina,2014-06-18,searcher,4,,float
,2014,lkri,14lkrialpn3,dunl,apopovkina,2014-06-19,searcher,4,,float
,2014,lkri,14lkrialpn4,dunl,apopovkina,2014-06-19,searcher,2,,float
,2014,lkri,14lkrialpn5,dunl,apopovkina,2014-06-21,searcher,4,,hatch
,2014,lkri,14lkrialpn6,dunl,apopovkina,2014-06-22,searcher,4,,hatch
,2014,lkri,14lkrialps1,dunl,msoloviev,2014-06-18,searcher,4,,float
,2014,lkri,14lkrialps2,dunl,msoloviev,2014-06-19,searcher,4,,float
,2014,lkri,14lkrialps3,dunl,msoloviev,2014-06-19,searcher,4,,hatch
,2014,lkri,14lkrialps4,dunl,msoloviev,2014-06-21,searcher,4,,float
,2014,lkri,14lkrialps5,dunl,msoloviev,2014-06-29,rope,4,,float
,2014,lkri,14lkrialps6,dunl,msoloviev,2014-06-30,rope,4,,float
,2014,lkri,14lkrialpt1,dunl,tnoah,2014-06-26,searcher,4,,
,2014,lkri,14lkrialpv1,dunl,vgolovnyuk,2014-06-20,searcher,4,,float
,2014,lkri,14lkrialpv2,dunl,vgolovnyuk,2014-06-20,searcher,4,,float
,2014,lkri,14lkrialpv4,dunl,vgolovnyuk,2014-06-24,searcher,4,,float
,2014,lkri,14lkrialpv5,dunl,vgolovnyuk,2014-07-01,rope,3,,float
,2014,lkri,14lkrialpv6,dunl,vgolovnyuk,2014-07-02,rope,3,,hatch
,2014,lkri,14lkrialpv7,dunl,vgolovnyuk,2014-07-02,rope,4,,hatch
,2014,lkri,14lkrialpv8,dunl,vgolovnyuk,2014-07-03,rope,4,,hatch
,2014,lkri,14lkrichal1,crpl,jloshchagina,2014-07-01,searcher,4,,hatch
,2014,lkri,14lkrichal10,crpl,jloshchagina,2014-07-11,searcher,3,,float
,2014,lkri,14lkrichal2,crpl,jloshchagina,2014-07-01,searcher,4,,hatch
,2014,lkri,14lkrichal3,crpl,jloshchagina,2014-07-01,searcher,4,,float
,2014,lkri,14lkrichal4,crpl,jloshchagina,2014-07-02,searcher,4,,float
,2014,lkri,14lkrichal5,crpl,jloshchagina,2014-07-02,searcher,4,,hatch
,2014,lkri,14lkrichal6,crpl,jloshchagina,2014-07-02,searcher,4,,hatch
,2014,lkri,14lkrichal7,crpl,jloshchagina,2014-07-02,searcher,4,,float
,2014,lkri,14lkrichal8,crpl,jloshchagina,2014-07-11,searcher,4,,hatch
,2014,lkri,14lkrichal9,crpl,jloshchagina,2014-07-11,searcher,3,,float
,2014,lkri,14lkrichav1,crpl,vgolovnyuk,2014-07-14,searcher,3,,hatch
,2014,lkri,14lkrichav2,crpl,vgolovnyuk,2014-07-14,searcher,4,,hatch
,2014,lkri,14lkrierys1,spre,msoloviev,2014-07-01,rope,4,,hatch
,2014,lkri,14lkrifalt1,bbis,tnoah,2014-06-24,searcher,4,,float
,2014,lkri,14lkrifalt2,bbis,tnoah,2014-06-19,searcher,4,,float
,2014,lkri,14lkrifalt3,bbis,tnoah,2014-07-15,searcher,4,,hatch
,2014,lkri,14lkrifalt4,bbis,tnoah,2014-07-03,searcher,4,,
,2014,lkri,14lkrifalv1,bbis,vgolovnyuk,2014-06-26,searcher,3,,float
,2014,lkri,14lkrifalv2,bbis,vgolovnyuk,2014-06-26,searcher,2,,float
,2014,lkri,14lkrifalv3,bbis,vgolovnyuk,2014-06-27,searcher,4,,float
,2014,lkri,14lkrifalv4,bbis,vgolovnyuk,2014-07-06,rope,4,,float
,2014,lkri,14lkrifalv5,bbis,vgolovnyuk,2014-07-06,rope,4,,float
,2014,lkri,14lkrifalv6,bbis,vgolovnyuk,2014-07-06,rope,4,,float
,2014,lkri,14lkriferv1,cusa,vgolovnyuk,2014-06-18,searcher,4,,hatch
,2014,lkri,14lkriferv2,cusa,vgolovnyuk,2014-06-20,searcher,4,,float
,2014,lkri,14lkrifull1,pagp,jloshchagina,2014-06-25,searcher,4,,float
,2014,lkri,14lkrifuln1,pagp,apopovkina,2014-06-18,searcher,4,,float
,2014,lkri,14lkrifuln2,pagp,apopovkina,2014-06-21,searcher,3,,float
,2014,lkri,14lkrifuln3,pagp,apopovkina,2014-06-30,searcher,4,,float
,2014,lkri,14lkrifuln4,pagp,apopovkina,2014-07-02,searcher,4,,float
,2014,lkri,14lkrifuls1,pagp,msoloviev,2014-06-18,searcher,4,,float
,2014,lkri,14lkrifult1,pagp,tnoah,2014-06-27,searcher,4,,
,2014,lkri,14lkrifulv1,pagp,vgolovnyuk,2014-06-18,searcher,4,,float
,2014,lkri,14lkrifulv2,pagp,vgolovnyuk,2014-06-19,searcher,4,,hatch
,2014,lkri,14lkrifulv3,pagp,vgolovnyuk,2014-06-22,searcher,4,,
,2014,lkri,14lkrifulv4,pagp,vgolovnyuk,2014-06-22,searcher,4,,float
,2014,lkri,14lkrifulv5,pagp,vgolovnyuk,2014-07-01,rope,4,,float
,2014,lkri,14lkrifulv7,pagp,vgolovnyuk,2014-07-03,rope,4,,hatch
,2014,lkri,14lkrifulv8,pagp,vgolovnyuk,2014-07-03,rope,4,,float
,2014,lkri,14lkrigals1,cosn,msoloviev,2014-06-22,searcher,4,,float
,2014,lkri,14lkrigalt1,cosn,tnoah,2014-07-06,searcher,4,,
,2014,lkri,14lkrigalv1,cosn,vgolovnyuk,2014-06-28,rope,4,,float
,2014,lkri,14lkrigalv2,cosn,vgolovnyuk,2014-07-05,rope,4,,float
,2014,lkri,14lkrigalv3,cosn,vgolovnyuk,2014-07-07,searcher,4,,float
,2014,lkri,14lkrilobl1,rnph,jloshchagina,2014-06-30,searcher,4,,hatch
,2014,lkri,14lkrilobl2,rnph,jloshchagina,2014-06-30,searcher,4,,float
,2014,lkri,14lkrilobv1,rnph,vgolovnyuk,2014-06-26,searcher,3,,float
,2014,lkri,14lkrilobv2,rnph,vgolovnyuk,2014-07-07,searcher,4,,hatch
,2014,lkri,14lkrilobv3,rnph,vgolovnyuk,2014-07-08,searcher,4,,float
,2014,lkri,14lkrilobv4,rnph,vgolovnyuk,2014-07-08,searcher,4,,float
,2014,lkri,14lkrilobv5,rnph,vgolovnyuk,2014-07-09,searcher,4,,hatch
,2014,lkri,14lkrilobv6,rnph,vgolovnyuk,2014-07-09,searcher,4,,float
,2014,lkri,14lkrilobv7,rnph,vgolovnyuk,2014-07-11,searcher,3,,float
,2014,lkri,14lkrimell1,pesa,jloshchagina,2014-06-18,searcher,4,,float
,2014,lkri,14lkrimell10,pesa,jloshchagina,2014-06-30,searcher,4,,float
,2014,lkri,14lkrimell2,pesa,jloshchagina,2014-06-18,searcher,4,,float
,2014,lkri,14lkrimell3,pesa,jloshchagina,2014-06-18,searcher,4,,float
,2014,lkri,14lkrimell4,pesa,jloshchagina,2014-06-19,searcher,4,,float
,2014,lkri,14lkrimell5,pesa,jloshchagina,2014-06-20,searcher,4,,float
,2014,lkri,14lkrimell6,pesa,jloshchagina,2014-06-20,searcher,4,,float
,2014,lkri,14lkrimell7,pesa,jloshchagina,2014-06-21,searcher,4,,float
,2014,lkri,14lkrimell8,pesa,jloshchagina,2014-06-21,searcher,4,,float
,2014,lkri,14lkrimell9,pesa,jloshchagina,2014-06-29,searcher,4,,hatch
,2014,lkri,14lkrimeln1,pesa,apopovkina,2014-06-19,searcher,4,,float
,2014,lkri,14lkrimeln2,pesa,apopovkina,2014-06-19,searcher,4,,float
,2014,lkri,14lkrimeln4,pesa,apopovkina,2014-06-25,searcher,4,,float
,2014,lkri,14lkrimeln5,pesa,apopovkina,2014-06-29,searcher,4,,float
,2014,lkri,14lkrimeln6,pesa,apopovkina,2014-07-02,searcher,4,,float
,2014,lkri,14lkrimeln7,pesa,apopovkina,2014-07-02,searcher,4,,float
,2014,lkri,14lkrimeln8,pesa,apopovkina,2014-07-15,searcher,3,,
,2014,lkri,14lkrimels1,pesa,msoloviev,2014-06-18,searcher,4,,float
,2014,lkri,14lkrimels10,pesa,msoloviev,2014-06-22,searcher,4,,float
,2014,lkri,14lkrimels11,pesa,msoloviev,2014-06-22,searcher,4,,float
,2014,lkri,14lkrimels12,pesa,msoloviev,2014-06-22,searcher,4,,float
,2014,lkri,14lkrimels13,pesa,msoloviev,2014-06-22,searcher,4,,float
,2014,lkri,14lkrimels14,pesa,msoloviev,2014-06-29,rope,4,,float
,2014,lkri,14lkrimels2,pesa,msoloviev,2014-06-18,searcher,4,,float
,2014,lkri,14lkrimels3,pesa,msoloviev,2014-06-18,searcher,4,,float
,2014,lkri,14lkrimels4,pesa,msoloviev,2014-06-18,searcher,4,,float
,2014,lkri,14lkrimels5,pesa,msoloviev,2014-06-20,searcher,4,,float
,2014,lkri,14lkrimels6,pesa,msoloviev,2014-06-21,searcher,4,,hatch
,2014,lkri,14lkrimels7,pesa,msoloviev,2014-06-21,searcher,4,,float
,2014,lkri,14lkrimels8,pesa,msoloviev,2014-06-21,searcher,4,,float
,2014,lkri,14lkrimels9,pesa,msoloviev,2014-06-21,searcher,4,,
,2014,lkri,14lkrimelv1,pesa,vgolovnyuk,2014-06-19,searcher,4,,float
,2014,lkri,14lkrimelv10,pesa,vgolovnyuk,2014-06-22,searcher,4,,float
,2014,lkri,14lkrimelv11,pesa,vgolovnyuk,2014-06-24,searcher,4,,hatch
,2014,lkri,14lkrimelv12,pesa,vgolovnyuk,2014-06-24,searcher,4,,float
,2014,lkri,14lkrimelv13,pesa,vgolovnyuk,2014-06-25,searcher,4,,float
,2014,lkri,14lkrimelv14,pesa,vgolovnyuk,2014-06-26,searcher,4,,float
,2014,lkri,14lkrimelv15,pesa,vgolovnyuk,2014-06-27,searcher,4,,float
,2014,lkri,14lkrimelv16,pesa,vgolovnyuk,2014-06-27,searcher,4,,float
,2014,lkri,14lkrimelv18,pesa,vgolovnyuk,2014-06-28,rope,4,,float
,2014,lkri,14lkrimelv19,pesa,vgolovnyuk,2014-06-30,rope,3,,float
,2014,lkri,14lkrimelv2,pesa,vgolovnyuk,2014-06-20,searcher,4,,hatch
,2014,lkri,14lkrimelv20,pesa,vgolovnyuk,2014-07-01,rope,4,,hatch
,2014,lkri,14lkrimelv21,pesa,vgolovnyuk,2014-07-04,rope,4,,hatch
,2014,lkri,14lkrimelv3,pesa,vgolovnyuk,2014-06-20,searcher,4,,float
,2014,lkri,14lkrimelv4,pesa,vgolovnyuk,2014-06-20,searcher,4,,float
,2014,lkri,14lkrimelv5,pesa,vgolovnyuk,2014-06-20,searcher,3,,float
,2014,lkri,14lkrimelv6,pesa,vgolovnyuk,2014-06-20,searcher,4,,hatch
,2014,lkri,14lkrimelv7,pesa,vgolovnyuk,2014-06-20,searcher,4,,float
,2014,lkri,14lkrimelv8,pesa,vgolovnyuk,2014-06-22,searcher,4,,float
,2014,lkri,14lkrimelv9,pesa,vgolovnyuk,2014-06-22,searcher,4,,float
,2014,lkri,14lkriminl1,list,jloshchagina,2014-07-07,searcher,4,,hatch
,2014,lkri,14lkrimins1,list,msoloviev,2014-06-19,searcher,4,,float
,2014,lkri,14lkrimins2,list,msoloviev,2014-06-19,searcher,4,,float
,2014,lkri,14lkrimins3,list,msoloviev,2014-06-21,searcher,4,,float
,2014,lkri,14lkrimint1,list,tnoah,2014-06-25,searcher,4,,float
,2014,lkri,14lkrimint2,list,tnoah,2014-06-27,searcher,4,,float
,2014,lkri,14lkriminv1,list,vgolovnyuk,2014-06-22,searcher,4,,float
,2014,lkri,14lkriminv2,list,vgolovnyuk,2014-06-22,searcher,4,,hatch
,2014,lkri,14lkriphal1,reph,jloshchagina,2014-06-19,searcher,4,,float
,2014,lkri,14lkriphal3,reph,jloshchagina,2014-06-20,searcher,4,,hatch
,2014,lkri,14lkriphal4,reph,jloshchagina,2014-06-21,searcher,4,,float
,2014,lkri,14lkriphal5,reph,jloshchagina,2014-06-22,searcher,4,,float
,2014,lkri,14lkriphal6,reph,jloshchagina,2014-06-26,searcher,4,,hatch
,2014,lkri,14lkriphal7,reph,jloshchagina,2014-06-26,searcher,4,,float
,2014,lkri,14lkriphal8,reph,jloshchagina,2014-06-27,searcher,3,,float
,2014,lkri,14lkriphal9,reph,jloshchagina,2014-07-02,searcher,4,,float
,2014,lkri,14lkriphas1,reph,msoloviev,2014-06-19,searcher,4,,float
,2014,lkri,14lkriphas2,reph,msoloviev,2014-06-21,searcher,4,,hatch
,2014,lkri,14lkriphas3,reph,msoloviev,2014-06-22,searcher,3,,float
,2014,lkri,14lkriphas4,reph,msoloviev,2014-07-01,rope,4,,hatch
,2014,lkri,14lkriphav1,reph,vgolovnyuk,2014-06-18,searcher,3,,float
,2014,lkri,14lkriphav10,reph,vgolovnyuk,2014-06-25,searcher,4,,float
,2014,lkri,14lkriphav11,reph,vgolovnyuk,2014-06-26,searcher,3,,float
,2014,lkri,14lkriphav12,reph,vgolovnyuk,2014-06-27,searcher,4,,float
,2014,lkri,14lkriphav13,reph,vgolovnyuk,2014-06-27,searcher,4,,float
,2014,lkri,14lkriphav14,reph,vgolovnyuk,2014-06-27,searcher,4,,hatch
,2014,lkri,14lkriphav15,reph,vgolovnyuk,2014-06-27,searcher,3,,float
,2014,lkri,14lkriphav16,reph,vgolovnyuk,2014-07-05,rope,4,,hatch
,2014,lkri,14lkriphav2,reph,vgolovnyuk,2014-06-18,searcher,4,,
,2014,lkri,14lkriphav3,reph,vgolovnyuk,2014-06-19,searcher,4,,float
,2014,lkri,14lkriphav4,reph,vgolovnyuk,2014-06-20,searcher,4,,hatch
,2014,lkri,14lkriphav5,reph,vgolovnyuk,2014-06-21,searcher,4,,hatch
,2014,lkri,14lkriphav6,reph,vgolovnyuk,2014-06-21,searcher,4,,float
,2014,lkri,14lkriphav7,reph,vgolovnyuk,2014-06-22,searcher,3,,float
,2014,lkri,14lkriphav8,reph,vgolovnyuk,2014-06-22,searcher,3,,float
,2014,lkri,14lkriphav9,reph,vgolovnyuk,2014-06-24,searcher,3,,float
,2014,lkri,14lkripugl1,ruff,jloshchagina,2014-06-20,searcher,4,,float
,2014,lkri,14lkripugl2,ruff,jloshchagina,2014-06-21,searcher,4,,float
,2014,lkri,14lkripugl3,ruff,jloshchagina,2014-06-22,searcher,4,,float
,2014,lkri,14lkripugl4,ruff,jloshchagina,2014-07-06,searcher,4,,hatch
,2014,lkri,14lkripugl5,ruff,jloshchagina,2014-07-06,rope,4,,float
,2014,lkri,14lkripugn1,ruff,apopovkina,2014-06-19,searcher,3,,float
,2014,lkri,14lkripugn2,ruff,apopovkina,2014-06-21,searcher,4,,float
,2014,lkri,14lkripugn3,ruff,apopovkina,2014-06-22,searcher,2,,float
,2014,lkri,14lkripugn4,ruff,apopovkina,2014-07-01,searcher,4,,float
,2014,lkri,14lkripugn5,ruff,apopovkina,2014-06-22,searcher,4,,float
,2014,lkri,14lkripugs1,ruff,msoloviev,2014-06-18,searcher,4,,float
,2014,lkri,14lkripugs2,ruff,msoloviev,2014-06-20,searcher,4,,float
,2014,lkri,14lkripugs3,ruff,msoloviev,2014-06-20,searcher,4,,float
,2014,lkri,14lkripugs4,ruff,msoloviev,2014-06-21,searcher,4,,float
,2014,lkri,14lkripugs5,ruff,msoloviev,2014-06-21,searcher,4,,hatch
,2014,lkri,14lkripugs6,ruff,msoloviev,2014-06-22,searcher,3,,float
,2014,lkri,14lkripugv1,ruff,vgolovnyuk,2014-06-18,searcher,4,,float
,2014,lkri,14lkripugv10,ruff,vgolovnyuk,2014-07-01,searcher,4,,float
,2014,lkri,14lkripugv11,ruff,vgolovnyuk,2014-07-03,rope,3,,float
,2014,lkri,14lkripugv12,ruff,vgolovnyuk,2014-07-05,rope,4,,float
,2014,lkri,14lkripugv13,ruff,vgolovnyuk,2014-07-10,searcher,4,,float
,2014,lkri,14lkripugv14,ruff,vgolovnyuk,2014-07-17,searcher,4,,float
,2014,lkri,14lkripugv2,ruff,vgolovnyuk,2014-06-20,searcher,4,,float
,2014,lkri,14lkripugv3,ruff,vgolovnyuk,2014-06-20,searcher,4,,float
,2014,lkri,14lkripugv5,ruff,vgolovnyuk,2014-06-25,searcher,4,,float
,2014,lkri,14lkripugv6,ruff,vgolovnyuk,2014-06-25,searcher,4,,float
,2014,lkri,14lkripugv7,ruff,vgolovnyuk,2014-06-25,searcher,4,,float
,2014,lkri,14lkripugv8,ruff,vgolovnyuk,2014-06-26,searcher,4,,float
,2014,lkri,14lkripugv9,ruff,vgolovnyuk,2014-06-29,rope,4,,float
,2014,lkri,14lkriruft1,rnst,tnoah,2014-06-25,searcher,4,,
,2014,lkri,14lkrirufv1,rnst,vgolovnyuk,2014-06-18,searcher,4,,float
,2014,lkri,14lkriscos1,lbdo,msoloviev,2014-06-29,rope,4,,hatch
,2014,lkri,14lkrisqul1,bbpl,jloshchagina,2014-06-30,searcher,1,,lay
,2014,lkri,14lkrisqun1,bbpl,apopovkina,2014-07-16,searcher,3,,float
,2014,lkri,14lkrisqut1,bbpl,tnoah,2014-06-29,searcher,4,,hatch
,2014,lkri,14lkrisquv1,bbpl,vgolovnyuk,2014-06-20,searcher,4,,
,2014,lkri,14lkrisquv2,bbpl,vgolovnyuk,2014-07-11,searcher,3,,float
,2014,lkri,14lkriteml1,test,jloshchagina,2014-07-08,searcher,3,,hatch
,2014,lkri,14lkriteml2,test,jloshchagina,2014-07-08,searcher,4,,hatch
,2014,lkri,14lkriteml3,test,jloshchagina,2014-07-08,searcher,3,,hatch
,2014,lkri,14lkriteml4,test,jloshchagina,2014-07-08,searcher,4,,hatch
,2014,lkri,14lkriteml5,test,jloshchagina,2014-07-08,searcher,4,,hatch
,2014,lkri,14lkriteml6,test,jloshchagina,2014-07-09,searcher,4,,hatch
,2014,lkri,14lkriteml7,test,jloshchagina,2014-07-09,searcher,4,,float
,2014,lkri,14lkriteml8,test,jloshchagina,2014-07-14,searcher,4,,hatch
,2014,lkri,14lkritemt1,test,tnoah,2014-06-27,searcher,4,,float
,2014,lkri,14lkritemv1,test,vgolovnyuk,2014-07-07,searcher,4,,hatch
,2014,lkri,14lkritemv2,test,vgolovnyuk,2014-07-07,searcher,4,,hatch
,2014,lkri,14lkritemv3,test,vgolovnyuk,2014-07-08,searcher,3,,hatch
,2014,lkri,14lkritemv4,test,vgolovnyuk,2014-07-09,searcher,4,,hatch
,2014,lkri,14lkritemv5,test,vgolovnyuk,2014-07-09,searcher,3,,hatch
,2014,lkri,14lkritemv6,test,vgolovnyuk,2014-07-09,searcher,4,,hatch
,2014,lkri,14lkritemv7,test,vgolovnyuk,2014-07-09,searcher,4,,hatch
,2014,lkri,14lkritemv8,test,vgolovnyuk,2014-07-09,searcher,3,,hatch
,2014,lkri,14lkritemv9,test,vgolovnyuk,2014-07-09,searcher,2,,float
,2010,made,10madelbdo001,lbdo,ejones,2010-06-12,searcher,3,13,float
,2010,made,10madelbdo002,lbdo,ejones,2010-06-14,searcher,4,,
,2010,made,10madelbdo003,lbdo,lpirie,2010-06-24,searcher,2,26,float
,2010,made,10madelbdo004,lbdo,knuyaviak,2010-06-27,searcher,4,,
,2010,made,10madernph001,rnph,lpirie,2010-06-17,searcher,4,,
,2010,made,10madernph007,rnph,knuyaviak,2010-06-29,searcher,4,,
,2010,made,10madesesa007,sesa,lpirie,2010-06-18,searcher,1,,
,2010,made,10madestsa002,stsa,lpirie,2010-06-10,searcher,4,,
,2010,made,10madestsa004,stsa,lpirie,2010-06-24,searcher,1,,
,2010,made,10madewhim001,whim,ejones,2010-06-12,searcher,2,19,float
,2010,made,10madewhim004,whim,lpirie,2010-06-14,searcher,4,21,float
,2010,made,10madewhim005,whim,lpirie,2010-06-20,searcher,4,20,float
,2011,made,11madekn-01-2011,rnph,knuyaviak,2011-06-13,searcher,4,,
,2011,made,11madekn-11-2011,whim,knuyaviak,2011-06-23,searcher,3,13,float
,2011,made,11madekn-13-2011,whim,knuyaviak,2011-06-24,searcher,4,13,float
,2011,made,11madelp-07-2011,whim,lpirie,2011-06-08,searcher,4,,
,2011,made,11madelp-08-2011,rnph,lpirie,2011-06-09,searcher,4,,
,2011,made,11madelp-12-2011,rnph,lpirie,2011-06-10,searcher,2,,lay
,2011,made,11madelp-15-2011,sesa,lpirie,2011-06-10,searcher,4,,
,2011,made,11madelp-20-2011,sesa,lpirie,2011-06-12,searcher,4,,
,2011,made,11madelp-27-2011,pesa,lpirie,2011-06-15,searcher,4,11,float
,2011,made,11madelp-31-2011,whim,lpirie,2011-06-16,searcher,4,14,float
,2011,made,11madelp-34-2011,lesa,lpirie,2011-06-19,searcher,4,9,float
,2011,made,11madelp-39-2011,rnph,lpirie,2011-06-21,searcher,4,,
,2011,made,11madelp-46-2011,rnph,lpirie,2011-06-29,searcher,4,9,float
,2011,made,11madelp-47-2011,rnph,lpirie,2011-06-29,searcher,4,10,float
,2011,made,11madelp-48-2011,rnph,lpirie,2011-06-29,searcher,4,,
,2011,made,11madelp-51-2011,hugo,lpirie,2011-07-01,searcher,,,hatch
,2011,made,11madelp-53-2011,lesa,lpirie,2011-07-07,searcher,4,,
,2011,made,11mademm-21-2011,rnph,mmichaud,2011-06-20,searcher,4,,
,2011,made,11mademm-22-2011,rnph,mmichaud,2011-06-20,searcher,4,,
,2011,made,11mademm-23-2011,rnph,mmichaud,2011-06-20,searcher,3,,
,2011,made,11madess-07-2011,sepl,sskinner,2011-06-23,searcher,2,,
,2011,made,11madess-11-2011,rnph,sskinner,2011-07-05,searcher,4,,
,2011,made,11madeva-09-2011,pesa,vamarualik,2011-06-20,searcher,4,,
,2011,made,11madeva-10-2011,lesa,vamarualik,2011-06-23,searcher,4,11,float
,2011,made,11madeva-13-2011,lesa,vamarualik,2011-06-30,searcher,4,12,float
,2011,made,11madeva-14-2011,sesa,vamarualik,2011-07-07,searcher,4,,
1.08,2012,made,12madeas-01,whim,asmith,2012-06-13,searcher,1,,
1.42,2012,made,12madeas-02,whim,asmith,2012-06-14,searcher,4,,
1.15,2012,made,12madeas-04,rnph,asmith,2012-06-15,searcher,4,,
1.19,2012,made,12madeas-06,rnph,asmith,2012-06-15,searcher,2,,
1.21,2012,made,12madeas-08,rnph,asmith,2012-06-15,searcher,4,,
1.06,2012,made,12madeas-09,rnph,asmith,2012-07-15,searcher,5,,
1.09,2012,made,12madeas-11,rnph,asmith,2012-06-17,searcher,4,,
1.22,2012,made,12madeas-31,rnph,asmith,2012-07-02,searcher,4,,
1.72,2012,made,12madeas-33,rnph,asmith,2012-07-05,searcher,4,,
1.12,2012,made,12madefs-07,sesa,fsmith,2012-06-12,searcher,4,,
1.07,2012,made,12madefs-09,whim,fsmith,2012-06-14,searcher,4,,
1.5,2012,made,12madefs-11,rnph,fsmith,2012-06-15,searcher,4,,
1.32,2012,made,12madefs-29,rnph,fsmith,2012-07-02,searcher,4,,
1.67,2012,made,12madefs-32,lbdo,fsmith,2012-07-08,searcher,4,,
1.11,2012,made,12madejp-05,lbdo,jpanipak,2012-06-12,searcher,4,,
1.34,2012,made,12madekb-03,sepl,kbeckmann,2012-06-10,searcher,1,,
1.36,2012,made,12madekb-07,sepl,kbeckmann,2012-06-12,searcher,4,,
1.54,2012,made,12madekb-13,rnph,kbeckmann,2012-06-15,searcher,3,,
1.53,2012,made,12madekb-14,pesa,kbeckmann,2012-06-15,searcher,4,,
1.59,2012,made,12madekb-16,amgp,kbeckmann,2012-06-15,searcher,4,17,float
1.38,2012,made,12madelp-06,whim,lpirie,2012-06-11,searcher,4,,
1.7,2012,made,12madelp-11,rnph,lpirie,2012-07-01,searcher,4,,
1.71,2013,made,13madeab33rnph,rnph,abuckley,2013-06-23,searcher,4,,
1.72,2013,made,13madeab34rnph,rnph,abuckley,2013-06-27,bander,2,,
1.73,2013,made,13madeab35rnph,rnph,abuckley,2013-06-27,bander,2,,
1.76,2013,made,13madeab38rnph,rnph,abuckley,2013-06-28,bander,4,6,float
1.79,2013,made,13madeab42rnph,rnph,abuckley,2013-07-03,searcher,2,,hatch
1.8,2013,made,13madeab43rnph,rnph,abuckley,2013-07-03,searcher,2,,
1.84,2013,made,13madeab47sesa,sesa,abuckley,2013-07-04,searcher,3,13,float
1.85,2013,made,13madeab48rnph,rnph,abuckley,2013-07-04,searcher,4,12,float
1.86,2013,made,13madeab50whim,whim,abuckley,2013-07-07,searcher,4,24,float
1.24,2013,made,13madefs02whim,whim,fsmith,2013-06-12,searcher,1,,lay
1.32,2013,made,13madefs14rnph,rnph,fsmith,2013-06-22,searcher,4,,
1.30b,2013,made,13madefs29stsa,stsa,fsmith,2013-06-25,searcher,2,,
1.4,2013,made,13madefs32rnpph,rnph,fsmith,2013-06-27,searcher,2,0,float
1.59,2013,made,13madefs52rnph,rnph,fsmith,2013-07-06,searcher,4,16,float
1.99,2013,made,13madegm02whim,whim,gmccune,2013-06-13,searcher,1,,lay
2.16,2013,made,13madegm22rnph,rnph,gmccune,2013-06-27,searcher,3,0,float
1.1,2013,made,13madekb15rnph,rnph,kbeckmann,2013-06-22,searcher,4,1,float
1.12,2013,made,13madekb17stsa,stsa,kbeckmann,2013-06-25,rope,,,
1.21,2013,made,13madekb28rnph,rnph,kbeckmann,2013-07-03,searcher,3,0,float
1.23,2013,made,13madekb30rnph,rnph,kbeckmann,2013-07-08,searcher,4,12,float
1.87,2013,made,13madelb01pesa,pesa,lbachellier,2013-06-15,searcher,4,0,float
,2013,made,13madelb07pesa,pesa,lbachellier,2013-06-21,searcher,4,,
1.95,2013,made,13madelb24sepl,sepl,lbachellier,2013-07-05,searcher,4,4,float
1.97,2013,made,13madelb26rnph,rnph,lbachellier,2013-07-08,searcher,4,19,float
3.02,2014,made,14madeca04whim,whim,canderson,2014-06-15,searcher,4,0,float
4.21,2014,made,14madefs35rnph,rnph,fsmith,2014-06-27,searcher,4,4,float
4.22,2014,made,14madefs37rnph,rnph,fsmith,2014-06-28,searcher,4,3,float
4.25,2014,made,14madefs40sesa,sesa,fsmith,2014-07-02,searcher,,,hatch
5.06,2014,made,14madelb08whim,whim,lbachellier,2014-06-17,searcher,4,16,float
5.14,2014,made,14madelb25sesa,sesa,lbachellier,2014-07-02,searcher,4,,hatch
2.01,2014,made,14madepw06hugo,hugo,pwoodard,2014-06-10,searcher,1,,lay
2.02,2014,made,14madepw07whim,whim,pwoodard,2014-06-10,searcher,1,,
2.05,2014,made,14madepw16rnph,rnph,pwoodard,2014-06-15,searcher,4,0,float
1.08,2014,made,14madetk27rnph,rnph,tkydd,2014-06-25,searcher,4,3,float
1.12,2014,made,14madetk30rnph,rnph,tkydd,2014-06-25,searcher,4,10,float
1.13,2014,made,14madetk32rnph,rnph,tkydd,2014-06-27,searcher,4,7,float
1.17,2014,made,14madetk39lesa,lesa,tkydd,2014-06-28,searcher,4,14,float
1.21,2014,made,14madetk43rnph,rnph,tkydd,2014-07-04,searcher,4,,hatch
1.22,2014,made,14madetk48rnph,rnph,tkydd,2014-07-05,searcher,4,15,float
,1994,nome,94nome103,wesa,,1994-05-24,,,,lay
,1994,nome,94nome205,sesa,,1994-06-03,,,,lay
,1995,nome,95nome227,rnph,,1995-06-08,,,,
,1995,nome,95nome306,wesa,,1995-06-11,,,,lay
,1995,nome,95nome39,sesa,,1995-06-09,,,,lay
38,2010,nome,10nome10rnphbs01,rnph,bschwarz,2010-06-04,searcher,3,-1,float
43,2010,nome,10nome10rnphbs02,rnph,bschwarz,2010-06-06,searcher,4,1,float
68,2010,nome,10nome10rnphbs03,rnph,bschwarz,2010-06-11,searcher,4,0,float
67,2010,nome,10nome10rnphij01,rnph,ijong,2010-06-11,searcher,4,0,float
53,2010,nome,10nome10rnphjm01,rnph,jmenard,2010-06-09,searcher,4,4,float
56,2010,nome,10nome10rnphnh03,rnph,nhentze,2010-06-10,searcher,4,7,float
80,2010,nome,10nome10rnphnh08,rnph,nhentze,2010-06-16,searcher,4,0,float
96,2010,nome,10nome10rnphsf04,rnph,sfranks,2010-06-28,searcher,4,11,float
63,2010,nome,10nome10sesabs08,sesa,bschwarz,2010-06-10,searcher,3,12,float
45,2010,nome,10nome10sesaij06,sesa,ijong,2010-06-06,searcher,2,5,float
35,2010,nome,10nome10sesanh04,sesa,nhentze,2010-06-04,searcher,4,2,float
64,2010,nome,10nome10sesanh07,sesa,nhentze,2010-06-11,searcher,4,11,float
85,2010,nome,10nome10sesats03,sesa,tstclair,2010-06-18,searcher,4,17,float
22,2010,nome,10nome10wesabs08,wesa,bschwarz,2010-05-31,searcher,2,,
24,2010,nome,10nome10wesabs09,wesa,bschwarz,2010-06-01,searcher,4,12,float
34,2010,nome,10nome10wesabs11,wesa,bschwarz,2010-06-03,searcher,4,3,float
14,2010,nome,10nome10wesaij02,wesa,ijong,2010-05-27,searcher,3,3,float
16,2010,nome,10nome10wesaij03,wesa,ijong,2010-05-29,searcher,4,4,float
37,2010,nome,10nome10wesaij04,wesa,ijong,2010-06-04,searcher,4,3,float
61,2010,nome,10nome10wesanh15,wesa,nhentze,2010-06-10,searcher,4,12,float
e.35,2011,nome,11nome11dunlee57,dunl,eescajeda,2011-06-15,searcher,4,,
e.69,2011,nome,11nome11dunlwe24,dunl,wenglish,2011-06-06,searcher,4,10,float
e.27,2011,nome,11nome11pesaee42,pesa,eescajeda,2011-06-08,searcher,4,,
,2011,nome,11nome11rnphee74,rnph,eescajeda,2011-06-29,searcher,4,10,float
,2011,nome,11nome11rnphee76,rnph,eescajeda,2011-07-01,searcher,,,hatch
,2011,nome,11nome11rnphmw15,rnph,mwilson,2011-05-30,searcher,4,0,float
,2011,nome,11nome11rnphmw38,rnph,mwilson,2011-06-21,searcher,,,hatch
,2011,nome,11nome11rnphte25,rnph,tesson,2011-06-29,searcher,4,7,float
,2011,nome,11nome11rnphwe34,rnph,wenglish,2011-06-14,searcher,2,,lay
c.07,2011,nome,11nome11sesaee21,sesa,eescajeda,2011-05-30,searcher,4,3,float
c.16,2011,nome,11nome11sesaee55,sesa,eescajeda,2011-06-14,searcher,2,12,float
c.28,2011,nome,11nome11sesamw24,sesa,mwilson,2011-06-04,searcher,4,11,float
c.48,2011,nome,11nome11sesawe28,sesa,wenglish,2011-06-10,searcher,3,14,float
e.22,2011,nome,11nome11wesaee35,wesa,eescajeda,2011-06-04,searcher,2,,lay
e.23,2011,nome,11nome11wesaee36,wesa,eescajeda,2011-06-04,searcher,4,8,float
w.11,2011,nome,11nome11wesaee59,wesa,eescajeda,2011-06-16,searcher,4,,hatch
e.52,2011,nome,11nome11wesamw14,wesa,mwilson,2011-05-30,searcher,4,0,float
c.26,2011,nome,11nome11wesamw17,wesa,mwilson,2011-05-31,searcher,2,12,float
w.27,2011,nome,11nome11wesamw31,wesa,mwilson,2011-06-09,searcher,4,16,float
w.37,2011,nome,11nome11wesate23,wesa,tesson,2011-06-18,searcher,4,,hatch
c.49,2011,nome,11nome11wisnmw29,wisn,mwilson,2011-06-06,searcher,4,,
e.23,2012,nome,12nome12dunldh16,dunl,dhodkinson,2012-06-05,searcher,4,,
e.29,2012,nome,12nome12dunlsf18,dunl,sfranks,2012-06-07,searcher,4,11,float
,2012,nome,12nome12rnphdh10,rnph,dhodkinson,2012-06-03,searcher,4,2,float
,2012,nome,12nome12rnphdh15,rnph,dhodkinson,2012-06-05,searcher,4,11,float
,2012,nome,12nome12rnphdh22,rnph,dhodkinson,2012-06-09,searcher,3,,
,2012,nome,12nome12rnphek16,rnph,ekwon,2012-06-13,searcher,4,,
,2012,nome,12nome12rnphek23,rnph,ekwon,2012-06-20,searcher,4,11,float
,2012,nome,12nome12rnphek24,rnph,ekwon,2012-06-24,searcher,4,,hatch
,2012,nome,12nome12rnphmh10,rnph,mharing,2012-05-30,searcher,4,2,float
,2012,nome,12nome12rnphmh48,rnph,mharing,2012-06-13,searcher,4,1,float
,2012,nome,12nome12rnphmh59,rnph,mharing,2012-06-15,searcher,4,5,float
,2012,nome,12nome12rnphmh68,rnph,mharing,2012-06-21,searcher,3,14,float
,2012,nome,12nome12rnphmh74,rnph,mharing,2012-06-23,searcher,2,18,float
,2012,nome,12nome12rnphmh76,rnph,mharing,2012-07-03,searcher,4,,hatch
,2012,nome,12nome12rnphsf17,rnph,sfranks,2012-07-07,searcher,4,0,float
,2012,nome,12nome12rnphsf23,rnph,sfranks,2012-06-09,searcher,1,,lay
,2012,nome,12nome12rnphsf31,rnph,sfranks,2012-06-13,searcher,4,14,float
,2012,nome,12nome12rnphsf36,rnph,sfranks,2012-06-16,searcher,2,,lay
,2012,nome,12nome12rnphsf45,rnph,sfranks,2012-06-22,searcher,3,0,float
,2012,nome,12nome12rnphwe37,rnph,wenglish,2012-06-15,searcher,4,3,float
c.16,2012,nome,12nome12sesabks06,sesa,bksandercock,2012-06-01,searcher,2,,
w.36,2012,nome,12nome12sesadh21,sesa,dhodkinson,2012-06-08,searcher,4,,
c.46,2012,nome,12nome12sesamh67,sesa,mharing,2012-06-19,searcher,4,12,float
c.49,2012,nome,12nome12sesamh73,sesa,mharing,2012-06-22,searcher,4,13,float
w.02,2012,nome,12nome12wesamh06,wesa,mharing,2012-05-29,searcher,3,,
c.11,2012,nome,12nome12wesamh12,wesa,mharing,2012-05-30,searcher,3,,
e.21,2012,nome,12nome12wesasf14,wesa,sfranks,2012-06-05,searcher,4,4,float
c.12,2012,nome,12nome12wesawe08,wesa,wenglish,2012-06-01,searcher,4,6,float
w.08,2012,nome,12nome12wisnwe02,wisn,wenglish,2012-05-30,searcher,1,,lay
e.41,2013,nome,13nome13dunl337,dunl,triecke,2013-06-10,searcher,4,1,float
w.30,2013,nome,13nome13lbdo358,lbdo,triecke,2013-06-20,searcher,4,,
,2013,nome,13nome13rnph025,rnph,dborden,2013-06-18,searcher,2,,lay
,2013,nome,13nome13rnph136,rnph,ebkwon,2013-07-08,searcher,3,,hatch
,2013,nome,13nome13rnph338,rnph,triecke,2013-06-10,searcher,4,3,float
,2013,nome,13nome13rnph341,rnph,triecke,2013-06-13,searcher,4,0,float
,2013,nome,13nome13rnph407,rnph,wenglish,2013-06-10,searcher,4,0,float
,2013,nome,13nome13rnph418,rnph,wenglish,2013-06-14,searcher,3,9,float
,2013,nome,13nome13rnph439,rnph,wenglish,2013-06-22,searcher,2,,lay
e.40,2013,nome,13nome13sesa115,sesa,ebkwon,2013-06-08,searcher,4,4,float
w.11,2013,nome,13nome13sesa312,sesa,triecke,2013-06-04,searcher,1,,
e.38,2013,nome,13nome13sesa335,sesa,triecke,2013-06-08,searcher,4,2,float
e.39,2013,nome,13nome13sesa336,sesa,triecke,2013-06-08,searcher,4,6,float
c.46,2013,nome,13nome13sesa434,sesa,wenglish,2013-06-19,searcher,4,3,float
e.30,2013,nome,13nome13wesa013,wesa,dborden,2013-06-06,searcher,1,,
w.27,2013,nome,13nome13wesa022,wesa,dborden,2013-06-16,searcher,2,,
w.10,2013,nome,13nome13wesa311,wesa,triecke,2013-06-02,searcher,1,,
e.36,2013,nome,13nome13wesa333,wesa,triecke,2013-06-07,searcher,3,,
w.15,2013,nome,13nome13wesa401,wesa,wenglish,2013-06-07,searcher,4,0,float
w.32,2013,nome,13nome13wisn130,wisn,ebkwon,2013-06-25,searcher,4,9,float
c.51,2013,nome,13nome13wisn133,wisn,ebkwon,2013-06-30,searcher,4,,
e.02,2014,nome,14nomedunl104,dunl,dhodkinson,2014-05-25,searcher,3,3,float
e.08,2014,nome,14nomedunl109,dunl,dhodkinson,2014-05-26,searcher,4,0,float
e.17,2014,nome,14nomedunl216,dunl,sfranks,2014-05-31,searcher,4,0,float
w.26,2014,nome,14nomelesa132,lesa,dhodkinson,2014-06-09,searcher,4,,
e.35,2014,nome,14nomernph019,rnph,ekwon,2014-06-08,searcher,4,3,float
c.32,2014,nome,14nomernph021,rnph,ekwon,2014-06-09,searcher,1,,
c.42,2014,nome,14nomernph026,rnph,ekwon,2014-06-12,searcher,4,2,float
w.42,2014,nome,14nomernph028,rnph,ekwon,2014-06-14,searcher,4,3,float
e.49,2014,nome,14nomernph033,rnph,ekwon,2014-06-15,searcher,4,4,float
c.53,2014,nome,14nomernph035,rnph,ekwon,2014-06-15,searcher,4,7,float
c.56,2014,nome,14nomernph038,rnph,ekwon,2014-06-15,searcher,4,12,float
c.57,2014,nome,14nomernph039,rnph,ekwon,2014-06-16,searcher,4,6,float
c.58,2014,nome,14nomernph040,rnph,ekwon,2014-06-16,searcher,4,4,float
c.59,2014,nome,14nomernph041,rnph,ekwon,2014-06-16,searcher,4,6,float
w.43,2014,nome,14nomernph042,rnph,ekwon,2014-06-17,searcher,3,,hatch
w.44,2014,nome,14nomernph043,rnph,ekwon,2014-06-17,searcher,4,3,float
w.45,2014,nome,14nomernph044,rnph,ekwon,2014-06-17,searcher,4,17,float
w.46,2014,nome,14nomernph045,rnph,ekwon,2014-06-17,searcher,4,0,float
c.60,2014,nome,14nomernph046,rnph,ekwon,2014-06-17,searcher,4,12,float
c.62,2014,nome,14nomernph048,rnph,ekwon,2014-06-17,searcher,4,12,float
c.63,2014,nome,14nomernph049,rnph,ekwon,2014-06-17,searcher,3,14,float
e.56,2014,nome,14nomernph051,rnph,ekwon,2014-06-18,searcher,4,12,float
c.68,2014,nome,14nomernph052,rnph,ekwon,2014-06-18,searcher,4,9,float
c.70,2014,nome,14nomernph054,rnph,ekwon,2014-06-18,searcher,4,2,float
c.71,2014,nome,14nomernph055,rnph,ekwon,2014-06-20,searcher,4,2,float
w.50,2014,nome,14nomernph056,rnph,ekwon,2014-06-20,searcher,3,3,float
c.76,2014,nome,14nomernph057,rnph,ekwon,2014-06-25,searcher,3,14,float
w.53,2014,nome,14nomernph058,rnph,ekwon,2014-06-26,searcher,3,22,float
e.60,2014,nome,14nomernph059,rnph,ekwon,2014-06-26,searcher,4,6,float
c.79,2014,nome,14nomernph060,rnph,ekwon,2014-06-30,searcher,3,12,float
w.34,2014,nome,14nomernph140,rnph,dhodkinson,2014-06-10,searcher,4,0,float
w.35,2014,nome,14nomernph141,rnph,dhodkinson,2014-06-10,searcher,3,14,float
w.36,2014,nome,14nomernph142,rnph,dhodkinson,2014-06-10,searcher,3,,
w.37,2014,nome,14nomernph143,rnph,dhodkinson,2014-06-10,searcher,4,2,float
w.38,2014,nome,14nomernph144,rnph,dhodkinson,2014-06-10,searcher,4,4,float
c.39,2014,nome,14nomernph149,rnph,dhodkinson,2014-06-12,searcher,4,2,float
c.48,2014,nome,14nomernph155,rnph,dhodkinson,2014-06-14,searcher,4,2,float
c.64,2014,nome,14nomernph160,rnph,dhodkinson,2014-06-17,searcher,2,0,float
c.65,2014,nome,14nomernph161,rnph,dhodkinson,2014-06-17,searcher,3,17,float
e.54,2014,nome,14nomernph164,rnph,dhodkinson,2014-06-18,searcher,4,7,float
w.49,2014,nome,14nomernph167,rnph,dhodkinson,2014-06-20,searcher,4,2,float
c.72,2014,nome,14nomernph169,rnph,dhodkinson,2014-06-22,searcher,3,4,float
c.73,2014,nome,14nomernph172,rnph,dhodkinson,2014-06-23,searcher,4,7,float
c.74,2014,nome,14nomernph173,rnph,dhodkinson,2014-06-23,searcher,4,5,float
c.75,2014,nome,14nomernph174,rnph,dhodkinson,2014-06-23,searcher,3,9,float
w.51,2014,nome,14nomernph175,rnph,dhodkinson,2014-06-24,searcher,4,15,float
w.52,2014,nome,14nomernph176,rnph,dhodkinson,2014-06-25,searcher,4,6,float
c.77,2014,nome,14nomernph177,rnph,dhodkinson,2014-06-28,searcher,4,13,float
w.07,2014,nome,14nomernph207,rnph,sfranks,2014-05-27,searcher,2,0,float
w.23,2014,nome,14nomernph227,rnph,sfranks,2014-06-08,searcher,4,3,float
e.37,2014,nome,14nomernph230,rnph,sfranks,2014-06-09,searcher,4,13,float
e.38,2014,nome,14nomernph231,rnph,sfranks,2014-06-09,searcher,3,,
e.45,2014,nome,14nomesesa148,sesa,dhodkinson,2014-06-11,searcher,4,2,float
w.10,2014,nome,14nomesesa210,sesa,sfranks,2014-05-28,searcher,2,,
w.25,2014,nome,14nomesesa229,sesa,sfranks,2014-06-08,searcher,4,5,float
w.06,2014,nome,14nomewesa004,wesa,ekwon,2014-05-25,searcher,4,2,float
c.17,2014,nome,14nomewesa008,wesa,ekwon,2014-05-31,searcher,4,2,float
e.25,2014,nome,14nomewesa012,wesa,ekwon,2014-06-03,searcher,3,,
w.40,2014,nome,14nomewesa025,wesa,ekwon,2014-06-11,searcher,4,10,float
c.44,2014,nome,14nomewesa029,wesa,ekwon,2014-06-13,searcher,2,,
w.03,2014,nome,14nomewesa102,wesa,dhodkinson,2014-05-24,searcher,4,3,float
e.09,2014,nome,14nomewesa110,wesa,dhodkinson,2014-05-26,searcher,4,5,float
c.08,2014,nome,14nomewesa112,wesa,dhodkinson,2014-05-27,searcher,4,1,float
c.13,2014,nome,14nomewesa117,wesa,dhodkinson,2014-05-27,searcher,2,,
c.15,2014,nome,14nomewesa120,wesa,dhodkinson,2014-05-28,searcher,4,0,float
e.24,2014,nome,14nomewesa125,wesa,dhodkinson,2014-06-03,searcher,4,3,float
e.43,2014,nome,14nomewesa146,wesa,dhodkinson,2014-06-11,searcher,3,,
c.46,2014,nome,14nomewesa153,wesa,dhodkinson,2014-06-14,searcher,3,,
c.52,2014,nome,14nomewesa156,wesa,dhodkinson,2014-06-15,searcher,4,1,float
c.02,2014,nome,14nomewesa201,wesa,sfranks,2014-05-25,searcher,4,1,float
c.05,2014,nome,14nomewesa206,wesa,sfranks,2014-05-26,searcher,4,1,float
w.09,2014,nome,14nomewesa209,wesa,sfranks,2014-05-28,searcher,4,5,float
w.12,2014,nome,14nomewesa212,wesa,sfranks,2014-05-28,searcher,4,1,float
e.18,2014,nome,14nomewesa217,wesa,sfranks,2014-05-31,searcher,4,1,float
c.41,2014,nome,14nomewesa241,wesa,sfranks,2014-06-12,searcher,4,1,float
,2010,prba,10prba10jek001,sesa,ly,2010-06-09,bander,4,,float
,2010,prba,10prba10jek002,sesa,bhr,2010-06-12,bander,4,,float
,2010,prba,10prba10jek003,sesa,bhm,2010-06-13,bander,4,,float
,2010,prba,10prba10jek005,sesa,ly,2010-06-15,bander,4,,float
,2010,prba,10prba10jek006,sesa,ly,2010-06-15,bander,4,,float
,2010,prba,10prba10jek007,sesa,ly,2010-06-15,rope,4,,hatch
,2010,prba,10prba10jek008,pesa,ly,2010-06-15,bander,4,,
,2010,prba,10prba10jek009,pesa,jek,2010-06-16,bander,4,,float
,2010,prba,10prba10jek010,rutu,jek,2010-06-17,bander,4,,float
,2010,prba,10prba10jek011,rnph,jek,2010-06-17,bander,4,,float
,2010,prba,10prba10jek012,sesa,ly,2010-06-18,rope,4,,float
,2010,prba,10prba10jek013,sesa,jek,2010-06-19,bander,4,,float
,2010,prba,10prba10jek014,sesa,jek,2010-06-20,bander,4,,float
,2010,prba,10prba10jek015,pesa,jek,2010-06-21,bander,4,,float
,2010,prba,10prba10jek016,sesa,jek,2010-06-21,bander,4,,
,2010,prba,10prba10jek017,sesa,jek,2010-06-22,bander,4,,float
,2010,prba,10prba10jek018,sesa,jek,2010-06-22,bander,4,,float
,2010,prba,10prba10jek019,sesa,jek,2010-06-22,bander,4,,float
,2010,prba,10prba10jek020,sesa,bhr,2010-06-22,bander,4,,float
,2010,prba,10prba10jek021,sesa,bhr,2010-06-24,bander,4,,float
,2010,prba,10prba10jek022,sesa,jek,2010-06-24,bander,4,,float
,2010,prba,10prba10jek024,rnph,bhr,2010-06-28,bander,4,,float
,2010,prba,10prba10ly001,pesa,bhr,2010-06-09,bander,4,,float
,2010,prba,10prba10ly002,pesa,bhr,2010-06-09,bander,4,,float
,2010,prba,10prba10ly003,sesa,bhr,2010-06-10,rope,4,,float
,2010,prba,10prba10ly004,sesa,jek,2010-06-11,bander,4,,float
,2010,prba,10prba10ly005,pesa,bhr,2010-06-12,bander,4,,float
,2010,prba,10prba10ly006,sesa,bhr,2010-06-15,bander,4,,float
,2010,prba,10prba10ly007,sesa,ly,2010-06-15,rope,4,,float
,2010,prba,10prba10ly008,sesa,ly,2010-06-15,rope,4,,float
,2010,prba,10prba10ly009,sesa,ly,2010-06-16,rope,4,,float
,2010,prba,10prba10ly010,sesa,jek,2010-06-16,bander,4,,hatch
,2010,prba,10prba10ly011,sesa,bhr,2010-06-16,bander,4,,hatch
,2010,prba,10prba10ly012,rutu,bhr,2010-06-16,bander,4,,hatch
,2010,prba,10prba10ly013,sesa,ly,2010-06-17,searcher,4,,float
,2010,prba,10prba10ly014,pesa,ly,2010-06-17,searcher,4,,float
,2010,prba,10prba10ly015,sesa,ly,2010-06-17,searcher,4,,hatch
,2010,prba,10prba10ly016,reph,bhr,2010-06-18,bander,4,,float
,2010,prba,10prba10ly017,pesa,bhr,2010-06-18,rope,4,,hatch
,2010,prba,10prba10ly018,sesa,jek,2010-06-18,searcher,4,,float
,2010,prba,10prba10ly019,rnph,ly,2010-06-21,bander,4,,float
,2010,prba,10prba10ly020,pesa,jek,2010-06-21,bander,4,,float
,2010,prba,10prba10ly021,sesa,ly,2010-06-22,bander,4,,float
,2010,prba,10prba10ly022,pesa,ly,2010-06-23,bander,4,,float
,2010,prba,10prba10ly023,sesa,bhr,2010-06-24,bander,3,,hatch
,2010,prba,10prba10ly024,sesa,bhr,2010-06-24,bander,4,,float
,2013,prba,13prba13bwr018,sesa,brobinson,2013-06-16,searcher,3,11,float
,2013,prba,13prba13bwr019,sesa,brobinson,2013-06-16,searcher,4,6,float
,2013,prba,13prba13bwr021,sesa,brobinson,2013-06-17,searcher,4,4,float
,2013,prba,13prba13bwr023,pesa,brobinson,2013-06-18,searcher,4,6,float
,2013,prba,13prba13bwr025,bbsa,brobinson,2013-06-18,searcher,4,3,float
,2013,prba,13prba13bwr026,sesa,brobinson,2013-06-18,searcher,4,4,float
,2013,prba,13prba13bwr027,sesa,brobinson,2013-06-18,searcher,4,2,float
,2013,prba,13prba13bwr029,dunl,brobinson,2013-06-19,searcher,4,3,float
,2013,prba,13prba13bwr030,stsa,brobinson,2013-06-19,searcher,4,6,float
,2013,prba,13prba13bwr031,stsa,brobinson,2013-06-19,searcher,4,11,float
,2013,prba,13prba13bwr032,sesa,brobinson,2013-06-20,searcher,4,9,float
,2013,prba,13prba13bwr033,sesa,brobinson,2013-06-20,searcher,3,8,float
,2013,prba,13prba13bwr034,sesa,cdavis,2013-06-22,rope,4,12,float
,2013,prba,13prba13bwr035,sesa,cdavis,2013-06-22,rope,4,6,float
,2013,prba,13prba13bwr037,sesa,cdavis,2013-06-23,rope,4,8,float
,2013,prba,13prba13bwr038,pesa,cdavis,2013-06-24,rope,4,9,float
,2013,prba,13prba13bwr039,lbdo,cdavis,2013-06-25,rope,4,13,float
,2013,prba,13prba13bwr041,pesa,cdavis,2013-06-26,rope,4,5,float
,2013,prba,13prba13bwr042,pesa,cdavis,2013-06-26,rope,4,13,float
,2013,prba,13prba13bwr043,rnph,cdavis,2013-06-27,rope,4,14,float
,2013,prba,13prba13bwr044,rnph,cdavis,2013-06-27,rope,2,8,float
,2013,prba,13prba13bwr046,pesa,brobinson,2013-06-29,searcher,4,2,float
,2013,prba,13prba13bwr047,pesa,brobinson,2013-06-29,searcher,4,3,float
,2013,prba,13prba13bwr048,pesa,brobinson,2013-06-29,searcher,4,12,float
,2013,prba,13prba13bwr049,lbdo,brobinson,2013-06-30,searcher,1,,lay
,2013,prba,13prba13bwr050,sesa,brobinson,2013-07-03,incidental,4,,hatch
,2013,prba,13prba13bwr052,rnph,brobinson,2013-07-03,searcher,4,19,float
,2013,prba,13prba13bwr053,lbdo,brobinson,2013-07-04,searcher,4,8,float
,2013,prba,13prba13bwr054,reph,brobinson,2013-07-04,searcher,4,14,float
,2013,prba,13prba13bwr055,pesa,cdavis,2013-07-10,incidental,4,,hatch
,2013,prba,13prba13cmd003,pesa,cdavis,2013-06-12,rope,4,2,float
,2013,prba,13prba13cmd007,sesa,cdavis,2013-06-17,rope,4,5,float
,2013,prba,13prba13cmd010,amgp,cdavis,2013-06-16,searcher,3,18,float
,2013,prba,13prba13cmd011,sesa,cdavis,2013-06-16,searcher,4,6,float
,2013,prba,13prba13cmd013,bbsa,cdavis,2013-06-16,searcher,4,8,float
,2013,prba,13prba13cmd014,sesa,cdavis,2013-06-16,searcher,4,5,float
,2013,prba,13prba13cmd018,sesa,cdavis,2013-06-18,searcher,4,7,float
,2013,prba,13prba13cmd019,sesa,cdavis,2013-06-18,searcher,4,10,float
,2013,prba,13prba13cmd022,pesa,cdavis,2013-06-18,searcher,4,4,float
,2013,prba,13prba13cmd023,sesa,cdavis,2013-06-19,searcher,4,9,float
,2013,prba,13prba13cmd024,rnph,cdavis,2013-06-19,searcher,4,5,float
,2013,prba,13prba13cmd025,rnph,cdavis,2013-06-19,searcher,4,7,float
,2013,prba,13prba13cmd026,sesa,cdavis,2013-06-19,searcher,4,4,float
,2013,prba,13prba13cmd027,dunl,cdavis,2013-06-19,searcher,4,10,float
,2013,prba,13prba13cmd029,sesa,cdavis,2013-06-20,searcher,4,11,float
,2013,prba,13prba13cmd031,sesa,cdavis,2013-06-20,searcher,4,8,float
,2013,prba,13prba13cmd032,sesa,cdavis,2013-06-22,rope,4,9,float
,2013,prba,13prba13cmd033,pesa,cdavis,2013-06-22,rope,4,4,float
,2013,prba,13prba13cmd034,sesa,cdavis,2013-06-22,rope,4,8,float
,2013,prba,13prba13cmd035,rnph,cdavis,2013-06-22,rope,4,7,float
,2013,prba,13prba13cmd036,rnph,cdavis,2013-06-22,rope,4,3,float
,2013,prba,13prba13cmd037,pesa,cdavis,2013-06-24,rope,4,12,float
,2013,prba,13prba13cmd038,lbdo,cdavis,2013-06-24,rope,4,4,float
,2013,prba,13prba13cmd039,sesa,cdavis,2013-06-25,rope,4,14,float
,2013,prba,13prba13cmd040,amgp,cdavis,2013-06-25,rope,4,4,float
,2013,prba,13prba13cmd042,sesa,cdavis,2013-06-26,rope,4,15,float
,2013,prba,13prba13cmd044,rnph,cdavis,2013-06-27,searcher,4,10,float
,2013,prba,13prba13cmd045,reph,cdavis,2013-06-28,searcher,4,12,float
,2013,prba,13prba13cmd046,rnph,cdavis,2013-06-29,searcher,4,10,float
,2013,prba,13prba13cmd047,pesa,cdavis,2013-06-29,searcher,4,15,float
,2013,prba,13prba13cmd048,sesa,cdavis,2013-07-03,searcher,3,,hatch
,2013,prba,13prba13cmd050,rnph,cdavis,2013-07-04,searcher,3,11,float
3.01,2003,barr,03barrdunl100,dunl,denega,2003-06-09,single,4,,lay
3.13,2003,barr,03barrdunl103,dunl,denega,2003-06-24,single,4,,lay
4.08,2003,barr,03barrpesa315,pesa,trask,2003-06-23,single,4,,lay
8.03,2004,barr,04barrdunl300,dunl,norwood,2004-06-10,single,4,,lay
8.16,2004,barr,04barrlbdo429,lbdo,juillerat,2004-06-24,single,4,,lay
3.17,2004,barr,04barrpe8,pesa,lanctot,2004-06-17,bander,2,,lay
3.09,2004,barr,04barrreph001,reph,lanctot,2004-06-16,rope,4,,lay
5.14,2004,barr,04barrreph014,reph,lanctot,2004-06-23,bander,4,,lay
10.04,2004,barr,04barrreph206,reph,selvidge,2004-06-16,rope,4,,lay
5.13,2004,barr,04barrreph224,reph,selvidge,2004-06-22,single,4,,lay
6.1,2005,barr,05barrdunl309,dunl,selvidge,2005-06-17,single,4,,lay
6.19,2005,barr,05barrreph116,reph,taylor,2005-06-19,rope,4,5,float
4.04,2005,barr,05barrreph119,reph,taylor,2005-06-21,rope,4,,lay
9.13,2005,barr,05barrreph210,reph,coutsoubos,2005-07-01,single,4,,lay
14.11,2006,barr,06barrlbdo209,lbdo,lebouard,2006-06-16,single,4,,lay
2.07,2006,barr,06barrlbdo296,lbdo,lebouard,2006-07-02,single,4,,lay
9.21,2006,barr,06barrpesa731,pesa,naves,2006-06-20,single,4,,lay
6.03,2006,barr,06barrreph207,reph,lebouard,2006-06-14,single,4,,lay
1.08,2006,barr,06barrreph235,reph,lebouard,2006-06-19,single,4,,lay
12.19,2006,barr,06barrreph323,reph,fontaine,2006-06-17,single,4,,lay
14.14,2006,barr,06barrreph324,reph,fontaine,2006-06-17,single,4,,lay
9.17,2006,barr,06barrreph330,reph,fontaine,2006-06-19,single,4,,lay
8.08,2006,barr,06barrreph522,reph,boadways,2006-07-17,bander,4,,hatch
15.09,2006,barr,06barrreph609,reph,krueper,2006-06-25,rope,4,,lay
12.09,2006,barr,06barrreph708,reph,naves,2006-06-15,single,4,,lay
16.02,2006,barr,06barrrnph150,rnph,coutsoubos,2006-06-15,single,4,,lay
10.12,2006,barr,06barrrnph270,rnph,lebouard,2006-06-26,rope,4,,lay
3.14,2007,barr,07barrpesa226,pesa,d.taylor,2007-06-18,single,4,,lay
10.25,2007,barr,07barrreph015,reph,lanctot,2007-07-02,bander,4,,lay
6.04,2007,barr,07barrreph104,reph,rankin,2007-06-13,single,4,,lay
6.26,2007,barr,07barrreph138,reph,rankin,2007-06-25,rope,4,,lay
1.2,2007,barr,07barrreph540,reph,choi,2007-06-27,rope,4,,lay
1.01,2007,barr,07barrrnph505,rnph,choi,2007-06-13,single,4,,lay
2.22,2008,barr,08barramgp128,amgp,phsu,2008-06-19,single,4,,lay
6.16,2008,barr,08barramgp325,amgp,ganx,2008-06-20,single,3,,lay
2.07,2008,barr,08barrdunl204,dunl,dpavlik,2008-06-11,single,4,,lay
,2008,barr,08barrdunl401a,dunl,rgates,2008-06-10,single,4,,lay
7.02,2008,barr,08barrlbdo246,lbdo,dpavlik,2008-06-27,rope,4,,lay
8.15,2008,barr,08barrlbdo315,lbdo,ganx,2008-06-18,single,3,,lay
1.2,2008,barr,08barrlbdo516,lbdo,jchoi,2008-06-26,bander,4,,lay
8.21,2008,barr,08barrpesa121,pesa,phsu,2008-06-19,single,4,,lay
8.24,2008,barr,08barrreph232,reph,dpavlik,2008-06-20,single,4,,lay
1.03,2008,barr,08barrreph309,reph,ganx,2008-06-16,single,4,,lay
8.17,2008,barr,08barrreph317,reph,ganx,2008-06-18,single,4,,lay
11.22,2008,barr,08barrrnph147,rnph,phsu,2008-06-25,rope,4,,lay
4.02,2009,barr,09barramgp501,amgp,cgovernali,2009-06-07,single,4,,lay
1.1,2009,barr,09barramgp547,amgp,cgovernali,2009-06-18,single,4,,lay
13.02,2009,barr,09barramgp903,amgp,ekistler,2009-06-09,single,4,,lay
22.14,2009,barr,09barrdunl059,dunl,pmickelson,2009-06-16,rope,4,0,float
22.2,2009,barr,09barrdunl065,dunl,pmickelson,2009-06-16,single,4,,float
20.09,2009,barr,09barrdunl308,dunl,nburrell,2009-06-10,single,4,,lay
7.03,2009,barr,09barrdunl504,dunl,cgovernali,2009-06-09,single,4,,lay
16.25,2009,barr,09barrdunl542,dunl,cgovernali,2009-06-17,single,4,,lay
21.07,2009,barr,09barrdunl606,dunl,bhill,2009-06-10,single,4,,lay
16.22,2009,barr,09barrlbdo716,lbdo,fchevreux,2009-06-14,single,4,,lay
13.03,2009,barr,09barrlbdo904,lbdo,ekistler,2009-06-09,single,4,,lay
5.12,2009,barr,09barrpesa458,pesa,cgovernali,2009-06-30,bander,4,,lay
16.06,2009,barr,09barrreph511,reph,cgovernali,2009-06-10,single,4,,lay
10.08,2009,barr,09barrreph520,reph,cgovernali,2009-06-12,single,4,,lay
7.05,2009,barr,09barrreph521,reph,cgovernali,2009-06-12,single,4,,lay
10.04,2009,barr,09barrsesa703,sesa,fchevreux,2009-06-10,single,4,,lay
10.11,2009,barr,09barrwesa925,wesa,ekistler,2009-06-14,single,4,,lay
11.65,2010,barr,10barrlbdo220,lbdo,rdugan,2010-06-25,single,4,,lay
3.39,2010,barr,10barrlbdo224,lbdo,rdugan,2010-06-27,rope,4,,lay
11.43,2010,barr,10barrreph002,reph,rlanctot,2010-06-22,bander,4,,lay
11.45,2011,barr,11barrlbdo178,lbdo,jcunningham,2011-06-26,searcher,4,,lay
9.03,2011,barr,11barrpesa121,pesa,jcunningham,2011-06-15,searcher,4,,lay
9.65,2011,barr,11barrpesa431,pesa,abankert,2011-06-23,searcher,4,,lay
10.35,2011,barr,11barrreph135,reph,jcunningham,2011-06-19,searcher,4,,lay
11.07,2011,barr,11barrreph153,reph,jcunningham,2011-06-22,searcher,4,,lay
9.19,2011,barr,11barrreph314,reph,jzamudio,2011-06-20,searcher,4,,lay
17.23,2011,barr,11barrreph318,reph,jzamudio,2011-06-22,searcher,4,,lay
9.61,2011,barr,11barrreph429,reph,abankert,2011-06-23,searcher,4,,lay
11.25,2011,barr,11barrreph439,reph,abankert,2011-06-23,searcher,3,,lay
16.27,2011,barr,11barrreph510,reph,pherzog,2011-06-15,searcher,4,,lay
5.11,2011,barr,11barrsesa481,sesa,abankert,2011-07-01,rope,1,,hatch
5.53,2012,barr,12barrreph442,reph,bverheijen,2012-06-18,searcher,4,,lay
1.33,2012,barr,12barrreph450,reph,bverheijen,2012-06-20,searcher,3,,lay
3.13,2012,barr,12barrreph527,reph,pherzog,2012-06-13,searcher,4,,lay
15.51,2012,barr,12barrreph704,reph,ssaalfeld,2012-06-27,bander,4,,hatch
14.35,2012,barr,12barrwesa228,wesa,bhill,2012-06-25,bander,4,,lay
,2013,barr,13barrdunl059,dunl,pherzog,2013-06-13,searcher,4,,lay
,2013,barr,13barrlbdo117,lbdo,kgrond,2013-06-13,searcher,3,,lay
,2013,barr,13barrlbdo376,lbdo,amould,2013-06-26,rope,4,3,float
,2013,barr,13barrreph077,reph,lrensel,2013-06-18,searcher,4,,lay
,2013,barr,13barrreph232,reph,pherzog,2013-06-20,searcher,4,,lay
,2013,barr,13barrreph253,reph,pherzog,2013-06-23,searcher,3,4,float
,2013,barr,13barrsesa129,sesa,pherzog,2013-06-12,searcher,4,,lay
,2013,barr,13barrsesa167,sesa,dkesler,2013-06-21,searcher,4,,lay
,2013,barr,13barrsesa301,sesa,fstetler,2013-06-27,rope,3,2,float
,2013,barr,13barrsesa339,sesa,lrensel,2013-06-24,searcher,4,,lay
,2013,barr,13barrwesa037,wesa,lrensel,2013-06-19,searcher,4,,lay
,2013,barr,13barrwesa252,wesa,pherzog,2013-06-23,searcher,4,,lay
,2014,barr,14barrdunl083,dunl,asterling,2014-06-19,searcher,3,,lay
,2014,barr,14barrdunl102,dunl,jmarin,2014-06-12,searcher,4,,lay
,2014,barr,14barrpesa018,pesa,ssheedy,2014-06-16,searcher,4,,lay
,2014,barr,14barrpesa043,pesa,jmarin,2014-06-25,searcher,4,,lay
,2014,barr,14barrpesa085,pesa,mallen,2014-06-18,bander,4,,lay
,2014,barr,14barrpesa135,pesa,asterling,2014-06-22,searcher,4,,lay
,2014,barr,14barrpesa339,pesa,jmarin,2014-07-01,searcher,4,,lay
,2014,barr,14barrreph042,reph,jmarin,2014-06-25,searcher,4,,lay
,2014,barr,14barrreph066,reph,mallen,2014-06-15,other,3,,lay
,2014,barr,14barrreph111,reph,jmarin,2014-06-16,searcher,4,,lay
,2014,barr,14barrreph173,reph,jcunningham,2014-06-14,bander,3,,lay
,2014,barr,14barrreph257,reph,mallen,2014-06-30,other,4,,lay
,2014,barr,14barrreph273,reph,ssheedy,2014-06-25,searcher,3,,lay
,2012,burn,12burnlesakb01,lesa,kbennett,2012-06-08,searcher,4,,
,2006,bylo,06bylobasajb02,basa,jbety,2006-06-19,systematic search,4,,float
,2006,bylo,06bylobasajb03,basa,jbety,2006-06-19,systematic search,4,,float
,2006,bylo,06bylorephc201,reph,mgrahamsauve,2006-06-25,incidental,4,,lay
,2008,bylo,08byloagpllm01,amgp,lmckinnon,2008-06-15,systematic search,4,,lay
,2010,bylo,10bylobasajfl01,basa,jflamarre,2010-06-14,incidental,4,,hatch
,2010,bylo,10bylobasapb01,basa,pbertrand,2010-06-15,incidental,4,,lay
,2010,bylo,10bylobasapb03,basa,pbertrand,2010-06-18,incidental,4,,lay
,2010,bylo,10bylogrgr2,crpl,cmorin,2010-06-28,incidental,4,,
,2010,bylo,10bylopesa1,pesa,jflamarre,2010-06-26,incidental,4,,float
,2010,bylo,10bylowrsajfl01,wrsa,jflamarre,2010-06-19,incidental,4,,float
,2010,bylo,10bylowrsajfl02,wrsa,jflamarre,2010-06-19,incidental,4,,lay
,2010,bylo,10bylowrsajfl03,wrsa,jflamarre,2010-06-21,incidental,4,,lay
,2010,bylo,10bylowrsapb03,wrsa,pbertrand,2010-06-19,incidental,4,,lay
,2010,bylo,10bylowrsapb06,wrsa,pbertrand,2010-06-21,incidental,4,,float
,2011,bylo,11bylobasacd01,basa,cdoucet,2011-06-18,incidental,4,,lay
,2011,bylo,11bylobasajo01,basa,jotis,2011-06-12,incidental,4,,lay
,2011,bylo,11bylobasapm01,basa,pmorissette,2011-06-12,incidental,4,,lay
,2011,bylo,11bylowrsajo01,wrsa,jotis,2011-06-15,incidental,4,,lay
,2012,bylo,12byloamgpcd01,amgp,cdoucet,2012-06-27,incidental,4,,
,2012,bylo,12byloamgpip01,amgp,ipratte,2012-06-24,incidental,4,,
,2012,bylo,12byloamgpjl01,amgp,jflamarre,2012-06-19,incidental,4,,lay
,2012,bylo,12bylobasajl03,basa,jflamarre,2012-06-19,incidental,4,,lay
,2012,bylo,12bylobasamc01,basa,mcfrenette,2012-06-13,incidental,4,,lay
,2012,bylo,12bylobasasc03,basa,scoulombe,2012-06-22,incidental,4,7,float
,2013,bylo,13byloamgper04,amgp,ereed,2013-07-07,incidental,4,19,float
,2013,bylo,13byloamgper06,amgp,ereed,2013-07-08,incidental,4,20,float
,2013,bylo,13bylobasafs01,basa,fsenezgagnon,2013-06-14,incidental,4,1,float
,2013,bylo,13bylopesajl02,pesa,jlamarre,2013-06-21,incidental,4,,lay
,2013,bylo,13bylowrsahm01,wrsa,hmeltofte,2013-06-16,incidental,4,0,float
,2014,bylo,14byloamgpaa01,amgp,abeardsell,2014-06-17,incidental,4,0,float
,2014,bylo,14byloamgpdl02,amgp,dleandribreton,2014-06-18,incidental,4,0,float
,2014,bylo,14byloamgpdl03,amgp,dleandribreton,2014-06-18,incidental,4,0,float
,2014,bylo,14byloamgpdl04,amgp,dleandribreton,2014-06-20,incidental,4,0,float
,2014,bylo,14byloamgpmo03,amgp,moakes,2014-06-18,incidental,4,0,float
,2014,bylo,14bylobasaab01,basa,abeardsell,2014-06-16,incidental,4,4,float
,2014,bylo,14bylobasafs05,basa,fsenezgagnon,2014-06-18,incidental,4,0,float
,2014,bylo,14bylobasays01,basa,yseyer,2014-06-16,incidental,4,0,float
,2014,bylo,14bylowrsamo01,wrsa,moakes,2014-06-17,incidental,4,0,float
1.16,2010,cakr,10cakrdunl016,dunl,rgates,2010-06-14,searcher,4,,lay
1.23,2010,cakr,10cakrwesa023,wesa,rgates,2010-06-22,rope,3,-2,float
3.15,2011,cakr,11cakrsesa313,sesa,lpadegimas,2011-06-11,searcher,4,,lay
6.01,2012,cakr,12cakrbltu400,bltu,rgates,2012-06-06,bander,4,1,float
6.04,2012,cakr,12cakrsesa408,sesa,rgates,2012-06-10,searcher,4,0,float
1.34,2012,cakr,12cakrwesa241,wesa,edastous,2012-06-15,searcher,3,,lay
,2013,cakr,13cakrpaja059,paja,flin,2013-06-09,searcher,2,,lay
,2013,cakr,13cakrrnph007,rnph,mboldenow,2013-06-04,searcher,2,,lay
,2013,cakr,13cakrsesa072,sesa,rhunnewell,2013-06-17,searcher,3,,lay
,2013,cakr,13cakrsesa122,sesa,mboldenow,2013-06-19,searcher,3,1,float
,2013,cakr,13cakrsesa165,sesa,jkardiak,2013-06-24,bander,2,2,float
,2013,cakr,13cakrtusw024,tusw,jkardiak,2013-06-05,searcher,4,,lay
,2013,cakr,13cakrwesa026,wesa,jkardiak,2013-06-07,searcher,4,2,float
,2013,cakr,13cakrwesa030,wesa,jkardiak,2013-06-09,searcher,3,,lay
,2013,cakr,13cakrwesa045,wesa,flin,2013-06-03,searcher,2,1,float
,2013,cakr,13cakrwesa050,wesa,flin,2013-06-06,searcher,4,1,float
,2013,cakr,13cakrwesa088,wesa,flin,2013-06-14,searcher,2,,lay
,2013,cakr,13cakrwesa089,wesa,flin,2013-06-14,searcher,3,,lay
,2013,cakr,13cakrwesa094,wesa,jkardiak,2013-06-11,searcher,3,,lay
,2014,cakr,14cakrpaja081,paja,mmcconnell,2014-06-05,searcher,2,,
,2014,cakr,14cakrrnph035,rnph,jhughey,2014-06-07,searcher,3,,
,2014,cakr,14cakrrnph120,rnph,jhughey,2014-06-22,searcher,3,0,float
,2014,cakr,14cakrsasp116,savs,jhughey,2014-06-18,searcher,6,,
,2014,cakr,14cakrsesa032,sesa,jhughey,2014-06-05,searcher,2,,
,2014,cakr,14cakrtusw001,tusw,jhughey,2014-05-22,searcher,4,,hatch
,2014,cakr,14cakrwesa012,wesa,mmcconnell,2014-06-02,searcher,4,,
,2014,cakr,14cakrwesa014,wesa,mmcconnell,2014-06-02,searcher,3,,
102,2010,cari,10carisesa102,sesa,skendall,2010-06-06,incidental,4,-1,float
119,2011,cari,11cari119sesa,sesa,sfreeman,2011-06-14,searcher,4,-1,float
142,2011,cari,11cari142rnph,rnph,sfreeman,2011-06-22,searcher,3,-1,float
544,2011,cari,11cari544pesa,pesa,ecorp,2011-07-01,searcher,4,-1,float
614,2011,cari,11cari614sesa,sesa,rburner,2011-06-15,searcher,4,-1,float
717,2011,cari,11cari717sesa,sesa,rchurchwell,2011-06-14,searcher,4,-1,float
721,2011,cari,11cari721pesa,pesa,rchurchwell,2011-06-16,rope,4,-1,float
749,2011,cari,11cari749rnph,rnph,rchurchwell,2011-06-24,searcher,4,-1,float
101,2012,cari,12cari101sesa,sesa,sfreeman,2012-06-10,incidental,4,-1,float
130,2012,cari,12cari130pesa,pesa,sfreeman,2012-06-25,searcher,4,-1,float
205,2012,cari,12cari205stsa,stsa,bwinn,2012-06-13,incidental,3,-2,float
308,2012,cari,12cari308amgp,amgp,asoto,2012-06-18,incidental,4,-1,float
503,2012,cari,12cari503sesa,sesa,lkoloski,2012-06-11,incidental,4,-1,float
514,2012,cari,12cari514rnph,rnph,lkoloski,2012-06-19,rope,4,-1,float
521,2012,cari,12cari521sesa,sesa,lkoloski,2012-06-24,searcher,3,-1,float
707,2012,cari,12cari707amgp,amgp,idavies,2012-06-11,incidental,4,-1,float
808,2012,cari,12cari808sesa,sesa,mlafaver,2012-06-16,searcher,4,-1,float
109,2013,cari,13cari109pesa,pesa,sfreeman,2013-06-15,incidental,4,-1,float
128,2013,cari,13cari128bbsa,bbsa,sfreeman,2013-06-21,incidental,4,-1,float
130,2013,cari,13cari130bbsa,bbsa,sfreeman,2013-06-22,incidental,4,-1,float
222,2013,cari,13cari222reph,reph,hhelling,2013-06-26,incidental,4,-1,float
417,2013,cari,13cari417bbsa,bbsa,bhiggins,2013-06-16,incidental,4,-1,float
427,2013,cari,13cari427lbdo,lbdo,bhiggins,2013-06-21,incidental,4,-1,float
431,2013,cari,13cari431rnph,rnph,bhiggins,2013-06-22,incidental,4,-1,float
516,2013,cari,13cari516rnph,rnph,rchurchwell,2013-06-17,incidental,2,-3,float
532,2013,cari,13cari532sesa,sesa,rchurchwell,2013-06-23,incidental,4,-1,float
533,2013,cari,13cari533reph,reph,rchurchwell,2013-06-24,incidental,4,-1,float
601,2013,cari,13cari601rnph,rnph,idavies,2013-06-03,incidental,2,-3,float
605,2013,cari,13cari605pesa,pesa,idavies,2013-06-08,incidental,3,-1,float
677,2013,cari,13cari677pesa,pesa,idavies,2013-06-25,incidental,4,-1,float
687,2013,cari,13cari687reph,reph,idavies,2013-06-27,incidental,4,-1,float
103,2014,cari,14cari103sesa,sesa,sfreeman,2014-06-08,incidental,4,-1,float
108,2014,cari,14cari108pesa,pesa,sfreeman,2014-06-11,incidental,4,-1,float
116,2014,cari,14cari116sesa,sesa,sfreeman,2014-06-13,incidental,4,-1,float
117,2014,cari,14cari117pesa,pesa,sfreeman,2014-06-13,incidental,4,-1,float
133,2014,cari,14cari133pesa,pesa,sfreeman,2014-06-16,incidental,4,-1,float
175,2014,cari,14cari175pesa,pesa,sfreeman,2014-07-01,incidental,4,-1,float
209,2014,cari,14cari209pesa,pesa,cmontgomerie,2014-06-13,incidental,4,-1,float
224,2014,cari,14cari224pesa,pesa,cmontgomerie,2014-06-17,incidental,4,-1,float
229,2014,cari,14cari229sesa,sesa,cmontgomerie,2014-06-19,incidental,4,-1,float
451,2014,cari,14cari451reph,reph,bhiggins,2014-06-23,incidental,3,-1,float
606,2014,cari,14cari606sesa,sesa,idavies,2014-06-09,incidental,4,-1,float
630,2014,cari,14cari630pesa,pesa,idavies,2014-06-13,incidental,4,-1,float
637,2014,cari,14cari637reph,reph,idavies,2014-06-13,incidental,3,-1,float
644,2014,cari,14cari644pesa,pesa,idavies,2014-06-13,incidental,4,-1,float
660,2014,cari,14cari660pesa,pesa,idavies,2014-06-16,incidental,4,-1,float
679,2014,cari,14cari679sesa,sesa,idavies,2014-06-18,incidental,4,-1,float
686,2014,cari,14cari686pesa,pesa,idavies,2014-06-19,incidental,4,-1,float
715,2014,cari,14cari715amgp,amgp,idavies,2014-06-24,incidental,3,-1,float
777,2014,cari,14cari777pesa,pesa,idavies,2014-06-30,incidental,4,-1,float
779,2014,cari,14cari779pesa,pesa,idavies,2014-07-01,incidental,4,-1,float
5.03,2014,chau,14chaurnphmel010,rnph,ematsyna,2014-06-24,searcher,4,3,float
2.15,2014,chau,14chaurtpijpd006,rtpi,jdiener,2014-06-22,searcher,5,,
,2014,chur,14chur14lesa06d,lesa,lkoloski,2014-07-06,searcher,4,,hatch
,2014,chur,14chur14rnph02d,rnph,lkoloski,2014-06-17,searcher,4,,hatch
,2014,chur,14chur14whim14,whim,jperz,2014-06-18,searcher,3,,lay
,2014,chur,14chur14whim25,whim,jperz,2014-06-26,searcher,4,2,float
,2014,coat,14coatbbsf01,bbpl,sflemming,2014-06-23,searcher,4,4.9,float
,2014,coat,14coatbbsn01,bbpl,sneima,2014-06-18,searcher,4,,float
,2014,coat,14coatbbss02,bbpl,sshulte,2014-06-27,searcher,4,1.7,float
,2014,coat,14coatspbw01,sepl,bwinn,2014-06-24,searcher,4,,float
,2014,coat,14coatssss07,sesa,sshulte,2014-06-28,searcher,4,,lay
,2014,coat,14coatwrsf01,wrsa,sflemming,2014-06-09,searcher,4,,lay
2.03,2014,colv,14colvbbpl279,bbpl,tdonnelly,2014-06-17,searcher,3,,hatch
2.69,2014,colv,14colvreph1015,reph,agottesman,2014-06-29,searcher,4,8,float
1.43,2014,colv,14colvreph1122,reph,lburlingame,2014-06-14,searcher,2,,
2.57,2014,colv,14colvreph1159,reph,lburlingame,2014-06-25,searcher,4,2,float
2.61,2014,colv,14colvreph1210,reph,tdonnelly,2014-06-28,searcher,4,,
1.17,2014,colv,14colvrutu038,rutu,agottesman,2014-06-11,searcher,4,,
1.15,2014,colv,14colvrutu040,rutu,agottesman,2014-06-12,searcher,4,0,float
1.37,2014,colv,14colvsesa059,sesa,agottesman,2014-06-13,searcher,4,,
1.29,2014,colv,14colvsesa242,sesa,tdonnelly,2014-06-13,searcher,4,,
1.35,2014,colv,14colvsesa246,sesa,tdonnelly,2014-06-13,searcher,4,,hatch
1.65,2014,colv,14colvsesa260,sesa,tdonnelly,2014-06-15,searcher,4,,hatch
1.11,2014,colv,14colvsesa823,sesa,druthrauff,2014-06-11,searcher,4,,lay
,2014,iglo,14iglohegu.14.001,herg,mcfrenette,2014-06-29,searcher,4,,
,2014,iglo,14igloreph.14.101,reph,magiroux,2014-06-27,searcher,4,,lay
1.01,2014,ikpi,14ikpi14mdd001,gwfg,mdodds,2014-06-10,searcher,4,,
1.05,2014,ikpi,14ikpi14mdd003,arte,mdodds,2014-06-11,rope,2,,
2.07,2014,ikpi,14ikpi14mdd034,reph,mdodds,2014-06-20,searcher,4,,
5.17,2014,ikpi,14ikpi14mdd063,bbpl,mdodds,2014-06-28,searcher,4,,
4.03,2014,ikpi,14ikpi14pac002,sesa,pchilton,2014-06-11,rope,4,,hatch
4.25,2014,ikpi,14ikpi14pac013,rnph,pchilton,2014-06-16,rope,4,,
3.09,2014,ikpi,14ikpi14pac035,sesa,pchilton,2014-06-28,searcher,3,,
6.01,2014,ikpi,14ikpi14rlh001,gwfg,rhammond,2014-06-09,searcher,3,,
6.33,2014,ikpi,14ikpi14rlh017,arte,rhammond,2014-06-21,searcher,2,,
,2014,lkri,14lkrifulv6,pagp,vgolovnyuk,2014-07-01,searcher,4,,lay
,2014,lkri,14lkriphal2,reph,jloshchagina,2014-06-19,searcher,4,,lay
,2014,lkri,14lkripugv4,ruff,vgolovnyuk,2014-06-22,searcher,4,,lay
5.01,2014,made,14madelb01whim,whim,lbachellier,2014-06-09,searcher,4,,lay
5.05,2014,made,14madelb05whim,whim,lbachellier,2014-06-11,searcher,4,,lay
e.58,2014,nome,14nomedunl171,dunl,dhodkinson,2014-06-23,searcher,4,1,float
c.43,2014,nome,14nomernph151,rnph,dhodkinson,2014-06-13,searcher,4,,lay
c.16,2014,nome,14nomewesa007,wesa,ekwon,2014-05-29,searcher,4,,lay
c.36,2014,nome,14nomewesa020,wesa,ekwon,2014-06-09,searcher,2,2,float
e.06,2014,nome,14nomewesa107,wesa,dhodkinson,2014-05-26,searcher,4,,lay
w.27,2014,nome,14nomewesa133,wesa,dhodkinson,2014-06-09,searcher,4,,
w.11,2014,nome,14nomewesa211,wesa,sfranks,2014-05-28,searcher,4,,lay
w.16,2014,nome,14nomewesa308,wesa,eweiser,2014-06-03,searcher,4,,lay
,2014,barr,14barrdunl076,dunl,ssheedy,2014-06-18,searcher,4,,lay
,2014,barr,14barrdunl098,dunl,jmarin,2014-06-24,searcher,4,,lay
,2014,barr,14barrlbdo300,lbdo,ssheedy,2014-06-26,searcher,4,,lay
,2014,barr,14barrpesa194,pesa,wenglish,2014-06-12,searcher,4,,lay
,2014,barr,14barrreph004,reph,ssheedy,2014-06-12,searcher,4,,lay
,2014,barr,14barrreph061,reph,ssheedy,2014-06-15,searcher,3,,lay
,2014,barr,14barrreph153,reph,kgrond,2014-06-18,bander,4,,lay
,2014,barr,14barrreph154,reph,kgrond,2014-06-18,bander,4,,lay
,2014,barr,14barrreph195,reph,wenglish,2014-06-14,bander,3,,lay
,2014,barr,14barrreph462,reph,ssheedy,2014-07-17,searcher,3,,hatch
,2014,barr,14barrwrsa064,wrsa,asterling,2014-06-16,searcher,3,,lay
,2007,bylo,07byloagpllj01,amgp,ljolicoeur,2007-06-20,systematic search,4,,lay
,2010,bylo,10bylobasapb05,basa,pbertrand,2010-06-20,incidental,4,,lay
,2010,bylo,10bylogrgr1,crpl,jflamarre,2010-06-25,incidental,4,,lay
,2010,bylo,10bylogrgr3,crpl,cmorin,2010-07-11,incidental,4,,
,2010,bylo,10bylowrsapb02,wrsa,pbertrand,2010-06-19,incidental,4,,lay
,2011,bylo,11byloamgpjl06,amgp,jflamarre,2011-07-01,incidental,4,,lay
,2011,bylo,11bylobasafb02,basa,fbilodeau,2011-06-15,incidental,4,,lay
,2011,bylo,11bylocrpllp01,crpl,lpaquette,2011-06-20,incidental,4,4,float
,2013,bylo,13byloamgpab01,amgp,abeardsell,2013-06-14,incidental,3,0,float
,2013,bylo,13byloamgppr01,amgp,proyerboutin,2013-06-16,incidental,4,,lay
,2013,bylo,13byloamgppr02,amgp,proyerboutin,2013-06-19,incidental,4,,lay
,2013,bylo,13bylobasafs03,basa,fsenezgagnon,2013-06-14,incidental,4,0,float
,2013,bylo,13bylobasapr01,basa,proyerboutin,2013-06-12,incidental,4,1,float
,2014,bylo,14byloamgpdl01,amgp,dleandribreton,2014-06-18,incidental,4,0,float
,2014,bylo,14bylobasafs04,basa,fsenezgagnon,2014-06-17,incidental,4,0,float
,2014,cakr,14cakrrnph053,rnph,jeschenroeder,2014-06-11,searcher,4,,
,2014,cakr,14cakrrnph059,rnph,jeschenroeder,2014-06-14,rope,4,2,float
,2014,cakr,14cakrrnph119,rnph,jhughey,2014-06-19,searcher,4,,
,2014,cakr,14cakrrnph143,rnph,mboldenow,2014-06-22,searcher,3,,
,2014,cakr,14cakrwesa111,wesa,jhughey,2014-06-14,rope,4,3,float
901,2010,cari,10carirnph901,rnph,abaltensperger,2010-06-28,incidental,4,-2,float
113,2011,cari,11cari113pesa,pesa,sfreeman,2011-06-12,searcher,4,-2,float
144,2011,cari,11cari144sesa,sesa,sfreeman,2011-06-22,rope,4,-2,float
305,2011,cari,11cari305sesa,sesa,ohicks,2011-06-12,searcher,4,-2,float
621,2011,cari,11cari621sesa,sesa,rburner,2011-06-17,searcher,4,-2,float
739,2011,cari,11cari739amgp,amgp,rchurchwell,2011-06-21,searcher,4,-2,float
621,2012,cari,12cari621rnph,rnph,akneidel,2012-06-16,incidental,4,-2,float
107,2013,cari,13cari107bbsa,bbsa,sfreeman,2013-06-14,incidental,4,-2,float
221,2013,cari,13cari221reph,reph,hhelling,2013-06-26,incidental,4,-2,float
418,2013,cari,13cari418reph,reph,bhiggins,2013-06-17,incidental,4,-2,float
438,2013,cari,13cari438reph,reph,bhiggins,2013-06-26,incidental,4,-2,float
505,2013,cari,13cari505stsa,stsa,rchurchwell,2013-06-12,incidental,4,-2,float
535,2013,cari,13cari535sesa,sesa,rchurchwell,2013-06-24,incidental,4,-2,float
610,2013,cari,13cari610amgp,amgp,idavies,2013-06-11,incidental,5,-2,float
626,2013,cari,13cari626rnph,reph,idavies,2013-06-14,incidental,4,-2,float
649,2013,cari,13cari649reph,reph,idavies,2013-06-21,incidental,4,-2,float
425,2014,cari,14cari425bbsa,bbsa,bhiggins,2014-06-16,incidental,4,-2,float
622,2014,cari,14cari622pesa,pesa,idavies,2014-06-11,incidental,4,-2,float
657,2014,cari,14cari657pesa,pesa,idavies,2014-06-15,incidental,4,-2,float
671,2014,cari,14cari671reph,reph,idavies,2014-06-18,incidental,4,-2,float
4.25,2014,chau,14chaultdumel006,ltdu,ematsyna,2014-06-22,searcher,9,,
2.06,2014,chau,14chaurnphmel001,rnph,ematsyna,2014-06-12,searcher,4,,lay
,2014,chur,14chur14rnph01d,rnph,gholmes,2014-06-14,searcher,4,,hatch
,2014,coat,14coatrnsn01,rnph,sneima,2014-06-22,searcher,4,,lay
1.05,2014,colv,14colvbbpl215,bbpl,tdonnelly,2014-06-11,searcher,4,,hatch
1.41,2014,colv,14colvreph1121,reph,lburlingame,2014-06-14,searcher,4,,hatch
1.01,2014,colv,14colvsesa020,sesa,agottesman,2014-06-09,searcher,4,2,float
1.31,2014,colv,14colvsesa055,sesa,agottesman,2014-06-13,searcher,4,,
1.03,2014,colv,14colvsesa210,sesa,tdonnelly,2014-06-10,searcher,4,,
1.07,2014,colv,14colvsesa216,sesa,tdonnelly,2014-06-11,searcher,4,,lay
2.15,2014,colv,14colvsesa286,sesa,tdonnelly,2014-06-20,searcher,4,,hatch
,2013,iglo,13igloreph020,reph,mgiroux,2013-06-27,searcher,4,5,float
,2014,iglo,14igloreph.14.002,reph,mcfrenette,2014-06-29,searcher,4,5,float
,2014,iglo,14igloreph.14.057,reph,mtrottierpaquet,2014-07-15,searcher,4,15,float
,2014,iglo,14iglosesa.14.151,sesa,nlecomte,2014-07-02,rope,2,,lay
3.03,2014,ikpi,14ikpi14pac032,rnph,pchilton,2014-06-26,searcher,4,,
,2014,lkri,14lkrialpv3,dunl,vgolovnyuk,2014-06-21,searcher,4,,lay
,2014,lkri,14lkrichav3,crpl,vgolovnyuk,2014-07-19,searcher,4,,hatch
c.18,2014,nome,14nomewesa009,wesa,ekwon,2014-05-31,searcher,4,,lay
w.20,2014,nome,14nomewesa224,wesa,sfranks,2014-06-05,searcher,4,,lay
,2014,barr,14barrlbdo466,lbdo,asterling,2014-07-16,searcher,4,,hatch
,2014,barr,14barrreph010,reph,asterling,2014-06-13,searcher,4,,lay
,2014,barr,14barrreph031,reph,ssheedy,2014-06-19,searcher,4,,lay
,2014,barr,14barrreph051,reph,asterling,2014-06-09,searcher,4,,lay
,2014,barr,14barrreph171,reph,jcunningham,2014-06-11,searcher,4,,lay
,2006,bylo,06bylobasalj02,basa,ljolicoeur,2006-06-09,systematic search,4,,lay
,2006,bylo,06bylobasalj03,basa,ljolicoeur,2006-06-10,systematic search,4,,lay
,2006,bylo,06bylobasalm01,basa,lmckinnon,2006-06-04,systematic search,4,,float
,2007,bylo,07bylobasalm01,basa,lmckinnon,2007-06-17,systematic search,4,,lay
,2010,bylo,10bylowrsapb01,wrsa,pbertrand,2010-06-19,incidental,4,,lay
,2011,bylo,11bylobasafb01,basa,fbilodeau,2011-06-09,incidental,4,,lay
,2012,bylo,12bylobasapr01,basa,proyerboutin,2012-06-12,incidental,4,,lay
,2012,bylo,12bylowrsajl01,wrsa,jflamarre,2012-06-19,incidental,4,,lay
,2014,bylo,14byloamgpaa02,amgp,abeardsell,2014-06-16,incidental,4,0,float
,2014,bylo,14byloamgpfs01,amgp,fsenezgagnon,2014-06-13,incidental,4,4,float
,2014,cakr,14cakrwesa023,wesa,jhughey,2014-05-30,searcher,4,,
,2014,cakr,14cakrwesa063,wesa,mboldenow,2014-05-28,searcher,4,,
,2014,cakr,14cakrwipt042,wipt,jeschenroeder,2014-06-01,searcher,10,,hatch
801,2010,cari,10carisesa801,sesa,hcraig,2010-06-05,incidental,4,-3,float
622,2011,cari,11cari622sesa,sesa,rburner,2011-06-17,searcher,4,-3,float
524,2012,cari,12cari524rnph,rnph,lkoloski,2012-06-24,searcher,4,-3,float
816,2012,cari,12cari816dunl,dunl,mlafaver,2012-06-16,incidental,4,-3,float
144,2013,cari,13cari144reph,reph,sfreeman,2013-06-27,incidental,4,-3,float
622,2013,cari,13cari622pesa,pesa,idavies,2013-06-14,incidental,4,-3,float
676,2013,cari,13cari676rnph,rnph,idavies,2013-06-24,incidental,4,-3,float
707,2013,cari,13cari707pesa,pesa,idavies,2013-07-03,incidental,4,-3,float
105,2014,cari,14cari105pesa,pesa,sfreeman,2014-06-10,incidental,4,-3,float
420,2014,cari,14cari420pesa,pesa,bhiggins,2014-06-14,incidental,4,-3,float
623,2014,cari,14cari623rnph,rnph,idavies,2014-06-11,incidental,4,-3,float
636,2014,cari,14cari636reph,reph,idavies,2014-06-13,incidental,4,-3,float
668,2014,cari,14cari668pesa,pesa,idavies,2014-06-17,incidental,4,-3,float
4.41,2014,chau,14chaurnphjpd013,rnph,jdiener,2014-06-27,rope,4,,lay
,2014,chur,14chur14whim16,whim,cmurchison,2014-06-19,searcher,4,,lay
,2014,coat,14coatssss04,sesa,sshulte,2014-06-21,searcher,4,5.5,float
1.57,2014,colv,14colvreph074,reph,agottesman,2014-06-15,searcher,4,,
1.67,2014,colv,14colvreph261,reph,tdonnelly,2014-06-15,searcher,4,,hatch
,2014,iglo,14igloreph.14.003,reph,mcfrenette,2014-06-29,searcher,4,,lay
,2014,iglo,14igloreph.14.103,reph,magiroux,2014-06-27,searcher,4,,lay
,2014,iglo,14iglowrsa.14.055,wrsa,mtrottierpaquet,2014-06-25,searcher,4,,lay
,2014,iglo,14iglowrsa.14.101,wrsa,magiroux,2014-06-24,searcher,4,1,float
2.33,2014,ikpi,14ikpi14mdd047,rnph,mdodds,2014-06-25,searcher,4,,
6.05,2014,ikpi,14ikpi14rlh003,gwfg,rhammond,2014-06-10,searcher,7,,
,2014,lkri,14lkrialpl1,dunl,jloshchagina,2014-06-19,searcher,4,,lay
,2014,lkri,14lkrimelv22,pesa,vgolovnyuk,2014-07-05,rope,4,,hatch
3.01,2014,made,14madeca03whim,whim,canderson,2014-06-11,searcher,4,,lay
,2014,barr,14barrpesa186,pesa,jcunningham,2014-07-21,bander,4,,hatch
,2014,cakr,14cakreywa039,eywa,jhughey,2014-06-08,searcher,5,,
,2014,cakr,14cakrrnph146,rnph,jeschenroeder,2014-06-30,rope,4,,
,2014,iglo,14iglowrsa.14.152,wrsa,nlecomte,2014-06-30,searcher,4,,
,2014,cakr,14cakrgwte020,gwte,mmcconnell,2014-06-05,searcher,7,,
,2014,cakr,14cakrnopi062,nopi,mboldenow,2014-05-28,searcher,7,,
,2014,chur,14chur14hugo03l,hugo,codwyer,2014-06-18,searcher,4,0,float
,2012,lkri,12lkritemv16,test,vgolovnyuk,2012-07-07,searcher,4,,hatch
,2012,chau,12chaulodumlb001,ltdu,mboldenow,2012-06-18,searcher,9,,
,2012,chau,12chaurnphjrl001,rnph,jliebezeit,2012-06-21,rope,4,5,float
,2012,chau,12chausacrdvs001,sacr,dsolovieva,2012-06-04,searcher,2,,lay
6.01,2013,chau,13chaudunlaog001,dunl,aog,2013-06-13,rope,4,-1,float
5.14,2013,chau,13chaudunlmlm007,dunl,aog,2013-06-10,searcher,4,4,float
1.09,2013,chau,13chaurnphkwp006,rnph,kwp,2013-06-11,rope,4,5,float
5.1,2013,chau,13chaurnphkwp013,rnph,kwp,2013-06-09,rope,4,8,float
,2012,chur,12chur12lesa01w,lesa,ajohnson,2012-06-06,searcher,4,6,float
1.05,2012,chur,12chur12whim05,whim,ajohnson,2012-06-08,searcher,3,,lay
1.39,2012,chur,12chur12whim39,whim,dgough,2012-06-24,searcher,3,,lay
,2013,chur,13chur13whim14,whim,lkoloski,2013-06-10,searcher,3,,lay
1.33,2011,colv,11colvpesa816,pesa,epalm,2011-06-18,searcher,4,,lay
2.17,2011,colv,11colvreph847,reph,epalm,2011-06-22,searcher,4,,lay
2.06,2011,colv,11colvrnph177,rnph,bwilkinson,2011-06-20,searcher,4,,lay
2.2,2011,colv,11colvrnph850,rnph,epalm,2011-06-22,searcher,4,,lay
1.26,2011,colv,11colvsesa050,sesa,dpavlik,2011-06-15,bander,4,,lay
1.11,2011,colv,11colvsesa138,sesa,bwilkinson,2011-06-13,searcher,5,1,float
2.16,2012,colv,12colvpesa194,pesa,bwilkinson,2012-06-22,searcher,4,,lay
2.13,2012,colv,12colvrnph1203,rnph,tdonnelly,2012-06-18,searcher,4,,lay
2.06,2012,colv,12colvrnph169,rnph,bwilkinson,2012-06-17,searcher,4,,lay
2.08,2012,colv,12colvrnph182,rnph,bwilkinson,2012-06-20,searcher,4,,lay
2.27,2012,colv,12colvrnph614,rnph,jkorol,2012-06-21,searcher,4,,lay
2.38,2012,colv,12colvrnph809,rnph,msmith,2012-06-24,searcher,4,,lay
3.13,2012,colv,12colvrutu1013,rutu,dpavlik,2012-06-28,searcher,4,,hatch
1.08,2012,colv,12colvsesa026,sesa,dpavlik,2012-06-09,searcher,4,,lay
1.13,2012,colv,12colvsesa043,sesa,dpavlik,2012-06-11,searcher,4,,lay
1.33,2012,colv,12colvsesa078,sesa,dpavlik,2012-06-14,searcher,4,,lay
1.34,2012,colv,12colvsesa079,sesa,dpavlik,2012-06-14,searcher,4,,lay
1.12,2012,colv,12colvsesa126,sesa,bwilkinson,2012-06-11,searcher,4,,lay
1.39,2012,colv,12colvsesa162,sesa,bwilkinson,2012-06-15,searcher,4,,lay
1.05,2013,colv,13colvdunl711,dunl,rharned,2013-06-11,searcher,4,lay,float
2.14,2013,colv,13colvrnph054,rnph,scarvey,2013-06-19,searcher,4,,lay
2.15,2013,colv,13colvrnph055,rnph,scarvey,2013-06-19,searcher,4,,lay
1.26,2013,colv,13colvrnph141,rnph,bwilkinson,2013-06-15,searcher,4,,lay
2.07,2013,colv,13colvrnph151,rnph,bwilkinson,2013-06-17,searcher,4,,lay
1.02,2013,colv,13colvsesa005,sesa,scarvey,2013-06-11,searcher,4,,lay
1.16,2013,colv,13colvsesa011,sesa,scarvey,2013-06-13,searcher,4,,lay
1.05,2013,colv,13colvsesa114,sesa,bwilkinson,2013-06-11,searcher,4,,lay
1.12,2013,colv,13colvsesa121,sesa,bwilkinson,2013-06-12,searcher,4,,lay
1.25,2013,colv,13colvsesa133,sesa,bwilkinson,2013-06-14,searcher,4,,lay
1.27,2013,colv,13colvsesa135,sesa,bwilkinson,2013-06-14,searcher,4,,lay
2.11,2013,colv,13colvsesa156,sesa,bwilkinson,2013-06-18,searcher,4,,lay
1.08,2013,colv,13colvsesa719,sesa,rharned,2013-06-12,searcher,4,,lay
1.1,2013,colv,13colvsesa721,sesa,rharned,2013-06-12,searcher,4,,lay
1.12,2013,colv,13colvsesa723,sesa,rharned,2013-06-12,searcher,4,,lay
1.28,2013,colv,13colvsesa735,sesa,rharned,2013-06-15,searcher,4,,lay
,2011,eaba,11eabarph03,reph,,2011-07-01,searcher,4,4,float
,2011,eaba,11eabasph01,sepl,,2011-06-22,searcher,4,3,float
,2011,eaba,11eabasph03,sepl,,2011-06-23,searcher,4,4,float
,2011,eaba,11eabawrh01,wrsa,,2011-06-28,searcher,4,4,float
,2011,eaba,11eabawrm02,wrsa,,2011-06-20,searcher,4,0,float
,2011,eaba,11eabawrm03,wrsa,,2011-06-21,searcher,3,,
,2011,eaba,11eabawrv01,wrsa,,2011-06-22,searcher,4,3,float
4.16,2012,eaba,12eabasen01,sepl,nmanintveld,2012-06-24,searcher,4,0,float
,2012,eaba,12eabawra02,wrsa,akprimeau,2012-06-30,searcher,4,-1,float
3.3,2012,eaba,12eabawra05,wrsa,akprimeau,2012-07-07,searcher,4,-1,float
2.2,2012,eaba,12eabawrk02,wrsa,kward,2012-06-24,searcher,2,,lay
,2013,eaba,13eabadua01,dunl,,2013-06-20,searcher,4,-1,float
,2013,eaba,13eabaspp02,sepl,,2013-06-27,searcher,4,,lay
,2011,ikpi,11ikpi11jpd020,pesa,jliebezeit,2011-06-14,incidental,4,,hatch
,2011,ikpi,11ikpi11jpd027,pesa,mmudge,2011-06-14,rope,4,,hatch
,2011,ikpi,11ikpi11jpd058,reph,jliebezeit,2011-06-17,incidental,4,,lay
1.01,2013,ikpi,13ikpi13anc001,bbpl,acook,2013-06-08,searcher,2,,lay
1.17,2013,ikpi,13ikpi13anc017,lbdo,jliebezeit,2013-06-13,rope,4,,lay
1.19,2013,ikpi,13ikpi13anc019,rnph,acook,2013-06-13,rope,4,,lay
1.122,2013,ikpi,13ikpi13anc122,sesa,acook,2013-06-23,searcher,4,4,float
,2012,lkri,12lkrimelg1,pesa,gsedash,2012-06-19,searcher,2,,lay
,2013,lkri,13lkrichav1,crpl,vgolovnyuk,2013-07-13,searcher,4,,hatch
,2013,lkri,13lkrimelv2,pesa,vgolovnyuk,2013-06-23,searcher,4,,lay
,2011,made,11mademm-30-2011,rnph,mmichaud,2011-07-04,searcher,2,,hatch
,2011,nome,11nome11rnphee56,rnph,eescajeda,2011-06-15,searcher,2,,
,2011,nome,11nome11rnphee66,rnph,eescajeda,2011-06-21,searcher,4,0,float
,2011,nome,11nome11rnphwe29,rnph,wenglish,2011-06-10,searcher,2,,lay
e.08,2011,nome,11nome11wesaee10,wesa,eescajeda,2011-05-28,searcher,4,,lay
,2012,nome,12nome12rnphmh55,rnph,mharing,2012-06-13,searcher,4,,lay
e.25,2013,nome,13nome13dunl218,dunl,sfranks,2013-06-05,searcher,4,,lay
,2013,nome,13nome13rnph203,rnph,sfranks,2013-06-01,searcher,4,,lay
,2013,nome,13nome13rnph402,rnph,wenglish,2013-06-07,searcher,2,,lay
,2013,nome,13nome13rnph408,rnph,wenglish,2013-06-10,searcher,2,,lay
,2013,prba,13prba13bwr017,rnph,cdavis,2013-06-15,rope,4,19,float
,2013,prba,13prba13cmd009,sesa,cdavis,2013-06-14,rope,4,3,float
,2013,prba,13prba13cmd012,rnph,cdavis,2013-06-16,searcher,4,,lay
3.07,2003,barr,03barrreph001,reph,thomas,2003-06-14,rope,4,,lay
3.05,2004,barr,04barramgp104,amgp,taylor,2004-06-13,single,4,,lay
10.03,2004,barr,04barrpesa205,pesa,selvidge,2004-06-16,rope,3,,lay
6.05,2004,barr,04barrreph310,reph,norwood,2004-06-17,single,4,,lay
1.01,2005,barr,05barrdunl101,dunl,taylor,2005-06-09,single,3,,lay
8.01,2005,barr,05barrreph300,reph,selvidge,2005-06-10,single,4,,lay
14.16,2006,barr,06barrpesa326,pesa,fontaine,2006-06-17,single,4,,lay
6.11,2006,barr,06barrreph333,reph,fontaine,2006-06-19,single,4,,lay
1.02,2006,barr,06barrreph705,reph,naves,2006-06-14,single,4,,lay
14.1,2006,barr,06barrrnph713,rnph,naves,2006-06-15,single,3,,lay
9.28,2007,barr,07barrlbdo235,lbdo,d.taylor,2007-06-22,single,4,,lay
9.23,2007,barr,07barrlbdo523,lbdo,choi,2007-06-20,single,4,,lay
9.09,2007,barr,07barrreph110,reph,rankin,2007-06-14,single,4,,lay
10.02,2008,barr,08barrlbdo203,lbdo,dpavlik,2008-06-10,single,4,,lay
7.06,2009,barr,09barramgp522,amgp,cgovernali,2009-06-12,single,4,,lay
7.01,2009,barr,09barramgp902,amgp,ekistler,2009-06-07,single,4,,lay
7.16,2009,barr,09barrdunl554,dunl,cgovernali,2009-06-19,single,4,,lay
16.3,2009,barr,09barrlbdo936,lbdo,ekistler,2009-06-19,single,4,,lay
13.2,2009,barr,09barrpesa928,pesa,ekistler,2009-06-16,single,4,,lay
10.21,2009,barr,09barrsesa741,sesa,fchevreux,2009-06-20,single,3,,lay
7.23,2010,barr,10barrreph205,reph,rdugan,2010-06-21,single,4,,lay
9.15,2011,barr,11barrreph133,reph,jcunningham,2011-06-19,searcher,4,,lay
10.51,2011,barr,11barrreph313,reph,jzamudio,2011-06-20,searcher,4,,lay
4.33,2011,barr,11barrreph420,reph,abankert,2011-06-22,searcher,4,,lay
9.63,2011,barr,11barrreph430,reph,abankert,2011-06-23,searcher,4,,lay
8.03,2011,barr,11barrreph552,reph,pherzog,2011-06-24,searcher,4,,lay
2.39,2012,barr,12barrpesa213,pesa,bhill,2012-06-15,bander,4,,lay
3.53,2012,barr,12barrpesa460,pesa,bverheijen,2012-06-21,searcher,4,,lay
1.09,2012,barr,12barrreph539,reph,pherzog,2012-06-15,searcher,4,,lay
,2013,barr,13barramgp210,amgp,kgrond,2013-06-19,bander,4,,lay
,2013,barr,13barrdunl008,dunl,bkaselow,2013-06-10,searcher,4,,lay
,2013,barr,13barrpesa311,pesa,jcunningham,2013-06-21,bander,4,,lay
,2013,barr,13barrreph012,reph,pherzog,2013-06-11,searcher,4,,lay
,2013,barr,13barrreph017,reph,pherzog,2013-06-14,searcher,4,,lay
,2013,barr,13barrrnph212,rnph,kgrond,2013-06-20,bander,4,,lay
,2013,barr,13barrwesa155,wesa,pherzog,2013-06-16,searcher,4,,lay
,2012,burn,12burnlesajhb01,lesa,jbrunjes,2012-06-09,searcher,5,,
3.05,2011,cakr,11cakrsesa306,sesa,lpadegimas,2011-06-03,searcher,4,,lay
,2013,cakr,13cakrrnph005,rnph,mboldenow,2013-06-04,searcher,3,0,float
,2013,cakr,13cakrsesa004,sesa,mboldenow,2013-06-03,searcher,4,,lay
,2013,cakr,13cakrtusw001,tusw,mboldenow,2013-05-30,searcher,4,,hatch
,2013,cakr,13cakrwesa012,wesa,mboldenow,2013-06-06,searcher,4,,lay
,2013,cakr,13cakrwesa038,wesa,jkardiak,2013-06-10,searcher,4,,lay
,2013,cakr,13cakrwesa041,wesa,flin,2013-06-03,searcher,4,2,float
4.07,2013,chau,13chaurnphkwp016,rnph,kwp,2013-06-22,searcher,4,,lay
1.15,2013,chau,13chauwosaaog010,wosa,aog,2013-06-20,searcher,4,,lay
,2012,chur,12chur12du03d,dunl,acorkery,2012-06-08,searcher,4,,lay
1.27,2012,chur,12chur12whim27,whim,ajohnson,2012-06-20,searcher,3,,lay
,2013,chur,13chur13lesa01w,lesa,ajohnson,2013-06-07,searcher,4,,lay
,2013,chur,13chur13whim03,whim,ajohnson,2013-06-06,searcher,4,,lay
,2013,chur,13chur13whim41,whim,jperz,2013-06-22,searcher,4,,lay
1.16,2011,colv,11colvbbpl048,bbpl,dpavlik,2011-06-15,bander,4,,lay
1.12,2011,colv,11colvbbpl142,bbpl,bwilkinson,2011-06-14,searcher,3,,lay
2.08,2011,colv,11colvreph179,reph,bwilkinson,2011-06-20,searcher,3,,lay
1.01,2011,colv,11colvsesa003,sesa,dpavlik,2011-05-31,searcher,3,,lay
1.22,2011,colv,11colvsesa156,sesa,bwilkinson,2011-06-16,searcher,4,,lay
1.38,2011,colv,11colvsesa163,sesa,bwilkinson,2011-06-17,searcher,3,,lay
2.21,2011,colv,11colvsesa183,sesa,bwilkinson,2011-06-22,searcher,4,,lay
1.2,2011,colv,11colvsesa781,sesa,epalm,2011-06-15,searcher,4,,lay
2.02,2012,colv,12colvamgp173,amgp,bwilkinson,2012-06-18,searcher,3,,lay
2.21,2012,colv,12colvpesa1009,pesa,dpavlik,2012-06-20,searcher,3,,lay
1.09,2012,colv,12colvsesa027,sesa,dpavlik,2012-06-09,searcher,4,,lay
1.27,2012,colv,12colvsesa072,sesa,dpavlik,2012-06-14,searcher,4,,lay
2.02,2012,colv,12colvsesa093,sesa,dpavlik,2012-06-16,bander,4,,lay
1.11,2012,colv,12colvsesa125,sesa,bwilkinson,2012-06-11,searcher,4,,lay
1.35,2013,colv,13colvreph028,reph,scarvey,2013-06-15,searcher,4,,lay
1.13,2013,colv,13colvrnph128,rnph,bwilkinson,2013-06-13,searcher,3,,lay
3.09,2013,colv,13colvrnph165,rnph,bwilkinson,2013-06-21,searcher,4,,lay
1.03,2013,colv,13colvsesa006,sesa,scarvey,2013-06-11,searcher,3,3,float
1.17,2013,colv,13colvsesa015,sesa,scarvey,2013-06-14,searcher,4,,lay
2.08,2013,colv,13colvsesa042,sesa,scarvey,2013-06-18,searcher,4,,lay
1.11,2013,colv,13colvsesa120,sesa,bwilkinson,2013-06-12,searcher,4,,lay
1.13,2013,colv,13colvsesa123,sesa,bwilkinson,2013-06-12,searcher,4,,lay
1.14,2013,colv,13colvsesa130,sesa,bwilkinson,2013-06-13,searcher,4,,lay
1.19,2013,colv,13colvsesa728,sesa,rharned,2013-06-13,searcher,4,,lay
,2011,eaba,11eabarph02,reph,,2011-07-01,searcher,4,,
,2011,eaba,11eabarpm01,reph,,2011-07-01,searcher,3,,
,2011,eaba,11eabasph02,sepl,,2011-06-22,searcher,4,,lay
2.18,2012,eaba,12eababbk01,bbpl,kward,2012-06-21,searcher,3,,lay
4.2,2012,eaba,12eabarup01,rutu,psmith,2012-06-21,searcher,4,-2,float
,2013,eaba,13eabarpe02,reph,,2013-07-02,searcher,4,,lay
,2013,eaba,13eabawra01,wrsa,,2013-06-20,searcher,3,,lay
,2011,ikpi,11ikpi11jpd122,lbdo,jdiener,2011-06-30,incidental,4,1,float
1.157,2013,ikpi,13ikpi13ancpesa,pesa,acook,2013-06-11,searcher,3,,lay
,2013,lkri,13lkripugv9,ruff,vgolovnyuk,2013-07-03,rope,4,,hatch
1.24,2012,made,12madefs-31,whim,fsmith,2012-06-20,searcher,2,,
1.48,2012,made,12madelp-05,stsa,lpirie,2012-06-10,searcher,4,,
1.26,2013,made,13madefs04sepl,sepl,fsmith,2013-06-14,searcher,4,,lay
,1995,nome,95nome304,rnph,,1995-06-05,,2,,
e.42,2013,nome,13nome13dunl117,dunl,ebkwon,2013-06-12,searcher,4,,lay
,2013,prba,13prba13cmd005,stsa,cdavis,2013-06-12,rope,4,,lay
8.23,2004,barr,04barrlbdo114,lbdo,taylor,2004-06-27,bander,4,,lay
14.18,2006,barr,06barrpesa000,pesa,lanctot,2006-06-17,bander,4,,lay
9.12,2006,barr,06barrpesa225,pesa,lebouard,2006-06-17,single,4,,lay
14.04,2006,barr,06barrreph204,reph,lebouard,2006-06-13,single,4,,lay
9.03,2006,barr,06barrreph208,reph,lebouard,2006-06-14,single,4,,lay
14.06,2006,barr,06barrreph308,reph,fontaine,2006-06-14,single,4,,lay
6.13,2006,barr,06barrreph726,reph,naves,2006-06-20,single,4,,lay
15.02,2006,barr,06barrrnph252,rnph,lebouard,2006-06-24,single,4,,lay
9.2,2007,barr,07barrreph231,reph,d.taylor,2007-06-19,single,4,,lay
4.03,2008,barr,08barramgp304,amgp,ganx,2008-06-13,single,4,,lay
5.01,2008,barr,08barrreph032,reph,rlanctot,2008-07-10,bander,4,,hatch
12.08,2008,barr,08barrreph280,reph,dpavlik,2008-07-05,rope,4,,hatch
16.12,2009,barr,09barrlbdo914,lbdo,ekistler,2009-06-12,single,4,,lay
12.21,2010,barr,10barrlbdo236,lbdo,rdugan,2010-06-29,rope,4,,lay
9.33,2011,barr,11barrlbdo159,lbdo,jcunningham,2011-06-22,searcher,4,,lay
8.23,2011,barr,11barrreph055,reph,dkesler,2011-06-26,searcher,4,,lay
10.43,2011,barr,11barrreph222,reph,bhill,2011-06-19,bander,4,,lay
9.55,2011,barr,11barrreph426,reph,abankert,2011-06-23,searcher,4,,lay
5.23,2011,barr,11barrreph493,reph,abankert,2011-07-05,searcher,4,,hatch
8.57,2011,barr,11barrreph499,reph,abankert,2011-07-12,bander,4,,hatch
17.51,2011,barr,11barrsesa558,sesa,pherzog,2011-06-26,searcher,4,,hatch
,2013,barr,13barrreph135,reph,lrensel,2013-06-13,searcher,4,,lay
,2013,barr,13barrsesa388,sesa,pherzog,2013-07-01,rope,3,,hatch
5.04,2012,cakr,12cakrsesa221,sesa,edastous,2012-06-10,searcher,4,,lay
,2013,cakr,13cakrdunl011,dunl,mboldenow,2013-06-06,searcher,4,,lay
,2013,cakr,13cakrsesa003,sesa,mboldenow,2013-06-02,searcher,4,,lay
,2013,chur,13chur13rnph07d,rnph,lkoloski,2013-06-10,searcher,4,,lay
2.09,2011,colv,11colvreph181,reph,bwilkinson,2011-06-20,searcher,4,,lay
1.01,2011,colv,11colvrnph002,rnph,dpavlik,2011-05-30,searcher,3,,
2.17,2012,colv,12colvrnph1210,rnph,tdonnelly,2012-06-19,searcher,4,,lay
1.36,2012,colv,12colvrnph158,rnph,bwilkinson,2012-06-15,searcher,4,,lay
1.01,2012,colv,12colvsesa004,sesa,dpavlik,2012-06-06,searcher,4,,lay
1.22,2012,colv,12colvsesa068,sesa,dpavlik,2012-06-13,searcher,4,,lay
2.24,2013,colv,13colvreph760,reph,rharned,2013-06-21,searcher,4,,lay
1.01,2013,colv,13colvrutu701,rutu,rharned,2013-06-02,searcher,4,,lay
1.04,2013,colv,13colvsesa710,sesa,rharned,2013-06-11,searcher,4,,lay
1.21,2013,colv,13colvsesa730,sesa,rharned,2013-06-13,searcher,4,,lay
,2011,eaba,11eabarph01,reph,,2011-06-25,searcher,4,,
,2011,eaba,11eabawrc02,wrsa,,2011-07-06,searcher,4,,
,2011,eaba,11eabawrm05,wrsa,,2011-07-02,searcher,4,,
4.11,2012,eaba,12eabadun02,dunl,nmanintveld,2012-06-19,searcher,4,-3,float
,2013,eaba,13eabaspp01,sepl,,2013-06-21,searcher,4,,lay
,2013,eaba,13eabaspp03,sepl,,2013-06-21,searcher,4,,lay
,2012,lkri,12lkrimels11,pesa,msoloviev,2012-07-15,incidental,4,,hatch
,2011,made,11madelp-06-2011,whim,lpirie,2011-06-08,searcher,4,,
1.51,2012,made,12madekb-32,rnph,kbeckmann,2012-06-27,searcher,4,,
1.27,2013,made,13madefs05sepl,sepl,fsmith,2013-06-14,searcher,4,,lay
1.5,2013,made,13madefs39rnph,rnph,fsmith,2013-06-28,searcher,3,,
1.44,2013,made,13madefs40hugo,hugo,fsmith,2013-06-19,searcher,3,,
1.88,2013,made,13madelb10lbdo,lbdo,lbachellier,2013-06-25,searcher,3,,
,1993,nome,93nome339,sesa,,1993-06-29,,3,,hatch
,1993,nome,93nome401,rnph,,1993-05-30,,3,,float
,1993,nome,93nome408,rnph,,1993-06-03,,3,,float
,1994,nome,94nome117,wesa,,1994-06-03,,3,,
,1995,nome,95nome132,rnph,,1995-06-17,,3,,hatch
,1995,nome,95nome234,rnph,,1995-06-15,,3,,hatch
,1995,nome,95nome45,rnph,,1995-06-15,,3,,hatch
,1999,nome,99nome4,sesa,,1999-06-28,,3,,hatch
,1999,nome,99nome65,wesa,,1999-06-01,,3,,float
e.15,2012,nome,12nome12nshoek04,nsho,ekwon,2012-06-02,searcher,10,,
,2012,nome,12nome12rnphmh62,rnph,mharing,2012-06-17,searcher,4,,lay
,2012,nome,12nome12rnphsf24,rnph,sfranks,2012-06-10,searcher,4,,lay
15.27,2006,barr,06barrreph052,reph,naves,2006-07-02,single,4,,hatch
14.43,2011,barr,11barrreph730,reph,jcunningham,2011-07-12,bander,4,,hatch
,2012,burn,12burndunlmp01,dunl,mkpeck,2012-06-09,searcher,4,,lay
,2012,burn,12burnlesajhb02,lesa,jbrunjes,2012-06-10,searcher,4,,
,2012,chau,12chaudunljrl003,dunl,jliebezeit,2012-06-24,searcher,4,,
,2012,chau,12chaudunlmlb006,dunl,mboldenow,2012-06-25,rope,4,,
,2012,chau,12chauspeigas002,spei,gsoloviev,2012-06-17,searcher,6,,
2.32,2011,chur,11chur11du32,dunl,lmckinnon,2011-07-01,searcher,4,,hatch
,2013,lkri,13lkripugv10,ruff,vgolovnyuk,2013-07-09,searcher,4,,hatch
,1993,nome,93nome116,rnph,,1993-05-29,,4,,
,1993,nome,93nome138,rnph,,1993-06-11,,4,,
,1993,nome,93nome23,rnph,,1993-06-05,,4,,
,1993,nome,93nome413,rnph,,1993-06-23,,4,,
,1994,nome,94nome130,wesa,,1994-06-12,,4,,float
,1994,nome,94nome210,rnph,,1994-06-09,,4,,lay
,1994,nome,94nome212,rnph,,1994-06-12,,4,,float
,1994,nome,94nome311,rnph,,1994-05-27,,4,,float
,1994,nome,94nome407,rnph,,1994-07-01,,4,,hatch
,1994,nome,94nome50,rnph,,1994-06-14,,4,,float
,1994,nome,94nome51,rnph,,1994-06-15,,4,,float
,1995,nome,95nome106,rnph,,1995-05-30,,4,,hatch
,1995,nome,95nome12,wesa,,1995-05-27,,4,,float
,1995,nome,95nome138,rnph,,1995-06-20,,4,,lay
,1995,nome,95nome212,rnph,,1995-05-31,,4,,float
,1995,nome,95nome217,rnph,,1995-06-02,,4,,lay
,1995,nome,95nome223,rnph,,1995-06-07,,4,,float
,1995,nome,95nome42,sesa,,1995-06-11,,4,,float
,1995,nome,95nome50,rnph,,1995-06-28,,4,,hatch
,1998,nome,98nome58,wesa,,1998-06-01,,4,,float
,1999,nome,99nome130,sesa,,1999-06-15,,4,,hatch
,1999,nome,99nome311,sesa,,1999-06-18,,4,,float
,1999,nome,99nome44,sesa,,1999-06-23,,4,,float
,2013,cakr,13cakrwipt022,wipt,jkardiak,2013-06-03,searcher,9,,lay
,2010,chur,10churdo02c,sbdo,frousseu,2010-06-07,searcher,4,,
,2010,chur,10churwh03c,whim,frousseu,2010-06-12,searcher,4,,
,2010,eaba,10eabarpdm02,reph,eaba_crew,2010-06-25,searcher,4,19,float
,2010,eaba,10eabawrm04,wrsa,eaba_crew,2010-06-29,searcher,4,22,float
,2010,ikpi,10ikpi10vj055,btgo,,2010-06-19,,4,,lay
,2010,ikpi,10ikpi10vj085,lbdo,CMB,2010-06-24,rope,4,,
1.076,2012,ikpi,12ikpi12bcc076,rnph,crutt,2012-06-19,searcher,4,,lay
1.098,2012,ikpi,12ikpi12bcc098,rnph,crutt,2012-06-23,bander,4,,lay
,2009,nome,09nome09nome49,sesa,,2009-06-16,,1,,
48,2010,nome,10nome10wesabs12,wesa,bschwarz,2010-06-07,searcher,3,,lay
,2010,prba,10prba10jek004,pesa,bhr,2010-06-13,bander,4,,lay
,2010,prba,10prba10jek023,reph,jek,2010-06-24,bander,4,,lay
6.24,2004,barr,04barrdunl017,dunl,norwood,2004-06-24,bander,4,,lay
12.02,2005,barr,05barrreph001,reph,lanctot,2005-06-13,single,4,,lay
9.27,2007,barr,07barrreph234,reph,d.taylor,2007-06-22,single,4,,lay
13.04,2008,barr,08barrlbdo912,lbdo,abrissette,2008-06-26,bander,4,,lay
1.04,2008,barr,08barrreph310,reph,ganx,2008-06-16,single,4,,lay
22.02,2009,barr,09barrdunl001,dunl,rlanctot,2009-06-09,single,4,,lay
22.03,2009,barr,09barrdunl002,dunl,rlanctot,2009-06-09,single,4,,lay
,2010,chur,10churdo07c,sbdo,frousseu,2010-06-14,searcher,4,,
,2010,chur,10churwh04c,whim,frousseu,2010-06-12,searcher,3,,
,2010,chur,10churwh05c,whim,frousseu,2010-06-09,searcher,4,,
,2010,chur,10churwh06c,whim,frousseu,2010-06-11,searcher,4,,
,2010,chur,10churwh07c,whim,frousseu,2010-06-14,searcher,4,,
,2010,eaba,10eabarpa03,reph,eaba_crew,2010-06-29,searcher,4,19,float
,2010,eaba,10eabarpd01,reph,eaba_crew,2010-06-20,searcher,4,21,float
,2010,eaba,10eabarpdm03,reph,eaba_crew,2010-06-25,searcher,4,19,float
1.027,2012,ikpi,12ikpi12bcc027,sesa,crutt,2012-06-13,rope,4,,lay
1.078,2012,ikpi,12ikpi12bcc078,bbpl,crutt,2012-06-19,searcher,4,,lay
,2008,nome,08nome08nome11,wesa,,2008-06-04,,2,,lay
,2009,nome,09nome09nome36,sesa,,2009-06-10,,2,,
,2009,nome,09nome09nome53,sesa,,2009-06-17,,2,,
6.03,2007,barr,07barrreph103,reph,rankin,2007-06-13,single,4,,lay
13.01,2008,barr,08barrreph900,reph,abrissette,2008-06-09,bander,4,,lay
,2010,chur,10churdo01c,sbdo,frousseu,2010-06-07,searcher,4,,
,2010,chur,10churle03c,lesa,frousseu,2010-06-15,searcher,4,,
,2010,chur,10churst01c,stsa,frousseu,2010-06-09,searcher,4,,
,2010,chur,10churst02c,stsa,frousseu,2010-06-10,searcher,4,,
,2010,eaba,10eabawrm05,wrsa,eaba_crew,2010-06-29,searcher,4,22,float
,2010,eaba,10eabawrp06,wrsa,eaba_crew,2010-06-22,searcher,4,22,float
,2010,ikpi,10ikpi10vj008,rnph,CMB,2010-06-12,rope,4,,lay
,2010,made,10madewhim009,whim,ejones,2010-06-30,searcher,4,,hatch
,2009,nome,09nome09nome51,sesa,,2009-06-17,,3,,
9.03,2008,barr,08barrsesa349,sesa,ganx,2008-06-29,single,4,,hatch
24.59,2012,barr,12barrreph705,reph,ssaalfeld,2012-06-28,bander,4,,hatch
,2009,nome,09nome09nome16,wesa,,2009-06-01,,4,,float
,2009,nome,09nome09nome18,dunl,,2009-06-02,,4,,float
,2009,nome,09nome09nome22,wesa,,2009-06-05,,4,,float
,2009,nome,09nome09nome3,wesa,,2009-05-30,,4,,float
,2009,nome,09nome09nome31,wesa,,2009-06-07,,4,,float
,2009,nome,09nome09nome33,sesa,,2009-06-07,,4,,float
,2009,nome,09nome09nome35,sesa,,2009-06-07,,4,,float
,2009,nome,09nome09nome47,wesa,,2009-06-15,,4,,
,2009,nome,09nome09nome9,wesa,,2009-05-31,,4,,float
,2008,nome,08nome08nome3,sesa,,2008-06-03,,6,,float
,2010,eaba,10eabarkk01,rekn,eaba_crew,2010-07-14,searcher,,,
,2010,eaba,10eabawra05,wrsa,eaba_crew,2010-07-13,searcher,4,,
,2010,eaba,10eabawrk06,wrsa,eaba_crew,2010-07-09,searcher,4,0,float
,1997,nome,97nome12,wesa,,1997-05-28,,4,,
,1997,nome,97nome124,sesa,,1997-06-15,,4,,
,1997,nome,97nome126,wesa,,1997-06-03,,4,,
,1997,nome,97nome3,sesa,,1997-06-11,,4,,
,1997,nome,97nome39,sesa,,1997-06-14,,4,,
,1998,nome,98nome199,wesa,,1998-06-17,,4,,hatch
,2011,chau,11chaupesabyv001,pesa,,2011-07-07,,,,
,2011,chau,11chaupesadvs001,pesa,,2011-07-07,,,,
,2011,chau,11chausbdodvs001,sbdo,,2011-07-07,,,,
,2004,coat,04coatapg01,amgp,,2004-06-29,,4,,
,2004,coat,04coatapg02,amgp,,2004-06-29,,4,,
,2004,coat,04coatapj01,amgp,,2004-06-24,,4,,lay
,2004,coat,04coatapj02,amgp,,2004-07-11,,3,,
,2004,coat,04coatapp01,amgp,,2004-07-01,,2,,
,2004,coat,04coatapp02,amgp,,2004-07-04,,4,,
,2004,coat,04coatapp03,amgp,,2004-07-11,,4,,
,2004,coat,04coatbbg01,bbpl,,2004-06-27,,4,,
,2004,coat,04coatbbg02,bbpl,,2004-06-30,,4,,
,2004,coat,04coatbbg03,bbpl,,2004-06-30,,4,,
,2004,coat,04coatbbg04,bbpl,,2004-07-22,,4,,
,2004,coat,04coatbbj01,bbpl,,2004-06-29,,4,,
,2004,coat,04coatbbp01,bbpl,,2004-07-01,,4,,
,2004,coat,04coatdug01,dunl,,2004-06-25,,4,,lay
,2004,coat,04coatdug02,dunl,,2004-06-27,,4,,
,2004,coat,04coatdug03,dunl,,2004-06-27,,4,,
,2004,coat,04coatdug04,dunl,,2004-07-15,,3,,
,2004,coat,04coatdug05,dunl,,2004-06-30,,4,,
,2004,coat,04coatdug06,dunl,,2004-07-01,,4,,
,2004,coat,04coatdug07,dunl,,2004-07-16,,4,,
,2004,coat,04coatduj01,dunl,,2004-06-26,,4,,
,2004,coat,04coatduj02,dunl,,2004-07-01,,4,,
,2004,coat,04coatduj03,dunl,,2004-07-02,,4,,
,2004,coat,04coatduj04,dunl,,2004-07-04,,4,,
,2004,coat,04coatduj05,dunl,,2004-07-08,,4,,
,2004,coat,04coatduj06,dunl,,2004-07-16,,4,,
,2004,coat,04coatduj07,dunl,,2004-07-14,,4,,
,2004,coat,04coatduj08,dunl,,2004-07-18,,4,,
,2004,coat,04coatduj09,dunl,,2004-07-22,,4,,
,2004,coat,04coatdup01,dunl,,2004-06-25,,,,
,2004,coat,04coatdup03,dunl,,2004-06-26,,,,
,2004,coat,04coatdup04,dunl,,2004-06-27,,,,lay
,2004,coat,04coatdup05,dunl,,2004-06-30,,4,,
,2004,coat,04coatdup06,dunl,,2004-06-30,,4,,
,2004,coat,04coatdup07,dunl,,2004-07-06,,4,,
,2004,coat,04coatdup08,dunl,,2004-07-08,,4,,
,2004,coat,04coatdup09,dunl,,2004-07-10,,4,,
,2004,coat,04coatdup10,dunl,,2004-07-17,,4,,
,2004,coat,04coatdup11,dunl,,2004-07-17,,3,,
,2004,coat,04coathgj01,herg,,2004-06-28,,,,
,2004,coat,04coathgp01,herg,,2004-07-10,,,,
,2004,coat,04coatllg01,lalo,,2004-06-28,,4,,
,2004,coat,04coatllg02,lalo,,2004-06-29,,5,,
,2004,coat,04coatllj01,lalo,,2004-06-21,,,,
,2004,coat,04coatllj02,lalo,,2004-06-25,,,,
,2004,coat,04coatllj03,lalo,,2004-06-28,,,,
,2004,coat,04coatllj04,lalo,,2004-06-29,,,,
,2004,coat,04coatllj05,lalo,,2004-07-04,,,,
,2004,coat,04coatllj06,lalo,,2004-07-04,,,,
,2004,coat,04coatllj07,lalo,,2004-07-09,,5,,
,2004,coat,04coatllp01,lalo,,2004-06-23,,,,
,2004,coat,04coatllp02,lalo,,2004-06-25,,4,,
,2004,coat,04coatllp03,lalo,,2004-06-28,,,,
,2004,coat,04coatllp04,lalo,,2004-06-29,,,,
,2004,coat,04coatllp05,lalo,,2004-06-29,,6,,
,2004,coat,04coatllp06,lalo,,2004-07-04,,,,
,2004,coat,04coatpjp01,paja,,2004-07-04,,,,
,2004,coat,04coatrpg01,reph,,2004-07-06,,4,,
,2004,coat,04coatrpj01,reph,,2004-06-21,,4,,lay
,2004,coat,04coatrpj03,reph,,2004-06-28,,,,
,2004,coat,04coatrpp01,reph,,2004-06-27,,4,,lay
,2004,coat,04coatrpp02,reph,,2004-06-30,,4,,
,2004,coat,04coatrtg01,rutu,,2004-07-12,,4,,
,2004,coat,04coatrtg02,rutu,,2004-07-12,,2,,
,2004,coat,04coatssg01,sesa,,2004-06-30,,4,,
,2004,coat,04coatssg02,sesa,,2004-06-30,,4,,
,2004,coat,04coatssg03,sesa,,2004-06-30,,4,,
,2004,coat,04coatssg04,sesa,,2004-06-30,,4,,
,2004,coat,04coatssg05,sesa,,2004-07-02,,4,,
,2004,coat,04coatssg06,sesa,,2004-06-27,,4,,lay
,2004,coat,04coatssg07,sesa,,2004-07-05,,4,,
,2004,coat,04coatssg08,sesa,,2004-07-06,,4,,
,2004,coat,04coatssg09,sesa,,2004-07-06,,4,,
,2004,coat,04coatssg10,sesa,,2004-07-10,,4,,
,2004,coat,04coatssg11,sesa,,2004-07-10,,4,,
,2004,coat,04coatssg12,sesa,,2004-07-10,,4,,
,2004,coat,04coatssg13,sesa,,2004-07-11,,,,
,2004,coat,04coatssg14,sesa,,2004-07-12,,4,,
,2004,coat,04coatssg15,sesa,,2004-07-14,,4,,
,2004,coat,04coatssg16,sesa,,2004-07-16,,4,,
,2004,coat,04coatssg17,sesa,,2004-07-16,,2,,
,2004,coat,04coatssg18,sesa,,2004-07-20,,4,,
,2004,coat,04coatssj01,sesa,,2004-06-26,,4,,lay
,2004,coat,04coatssj02,sesa,,2004-06-28,,4,,lay
,2004,coat,04coatssj03,sesa,,2004-06-29,,4,,
,2004,coat,04coatssj04,sesa,,2004-06-29,,4,,
,2004,coat,04coatssj05,sesa,,2004-06-30,,4,,
,2004,coat,04coatssj06,sesa,,2004-07-01,,4,,
,2004,coat,04coatssj07,sesa,,2004-07-01,,4,,
,2004,coat,04coatssj08,sesa,,2004-07-02,,4,,
,2004,coat,04coatssj09,sesa,,2004-07-05,,4,,
,2004,coat,04coatssj10,sesa,,2004-07-05,,4,,lay
,2004,coat,04coatssj11,sesa,,2004-07-05,,4,,
,2004,coat,04coatssj12,sesa,,2004-07-06,,3,,lay
,2004,coat,04coatssj13,sesa,,2004-07-06,,4,,
,2004,coat,04coatssj14,sesa,,2004-07-09,,4,,
,2004,coat,04coatssj15,sesa,,2004-07-11,,4,,
,2004,coat,04coatssj17,sesa,,2004-07-11,,4,,
,2004,coat,04coatssj18,sesa,,2004-07-15,,4,,
,2004,coat,04coatssp02,sesa,,2004-06-25,,4,,lay
,2004,coat,04coatssp03,sesa,,2004-06-26,,,,
,2004,coat,04coatssp04,sesa,,2004-06-28,,4,,
,2004,coat,04coatssp05,sesa,,2004-06-29,,4,,
,2004,coat,04coatssp06,sesa,,2004-06-29,,4,,
,2004,coat,04coatssp07,sesa,,2004-06-29,,4,,
,2004,coat,04coatssp08,sesa,,2004-06-30,,4,,
,2004,coat,04coatssp09,sesa,,2004-06-30,,4,,
,2004,coat,04coatssp10,sesa,,2004-06-30,,4,,
,2004,coat,04coatssp11,sesa,,2004-07-01,,4,,
,2004,coat,04coatssp12,sesa,,2004-07-01,,4,,
,2004,coat,04coatssp13,sesa,,2004-07-02,,4,,
,2004,coat,04coatssp14,sesa,,2004-07-04,,4,,
,2004,coat,04coatssp15,sesa,,2004-07-06,,4,,
,2004,coat,04coatssp16,sesa,,2004-07-16,,4,,
,2004,coat,04coatwrj01,wrsa,,2004-06-30,,4,,
,2005,coat,05coatapj01,amgp,,2005-06-20,,4,,
,2005,coat,05coatapj02,amgp,,2005-06-28,,4,,
,2005,coat,05coatapp01,amgp,,2005-06-17,,4,,lay
,2005,coat,05coatapp02,amgp,,2005-06-18,,4,,
,2005,coat,05coatapt01,amgp,,2005-06-26,,4,,
,2005,coat,05coatapt02,amgp,,2005-06-27,,4,,
,2005,coat,05coatapt03,amgp,,2005-07-03,,4,,
,2005,coat,05coatapt04,amgp,,2005-07-04,,4,,
,2005,coat,05coatbbt01,bbpl,,2005-06-30,,4,,
,2005,coat,05coatbbt02,bbpl,,2005-06-30,,4,,
,2005,coat,05coatbbt03,bbpl,,2005-07-11,,4,,
,2005,coat,05coatduj01,dunl,,2005-06-16,,,,lay
,2005,coat,05coatduj02,dunl,,2005-06-17,,,,lay
,2005,coat,05coatduj03,dunl,,2005-06-18,,4,,
,2005,coat,05coatduj04,dunl,,2005-07-02,,4,,
,2005,coat,05coatduj05,dunl,,2005-06-26,,4,,
,2005,coat,05coatduj06,dunl,,2005-06-26,,4,,
,2005,coat,05coatduj07,dunl,,2005-07-06,,,,
,2005,coat,05coatdup01,dunl,,2005-06-13,,4,,
,2005,coat,05coatdup02,dunl,,2005-06-18,,4,,
,2005,coat,05coatdup03,dunl,,2005-06-20,,4,,
,2005,coat,05coatdup04,dunl,,2005-06-27,,4,,
,2005,coat,05coatdut01,dunl,,2005-06-13,,4,,
,2005,coat,05coatdut02,dunl,,2005-06-19,,4,,
,2005,coat,05coatdut03,dunl,,2005-06-20,,4,,
,2005,coat,05coatdut04,dunl,,2005-06-23,,4,,
,2005,coat,05coatdut05,dunl,,2005-06-26,,4,,
,2005,coat,05coatdut06,dunl,,2005-06-27,,3,,
,2005,coat,05coatdut07,dunl,,2005-06-28,,4,,
,2005,coat,05coatdut08,dunl,,2005-06-28,,4,,
,2005,coat,05coatdut09,dunl,,2005-06-30,,4,,
,2005,coat,05coatdut10,dunl,,2005-07-02,,4,,
,2005,coat,05coatdut11,dunl,,2005-07-03,,4,,
,2005,coat,05coatdut12,dunl,,2005-07-05,,4,,
,2005,coat,05coatdut13,dunl,,2005-07-13,,4,,
,2005,coat,05coathgp01,herg,,2005-06-19,,,,
,2005,coat,05coatllj01,lalo,,2005-06-19,,,,
,2005,coat,05coatllj02,lalo,,2005-06-19,,,,
,2005,coat,05coatllj03,lalo,,2005-06-23,,,,
,2005,coat,05coatllj04,lalo,,2005-06-23,,,,
,2005,coat,05coatllj05,lalo,,2005-06-24,,,,
,2005,coat,05coatllj06,lalo,,2005-06-26,,,,
,2005,coat,05coatllj07,lalo,,2005-06-26,,,,
,2005,coat,05coatllj08,lalo,,2005-06-27,,,,
,2005,coat,05coatllp01,lalo,,2005-06-13,,,,
,2005,coat,05coatllp02,lalo,,2005-06-15,,,,
,2005,coat,05coatllp03,lalo,,2005-06-19,,,,
,2005,coat,05coatllp04,lalo,,2005-06-20,,,,
,2005,coat,05coatllp05,lalo,,2005-06-23,,,,
,2005,coat,05coatllt01,lalo,,2005-06-16,,,,
,2005,coat,05coatrpj01,reph,,2005-06-15,,4,,
,2005,coat,05coatrpj02,reph,,2005-06-16,,4,,
,2005,coat,05coatrpj03,reph,,2005-06-23,,4,,
,2005,coat,05coatrpj04,reph,,2005-06-25,,4,,
,2005,coat,05coatrpj05,reph,,2005-06-19,,4,,
,2005,coat,05coatrpp01,reph,,2005-06-15,,4,,
,2005,coat,05coatrpt01,reph,,2005-06-15,,4,,
,2005,coat,05coatrpt02,reph,,2005-06-18,,4,,
,2005,coat,05coatrpt03,reph,,2005-06-20,,4,,lay
,2005,coat,05coatrpt04,reph,,2005-06-23,,4,,
,2005,coat,05coatrpt05,reph,,2005-06-26,,4,,
,2005,coat,05coatrpt06,reph,,2005-06-28,,4,,
,2005,coat,05coatrpt07,reph,,2005-06-28,,4,,
,2005,coat,05coatrpt08,reph,,2005-06-28,,4,,
,2005,coat,05coatrpt09,reph,,2005-07-03,,4,,
,2005,coat,05coatssj01,sesa,,2005-06-16,,4,,lay
,2005,coat,05coatssj02,sesa,,2005-06-21,,4,,
,2005,coat,05coatssj03,sesa,,2005-06-21,,4,,
,2005,coat,05coatssj04,sesa,,2005-06-24,,4,,
,2005,coat,05coatssj05,sesa,,2005-06-25,,4,,
,2005,coat,05coatssj06,sesa,,2005-06-25,,4,,
,2005,coat,05coatssj07,sesa,,2005-06-26,,4,,
,2005,coat,05coatssj08,sesa,,2005-06-26,,4,,lay
,2005,coat,05coatssj09,sesa,,2005-06-27,,4,,
,2005,coat,05coatssj10,sesa,,2005-06-27,,4,,
,2005,coat,05coatssj11,sesa,,2005-06-28,,4,,lay
,2005,coat,05coatssj12,sesa,,2005-07-09,,4,,
,2005,coat,05coatssp01,sesa,,2005-06-13,,4,,lay
,2005,coat,05coatssp03,sesa,,2005-06-21,,4,,
,2005,coat,05coatssp04,sesa,,2005-06-23,,4,,
,2005,coat,05coatssp05,sesa,,2005-06-23,,4,,
,2005,coat,05coatssp06,sesa,,2005-06-23,,4,,
,2005,coat,05coatssp07,sesa,,2005-06-23,,4,,
,2005,coat,05coatssp08,sesa,,2005-06-23,,4,,
,2005,coat,05coatssp09,sesa,,2005-06-23,,4,,
,2005,coat,05coatssp10,sesa,,2005-06-24,,4,,
,2005,coat,05coatssp11,sesa,,2005-06-24,,4,,lay
,2005,coat,05coatssp12,sesa,,2005-06-25,,4,,
,2005,coat,05coatssp13,sesa,,2005-06-26,,4,,
,2005,coat,05coatssp14,sesa,,2005-07-04,,,,
,2005,coat,05coatsst01,sesa,,2005-06-15,,4,,
,2005,coat,05coatsst02,sesa,,2005-06-16,,4,,
,2005,coat,05coatsst03,sesa,,2005-06-17,,4,,lay
,2005,coat,05coatsst04,sesa,,2005-06-17,,4,,
,2005,coat,05coatsst05,sesa,,2005-06-19,,4,,
,2005,coat,05coatsst06,sesa,,2005-06-20,,4,,
,2005,coat,05coatsst07,sesa,,2005-06-20,,4,,lay
,2005,coat,05coatsst08,sesa,,2005-06-20,,4,,
,2005,coat,05coatsst09,sesa,,2005-06-21,,4,,
,2005,coat,05coatsst10,sesa,,2005-06-21,,4,,
,2005,coat,05coatsst11,sesa,,2005-06-23,,4,,
,2005,coat,05coatsst12,sesa,,2005-06-23,,4,,
,2005,coat,05coatsst13,sesa,,2005-06-23,,4,,lay
,2005,coat,05coatsst14,sesa,,2005-06-24,,4,,lay
,2005,coat,05coatsst15,sesa,,2005-06-25,,4,,
,2005,coat,05coatsst16,sesa,,2005-06-26,,4,,
,2005,coat,05coatsst17,sesa,,2005-06-26,,4,,
,2005,coat,05coatsst18,sesa,,2005-06-26,,4,,
,2005,coat,05coatsst19,sesa,,2005-06-27,,4,,
,2005,coat,05coatsst20,sesa,,2005-06-27,,4,,
,2005,coat,05coatsst21,sesa,,2005-06-27,,4,,
,2005,coat,05coatsst22,sesa,,2005-06-27,,4,,
,2005,coat,05coatsst23,sesa,,2005-06-28,,4,,
,2005,coat,05coatsst24,sesa,,2005-06-28,,4,,
,2005,coat,05coatsst25,sesa,,2005-06-28,,4,,
,2005,coat,05coatsst26,sesa,,2005-06-28,,4,,
,2005,coat,05coatsst27,sesa,,2005-06-28,,4,,
,2005,coat,05coatsst28,sesa,,2005-06-30,,4,,
,2005,coat,05coatsst29,sesa,,2005-06-30,,4,,
,2005,coat,05coatsst30,sesa,,2005-06-30,,4,,
,2005,coat,05coatsst31,sesa,,2005-06-30,,4,,
,2005,coat,05coatsst32,sesa,,2005-07-02,,4,,
,2005,coat,05coatsst33,sesa,,2005-07-02,,4,,
,2005,coat,05coatsst34,sesa,,2005-07-03,,3,,
,2005,coat,05coatsst35,sesa,,2005-07-04,,4,,
,2005,coat,05coatsst36,sesa,,2005-07-05,,4,,
,2005,coat,05coatsst37,sesa,,2005-07-05,,4,,
,2005,coat,05coatsst38,sesa,,2005-07-07,,4,,
,2005,coat,05coatwrp01,wrsa,,2005-06-19,,4,,
,2005,coat,05coatwrp02,wrsa,,2005-06-20,,4,,
,2006,coat,06coatagc02,amgp,,2006-06-27,,4,,
,2006,coat,06coatagc03,amgp,,2006-06-28,,4,,
,2006,coat,06coatagc04,amgp,,2006-06-29,,4,,
,2006,coat,06coatagc05,amgp,,2006-07-05,,4,,
,2006,coat,06coatapa01,amgp,,2006-06-24,,4,,lay
,2006,coat,06coatapa02,amgp,,2006-06-28,,4,,
,2006,coat,06coatapa03,amgp,,2006-06-30,,4,,
,2006,coat,06coatapa04,amgp,,2006-06-30,,4,,
,2006,coat,06coatapc01,amgp,,2006-06-14,,4,,
,2006,coat,06coatbbc01,bbpl,,2006-06-22,,4,,
,2006,coat,06coatbbp01,bbpl,,2006-07-03,,4,,
,2006,coat,06coatdua01,dunl,,2006-06-17,,4,,
,2006,coat,06coatdua02,dunl,,2006-06-27,,4,,
,2006,coat,06coatdua03,dunl,,2006-06-29,,4,,
,2006,coat,06coatdua04,dunl,,2006-07-04,,4,,
,2006,coat,06coatduc01,dunl,,2006-06-12,,4,,
,2006,coat,06coatduc02,dunl,,2006-06-14,,4,,
,2006,coat,06coatduc03,dunl,,2006-06-24,,4,,
,2006,coat,06coatduc04,dunl,,2006-06-27,,4,,
,2006,coat,06coatduc05,dunl,,2006-07-01,,4,,
,2006,coat,06coatduc06,dunl,,2006-07-03,,3,,
,2006,coat,06coatduk01,dunl,,2006-06-28,,4,,
,2006,coat,06coatduk02,dunl,,2006-06-28,,4,,
,2006,coat,06coatduk03,dunl,,2006-06-28,,4,,
,2006,coat,06coatduk04,dunl,,2006-06-26,,4,,
,2006,coat,06coatduk05,dunl,,2006-07-05,,4,,
,2006,coat,06coatdup01,dunl,,2006-06-11,,,,
,2006,coat,06coatdup02,dunl,,2006-06-13,,3,,
,2006,coat,06coatdup03,dunl,,2006-06-13,,4,,
,2006,coat,06coatdup04,dunl,,2006-06-25,,4,,
,2006,coat,06coatdup05,dunl,,2006-07-02,,4,,
,2006,coat,06coatdup06,dunl,,2006-07-03,,4,,
,2006,coat,06coatllc01,lalo,,2006-06-17,,,,
,2006,coat,06coatllc02,lalo,,2006-06-30,,,,
,2006,coat,06coatllc03,lalo,,2006-06-30,,5,,
,2006,coat,06coatllc04,lalo,,2006-06-30,,,,
,2006,coat,06coatpea01,pesa,,2006-06-24,,4,,
,2006,coat,06coatpea02,pesa,,2006-07-02,,4,,
,2006,coat,06coatpep01,pesa,,2006-06-22,,4,,
,2006,coat,06coatrpa01,reph,,2006-06-15,,4,,
,2006,coat,06coatrpa02,reph,,2006-06-15,,4,,
,2006,coat,06coatrpa03,reph,,2006-06-27,,4,,
,2006,coat,06coatrpc01,reph,,2006-06-14,,4,,
,2006,coat,06coatrpc02,reph,,2006-06-15,,,,lay
,2006,coat,06coatrpc03,reph,,2006-06-16,,4,,
,2006,coat,06coatrpc04,reph,,2006-06-23,,4,,
,2006,coat,06coatrpk01,reph,,2006-06-15,,4,,
,2006,coat,06coatrpk02,reph,,2006-06-15,,4,,
,2006,coat,06coatrpk03,reph,,2006-06-24,,4,,
,2006,coat,06coatrpk04,reph,,2006-06-25,,4,,
,2006,coat,06coatrpk05,reph,,2006-06-28,,4,,
,2006,coat,06coatrpp01,reph,,2006-06-24,,4,,
,2006,coat,06coatrpp02,reph,,2006-06-25,,4,,
,2006,coat,06coatrpp03,reph,,2006-06-30,,3,,
,2006,coat,06coatrpp04,reph,,2006-06-30,,4,,
,2006,coat,06coatssa01,sesa,,2006-06-26,,4,,
,2006,coat,06coatssa02,sesa,,2006-06-28,,4,,
,2006,coat,06coatssa03,sesa,,2006-07-02,,4,,
,2006,coat,06coatssa04,sesa,,2006-07-02,,4,,
,2006,coat,06coatssa05,sesa,,2006-07-02,,4,,
,2006,coat,06coatssa06,sesa,,2006-07-05,,4,,
,2006,coat,06coatssa07,sesa,,2006-07-10,,4,,
,2006,coat,06coatssc01,sesa,,2006-06-11,,4,,lay
,2006,coat,06coatssc02,sesa,,2006-06-13,,4,,lay
,2006,coat,06coatssc03,sesa,,2006-06-17,,4,,
,2006,coat,06coatssc04,sesa,,2006-06-22,,4,,
,2006,coat,06coatssc06,sesa,,2006-06-24,,4,,
,2006,coat,06coatssc07,sesa,,2006-06-25,,4,,
,2006,coat,06coatssc08,sesa,,2006-06-28,,4,,
,2006,coat,06coatssc09,sesa,,2006-06-28,,4,,
,2006,coat,06coatssc10,sesa,,2006-07-02,,4,,
,2006,coat,06coatssc11,sesa,,2006-07-02,,4,,
,2006,coat,06coatssc12,sesa,,2006-07-04,,4,,
,2006,coat,06coatssc13,sesa,,2006-07-04,,4,,
,2006,coat,06coatssk01,sesa,,2006-06-13,,4,,
,2006,coat,06coatssk02,sesa,,2006-06-17,,4,,lay
,2006,coat,06coatssk03,sesa,,2006-06-22,,4,,
,2006,coat,06coatssk04,sesa,,2006-06-23,,4,,
,2006,coat,06coatssk05,sesa,,2006-06-24,,4,,
,2006,coat,06coatssk06,sesa,,2006-06-28,,4,,
,2006,coat,06coatssk07,sesa,,2006-06-25,,,,
,2006,coat,06coatssk08,sesa,,2006-06-28,,4,,
,2006,coat,06coatssk09,sesa,,2006-07-02,,4,,
,2006,coat,06coatssk10,sesa,,2006-07-02,,4,,
,2006,coat,06coatssk11,sesa,,2006-07-03,,4,,
,2006,coat,06coatssk12,sesa,,2006-07-03,,4,,
,2006,coat,06coatssk13,sesa,,2006-07-03,,4,,
,2006,coat,06coatssk14,sesa,,2006-07-03,,3,,
,2006,coat,06coatssk15,sesa,,2006-07-06,,4,,
,2006,coat,06coatssp01,sesa,,2006-06-26,,4,,
,2006,coat,06coatssp02,sesa,,2006-06-13,,4,,lay
,2006,coat,06coatssp03,sesa,,2006-06-22,,4,,
,2006,coat,06coatssp04,sesa,,2006-06-22,,4,,
,2006,coat,06coatssp05,sesa,,2006-06-22,,4,,
,2006,coat,06coatssp06,sesa,,2006-06-24,,4,,
,2006,coat,06coatssp07,sesa,,2006-06-25,,4,,
,2006,coat,06coatssp08,sesa,,2006-06-25,,4,,
,2006,coat,06coatssp09,sesa,,2006-06-25,,4,,
,2006,coat,06coatssp10,sesa,,2006-06-28,,4,,
,2006,coat,06coatssp11,sesa,,2006-06-28,,4,,
,2006,coat,06coatssp12,sesa,,2006-06-28,,4,,
,2006,coat,06coatssp13,sesa,,2006-06-30,,4,,
,2006,coat,06coatssp14,sesa,,2006-06-30,,4,,
,2006,coat,06coatssp15,sesa,,2006-07-02,,4,,
,2006,coat,06coatwra01,wrsa,,2006-06-13,,4,,lay
,2006,coat,06coatwra02,wrsa,,2006-06-13,,4,,lay
,2006,coat,06coatwrc01,wrsa,,2006-06-17,,4,,
,2006,coat,06coatwrc02,wrsa,,2006-06-14,,4,,
,2006,coat,06coatwrc03,wrsa,,2006-06-23,,4,,
,2006,coat,06coatwrc04,wrsa,,2006-07-03,,4,,
,2006,coat,06coatwrk01,wrsa,,2006-06-14,,4,,
,2006,coat,06coatwrk02,wrsa,,2006-07-04,,4,,
,2006,coat,06coatwrk03,wrsa,,2006-06-24,,4,,
,2006,coat,06coatwrk04,wrsa,,2006-06-29,,4,,
,2006,coat,06coatwrp01,wrsa,,2006-06-14,,4,,
,2006,coat,06coatwrp02,wrsa,,2006-06-15,,4,,
,2006,coat,06coatwrp03,wrsa,,2006-06-17,,,,
,2006,coat,06coatwrp04,wrsa,,2006-06-29,,4,,
,2006,coat,06coatwrp05,wrsa,,2006-07-11,,3,,
,2014,eaba,14eabaagl01,amgp,,2014-06-28,,4,3.5,float
,2014,eaba,14eababbe01,bbpl,,2014-06-18,,4,4,float
,2014,eaba,14eababbe02,bbpl,,2014-06-28,,4,5,float
,2014,eaba,14eababbj01,bbpl,,2014-06-20,,4,2,float
,2014,eaba,14eababbj02,bbpl,,2014-06-20,,4,,float
,2014,eaba,14eababbl01,bbpl,,2014-06-18,,4,4,float
,2014,eaba,14eababbl02,bbpl,,2014-07-17,,4,,float
,2014,eaba,14eababbs01,bbpl,,2014-07-02,,4,6,float
,2014,eaba,14eababbt01,bbpl,,2014-06-18,,4,3.5,float
,2014,eaba,14eababbt02,bbpl,,2014-06-19,,4,4,float
,2014,eaba,14eababbt03,bbpl,,2014-06-19,,4,4,float
,2014,eaba,14eababbt04,bbpl,,2014-06-28,,4,18,float
,2014,eaba,14eabadul01,dunl,,2014-07-14,,4,3,float
,2014,eaba,14eabadus01,dunl,,2014-06-28,,4,3,float
,2014,eaba,14eabadus02,dunl,,2014-06-28,,4,5,float
,2014,eaba,14eabadut01/wrt05,wrsa,,2014-07-05,,4,9,float
,2014,eaba,14eabaret01,reph,,2014-07-05,,4,3,float
,2014,eaba,14eabarph02,reph,,2014-06-22,,4,,float
,2014,eaba,14eabaruj01,rutu,,2014-07-06,,4,5.5,float
,2014,eaba,14eabarut01,rutu,,2014-06-15,,4,0,float
,2014,eaba,14eabarut02,rutu,,2014-06-24,,4,0,float
,2014,eaba,14eabarut03,rutu,,2014-06-24,,4,6,float
,2014,eaba,14eabarut04,rutu,,2014-07-02,,4,3.1,float
,2014,eaba,14eabarut06,rutu,,2014-07-09,,4,10,float
,2014,eaba,14eabasepll01,sepl,,2014-07-03,,4,0,float
,2014,eaba,14eabaspe01,sepl,,2014-06-24,,4,6,float
,2014,eaba,14eabaspe02,sepl,,2014-07-02,,4,0,float
,2014,eaba,14eabasps01,sepl,,2014-06-18,,4,3.5,float
,2014,eaba,14eabasps02,sepl,,2014-06-21,,4,16.5,float
,2014,eaba,14eabasps04,sepl,,2014-07-17,,4,4,float
,2014,eaba,14eabaspt01,sepl,,2014-06-18,,4,9,float
,2014,eaba,14eabaspt02,sepl,,2014-06-23,,4,7,float
,2014,eaba,14eabawre01,wrsa,,2014-06-26,,4,15.9,float
,2014,eaba,14eabawrh01,wrsa,,2014-06-22,,4,1,float
,2014,eaba,14eabawrj02,wrsa,,2014-07-06,,4,,float
,2014,eaba,14eabawrs01,wrsa,,2014-06-24,,4,0,float
,2014,eaba,14eabawrs03,wrsa,,2014-06-28,,4,5,float
,2014,eaba,14eabawrs06,wrsa,,2014-07-20,,4,,float
,2014,eaba,14eabawrsal01,wrsa,,2014-07-03,,4,11,float
,2014,eaba,14eabawrt01,wrsa,,2014-06-19,,4,10,float
,2014,eaba,14eabawrt02,wrsa,,2014-06-25,,4,13,float
,2014,eaba,14eabawrt04,wrsa,,2014-07-07,,4,-3,float
,2011,chau,11chaudunlbyv001,dunl,,2011-06-20,,1,,
,2014,eaba,14eabaage01,amgp,,2014-06-28,,4,19.5,float
,2014,eaba,14eabaagt01,amgp,,2014-06-19,,4,4,float
,2014,eaba,14eabadus04,dunl,,2014-07-09,,4,1,float
,2014,eaba,14eabadut02,dunl,,2014-07-05,,4,8,float
,2014,eaba,14eabarpe01,reph,,2014-06-27,,4,0,float
,2014,eaba,14eabarpj01,reph,,2014-06-26,,4,,float
,2014,eaba,14eabarut05,rutu,,2014-07-07,,4,4.5,float
,2014,eaba,14eabasps03,sepl,,2014-07-02,,4,10,float
,2014,eaba,14eabawre03,wrsa,,2014-07-02,,4,8,float
,2014,eaba,14eabawre04,wrsa,,2014-07-10,,4,0,float
,2014,eaba,14eabawrw01,wrsa,,2014-07-16,,4,,float
,2014,eaba,14eabaduj01,dunl,,2014-07-01,,4,,float
,2014,eaba,14eabadus03,dunl,,2014-06-28,,4,3,float
,2014,eaba,14eabaspj01,sepl,,2014-06-28,,4,10,float
,2014,eaba,14eabawrj01,wrsa,,2014-06-20,,4,11.5,float
,2014,eaba,14eabawrs04,wrsa,,2014-07-04,,4,0,float
,2014,eaba,14eabawrs05,wrsa,,2014-07-08,,4,10,float
,2011,chau,11chaucrplbyv001,crpl,,2011-06-19,,3,,
,2011,chau,11chaucrplbyv002,crpl,,2011-07-02,,3,,
,2011,chau,11chaudunlbyv002,dunl,,2011-06-30,,3,,
,2011,chau,11chaudunldvs004,dunl,,2011-07-02,,3,,
,2011,chau,11chaurnphdvs002,rnph,,2011-06-20,,3,,
,2011,chau,11chaurnphdvs003,rnph,,2011-06-20,,3,,
,2011,chau,11chaurnphdvs008,rnph,,2011-06-28,,3,,
,2011,chau,11chautestbyv001,test,,2011-06-29,,3,,
,2014,eaba,14eabapajal01,paja,,2014-06-18,,4,14,float
,2014,eaba,14eabarpl02,reph,,2014-06-19,,4,5,float
,2014,eaba,14eabaspp01,sepl,,2014-06-23,,4,11,float
,2014,eaba,14eabawre02,wrsa,,2014-06-27,,4,5,float
,2014,eaba,14eabawrj03,wrsa,,2014-07-06,,4,12,float
,2011,chau,11chaudunlbyv003,dunl,,2011-06-30,,4,,
,2011,chau,11chaudunlbyv004,dunl,,2011-07-03,,4,,
,2011,chau,11chaudunldvs001,dunl,,2011-06-13,,4,,
,2011,chau,11chaudunldvs003,dunl,,2011-06-20,,4,,
,2011,chau,11chaudunldvs005,dunl,,2011-07-03,,4,,
,2011,chau,11chaudunldvs006,dunl,,2011-07-03,,4,,
,2011,chau,11chaurnphdvs009,rnph,,2011-06-30,,4,,
,2011,chau,11chaurnphdvs010,rnph,,2011-07-02,,4,,
,2011,chau,11chaurnphrav001,rnph,,2011-06-17,,4,,
,2011,chau,11chaurnphslv001,rnph,,2011-06-22,,4,,
,2011,chau,11chaurnphslv002,rnph,,2011-06-22,,4,,
,2011,chau,11chaurnphslv003,rnph,,2011-07-02,,4,,
,2011,chau,11chaurutubyv001,rutu,,2011-06-20,,4,,
,2013,chur,13CD01,sepl,,2013-07-05,,,,
,2013,chur,13GB05,sepl,,2013-06-20,,4,,
,2013,chur,13GB06,sepl,,2013-06-25,,4,,
,2013,chur,13HP01,sepl,,2013-06-11,,4,,
,2013,chur,13LL04,sepl,,2013-06-17,,4,,
,2014,chur,14DB04,sepl,,2014-07-17,,3,,
,2014,chur,14DB05,sepl,,2014-07-18,,,,
,2014,chur,14EP04,sepl,,2014-07-01,,3,,
,2014,chur,14LL01,sepl,,2014-06-13,,1,,
,2014,chur,14TL01,sepl,,2014-06-04,,1,,
,2014,chur,14MP03,sepl,,2014-06-15,,2,,
,2014,chur,14PB01,sepl,,2014-06-11,,2,,
105,2012,cari,12cari105sesa,sesa,sfreeman,2012-06-12,incidental,4,0,float
,1997,nome,97nome302,wesa,,1997-06-01,,4,,
,1994,nome,94nome200,wesa,,1994-05-22,,4,,lay
,1994,nome,94nome302,wesa,,1994-05-22,,4,,lay
,1994,nome,94nome316,wesa,,1994-05-30,,4,,float
,1997,nome,97nome130,wesa,,1997-05-23,,4,,
,1995,nome,95nome222,sesa,,1995-06-03,,3,,float
,1994,nome,94nome207,sesa,,1994-06-06,,4,,float
,1996,nome,96nome117,sesa,,1996-06-07,,4,,float
,1995,nome,95nome5,wesa,,1995-05-23,,4,,float
,1995,nome,95nome303,sesa,,1995-06-04,,4,,float
,1995,nome,95nome129,sesa,,1995-06-12,,4,,hatch
,1997,nome,97nome45,sesa,,1997-06-14,,4,,
,1997,nome,97nome197,sesa,,1997-06-11,,4,,
,1996,nome,96nome3,wesa,,1996-05-19,,4,,float
,1999,nome,99nome66,wesa,,1999-06-07,,4,,hatch
,1998,nome,98nome303,wesa,,1998-06-17,,4,,hatch
,1997,nome,97nome35,wesa,,1997-06-01,,4,,
,1997,nome,97nome5,wesa,,1997-05-23,,4,,
,1998,nome,98nome73,sesa,,1998-06-03,,4,,hatch
,1997,nome,97nome114,sesa,,1997-06-07,,4,,
,1997,nome,97nome112,wesa,,1997-05-25,,4,,
,1997,nome,97nome196,wesa,,1997-06-19,,4,,
,1997,nome,97nome382,wesa,,1997-06-17,,4,,
,1997,nome,97nome202,sesa,,1997-06-01,,4,,
,1997,nome,97nome281,sesa,,1997-06-04,,4,,
,1997,nome,97nome125,sesa,,1997-05-31,,3,,
,1997,nome,97nome2,sesa,,1997-06-11,,4,,
,1998,nome,98nome106,sesa,,1998-06-07,,4,,hatch
,1998,nome,98nome104,sesa,,1998-06-09,,4,,hatch
,1998,nome,98nome66,sesa,,1998-06-02,,4,,hatch
,1998,nome,98nome136,sesa,,1998-06-21,,4,,
,1999,nome,99nome131,sesa,,1999-06-10,,4,,hatch
,1997,nome,97nome30,sesa,,1997-06-19,,4,,
,1999,nome,99nome125,sesa,,1999-06-15,,3,,hatch
,1998,nome,98nome71,wesa,,1998-06-03,,4,,float
,1999,nome,99nome303,wesa,,1999-06-08,,4,,lay
,1999,nome,99nome11,wesa,,1999-05-30,,4,,float
,1999,nome,99nome375,sesa,,1999-06-25,,4,,float
,1994,nome,94nome52,sesa,,1994-06-30,,4,,
,1997,nome,97nome199,sesa,,1997-06-10,,4,,
,1998,nome,98nome223,sesa,,1998-06-22,,3,,hatch
,1997,nome,97nome11,wesa,,1997-05-29,,4,,
,1998,nome,98nome68,wesa,,1998-06-02,,4,,float
,1994,nome,94nome332,sesa,,1994-06-08,,4,,float
,1994,nome,94nome312,wesa,,1994-05-29,,4,,
,1994,nome,94nome106,sesa,,1994-05-26,,4,,lay
,1993,nome,93nome334,sesa,,1993-06-13,,4,,hatch
,1997,nome,97nome120,wesa,,1997-06-16,,4,,
,1995,nome,95nome127,sesa,,1995-06-12,,4,,float
,1997,nome,97nome19,sesa,,1997-06-05,,4,,
,1994,nome,94nome338,sesa,,1994-06-26,,4,,hatch
,1997,nome,97nome131,sesa,,1997-06-14,,4,,
1.3,2013,made,13madefs12whim,whim,fsmith,2013-06-20,searcher,3,,lay
1.42,2013,made,13madefs28whim,whim,fsmith,2013-06-23,searcher,4,16,float
1.01,2014,made,14madetk03whim,whim,tkydd,2014-06-11,searcher,4,,lay
3.03,2014,made,14madeca05whim,whim,canderson,2014-06-15,searcher,4,2,float
,2011,chur,11churwhim05,whim,H.Specht,2011-06-18,searcher,4,,float
,2011,chur,11churwhim17,whim,HJB,2011-06-25,searcher,3,15,float
1.02,2012,chur,12chur12whim02,whim,ajohnson,2012-06-06,searcher,4,,lay
,2014,chur,14chur14whim12,whim,jperz,2014-06-17,searcher,2,,lay
1.21,2012,chur,12chur12whim21,whim,ajohnson,2012-06-18,searcher,4,12,float
,2014,chur,14chur14whim19,whim,jperz,2014-06-23,searcher,4,12,float
,2013,chur,13chur13whim57g,whim,jperz,2013-07-08,searcher,2,19,float
1.28,2012,chur,12chur12whim28,whim,ajohnson,2012-06-20,searcher,3,13,float
1.25,2012,chur,12chur12whim25,whim,clahoda,2012-06-19,searcher,1,,
,2013,chur,13chur13whim21g,whim,ajohnson,2013-06-15,searcher,4,16,float
1.32,2012,chur,12chur12whim32,whim,ajohnson,2012-06-22,searcher,4,24,float
,2013,chur,13chur13whim52,whim,jperz,2013-07-02,searcher,3,19,float
1.42,2012,chur,12chur12whim42,whim,ajohnson,2012-06-29,searcher,4,19,float
1.38,2012,chur,12chur12whim38,whim,ajohnson,2012-06-26,searcher,4,3,float
,2013,chur,13chur13whim45,whim,canderson,2013-06-26,searcher,4,11,float
,2013,chur,13chur13whim48,whim,jperz,2013-06-28,searcher,4,22,float
,2013,chur,13chur13whim46,whim,canderson,2013-06-27,searcher,4,21,float
,2014,chur,14chur14whim23,whim,jperz,2014-06-25,searcher,2,11,float
,2014,chur,14chur14whim15,whim,gholmes,2014-06-18,searcher,4,1,float
2.31,2012,eaba,12eababbk02,bbpl,kward,2012-06-30,searcher,4,9,float
,2011,eaba,11eababbc04,bbpl,,2011-06-28,searcher,4,9,float
,2011,eaba,11eababbm02,bbpl,,2011-07-04,searcher,4,9,float
,2011,eaba,11eababbm01,bbpl,,2011-06-23,searcher,4,2,float
,2011,eaba,11eababbc05,bbpl,,2011-07-08,searcher,3,4,float
,2013,eaba,13eababbe01,bbpl,,2013-06-27,searcher,4,11,float
,2011,eaba,11eababbc03,bbpl,,2011-06-28,searcher,4,11,float
,2011,eaba,11eababbh03,bbpl,,2011-07-13,searcher,4,4,float
,2013,eaba,13eababbl01,bbpl,,2013-06-25,searcher,4,4,float
,2013,eaba,13eababba02,bbpl,,2013-06-25,searcher,4,3,float
,2013,eaba,13eababba03,bbpl,,2013-06-27,searcher,4,4,float
1.29,2007,barr,07barrlbdo338,lbdo,haase,2007-07-02,bander,4,,lay
,2010,bylo,10byloamgpejj01,amgp,jbety,2010-07-03,incidental,4,7,float
,2010,bylo,10byloplbr1,amgp,echalifour,2010-06-21,incidental,4,,lay
,2010,bylo,10byloplbr4,amgp,echalifour,2010-06-25,incidental,4,4,float
,2010,bylo,10byloamgppb05,amgp,pbertrand,2010-07-04,incidental,4,16,float
,2010,bylo,10byloamgppb04,amgp,pbertrand,2010-07-04,incidental,3,9,float
12.07,2008,barr,08barrlbdo279,lbdo,dpavlik,2008-07-05,single,4,6,float
12.1,2008,barr,08barrlbdo362,lbdo,ganx,2008-07-13,bander,4,15,float
11.15,2008,barr,08barrlbdo336,lbdo,ganx,2008-06-25,rope,4,12,float
11.17,2008,barr,08barrlbdo337,lbdo,ganx,2008-06-25,rope,4,5,float
10.3,2009,barr,09barrlbdo759,lbdo,fchevreux,2009-06-26,rope,4,1,float
2.3,2008,barr,08barrlbdo139,lbdo,phsu,2008-06-24,single,4,7,float
7.59,2010,barr,10barrlbdo626,lbdo,myang,2010-06-29,rope,4,4,float
3.37,2010,barr,10barrlbdo442,lbdo,abankert,2010-06-27,rope,6,2,float
6.31,2008,barr,08barrlbdo248,lbdo,dpavlik,2008-06-27,rope,3,1,float
16.01,2009,barr,09barrlbdo700,lbdo,fchevreux,2009-06-07,single,4,,lay
,2013,barr,13barrlbdo375,lbdo,amould,2013-06-26,rope,4,2,float
,2013,iglo,13igloamgp021,amgp,mgiroux,2013-07-20,searcher,4,,hatch
4.42,2009,barr,09barrlbdo579,lbdo,cgovernali,2009-06-24,rope,4,14,float
7.53,2010,barr,10barrlbdo347,lbdo,abankert,2010-06-29,rope,4,4,float
5.05,2014,ikpi,14ikpi14rlh033,pesa,rhammond,2014-06-27,searcher,4,15,float
2.25,2014,colv,14colvrutu1001,rutu,agottesman,2014-06-25,searcher,4,1,float
,2012,chur,12chur1amgpp05d,amgp,jg,2012-06-19,searcher,4,8,float
24.45,2012,barr,12barrlbdo261,lbdo,pherzog,2012-06-27,rope,4,,lay
5.19,2011,barr,11barrlbdo626,lbdo,adoll,2011-07-03,bander,4,0,float
15.79,2012,barr,12barrlbdo706,lbdo,ssaalfeld,2012-06-29,bander,2,7,float
6.15,2012,barr,12barrlbdo683,lbdo,mmcconnell,2012-06-26,searcher,4,1,float
627,2013,cari,13cari627sesa,sesa,idavies,2013-06-15,incidental,4,3,float
117,2013,cari,13cari117sesa,sesa,sfreeman,2013-06-18,incidental,4,0,float
210,2014,cari,14cari210sesa,sesa,cmontgomerie,2014-06-14,incidental,4,7,float
415,2014,cari,14cari415sesa,sesa,bhiggins,2014-06-14,incidental,4,0,float
625,2013,cari,13cari625sesa,sesa,idavies,2013-06-14,incidental,4,4,float
1.47,2012,made,12madekb-01,hugo,kbeckmann,2012-06-09,searcher,4,7,float
e.59,2011,nome,11nome11wesate03,wesa,tesson,2011-05-25,searcher,4,3,float
w.36,2011,nome,11nome11wesate21,wesa,tesson,2011-06-14,searcher,4,13,float
e.46,2011,nome,11nome11wesamw04,wesa,mwilson,2011-05-27,searcher,4,0,float
c.44,2013,nome,13nome13wesa026,wesa,dborden,2013-06-18,searcher,3,,lay
c.08,2011,nome,11nome11wesaee23,wesa,eescajeda,2011-06-01,searcher,4,4,float
c.14,2014,nome,14nomewesa119,wesa,dhodkinson,2014-05-28,searcher,4,,lay
c.24,2011,nome,11nome11wesamw12,wesa,mwilson,2011-05-30,searcher,4,4,float
40,2010,nome,10nome10sesabs06,sesa,bschwarz,2010-06-04,searcher,4,10,float
11,2010,nome,10nome10sesanh02,sesa,nhentze,2010-05-29,searcher,4,,hatch
10,2010,nome,10nome10sesanh01,sesa,nhentze,2010-05-26,searcher,4,,lay
36,2010,nome,10nome10sesabs05,sesa,bschwarz,2010-06-04,searcher,4,-1,float
32,2010,nome,10nome10sesaij02,sesa,ijong,2010-06-02,searcher,4,4,float
49,2010,nome,10nome10sesabs07,sesa,bschwarz,2010-06-08,searcher,4,8,float
81,2010,nome,10nome10sesats01,sesa,tstclair,2010-06-16,searcher,4,12,float
84,2010,nome,10nome10sesats02,sesa,tstclair,2010-06-18,searcher,4,14,float
13,2010,nome,10nome10wesaij01,wesa,ijong,2010-05-27,searcher,4,2,float
71,2010,nome,10nome10sesanh08,sesa,nhentze,2010-06-12,searcher,4,15,float
e.26,2011,nome,11nome11wesaee41,wesa,eescajeda,2011-06-08,searcher,2,11,float
47,2010,nome,10nome10sesanh05,sesa,nhentze,2010-06-08,searcher,4,2,float
w.18,2011,nome,11nome11wesaek22,wesa,eescajeda,2011-06-16,searcher,4,11,float
e.55,2011,nome,11nome11wesasf02,wesa,sfranks,2011-05-24,searcher,4,0,float
6.11,2004,barr,04barramgp012,amgp,lanctot,2004-06-20,bander,4,,lay
7.29,2012,barr,12barrrutu609,rutu,mmcconnell,2012-06-10,searcher,4,9,float
731,2012,cari,12cari731sesa,sesa,idavies,2012-06-18,incidental,4,8,float
447,2013,cari,13cari447sesa,sesa,bhiggins,2013-07-01,incidental,4,0,float
804,2010,cari,10carisesa804,sesa,hcraig,2010-06-09,searcher,4,0,float
521,2011,cari,11cari521sesa,sesa,ecorp,2011-06-17,searcher,4,11,float
808,2010,cari,10carisesa808,sesa,hcraig,2010-06-11,incidental,4,0,float
611,2012,cari,12cari611sesa,sesa,akneidel,2012-06-14,incidental,4,5,float
688,2014,cari,14cari688sesa,sesa,idavies,2014-06-20,incidental,4,2,float
303,2012,cari,12cari303sesa,sesa,asoto,2012-06-13,incidental,4,3,float
,2013,eaba,13eabarul01,rutu,,2013-06-22,searcher,4,,float
,2011,eaba,11eabarth02,rutu,,2011-06-29,searcher,4,6,float
,2014,coat,14coatrtss02,rutu,sshulte,2014-06-24,searcher,4,17.3,float
,2014,coat,14coatrtss03,rutu,sshulte,2014-06-27,searcher,4,4.6,float
,2014,coat,14coatrtkr02,rutu,kreischke,2014-06-23,searcher,4,11,float
,2014,coat,14coatrtbw02,rutu,bwinn,2014-06-24,searcher,4,13.6,float
,2014,coat,14coatrtkr01,rutu,kreischke,2014-06-20,searcher,4,4.6,float
,2013,eaba,13eabarul04,rutu,,2013-07-06,searcher,4,9,float
,2013,eaba,13eabarus01,rutu,,2013-07-01,searcher,4,7,float
1.15,2012,eaba,12eabarum01,rutu,mmccloskey,2012-06-27,searcher,1,,lay
,2012,eaba,12eabarup03,rutu,psmith,2012-06-24,searcher,4,0,float
2.05,2003,barr,03barramgp505,amgp,lanctot,2003-06-11,bander,4,0,float
,2014,barr,14barramgp133,amgp,asterling,2014-06-22,searcher,4,0,float
9.17,2007,barr,07barramgp120,amgp,rankin,2007-06-18,single,4,,lay
2.17,2008,barr,08barramgp308,amgp,ganx,2008-06-16,single,4,,lay
7.09,2006,barr,06barramgp645,amgp,fontaine,2006-06-30,rope,4,13,float
4.08,2007,barr,07barramgp014,amgp,lanctot,2007-07-06,bander,4,5,float
8.09,2008,barr,08barramgp307,amgp,ganx,2008-06-14,single,4,,lay
,2011,bylo,11byloamgpec20,amgp,echalifour,2011-07-12,incidental,4,,float
,2012,bylo,12byloamgpmt01,amgp,mtrudel,2012-06-21,incidental,4,1,float
,2012,bylo,12byloamgpip02,amgp,ipratte,2012-07-10,incidental,4,,float
,2011,bylo,11byloamgpjo07,amgp,jotis,2011-07-06,incidental,4,,float
,2012,bylo,12byloamgpaa01,amgp,arobillard,2012-07-09,incidental,4,,
,2012,bylo,12byloamgpmt09,amgp,mtrudel,2012-07-10,incidental,4,18,float
233,2010,cari,10carirutu233,rutu,sfreeman,2010-06-26,incidental,4,21,float
,2013,chur,13chur13amgp03d,amgp,lkoloski,2013-06-27,searcher,4,,hatch
,2013,chur,13chur13amgp02w,amgp,ajohnson,2013-06-17,searcher,4,,
6.19,2004,barr,04barrwrsa321,wrsa,norwood,2004-06-23,rope,4,6,float
8.14,2004,barr,04barrpesa427,pesa,juillerat,2004-06-24,rope,4,4,float
8.22,2004,barr,04barrpesa023,pesa,lanctot,2004-06-25,rope,4,4,float
10.16,2004,barr,04barrpesa229,pesa,selvidge,2004-06-23,rope,4,1,float
10.14,2004,barr,04barrpesa319,pesa,norwood,2004-06-22,single,4,1,float
6.15,2004,barr,04barrpesa226,pesa,selvidge,2004-06-22,single,4,1,float
3.2,2004,barr,04barrpesa410,pesa,juillerat,2004-06-18,single,4,3,float
3.07,2004,barr,04barrpesa000,pesa,lanctot,2004-06-16,rope,4,3,float
3.04,2004,barr,04barrdunl103,dunl,taylor,2004-06-13,single,4,2,float
3.18,2004,barr,04barrwrsa407,wrsa,juillerat,2004-06-17,rope,4,3,float
5.1,2004,barr,04barrpesa010,pesa,lanctot,2004-06-20,bander,4,,lay
9.06,2004,barr,04barrdunl037,dunl,lanctot,2004-07-05,bander,4,4,float
7.05,2004,barr,04barrpesa449,pesa,juillerat,2004-07-26,bander,4,,hatch
1.14,2005,barr,05barrpesa026,pesa,lanctot,2005-07-10,bander,4,,hatch
9.07,2005,barr,05barrpesa532,pesa,norwood,2005-06-28,bander,4,13,float
15.18,2006,barr,06barrpesa618,pesa,krueper,2006-06-26,rope,4,8,float
9.02,2005,barr,05barrdunl611,dunl,thomas,2005-06-23,single,4,12,float
6.02,2005,barr,05barrpesa503,pesa,norwood,2005-06-13,single,4,2,float
6.18,2005,barr,05barrpesa514,pesa,norwood,2005-06-19,rope,4,4,float
12.06,2006,barr,06barrpesa306,pesa,fontaine,2006-06-14,single,4,4,float
7.05,2005,barr,05barrpesa016,pesa,lanctot,2005-06-29,bander,4,12,float
7.09,2005,barr,05barrpesa616,pesa,thomas,2005-07-03,bander,4,,hatch
5.18,2005,barr,05barrpesa023,pesa,lanctot,2005-07-05,bander,4,8,float
7.1,2005,barr,05barrpesa617,pesa,thomas,2005-07-03,bander,3,12,float
2.25,2005,barr,05barrpesa531,pesa,norwood,2005-06-27,bander,4,6,float
5.14,2005,barr,05barrpesa529,pesa,norwood,2005-06-26,single,4,4,float
2.11,2005,barr,05barrpesa325,pesa,selvidge,2005-06-24,single,4,10,float
2.08,2005,barr,05barrpesa607,pesa,thomas,2005-06-21,single,4,6,float
6.16,2005,barr,05barrpesa513,pesa,norwood,2005-06-19,rope,4,2,float
3.03,2005,barr,05barrpesa539,pesa,norwood,2005-07-06,single,4,4,float
6.08,2005,barr,05barrpesa307,pesa,selvidge,2005-06-17,single,4,1,float
2.14,2005,barr,05barrpesa328,pesa,selvidge,2005-06-24,single,4,13,float
2.13,2005,barr,05barrpesa327,pesa,selvidge,2005-06-24,single,4,5,float
2.09,2005,barr,05barrpesa608,pesa,thomas,2005-06-22,single,4,4,float
2.2,2005,barr,05barrpesa526,pesa,norwood,2005-06-25,rope,4,6,float
2.21,2005,barr,05barrpesa333,pesa,selvidge,2005-06-25,rope,4,11,float
,2013,burn,13burnhugomp02,hugo,mpeck,2013-06-16,searcher,4,,
,2013,burn,13burnhugojb01,hugo,jbelliveau,2013-06-17,searcher,2,,
,2013,iglo,13igloamgp001,amgp,nlecomte,2013-06-23,searcher,4,5,float
,2014,iglo,14igloamgp.14.150,amgp,nlecomte,2014-06-25,searcher,4,10,float
,2014,iglo,14igloamgp.14.152,amgp,nlecomte,2014-06-28,searcher,4,,hatch
,2014,iglo,14igloamgp.14.155,amgp,nlecomte,2014-07-10,searcher,4,18,float
2.31,2003,barr,03barrpesa328,pesa,trask,2003-07-08,bander,4,2,float
2.3,2003,barr,03barrpesa014,pesa,thomas,2003-07-03,single,4,13,float
2.28,2003,barr,03barrpesa413,pesa,taylor,2003-06-29,bander,4,5,float
1.06,2003,barr,03barrpesa510,pesa,lanctot,2003-06-19,bander,4,4,float
2.23,2003,barr,03barrpesa204,pesa,burle,2003-06-22,rope,4,1,float
1.11,2003,barr,03barrpesa318,pesa,trask,2003-06-25,single,4,7,float
4.11,2004,barr,04barrsesa252,sesa,selvidge,2004-07-03,single,4,11,float
3.12,2004,barr,04barrsesa405,sesa,juillerat,2004-06-16,rope,4,5,float
8.1,2004,barr,04barrsesa213,sesa,selvidge,2004-06-17,rope,4,,lay
6.18,2004,barr,04barrsesa320,sesa,norwood,2004-06-23,single,4,,lay
,2013,barr,13barramgp357,amgp,jdanby,2013-06-28,bander,4,5,float
,2013,barr,13barramgp309,amgp,jcunningham,2013-06-21,bander,4,,lay
,2014,barr,14barramgp011,amgp,jmarin,2014-06-15,searcher,4,1,float
,2014,barr,14barramgp266,amgp,jmarin,2014-06-24,searcher,4,,lay
,2014,chur,14chur14du10,dunl,lkoloski,2014-06-23,searcher,4,-2,float
6.05,2006,barr,06barrdunl312,dunl,fontaine,2006-06-15,single,4,,lay
12.23,2006,barr,06barrpesa236,pesa,lebouard,2006-06-20,single,4,4,float
5.22,2006,barr,06barrbbsa009,bbsa,lanctot,2006-06-27,bander,4,12,float
12.22,2006,barr,06barrbbsa725,bbsa,naves,2006-06-19,single,4,5,float
5.01,2006,barr,06barrpesa341,pesa,fontaine,2006-06-20,single,4,4,float
4.08,2006,barr,06barrpesa214,pesa,lebouard,2006-06-15,single,4,,lay
12.2,2006,barr,06barrpesa604,pesa,krueper,2006-06-19,bander,4,5,float
4.26,2006,barr,06barrpesa340,pesa,fontaine,2006-06-20,single,4,9,float
c.21,2014,nome,14nomewesa011,wesa,ekwon,2014-06-01,searcher,4,8,float
c.37,2014,nome,14nomesesa237,sesa,sfranks,2014-06-11,searcher,3,,
w.25,2013,nome,13nome13sesa224,sesa,sfranks,2013-06-06,searcher,4,3,float
e.12,2014,nome,14nomewesa006,wesa,ekwon,2014-05-28,searcher,4,,lay
e.14,2014,nome,14nomewesa214,wesa,sfranks,2014-05-29,searcher,4,,lay
c.29,2014,nome,14nomewesa129,wesa,dhodkinson,2014-06-05,searcher,4,,lay
e.51,2014,nome,14nomewesa157,wesa,dhodkinson,2014-06-16,searcher,3,7,float
,2005,bylo,05bylowrsabl01,wrsa,blaliberte,2005-06-18,systematic search,4,13,float
,2005,bylo,05bylowrsabl03,wrsa,blaliberte,2005-06-20,systematic search,4,8,float
,2005,bylo,05bylowrsabl04,wrsa,blaliberte,2005-06-20,systematic search,4,2,float
,2005,bylo,05bylowrsalm03,wrsa,lmckinnon,2005-06-21,systematic search,4,,float
,2005,bylo,05bylowrsang04,wrsa,ngruyer,2005-06-23,incidental,4,,
,2005,bylo,05bylowrsalm04,wrsa,lmckinnon,2005-06-26,systematic search,4,10,float
,2005,bylo,05bylowrsabl07,wrsa,blaliberte,2005-06-26,systematic search,4,15,float
,2005,bylo,05bylowrsamg01,wrsa,mgrahamsauve,2005-06-25,incidental,4,15,float
,2005,bylo,05bylowrsamn01,wrsa,mgrahamsauve,2005-06-27,incidental,4,16,float
,2005,bylo,05bylowrsamg178,wrsa,mgrahamsauve,2005-06-27,incidental,4,16,float
,2005,bylo,05bylowrsamn02,wrsa,mgrahamsauve,2005-06-27,incidental,4,13,float
,2005,bylo,05bylowrsanl01,wrsa,nlecomte,2005-06-29,incidental,4,15,float
,2005,bylo,05bylowrsajl01,wrsa,jlefebvre,2005-06-29,incidental,4,14,float
,2005,bylo,05bylowrsamg007,wrsa,mgrahamsauve,2005-06-30,incidental,4,15,float
,2005,bylo,05bylowrsajeanette,wrsa,lmckinnon,2005-07-07,systematic search,4,17,float
,2005,bylo,05bylowrsanl03,wrsa,nlecomte,2005-07-03,incidental,4,,
,2006,bylo,06bylowrsalm02,wrsa,lmckinnon,2006-06-21,systematic search,4,1,float
,2006,bylo,06bylowrsalj02,wrsa,ljolicoeur,2006-06-24,systematic search,4,8,float
,2006,bylo,06bylowrsaagm01,wrsa,aguerettemontminy,2006-06-24,incidental,4,7,float
,2006,bylo,06bylowrsahk01,wrsa,hkristenson,2006-06-29,incidental,4,15,float
,2007,bylo,07bylowrsalj03,wrsa,ljolicoeur,2007-06-28,systematic search,4,15,float
,2007,bylo,07bylowrsalm01,wrsa,lmckinnon,2007-06-18,systematic search,4,,lay
,2007,bylo,07bylowrsalj02,wrsa,ljolicoeur,2007-06-21,systematic search,4,,lay
,2007,bylo,07bylowrsajt01,wrsa,jtherrien,2007-07-04,incidental,4,15,float
,2007,bylo,07bylowrsalj01,wrsa,ljolicoeur,2007-06-20,systematic search,4,,lay
,2007,bylo,07bylowrsadd01,wrsa,dduchesne,2007-07-09,incidental,4,,
8.19,2005,barr,05barrsesa316,sesa,selvidge,2005-06-19,rope,6,3,float
6.07,2005,barr,05barrsesa200,sesa,coutsoubos,2005-06-15,single,3,,lay
,2013,barr,13barrsesa134,sesa,lrensel,2013-06-13,searcher,4,,lay
,2013,barr,13barrsesa150,sesa,pherzog,2013-06-16,searcher,4,,lay
,2009,nome,09nome09nome7,wesa,,2009-05-30,,4,,float
,2009,nome,09nome09nome23,wesa,,2009-06-05,,4,,float
e.10,2014,nome,14nomewesa111,wesa,dhodkinson,2014-05-26,searcher,4,2,float
,2012,nome,12nome12wesawe03,wesa,wenglish,2012-05-30,searcher,4,,lay
,2009,nome,09nome09nome37,sesa,,2009-06-10,,4,,float
4.22,2011,cakr,11cakrsesa316,sesa,mvanderheyden,2011-06-17,rope,4,5,float
3.14,2011,cakr,11cakrsesa312,sesa,lpadegimas,2011-06-11,searcher,4,1,float
3.28,2012,cakr,12cakrwesa306,wesa,svissault,2012-06-12,incidental,4,2,float
,2013,cakr,13cakrwesa008,wesa,mboldenow,2013-06-05,searcher,4,3,float
,2014,cakr,14cakrsesa104,sesa,jhughey,2014-06-12,searcher,4,3,float
,2013,cakr,13cakrwesa135,wesa,jkardiak,2013-06-25,searcher,4,9,float
,2014,cakr,14cakrwesa067,wesa,mboldenow,2014-05-31,searcher,4,3,float
,2014,cakr,14cakrwesa072,wesa,mboldenow,2014-06-07,bander,3,2,float
,2014,barr,14barrsesa255,sesa,rlanctot,2014-06-30,bander,4,13,float
,2013,barr,13barrsesa165,sesa,vloverti,2013-06-20,searcher,4,13,float
,2013,barr,13barrwesa247,wesa,bkaselow,2013-06-21,searcher,4,4,float
,2013,barr,13barrsesa299,sesa,lrensel,2013-06-24,searcher,3,2,float
,2013,barr,13barrwesa356,wesa,jdanby,2013-06-28,bander,4,4,float
,2013,barr,13barrsesa306,sesa,fstetler,2013-06-28,rope,3,7,float
,2013,barr,13barrsesa107,sesa,nwilder,2013-06-16,searcher,4,5,float
8.01,2012,barr,12barrsesa503,sesa,pherzog,2012-06-07,searcher,4,,lay
,2013,barr,13barrsesa227,sesa,pherzog,2013-06-20,searcher,4,12,float
4.67,2011,barr,11barrsesa563,sesa,pherzog,2011-06-29,searcher,4,6,float
4.35,2011,barr,11barrwesa421,wesa,abankert,2011-06-22,searcher,3,,lay
,2013,barr,13barrsesa199,sesa,jcunningham,2013-06-18,searcher,4,3,float
,2013,barr,13barrsesa106,sesa,nwilder,2013-06-16,searcher,4,11,float
,2013,barr,13barrwesa166,wesa,vloverti,2013-06-20,searcher,4,2,float
,2013,barr,13barrsesa028,sesa,pherzog,2013-06-18,searcher,4,5,float
,2013,barr,13barrsesa381,sesa,pherzog,2013-06-27,rope,4,10,float
,2013,barr,13barrwesa238,wesa,lrensel,2013-06-21,searcher,4,6,float
,2013,barr,13barrsesa382,sesa,amould,2013-06-27,rope,4,11,float
4.29,2012,barr,12barrsesa803,sesa,bverheijen,2012-07-02,rope,4,,hatch
,2014,barr,14barrsesa296,sesa,ssheedy,2014-06-29,rope,3,0,float
,2013,barr,13barrwesa274,wesa,pherzog,2013-06-25,searcher,3,4,float
,2013,barr,13barrwesa266,wesa,lrensel,2013-06-23,searcher,1,6,float
,2013,barr,13barrwesa389,wesa,amould,2013-07-01,rope,3,12,float
,2013,barr,13barrsesa352,sesa,pherzog,2013-06-24,searcher,3,,
,2014,barr,14barrsesa701,sesa,kgrond,2014-06-14,searcher,3,7,float
,2013,barr,13barrwesa320,wesa,pherzog,2013-06-26,rope,4,3,float
,2014,barr,14barrsesa134,sesa,asterling,2014-06-22,searcher,4,2,float
,2014,barr,14barrsesa439,sesa,jmarin,2014-07-05,searcher,3,7,float
3.14,2012,colv,12colvsesa816,sesa,msmith,2012-06-28,searcher,4,12,float
2.12,2012,colv,12colvsesa1761,sesa,vbaranyuk,2012-06-20,searcher,4,8,float
3.2,2012,colv,12colvsesa819,sesa,msmith,2012-06-30,searcher,4,14,float
1.24,2012,colv,12colvsesa152,sesa,bwilkinson,2012-06-14,searcher,4,,lay
1.15,2005,barr,05barrpesa027,pesa,lanctot,2005-07-10,bander,4,8,float
,2013,barr,13barrpesa224,pesa,pherzog,2013-06-20,searcher,4,6,float
,2013,barr,13barrpesa180,pesa,kgrond,2013-06-17,bander,4,4,float
,2013,barr,13barrpesa387,pesa,rlanctot,2013-06-27,bander,4,,hatch
,2013,barr,13barrpesa021,pesa,pherzog,2013-06-14,searcher,4,4,float
,2013,barr,13barrpesa428,pesa,wenglish,2013-07-10,bander,4,14,float
,2013,barr,13barrpesa326,pesa,bkaselow,2013-06-26,rope,4,4,float
,2013,barr,13barrpesa413,pesa,amould,2013-06-30,rope,4,12,float
,2013,barr,13barrpesa446,pesa,pherzog,2013-07-06,bander,4,,hatch
,2014,barr,14barrpesa343,pesa,jmarin,2014-07-01,searcher,4,6,float
,2013,barr,13barrdunl213,dunl,kgrond,2013-06-23,bander,4,,lay
,2014,barr,14barrpesa253,pesa,mallen,2014-06-27,other,4,,lay
,2013,cakr,13cakrdunl130,dunl,mboldenow,2013-06-20,searcher,4,7,float
,2013,barr,13barrpesa114,pesa,pherzog,2013-06-11,bander,3,4,float
,2013,barr,13barrpesa052,pesa,jcunningham,2013-06-12,searcher,4,2,float
,2013,barr,13barrpesa279,pesa,pherzog,2013-07-06,bander,4,,hatch
,2013,barr,13barrpesa289,pesa,bkaselow,2013-06-23,searcher,4,6,float
,2013,barr,13barrpesa349,pesa,pherzog,2013-06-24,searcher,4,11,float
,2013,barr,13barrpesa239,pesa,lrensel,2013-06-21,searcher,4,3,float
,2013,barr,13barrpesa409,pesa,amould,2013-06-28,rope,4,,hatch
,2013,barr,13barrpesa027,pesa,pherzog,2013-06-18,searcher,4,4,float
,2014,barr,14barrpesa163,pesa,ssheedy,2014-07-05,rope,4,10,float
,2013,barr,13barrpesa418,pesa,amould,2013-06-30,rope,4,12,float
,2013,barr,13barrpesa337,pesa,pherzog,2013-06-28,rope,4,7,float
,2013,barr,13barrpesa225,pesa,pherzog,2013-06-20,searcher,4,5,float
,2011,made,11mademm-29-2011,pesa,mmichaud,2011-07-03,searcher,4,,
3.08,2014,made,14madeca21pesa,pesa,canderson,2014-06-23,searcher,4,12,float
5.04,2014,made,14madelb07pesa,pesa,lbachellier,2014-06-15,searcher,4,,
2.08,2014,made,14madepw25pesa,pesa,pwoodard,2014-06-21,searcher,4,7,float
2.09,2014,made,14madepw26pesa,pesa,pwoodard,2014-06-21,searcher,4,6,float
4.16,2014,made,14madefs30pesa,pesa,fsmith,2014-06-25,searcher,4,11,float
4.07,2014,made,14madefs19pesa,pesa,fsmith,2014-06-20,searcher,4,7,float
,2013,burn,13burnseplde02,sepl,dedwards,2013-06-29,searcher,4,,
,2013,burn,13burnseplde03,sepl,dedwards,2013-06-29,searcher,,,hatch
,2014,barr,14barrpesa347,pesa,asterling,2014-07-02,rope,4,1,float
,2014,barr,14barrpesa294,pesa,asterling,2014-06-29,rope,4,4,float
,2014,barr,14barrpesa315,pesa,ssheedy,2014-06-29,rope,4,1,float
,2014,barr,14barrpesa383,pesa,asterling,2014-06-30,rope,4,11,float
,2014,barr,14barrwrsa038,wrsa,jmarin,2014-06-22,searcher,4,3,float
,2014,barr,14barrdunl365,dunl,jmarin,2014-06-30,rope,4,3,float
,2014,barr,14barrpesa036,pesa,jmarin,2014-06-22,searcher,4,1,float
,2014,barr,14barrpesa354,pesa,jmarin,2014-06-29,rope,4,1,float
,2014,barr,14barrpesa353,pesa,jmarin,2014-06-29,rope,3,3,float
,2014,barr,14barrpesa044,pesa,jmarin,2014-06-25,searcher,4,,lay
,2014,barr,14barrpesa250,pesa,rlanctot,2014-06-22,bander,4,,lay
,2014,barr,14barrpesa438,pesa,jmarin,2014-07-05,searcher,4,11,float
,2014,barr,14barrpesa357,pesa,jmarin,2014-06-29,rope,4,14,float
,2014,barr,14barrpesa046,pesa,jmarin,2014-06-25,searcher,4,3,float
,2014,barr,14barrpesa350,pesa,asterling,2014-07-02,rope,4,6,float
,2014,barr,14barrpesa342,pesa,jmarin,2014-07-01,searcher,4,3,float
,2014,barr,14barrpesa333,pesa,jmarin,2014-07-01,searcher,4,3,float
,2014,barr,14barrpesa309,pesa,asterling,2014-07-03,rope,4,4,float
,2014,barr,14barrpesa158,pesa,kgrond,2014-06-30,bander,4,3,float
,2014,barr,14barrpesa427,pesa,ssheedy,2014-07-06,rope,4,10,float
,2014,barr,14barrpesa421,pesa,asterling,2014-07-05,rope,4,6,float
,2014,barr,14barrpesa366,pesa,ssheedy,2014-06-30,rope,4,5,float
,2014,barr,14barrpesa178,pesa,jcunningham,2014-06-21,bander,4,,lay
,2014,barr,14barrpesa299,pesa,ssheedy,2014-06-26,searcher,4,4,float
,2014,barr,14barrpesa179,pesa,jcunningham,2014-06-21,bander,4,,lay
,2014,barr,14barrpesa174,pesa,jcunningham,2014-06-14,bander,3,,lay
,2014,barr,14barrpesa308,pesa,asterling,2014-07-03,rope,4,5,float
,2014,iglo,14igloreph.14.052,reph,mtrottierpaquet,2014-06-27,searcher,4,3,float
1.23,2006,barr,06barrpesa452,pesa,lebouard,2006-06-29,rope,4,3,float
6.26,2005,barr,05barrpesa010,pesa,lanctot,2005-06-24,single,4,8,float
7.01,2005,barr,05barrpesa338,pesa,selvidge,2005-06-26,single,4,6,float
9.08,2005,barr,05barrpesa015,pesa,lanctot,2005-06-28,bander,4,5,float
5.15,2005,barr,05barrpesa530,pesa,norwood,2005-06-26,single,4,5,float
1.11,2005,barr,05barrpesa013,pesa,lanctot,2005-06-25,rope,4,4,float
9.1,2005,barr,05barrpesa343,pesa,selvidge,2005-06-29,bander,4,8,float
3.04,2005,barr,05barrpesa355,pesa,selvidge,2005-07-09,bander,4,,hatch
5.13,2005,barr,05barrpesa528,pesa,norwood,2005-06-26,single,3,1,float
9.12,2005,barr,05barrpesa422,pesa,ashling,2005-06-30,bander,4,3,float
9.06,2005,barr,05barrpesa337,pesa,selvidge,2005-06-26,single,4,3,float
1.17,2005,barr,05barrpesa356,pesa,selvidge,2005-07-11,bander,4,12,float
9.17,2005,barr,05barrpesa022,pesa,strait,2005-07-03,bander,4,11,float
6.17,2008,barr,08barrpesa326,pesa,ganx,2008-06-20,single,4,,lay
14.08,2006,barr,06barrpesa711,pesa,naves,2006-06-15,single,4,4,float
13.27,2009,barr,09barrdunl010,dunl,rlanctot,2009-06-22,bander,4,14,float
9.06,2006,barr,06barrbbsa715,bbsa,naves,2006-06-16,single,4,4,float
4.03,2006,barr,06barrpesa301,pesa,fontaine,2006-06-13,single,4,,lay
3.06,2006,barr,06barrpesa375,pesa,fontaine,2006-07-05,single,4,16,float
4.23,2006,barr,06barrpesa230,pesa,lebouard,2006-06-19,single,4,7,float
14.23,2006,barr,06barrpesa241,pesa,lebouard,2006-06-20,single,4,4,float
14.07,2006,barr,06barrpesa309,pesa,fontaine,2006-06-14,single,3,7,float
14.24,2006,barr,06barrpesa242,pesa,lebouard,2006-06-20,single,4,4,float
14.2,2006,barr,06barrpesa722,pesa,naves,2006-06-19,single,4,4,float
15.01,2006,barr,06barrpesa346,pesa,fontaine,2006-06-21,single,4,9,float
1.05,2006,barr,06barrpesa232,pesa,lebouard,2006-06-19,single,4,3,float
1.1,2006,barr,06barrpesa337,pesa,fontaine,2006-06-20,single,4,3,float
9.2,2006,barr,06barrpesa730,pesa,naves,2006-06-20,single,4,4,float
7.12,2006,barr,06barrpesa464,pesa,lebouard,2006-06-30,rope,4,9,float
11.03,2006,barr,06barrpesa287,pesa,lebouard,2006-06-27,rope,4,4,float
6.25,2006,barr,06barrpesa633,pesa,krueper,2006-06-29,rope,4,7,float
6.27,2006,barr,06barrpesa635,pesa,krueper,2006-06-29,rope,4,8,float
7.05,2006,barr,06barrpesa641,pesa,fontaine,2006-06-30,rope,4,9,float
7.22,2006,barr,06barrpesa474,pesa,lebouard,2006-06-30,rope,4,7,float
11.1,2006,barr,06barrpesa362,pesa,fontaine,2006-07-02,single,4,8,float
2.23,2006,barr,06barrpesa900,pesa,trask,2006-07-09,bander,4,10,float
10.05,2006,barr,06barrbbsa746,bbsa,naves,2006-06-24,single,4,6,float
7.03,2006,barr,06barrpesa639,pesa,krueper,2006-06-29,rope,4,3,float
7.18,2006,barr,06barrpesa470,pesa,lebouard,2006-06-30,rope,4,5,float
3.01,2006,barr,06barrpesa014,pesa,lanctot,2006-07-03,bander,4,11,float
5.13,2006,barr,06barrbbsa258,bbsa,lebouard,2006-06-25,rope,4,5,float
3.08,2006,barr,06barrbbsa379,bbsa,fontaine,2006-07-08,bander,4,12,float
1.12,2006,barr,06barrpesa735,pesa,naves,2006-06-21,single,4,,lay
2.14,2006,barr,06barrpesa372,pesa,fontaine,2006-07-04,single,4,3,float
5.28,2006,barr,06barrbbsa012,bbsa,lanctot,2006-07-03,bander,4,7,float
,2010,bylo,10byloplarec01,bbpl,echalifour,2010-07-01,incidental,4,7,float
2.06,2006,barr,06barrpesa295,pesa,lebouard,2006-07-02,single,4,4,float
13.01,2006,barr,06barrpesa348,pesa,fontaine,2006-06-21,single,4,8,float
5.25,2006,barr,06barrpesa011,pesa,lanctot,2006-06-30,bander,4,14,float
5.23,2006,barr,06barrbbsa010,bbsa,lanctot,2006-06-28,rope,4,12,float
3.03,2006,barr,06barrpesa366,pesa,fontaine,2006-07-03,single,4,12,float
2.2,2006,barr,06barrpesa381,pesa,fontaine,2006-07-09,single,4,,hatch
5.08,2006,barr,06barrpesa006,pesa,lanctot,2006-06-24,bander,4,5,float
5.18,2006,barr,06barrbbsa263,bbsa,lebouard,2006-06-25,rope,3,13,float
1.25,2006,barr,06barrpesa454,pesa,lebouard,2006-06-29,rope,4,9,float
4.12,2006,barr,06barrpesa315,pesa,fontaine,2006-06-16,single,4,,lay
5.03,2006,barr,06barrpesa343,pesa,fontaine,2006-06-20,single,3,11,float
5.12,2006,barr,06barrpesa357,pesa,fontaine,2006-06-24,single,4,11,float
7.1,2006,barr,06barrpesa646,pesa,fontaine,2006-06-30,rope,4,9,float
14.26,2006,barr,06barrpesa244,pesa,lebouard,2006-06-20,single,4,3,float
15.23,2006,barr,06barrpesa623,pesa,krueper,2006-06-26,rope,4,3,float
15.3,2006,barr,06barrpesa651,pesa,lebouard,2006-07-03,single,4,5,float
15.34,2006,barr,06barrbbsa521,bbsa,ramster,2006-07-12,bander,4,14,float
15.2,2006,barr,06barrpesa620,pesa,krueper,2006-06-26,rope,4,3,float
15.03,2006,barr,06barrbbsa254,bbsa,lebouard,2006-06-24,single,4,4,float
7.16,2006,barr,06barrpesa468,pesa,lebouard,2006-06-30,rope,4,10,float
6.2,2006,barr,06barrpesa742,pesa,naves,2006-06-24,single,4,6,float
9.11,2006,barr,06barrpesa224,pesa,lebouard,2006-06-17,single,4,,lay
9.16,2006,barr,06barrpesa329,pesa,fontaine,2006-06-19,single,4,4,float
9.15,2006,barr,06barrpesa328,pesa,fontaine,2006-06-19,single,4,4,float
12.02,2008,barr,08barrdunl018,dunl,rlanctot,2008-06-26,bander,4,13,float
11.08,2008,barr,08barrpesa241,pesa,dpavlik,2008-06-24,single,4,5,float
16.04,2009,barr,09barrdunl509,dunl,cgovernali,2009-06-10,single,4,0,float
2.25,2008,barr,08barrpesa238,pesa,dpavlik,2008-06-22,single,4,,lay
3.09,2008,barr,08barrpesa832,pesa,dpavlik,2008-06-26,rope,4,6,float
12.05,2008,barr,08barrpesa276,pesa,dpavlik,2008-07-03,single,4,13,float
7.08,2006,barr,06barrpesa644,pesa,fontaine,2006-06-30,rope,4,3,float
10.26,2006,barr,06barrpesa284,pesa,lebouard,2006-06-27,rope,2,5,float
11.01,2006,barr,06barrpesa285,pesa,lebouard,2006-06-27,rope,4,4,float
8.03,2006,barr,06barrpesa054,pesa,naves,2006-07-03,single,4,8,float
6.23,2006,barr,06barrpesa631,pesa,krueper,2006-06-29,rope,4,3,float
7.17,2006,barr,06barrpesa469,pesa,lebouard,2006-06-30,rope,4,10,float
1.04,2007,barr,07barrpesa127,pesa,rankin,2007-06-20,single,4,3,float
7.11,2010,barr,10barrdunl312,dunl,abankert,2010-06-19,single,4,3,float
6.33,2008,barr,08barrpesa243,pesa,dpavlik,2008-06-27,rope,3,2,float
6.25,2007,barr,07barrpesa136,pesa,rankin,2007-06-25,rope,4,11,float
5.03,2007,barr,07barrpesa218,pesa,d.taylor,2007-06-15,single,4,,lay
1.01,2010,barr,10barrdunl326,dunl,abankert,2010-06-22,single,4,6,float
,2012,chur,12chur12du02d,dunl,lmckinnon,2012-06-03,searcher,4,14,float
,2012,chur,12chur12du10d,dunl,lmckinnon,2012-06-16,searcher,4,,
,2012,chur,12chur12du01d,dunl,lmckinnon,2012-06-03,searcher,3,,lay
1.29,2008,barr,08barrdunl161,dunl,phsu,2008-07-01,rope,4,11,float
1.09,2009,barr,09barrdunl546,dunl,cgovernali,2009-06-18,single,4,4,float
14.18,2009,barr,09barrpesa975,pesa,ekistler,2009-07-21,single,4,,hatch
11.05,2009,barr,09barrpesa968,pesa,ekistler,2009-07-02,rope,4,12,float
9.1,2008,barr,08barrpesa360,pesa,ganx,2008-07-05,bander,4,15,float
9.11,2008,barr,08barrpesa168,pesa,phsu,2008-07-06,bander,4,,hatch
6.03,2008,barr,08barrdunl206,dunl,dpavlik,2008-06-12,single,4,2,float
2.33,2008,barr,08barrpesa821,pesa,jaldabe,2008-06-25,rope,4,5,float
1.35,2008,barr,08barrpesa357,pesa,ganx,2008-07-02,rope,4,7,float
16.16,2009,barr,09barrdunl530,dunl,cgovernali,2009-06-13,single,4,3,float
3.59,2010,barr,10barrpesa228,pesa,rdugan,2010-06-28,rope,4,3,float
3.61,2010,barr,10barrpesa343,pesa,abankert,2010-06-28,rope,4,6,float
1.37,2010,barr,10barrpesa644,pesa,myang,2010-07-06,single,4,11,float
4.05,2010,barr,10barrpesa020,pesa,mwunder,2010-06-30,bander,4,3,float
4.01,2010,barr,10barrpesa346,pesa,abankert,2010-06-28,rope,4,4,float
9.51,2010,barr,10barrpesa021,pesa,rlanctot,2010-07-04,bander,4,5,float
4.21,2010,barr,10barrpesa371,pesa,abankert,2010-07-15,bander,4,14,float
12.35,2010,barr,10barrpesa365,pesa,abankert,2010-07-06,single,4,5,float
14.41,2011,barr,11barrpesa199,pesa,jcunningham,2011-07-02,searcher,4,5,float
16.15,2011,barr,11barrpesa109,pesa,jcunningham,2011-06-13,searcher,4,4,float
18.03,2011,barr,11barrpesa322,pesa,abankert,2011-06-27,rope,4,12,float
17.53,2011,barr,11barrpesa559,pesa,pherzog,2011-06-26,searcher,4,10,float
17.39,2011,barr,11barrpesa443,pesa,abankert,2011-06-24,searcher,4,9,float
18.19,2011,barr,11barrpesa324,pesa,abankert,2011-06-27,rope,4,11,float
17.47,2011,barr,11barrpesa006,pesa,rlanctot,2011-06-25,bander,4,6,float
13.71,2011,barr,11barrpesa414,pesa,abankert,2011-06-21,searcher,4,9,float
3.49,2010,barr,10barrpesa445,pesa,rdugan,2010-06-27,rope,4,3,float
3.45,2010,barr,10barrpesa444,pesa,abankert,2010-06-27,rope,4,4,float
7.01,2010,barr,10barrdunl305,dunl,abankert,2010-06-16,single,4,,lay
9.41,2010,barr,10barrpesa333,pesa,abankert,2010-06-24,single,4,8,float
7.61,2010,barr,10barrpesa349,pesa,abankert,2010-06-29,rope,4,4,float
4.07,2010,barr,10barrpesa430,pesa,ehsu,2010-07-05,bander,4,5,float
9.53,2010,barr,10barrpesa528,pesa,adoll,2010-07-11,bander,4,8,float
13.23,2011,barr,11barrpesa409,pesa,abankert,2011-06-10,searcher,4,,lay
13.51,2011,barr,11barrpesa124,pesa,jcunningham,2011-06-16,searcher,4,11,float
13.13,2011,barr,11barrpesa405,pesa,abankert,2011-06-07,searcher,4,1,float
13.53,2011,barr,11barrpesa310,pesa,jzamudio,2011-06-17,searcher,4,12,float
16.57,2011,barr,11barrpesa139,pesa,jcunningham,2011-06-20,searcher,4,5,float
13.15,2011,barr,11barrpesa501,pesa,pherzog,2011-06-08,searcher,4,4,float
16.33,2011,barr,11barrpesa126,pesa,jcunningham,2011-06-16,searcher,4,9,float
16.47,2011,barr,11barrpesa521,pesa,pherzog,2011-06-19,searcher,4,5,float
4.17,2010,barr,10barrpesa647,pesa,myang,2010-07-08,single,4,12,float
3.35,2010,barr,10barrpesa223,pesa,rdugan,2010-06-27,rope,3,3,float
9.15,2007,barr,07barrpesa222,pesa,d.taylor,2007-06-16,single,4,2,float
8.19,2007,barr,07barrpesa239,pesa,d.taylor,2007-06-22,single,4,1,float
14.02,2006,barr,06barrsesa700,sesa,naves,2006-06-12,single,4,3,float
12.25,2006,barr,06barrsesa238,sesa,lebouard,2006-06-20,single,4,4,float
12.27,2006,barr,06barrsesa159,sesa,morgan,2006-06-20,single,4,5,float
5.07,2007,barr,07barrsesa118,sesa,rankin,2007-06-16,single,4,2,float
3.65,2010,barr,10barrsesa344,sesa,abankert,2010-06-28,rope,4,,lay
14.12,2009,barr,09barrsesa014,sesa,cychiang,2009-07-03,bander,3,11,float
16.35,2009,barr,09barrsesa113,sesa,syezerinac,2009-06-23,bander,4,14,float
1.07,2010,cakr,10cakrsesa007,sesa,rgates,2010-06-13,searcher,4,0,float
1.14,2010,cakr,10cakrsesa014,sesa,rgates,2010-06-14,searcher,3,0,float
11.51,2010,barr,10barrsesa616,sesa,myang,2010-06-23,single,4,12,float
11.71,2010,barr,10barrsesa218,sesa,rdugan,2010-06-25,single,4,1,float
13.11,2009,barr,09barrsesa917,sesa,ekistler,2009-06-12,single,4,4,float
13.23,2009,barr,09barrsesa724,sesa,fchevreux,2009-06-18,single,4,11,float
1.15,2009,barr,09barrsesa939,sesa,ekistler,2009-06-20,single,4,6,float
14.06,2009,barr,09barrsesa952,sesa,ekistler,2009-06-25,rope,4,,hatch
1.03,2010,cakr,10cakrsesa003,sesa,rgates,2010-06-13,searcher,4,12,float
2.15,2010,cakr,10cakrsesa115,sesa,sbuckell,2010-06-18,searcher,4,11,float
1.21,2010,cakr,10cakrsesa021,sesa,rgates,2010-06-22,rope,4,9,float
,2014,barr,14barrsesa151,sesa,kgrond,2014-06-12,searcher,4,3,float
13.59,2011,barr,11barrsesa520,sesa,pherzog,2011-06-19,searcher,4,4,float
w.07,2012,nome,12nome12wesadh06,wesa,dhodkinson,2012-05-30,searcher,4,2,float
,2009,nome,09nome09nome39,wesa,,2009-06-11,,4,,float
6.2,2007,barr,07barrpesa233,pesa,d.taylor,2007-06-20,single,4,5,float
9.29,2007,barr,07barrpesa236,pesa,d.taylor,2007-06-22,single,4,6,float
10.13,2007,barr,07barrpesa250,pesa,d.taylor,2007-06-27,rope,4,4,float
3.16,2007,barr,07barrpesa228,pesa,d.taylor,2007-06-18,single,4,4,float
10.18,2007,barr,07barrpesa254,pesa,d.taylor,2007-06-29,rope,4,11,float
1.09,2007,barr,07barrpesa134,pesa,rankin,2007-06-24,single,4,4,float
9.21,2007,barr,07barrpesa521,pesa,choi,2007-06-20,single,4,4,float
10.17,2007,barr,07barrpesa337,pesa,haase,2007-06-27,rope,4,7,float
10.23,2007,barr,07barrpesa014,pesa,lanctot,2007-07-01,bander,4,9,float
10.16,2007,barr,07barrpesa253,pesa,d.taylor,2007-06-27,rope,3,4,float
10.1,2007,barr,07barrpesa336,pesa,haase,2007-06-27,rope,4,5,float
10.14,2007,barr,07barrpesa251,pesa,d.taylor,2007-06-27,rope,4,4,float
2.16,2008,barr,08barrpesa054,pesa,jcoffey,2008-06-14,bander,4,1,float
8.11,2007,barr,07barrpesa513,pesa,choi,2007-06-15,single,4,3,float
5.1,2007,barr,07barrpesa123,pesa,rankin,2007-06-19,single,4,6,float
9.12,2008,barr,08barrpesa363,pesa,ganx,2008-07-14,bander,4,,hatch
9.01,2008,barr,08barrpesa348,pesa,ganx,2008-06-29,single,4,14,float
8.25,2008,barr,08barrpesa290,pesa,dpavlik,2008-06-20,single,4,7,float
4.06,2007,barr,07barrpesa923,pesa,chiang,2007-07-04,bander,4,,hatch
3.29,2007,barr,07barrpesa531,pesa,choi,2007-06-25,rope,4,4,float
1.05,2007,barr,07barrpesa128,pesa,rankin,2007-06-20,single,4,,lay
1.27,2007,barr,07barrpesa545,pesa,choi,2007-06-29,rope,4,11,float
5.05,2009,barr,09barrpesa013,pesa,rlanctot,2009-06-28,bander,4,6,float
4.25,2009,barr,09barrpesa734,pesa,fchevreux,2009-06-19,single,4,3,float
10.08,2008,barr,08barrpesa211,pesa,dpavlik,2008-06-13,single,4,,lay
7.12,2008,barr,08barrpesa170,pesa,phsu,2008-07-14,bander,4,,hatch
4.3,2008,barr,08barrpesa026,pesa,rlanctot,2008-07-03,bander,4,8,float
4.33,2008,barr,08barrpesa716,pesa,jlamarre,2008-07-07,bander,4,11,float
4.26,2008,barr,08barrpesa272,pesa,dpavlik,2008-07-01,rope,4,11,float
3.03,2008,barr,08barrpesa826,pesa,dpavlik,2008-06-26,rope,4,6,float
4.29,2008,barr,08barrpesa025,pesa,rlanctot,2008-07-03,bander,4,6,float
5.02,2008,barr,08barrpesa033,pesa,rlanctot,2008-07-11,bander,4,7,float
14.13,2009,barr,09barrbbsa015,bbsa,cychiang,2009-07-03,bander,4,16,float
10.22,2008,barr,08barrpesa320,pesa,ganx,2008-06-18,single,4,5,float
10.24,2008,barr,08barrdunl222,dunl,ganx,2008-06-17,single,4,11,float
10.05,2008,barr,08barrpesa107,pesa,phsu,2008-06-12,single,4,,lay
10.26,2008,barr,08barrpesa119,pesa,phsu,2008-06-19,single,4,6,float
10.2,2008,barr,08barrpesa218,pesa,dpavlik,2008-06-17,single,4,3,float
4.05,2008,barr,08barrpesa215,pesa,dpavlik,2008-06-16,single,4,,lay
10.34,2008,barr,08barrpesa011,pesa,rlanctot,2008-06-22,bander,4,1,float
7.57,2010,barr,10barrpesa348,pesa,abankert,2010-06-29,rope,4,5,float
16.19,2010,barr,10barrpesa364,pesa,abankert,2010-07-05,single,4,11,float
10.07,2010,barr,10barrpesa422,pesa,ehsu,2010-06-30,rope,4,4,float
10.05,2010,barr,10barrpesa421,pesa,ehsu,2010-06-30,rope,4,11,float
11.69,2010,barr,10barrpesa219,pesa,rdugan,2010-06-25,single,4,11,float
13.33,2009,barr,09barrbbsa012,bbsa,rlanctot,2009-06-26,bander,4,12,float
8.26,2008,barr,08barrpesa908,pesa,abrissette,2008-06-22,bander,3,4,float
12.09,2008,barr,08barrpesa361,pesa,ganx,2008-07-11,bander,4,,hatch
12.03,2008,barr,08barrpesa020,pesa,rlanctot,2008-06-29,bander,4,2,float
1.06,2010,cakr,10cakrdunl006,dunl,rgates,2010-06-13,searcher,4,8,float
2.11,2010,cakr,10cakrdunl111,dunl,sbuckell,2010-06-16,searcher,3,3,float
1.15,2011,cakr,11cakrdunl220,dunl,ssapora,2011-06-20,bander,3,8,float
6.24,2012,cakr,12cakrdunl613,dunl,blewis,2012-06-22,searcher,4,16,float
2.25,2010,cakr,10cakrdunl125,dunl,rgates,2010-06-24,searcher,4,,hatch
14.1,2009,barr,09barrpesa964,pesa,ekistler,2009-07-01,single,4,7,float
,2011,ikpi,11ikpi11jpd084,dunl,jdiener,2011-06-20,searcher,4,4,float
1.021,2012,ikpi,12ikpi12bcc021,dunl,crutt,2012-06-13,rope,4,2,float
1.023,2012,ikpi,12ikpi12bcc023,dunl,bcurry,2012-06-13,rope,4,2,float
1.025,2012,ikpi,12ikpi12bcc025,dunl,bcurry,2012-06-13,rope,4,1,float
1.113,2012,ikpi,12ikpi12bcc113,dunl,crutt,2012-06-25,searcher,2,3,float
1.115,2012,ikpi,12ikpi12bcc115,dunl,crutt,2012-06-25,searcher,4,9,float
103,2010,cari,10caripesa103,pesa,skendall,2010-06-07,incidental,3,0,float
204,2010,cari,10caripesa204,pesa,sfreeman,2010-06-09,incidental,4,1,float
107,2010,cari,10caripesa107,pesa,skendall,2010-06-08,incidental,4,4,float
810,2010,cari,10caripesa810,pesa,hcraig,2010-06-13,incidental,4,4,float
703,2010,cari,10caripesa703,pesa,cwoodworth,2010-06-13,incidental,4,0,float
605,2010,cari,10caripesa605,pesa,bharrington,2010-06-13,incidental,4,8,float
813,2010,cari,10caripesa813,pesa,hcraig,2010-06-17,incidental,4,1,float
708,2010,cari,10caripesa708,pesa,cwoodworth,2010-06-17,incidental,4,6,float
412,2010,cari,10caripesa412,pesa,sbrown,2010-06-19,incidental,4,4,float
712,2010,cari,10caripesa712,pesa,cwoodworth,2010-06-20,incidental,4,12,float
823,2010,cari,10caripesa823,pesa,hcraig,2010-06-22,incidental,4,2,float
111,2010,cari,10caripesa111,pesa,skendall,2010-06-26,incidental,4,12,float
236,2010,cari,10caripesa236,pesa,sfreeman,2010-06-30,incidental,4,3,float
726,2010,cari,10caripesa726,pesa,cwoodworth,2010-07-01,incidental,4,12,float
242,2010,cari,10caripesa242,pesa,sfreeman,2010-07-02,incidental,4,17,float
527,2010,cari,10caripesa527,pesa,ecorp,2010-07-03,incidental,3,14,float
106,2011,cari,11cari106pesa,pesa,sfreeman,2011-06-10,searcher,4,6,float
702,2011,cari,11cari702pesa,pesa,rchurchwell,2011-06-10,searcher,3,8,float
109,2011,cari,11cari109pesa,pesa,sfreeman,2011-06-11,searcher,4,4,float
708,2011,cari,11cari708pesa,pesa,rchurchwell,2011-06-12,searcher,4,7,float
209,2011,cari,11cari209pesa,pesa,bwinn,2011-06-13,searcher,4,8,float
611,2011,cari,11cari611pesa,pesa,rburner,2011-06-11,searcher,3,3,float
609,2011,cari,11cari609pesa,pesa,rburner,2011-06-11,searcher,4,3,float
208,2011,cari,11cari208pesa,pesa,bwinn,2011-06-12,searcher,4,10,float
115,2011,cari,11cari115pesa,pesa,sfreeman,2011-06-13,searcher,4,10,float
211,2011,cari,11cari211pesa,pesa,bwinn,2011-06-15,searcher,4,8,float
718,2011,cari,11cari718pesa,pesa,rchurchwell,2011-06-15,searcher,4,8,float
623,2011,cari,11cari623pesa,pesa,rburner,2011-06-17,searcher,4,13,float
131,2011,cari,11cari131pesa,pesa,sfreeman,2011-06-19,searcher,4,6,float
134,2011,cari,11cari134pesa,pesa,sfreeman,2011-06-20,searcher,4,3,float
145,2011,cari,11cari145pesa,pesa,sfreeman,2011-06-23,searcher,4,5,float
1.07,2012,ikpi,12ikpi12bcc070,sesa,mmudge,2012-06-18,rope,4,5,float
1.038,2012,ikpi,12ikpi12bcc038,sesa,bcurry,2012-06-12,rope,3,16,float
1.114,2012,ikpi,12ikpi12bcc114,sesa,crutt,2012-06-25,searcher,4,3,float
1.037,2012,ikpi,12ikpi12bcc037,sesa,bcurry,2012-06-14,rope,4,2,float
810,2012,cari,12cari810sesa,sesa,mlafaver,2012-06-19,rope,4,-3,float
221,2012,cari,12cari221sesa,sesa,bwinn,2012-06-29,rope,4,0,float
403,2012,cari,12cari403sesa,sesa,epierce,2012-06-11,incidental,4,0,float
724,2012,cari,12cari724sesa,sesa,idavies,2012-06-16,incidental,4,,
771,2012,cari,12cari771sesa,sesa,idavies,2012-06-28,incidental,3,7,float
839,2010,cari,10carisesa839,sesa,hcraig,2010-07-03,incidental,4,12,float
309,2011,cari,11cari309sesa,sesa,ohicks,2011-06-18,searcher,4,10,float
405,2010,cari,10carisesa405,sesa,sbrown,2010-06-13,incidental,4,3,float
211,2010,cari,10caripesa211,pesa,sfreeman,2010-06-14,rope,4,3,float
123,2012,cari,12cari123sesa,sesa,sfreeman,2012-06-22,incidental,4,0,float
702,2012,cari,12cari702sesa,sesa,idavies,2012-06-10,incidental,4,0,float
,2013,chur,13DB01,sepl,,2013-06-05,,4,,
,2014,chur,14PR02,sepl,,2014-07-02,,4,,
,2013,chur,13LL01,sepl,,2013-06-07,,4,,
,2013,chur,13LL03,sepl,,2013-06-11,,4,,
,2013,chur,13MP05,sepl,,2013-06-14,,2,,
,2013,chur,13PR03,sepl,,2013-06-09,,4,,
,2013,chur,13MP04,sepl,,2013-06-14,,4,,
,2013,chur,13PB03,sepl,,2013-06-23,,4,,
,2013,chur,13PR04,sepl,,2013-06-20,,4,,
,2013,chur,13BC02,sepl,,2013-06-23,,4,,
,2013,chur,13EP02,sepl,,2013-06-24,,3,,
,2014,barr,14barrpesa284,pesa,asterling,2014-06-26,searcher,4,3,float
,2014,barr,14barrpesa404,pesa,rlanctot,2014-07-03,bander,4,7,float
,2014,barr,14barrpesa251,pesa,rlanctot,2014-06-24,bander,4,2,float
,2014,barr,14barrpesa258,pesa,mallen,2014-06-30,other,4,,lay
,2014,barr,14barrpesa086,pesa,asterling,2014-06-19,searcher,3,,lay
,2014,barr,14barrpesa271,pesa,ssheedy,2014-06-25,searcher,3,2,float
,2014,barr,14barrpesa289,pesa,jmarin,2014-06-27,searcher,4,12,float
,2014,barr,14barrpesa392,pesa,kkalasz,2014-07-02,rope,4,12,float
726,2012,cari,12cari726pesa,pesa,idavies,2012-06-17,incidental,4,5,float
727,2012,cari,12cari727pesa,pesa,idavies,2012-06-17,incidental,4,10,float
111,2012,cari,12cari111pesa,pesa,sfreeman,2012-06-17,incidental,4,6,float
625,2014,cari,14cari625pesa,pesa,idavies,2014-06-11,incidental,4,-1,float
108,2012,cari,12cari108pesa,pesa,sfreeman,2012-06-14,incidental,4,-1,float
774,2012,cari,12cari774pesa,pesa,idavies,2012-06-29,incidental,4,7,float
102,2014,cari,14cari102pesa,pesa,sfreeman,2014-06-07,incidental,4,0,float
401,2014,cari,14cari401pesa,pesa,bhiggins,2014-06-08,incidental,4,0,float
727,2014,cari,14cari727pesa,pesa,idavies,2014-06-24,incidental,4,5,float
605,2014,cari,14cari605pesa,pesa,idavies,2014-06-08,incidental,4,-1,float
608,2014,cari,14cari608pesa,pesa,idavies,2014-06-09,incidental,4,3,float
620,2014,cari,14cari620pesa,pesa,idavies,2014-06-11,incidental,4,-1,float
624,2014,cari,14cari624pesa,pesa,idavies,2014-06-11,incidental,4,0,float
111,2014,cari,14cari111pesa,pesa,sfreeman,2014-06-11,incidental,4,4,float
112,2014,cari,14cari112pesa,pesa,sfreeman,2014-06-11,incidental,4,2,float
106,2014,cari,14cari106pesa,pesa,sfreeman,2014-06-10,incidental,4,-1,float
700,2014,cari,14cari700pesa,pesa,idavies,2014-06-21,incidental,3,-1,float
445,2014,cari,14cari445dunl,dunl,bhiggins,2014-06-22,incidental,4,2,float
,2011,made,11mademm-16-2011,pesa,mmichaud,2011-06-13,searcher,5,8,float
,2011,made,11mademm-12-2011,pesa,mmichaud,2011-06-13,searcher,4,12,float
,2011,made,11madelp-33-2011,pesa,lpirie,2011-06-19,searcher,4,11,float
,2011,made,11madelp-35-2011,pesa,lpirie,2011-06-19,searcher,4,11,float
,2011,made,11madekn-15-2011,pesa,knuyaviak,2011-06-29,searcher,3,,hatch
,2011,made,11madekk-07-2011,pesa,kkardynal,2011-07-02,searcher,4,,hatch
,2011,made,11madelp-29-2011,pesa,lpirie,2011-06-16,searcher,4,9,float
,2014,barr,14barrpesa017,pesa,ssheedy,2014-06-16,searcher,4,1,float
,2014,barr,14barrpesa008,pesa,asterling,2014-06-13,searcher,4,,lay
,2014,barr,14barrpesa020,pesa,asterling,2014-06-17,searcher,4,3,float
,2014,barr,14barrpesa027,pesa,ssheedy,2014-06-19,searcher,4,6,float
,2014,barr,14barrpesa023,pesa,asterling,2014-06-17,searcher,4,2,float
,2014,barr,14barrpesa022,pesa,asterling,2014-06-17,searcher,4,3,float
,2014,barr,14barrpesa040,pesa,asterling,2014-06-24,searcher,4,8,float
,2014,barr,14barrpesa034,pesa,jmarin,2014-06-22,searcher,4,13,float
,2014,barr,14barrpesa049,pesa,ssheedy,2014-06-26,searcher,4,9,float
,2014,barr,14barrpesa015,pesa,ssheedy,2014-06-16,searcher,4,,lay
,2014,barr,14barrpesa303,pesa,asterling,2014-06-27,searcher,3,4,float
,2014,barr,14barrpesa375,pesa,asterling,2014-07-03,rope,4,8,float
,2014,barr,14barrpesa165,pesa,asterling,2014-07-05,rope,4,1,float
,2014,barr,14barrpesa167,pesa,asterling,2014-07-05,rope,4,14,float
,2014,barr,14barrpesa139,pesa,ssheedy,2014-06-24,searcher,4,1,float
,2014,barr,14barrpesa371,pesa,asterling,2014-07-03,rope,4,6,float
,2014,barr,14barrpesa097,pesa,ssheedy,2014-06-22,searcher,4,8,float
,2014,barr,14barrpesa096,pesa,ssheedy,2014-06-22,searcher,4,6,float
,2014,barr,14barrpesa082,pesa,asterling,2014-06-19,searcher,4,,lay
,2014,barr,14barrpesa254,pesa,mallen,2014-06-27,other,4,11,float
,2014,barr,14barrpesa084,pesa,asterling,2014-06-19,searcher,4,4,float
,2014,barr,14barrpesa358,pesa,mallen,2014-06-29,bander,3,2,float
,2014,barr,14barrpesa287,pesa,jmarin,2014-06-27,searcher,4,,lay
,2014,barr,14barrpesa087,pesa,asterling,2014-06-19,searcher,4,4,float
,2014,barr,14barrpesa062,pesa,ssheedy,2014-06-15,searcher,4,3,float
,2014,barr,14barrpesa207,pesa,wenglish,2014-06-20,bander,4,3,float
,2014,barr,14barrpesa080,pesa,asterling,2014-06-19,searcher,4,1,float
,2014,barr,14barrpesa234,pesa,wenglish,2014-06-22,bander,4,6,float
,2014,barr,14barrpesa201,pesa,wenglish,2014-06-17,bander,4,,lay
,2014,barr,14barrpesa079,pesa,asterling,2014-06-19,searcher,4,8,float
,2014,barr,14barrpesa140,pesa,ssheedy,2014-06-24,searcher,4,2,float
,2014,barr,14barrpesa150,pesa,asterling,2014-06-25,searcher,4,3,float
,2014,barr,14barrpesa147,pesa,asterling,2014-06-25,searcher,4,4,float
,2014,barr,14barrpesa143,pesa,ssheedy,2014-06-24,searcher,4,2,float
,2014,barr,14barrpesa157,pesa,kgrond,2014-06-26,bander,4,6,float
,2014,barr,14barrpesa132,pesa,asterling,2014-06-22,searcher,4,2,float
,2014,barr,14barrpesa131,pesa,asterling,2014-06-22,searcher,4,3,float
,2014,barr,14barrpesa118,pesa,asterling,2014-06-18,searcher,4,,lay
,2014,barr,14barrpesa127,pesa,jmarin,2014-06-19,searcher,4,6,float
,2014,barr,14barrpesa129,pesa,ssheedy,2014-06-20,searcher,4,4,float
,2014,barr,14barrpesa100,pesa,jmarin,2014-06-24,searcher,4,1,float
,2014,barr,14barrpesa265,pesa,jmarin,2014-06-24,searcher,4,4,float
,2014,barr,14barrpesa279,pesa,ssheedy,2014-06-25,searcher,4,16,float
,2014,barr,14barrpesa290,pesa,wenglish,2014-06-27,searcher,4,3,float
,2014,barr,14barrpesa095,pesa,ssheedy,2014-06-22,searcher,4,3,float
,2014,barr,14barrpesa233,pesa,wenglish,2014-06-21,bander,4,1,float
,2014,barr,14barrpesa283,pesa,ssheedy,2014-06-25,searcher,4,8,float
,2014,barr,14barrpesa235,pesa,wenglish,2014-06-25,bander,4,12,float
,2014,barr,14barrpesa364,pesa,ssheedy,2014-06-30,rope,4,3,float
5.25,2011,barr,11barrpesa807,pesa,pherzog,2011-07-10,bander,4,14,float
13.41,2012,barr,12barrpesa641,pesa,mmcconnell,2012-06-17,searcher,4,9,float
13.29,2012,barr,12barrpesa311,pesa,kgrond,2012-06-17,bander,4,6,float
7.11,2012,barr,12barrpesa602,pesa,mmcconnell,2012-06-06,searcher,4,4,float
7.59,2012,barr,12barrpesa620,pesa,mmcconnell,2012-06-13,searcher,4,4,float
8.05,2012,barr,12barrpesa505,pesa,pherzog,2012-06-07,searcher,4,3,float
7.23,2012,barr,12barrpesa607,pesa,mmcconnell,2012-06-10,searcher,4,3,float
8.11,2012,barr,12barrpesa604,pesa,mmcconnell,2012-06-10,searcher,4,9,float
8.45,2012,barr,12barrpesa534,pesa,pherzog,2012-06-14,searcher,4,5,float
7.53,2012,barr,12barrpesa617,pesa,mmcconnell,2012-06-13,searcher,4,5,float
7.39,2011,barr,11barrpesa803,pesa,pherzog,2011-07-05,searcher,4,4,float
7.27,2011,barr,11barrpesa332,pesa,jzamudio,2011-07-05,rope,4,4,float
7.13,2011,barr,11barrpesa701,pesa,jcunningham,2011-07-03,rope,3,1,float
7.03,2011,barr,11barrpesa596,pesa,pherzog,2011-07-03,rope,4,5,float
12.57,2011,barr,11barrpesa585,pesa,pherzog,2011-07-02,rope,4,5,float
12.51,2011,barr,11barrpesa582,pesa,pherzog,2011-07-02,rope,4,5,float
5.29,2011,barr,11barrpesa809,pesa,pherzog,2011-07-16,bander,4,12,float
12.65,2011,barr,11barrpesa589,pesa,pherzog,2011-07-02,rope,4,5,float
18.07,2011,barr,11barrpesa456,pesa,abankert,2011-06-27,rope,4,1,float
1.59,2011,barr,11barrpesa619,pesa,adoll,2011-06-28,bander,4,5,float
4.07,2011,barr,11barrpesa117,pesa,jcunningham,2011-06-14,searcher,4,8,float
10.11,2011,barr,11barrpesa119,pesa,jcunningham,2011-06-15,searcher,4,5,float
13.11,2011,barr,11barrpesa404,pesa,abankert,2011-06-07,searcher,4,4,float
16.43,2011,barr,11barrpesa613,pesa,adoll,2011-06-18,bander,4,2,float
2.33,2012,barr,12barrpesa543,pesa,pherzog,2012-06-15,searcher,4,4,float
2.41,2012,barr,12barrpesa436,pesa,bverheijen,2012-06-17,searcher,4,6,float
5.35,2012,barr,12barrpesa546,pesa,pherzog,2012-06-17,searcher,4,4,float
2.35,2012,barr,12barrpesa544,pesa,pherzog,2012-06-15,searcher,4,6,float
5.19,2012,barr,12barrpesa528,pesa,pherzog,2012-06-13,searcher,4,,lay
13.49,2012,barr,12barrpesa558,pesa,pherzog,2012-06-18,searcher,4,7,float
24.33,2012,barr,12barrpesa251,pesa,pherzog,2012-06-25,searcher,4,4,float
24.13,2012,barr,12barrpesa461,pesa,bverheijen,2012-06-22,searcher,4,11,float
24.07,2012,barr,12barrpesa584,pesa,pherzog,2012-06-21,searcher,4,12,float
24.05,2012,barr,12barrpesa583,pesa,pherzog,2012-06-21,searcher,4,9,float
13.53,2012,barr,12barrpesa560,pesa,pherzog,2012-06-18,searcher,4,12,float
24.11,2012,barr,12barrpesa700,pesa,ssaalfeld,2012-06-21,bander,4,10,float
14.21,2012,barr,12barrpesa589,pesa,pherzog,2012-06-22,searcher,4,11,float
1.29,2012,barr,12barrpesa570,pesa,pherzog,2012-06-19,searcher,4,5,float
14.15,2012,barr,12barrpesa664,pesa,mmcconnell,2012-06-21,searcher,3,10,float
14.19,2012,barr,12barrpesa588,pesa,pherzog,2012-06-22,searcher,4,10,float
14.31,2012,barr,12barrpesa470,pesa,bverheijen,2012-06-24,searcher,4,13,float
14.65,2012,barr,12barrpesa278,pesa,pherzog,2012-06-29,rope,4,4,float
14.07,2012,barr,12barrpesa456,pesa,bverheijen,2012-06-20,searcher,4,3,float
2.25,2012,barr,12barrpesa629,pesa,mmcconnell,2012-06-14,searcher,4,4,float
14.27,2012,barr,12barrpesa225,pesa,bhill,2012-06-22,bander,4,7,float
2.15,2012,barr,12barrpesa307,pesa,kgrond,2012-06-13,bander,4,,lay
14.39,2012,barr,12barrpesa259,pesa,pherzog,2012-06-26,searcher,4,6,float
14.45,2012,barr,12barrpesa268,pesa,pherzog,2012-06-28,rope,4,8,float
14.23,2012,barr,12barrpesa590,pesa,pherzog,2012-06-22,searcher,4,6,float
14.81,2012,barr,12barrpesa235,pesa,bhill,2012-07-02,bander,4,10,float
2.21,2012,barr,12barrpesa308,pesa,kgrond,2012-06-13,bander,4,3,float
1.19,2011,barr,11barrpesa527,pesa,pherzog,2011-06-20,searcher,4,5,float
4.25,2011,barr,11barrpesa526,pesa,pherzog,2011-06-20,searcher,4,,lay
4.31,2011,barr,11barrpesa419,pesa,abankert,2011-06-22,searcher,4,9,float
1.15,2011,barr,11barrpesa129,pesa,jcunningham,2011-06-17,searcher,4,4,float
1.29,2011,barr,11barrpesa424,pesa,abankert,2011-06-22,searcher,4,2,float
4.27,2011,barr,11barrpesa148,pesa,jcunningham,2011-06-21,searcher,4,10,float
4.51,2011,barr,11barrpesa453,pesa,abankert,2011-06-26,searcher,4,13,float
4.29,2011,barr,11barrpesa149,pesa,jcunningham,2011-06-21,searcher,4,10,float
4.11,2011,barr,11barrpesa305,pesa,jzamudio,2011-06-15,searcher,4,1,float
4.49,2011,barr,11barrpesa452,pesa,abankert,2011-06-26,searcher,4,12,float
1.17,2011,barr,11barrpesa311,pesa,jzamudio,2011-06-19,searcher,4,1,float
13.09,2012,barr,12barrpesa101,pesa,jcunningham,2012-06-14,bander,4,3,float
13.21,2012,barr,12barrpesa426,pesa,bverheijen,2012-06-15,searcher,4,5,float
9.61,2012,barr,12barrpesa580,pesa,pherzog,2012-06-21,searcher,4,4,float
15.13,2012,barr,12barrpesa675,pesa,mmcconnell,2012-06-24,searcher,4,5,float
11.19,2011,barr,11barrpesa436,pesa,abankert,2011-06-23,searcher,4,,lay
11.05,2011,barr,11barrpesa152,pesa,jcunningham,2011-06-22,searcher,4,11,float
11.13,2011,barr,11barrpesa156,pesa,jcunningham,2011-06-22,searcher,4,7,float
9.27,2011,barr,11barrwrsa531,wrsa,pherzog,2011-06-21,searcher,4,5,float
10.47,2011,barr,11barrpesa616,pesa,adoll,2011-06-20,bander,4,,lay
13.21,2011,barr,11barrpesa408,pesa,abankert,2011-06-10,searcher,4,3,float
4.03,2011,barr,11barrpesa106,pesa,jcunningham,2011-06-10,searcher,4,1,float
13.07,2011,barr,11barrpesa402,pesa,abankert,2011-06-06,searcher,4,5,float
4.05,2011,barr,11barrpesa505,pesa,pherzog,2011-06-13,searcher,4,6,float
8.21,2012,barr,12barrpesa520,pesa,pherzog,2012-06-11,searcher,4,4,float
9.55,2012,barr,12barrpesa577,pesa,pherzog,2012-06-21,searcher,4,3,float
15.29,2012,barr,12barrpesa599,pesa,pherzog,2012-06-25,searcher,4,3,float
9.49,2012,barr,12barrpesa662,pesa,mmcconnell,2012-06-20,searcher,4,2,float
15.07,2012,barr,12barrpesa468,pesa,bverheijen,2012-06-22,searcher,4,11,float
,2013,barr,13barrpesa223,pesa,pherzog,2013-06-20,searcher,4,10,float
15.05,2012,barr,12barrpesa467,pesa,bverheijen,2012-06-22,searcher,4,13,float
9.57,2012,barr,12barrpesa578,pesa,pherzog,2012-06-21,searcher,4,12,float
9.05,2012,barr,12barrpesa434,pesa,bverheijen,2012-06-15,searcher,4,3,float
15.61,2012,barr,12barrpesa693,pesa,mmcconnell,2012-06-27,rope,4,5,float
3.19,2012,barr,12barrpesa420,pesa,bverheijen,2012-06-14,searcher,4,,lay
3.33,2012,barr,12barrpesa441,pesa,bverheijen,2012-06-18,searcher,4,3,float
4.13,2012,barr,12barrpesa496,pesa,bverheijen,2012-07-01,rope,4,5,float
3.47,2012,barr,12barrpesa573,pesa,pherzog,2012-06-20,searcher,4,6,float
5.57,2012,barr,12barrpesa650,pesa,mmcconnell,2012-06-19,searcher,4,2,float
,2013,barr,13barrpesa145,pesa,pherzog,2013-06-16,searcher,4,4,float
,2013,barr,13barrdunl025,dunl,lrensel,2013-06-16,searcher,4,7,float
15.33,2012,barr,12barrpesa482,pesa,bverheijen,2012-06-26,searcher,4,6,float
,2013,barr,13barrpesa011,pesa,pherzog,2013-06-11,searcher,4,3,float
15.27,2012,barr,12barrpesa598,pesa,pherzog,2012-06-25,searcher,4,6,float
13.59,2012,barr,12barrpesa448,pesa,bverheijen,2012-06-19,searcher,4,,lay
3.67,2012,barr,12barrpesa594,pesa,pherzog,2012-06-24,searcher,4,4,float
6.17,2012,barr,12barrpesa684,pesa,mmcconnell,2012-06-26,searcher,4,10,float
5.71,2012,barr,12barrpesa671,pesa,mmcconnell,2012-06-22,searcher,4,4,float
4.03,2012,barr,12barrpesa682,pesa,mmcconnell,2012-06-26,searcher,4,8,float
6.51,2012,barr,12barrpesa807,pesa,bverheijen,2012-07-03,searcher,4,9,float
6.45,2012,barr,12barrpesa010,pesa,rlanctot,2012-07-01,bander,4,4,float
4.43,2012,barr,12barrpesa112,pesa,jcunningham,2012-07-18,bander,4,14,float
,2013,barr,13barrpesa319,pesa,amould,2013-06-26,rope,4,5,float
,2013,barr,13barrdunl313,dunl,jcunningham,2013-06-25,bander,3,1,float
,2013,barr,13barrdunl102,dunl,jcunningham,2013-06-11,bander,4,3,float
,2013,barr,13barrpesa112,pesa,kgrond,2013-06-10,bander,4,,lay
,2013,barr,13barrdunl046,dunl,pherzog,2013-06-10,searcher,4,3,float
,2013,barr,13barrpesa226,pesa,pherzog,2013-06-20,searcher,4,10,float
14.43,2012,barr,12barrpesa231,pesa,bhill,2012-06-28,bander,2,7,float
14.63,2012,barr,12barrpesa277,pesa,pherzog,2012-06-29,rope,4,11,float
14.67,2012,barr,12barrpesa279,pesa,dsaalfeld,2012-06-29,rope,4,6,float
14.77,2012,barr,12barrpesa283,pesa,dsaalfeld,2012-07-01,rope,4,10,float
14.87,2012,barr,12barrpesa291,pesa,pherzog,2012-07-02,searcher,4,4,float
14.55,2012,barr,12barrpesa273,pesa,dsaalfeld,2012-06-28,rope,4,4,float
,2013,barr,13barrpesa348,pesa,pherzog,2013-06-24,searcher,4,6,float
,2013,barr,13barrpesa302,pesa,bkaselow,2013-06-26,searcher,4,5,float
,2013,barr,13barrpesa204,pesa,pherzog,2013-06-19,searcher,4,4,float
,2013,barr,13barrpesa393,pesa,amould,2013-06-27,rope,4,3,float
,2013,barr,13barrpesa383,pesa,amould,2013-06-27,rope,4,2,float
24.67,2012,barr,12barrpesa851,pesa,mmcconnell,2012-07-16,searcher,4,14,float
6.27,2012,barr,12barrpesa487,pesa,bverheijen,2012-06-28,rope,4,5,float
4.15,2012,barr,12barrpesa497,pesa,bverheijen,2012-07-01,rope,2,6,float
6.41,2012,barr,12barrpesa007,pesa,rlanctot,2012-06-30,bander,4,9,float
4.41,2012,barr,12barrpesa850,pesa,mmcconnell,2012-07-10,searcher,4,14,float
24.61,2012,barr,12barrpesa809,pesa,bverheijen,2012-07-05,searcher,4,8,float
,2013,barr,13barrpesa108,pesa,nwilder,2013-06-16,searcher,4,3,float
,2013,barr,13barrpesa291,pesa,fstetler,2013-06-23,searcher,4,5,float
,2013,barr,13barrpesa419,pesa,amould,2013-07-01,rope,4,11,float
,2013,barr,13barrpesa426,pesa,amould,2013-07-01,rope,4,12,float
,2014,barr,14barrpesa335,pesa,jmarin,2014-07-01,searcher,4,2,float
,2014,barr,14barrpesa164,pesa,asterling,2014-07-05,rope,4,10,float
,2013,barr,13barrpesa305,pesa,bkaselow,2013-06-28,rope,4,5,float
,2013,chur,13MP01,sepl,,2013-06-07,,4,,
,2014,cakr,14cakrwesa073,wesa,mboldenow,2014-06-09,bander,2,,
,2014,cakr,14cakrsesa144,sesa,mboldenow,2014-06-26,searcher,4,16,float
1.19,2011,colv,11colvpesa780,pesa,epalm,2011-06-15,searcher,4,11,float
1.11,2011,colv,11colvpesa128,pesa,dpavlik,2011-06-10,searcher,4,2,float
1.17,2011,colv,11colvpesa748,pesa,epalm,2011-06-12,searcher,4,1,float
1.31,2014,colv,14colvdunl244,dunl,tdonnelly,2014-06-13,searcher,4,0,float
2.01,2014,colv,14colvdunl278,dunl,tdonnelly,2014-06-17,searcher,4,3,float
2.71,2014,colv,14colvdunl1017,dunl,agottesman,2014-06-29,searcher,4,12,float
2.07,2014,colv,14colvpesa293,pesa,tdonnelly,2014-06-21,searcher,4,1,float
2.63,2014,colv,14colvpesa1179,pesa,lburlingame,2014-07-06,searcher,4,5,float
2.53,2014,colv,14colvpesa1157,pesa,lburlingame,2014-06-25,searcher,4,1,float
3.23,2014,colv,14colvpesa2107,pesa,lburlingame,2014-07-14,searcher,4,12,float
742,2011,cari,11cari742sesa,sesa,rchurchwell,2011-06-22,rope,3,0,float
304,2012,cari,12cari304sesa,sesa,asoto,2012-06-14,incidental,4,0,float
206,2012,cari,12cari206sesa,sesa,bwinn,2012-06-14,searcher,4,0,float
153,2011,cari,11cari153sesa,sesa,sfreeman,2011-06-28,searcher,4,5,float
734,2012,cari,12cari734sesa,sesa,idavies,2012-06-19,searcher,1,,
522,2011,cari,11cari522sesa,sesa,ecorp,2011-06-17,searcher,4,10,float
680,2013,cari,13cari680sesa,sesa,idavies,2013-06-26,incidental,3,,
154,2014,cari,14cari154sesa,sesa,sfreeman,2014-06-25,incidental,3,0,float
104,2012,cari,12cari104sesa,sesa,sfreeman,2012-06-12,incidental,4,0,float
121,2012,cari,12cari121sesa,sesa,sfreeman,2012-06-22,incidental,4,3,float
102,2012,cari,12cari102sesa,sesa,sfreeman,2012-06-11,incidental,4,0,float
419,2013,cari,13cari419sesa,sesa,bhiggins,2013-06-18,incidental,4,3,float
509,2012,cari,12cari509sesa,sesa,lkoloski,2012-06-14,incidental,4,0,float
424,2014,cari,14cari424sesa,sesa,bhiggins,2014-06-16,incidental,4,10,float
612,2012,cari,12cari612sesa,sesa,akneidel,2012-06-14,incidental,4,4,float
713,2012,cari,12cari713sesa,sesa,idavies,2012-06-13,incidental,4,-1,float
622,2012,cari,12cari622sesa,sesa,akneidel,2012-06-17,incidental,4,4,float
640,2012,cari,12cari640sesa,sesa,akneidel,2012-06-25,incidental,4,13,float
330,2013,cari,13cari330sesa,sesa,abradley,2013-06-21,incidental,4,9,float
743,2012,cari,12cari743sesa,sesa,idavies,2012-06-22,incidental,4,10,float
764,2012,cari,12cari764sesa,sesa,idavies,2012-06-26,incidental,4,8,float
318,2012,cari,12cari318sesa,sesa,asoto,2012-06-27,incidental,3,10,float
652,2012,cari,12cari652sesa,sesa,akneidel,2012-07-01,incidental,3,0,float
652,2013,cari,13cari652sesa,sesa,idavies,2013-06-21,incidental,4,9,float
756,2012,cari,12cari756sesa,sesa,idavies,2012-06-26,incidental,4,8,float
807,2012,cari,12cari807sesa,sesa,mlafaver,2012-06-16,incidental,3,0,float
204,2012,cari,12cari204sesa,sesa,bwinn,2012-06-13,incidental,4,-3,float
408,2012,cari,12cari408sesa,sesa,epierce,2012-06-18,incidental,4,8,float
629,2013,cari,13cari629sesa,sesa,idavies,2013-06-15,incidental,4,3,float
631,2012,cari,12cari631sesa,sesa,akneidel,2012-06-20,incidental,4,5,float
740,2012,cari,12cari740sesa,sesa,idavies,2012-06-21,incidental,4,9,float
512,2012,cari,12cari512sesa,sesa,lkoloski,2012-06-19,incidental,4,0,float
529,2012,cari,12cari529sesa,sesa,lkoloski,2012-06-27,incidental,4,0,float
217,2012,cari,12cari217sesa,sesa,bwinn,2012-06-28,incidental,4,11,float
776,2012,cari,12cari776sesa,sesa,idavies,2012-07-03,incidental,4,10,float
124,2013,cari,13cari124sesa,sesa,sfreeman,2013-06-21,incidental,4,9,float
123,2013,cari,13cari123sesa,sesa,sfreeman,2013-06-20,incidental,4,1,float
305,2014,cari,14cari305sesa,sesa,emagnuson,2014-06-12,incidental,4,2,float
410,2013,cari,13cari410sesa,sesa,bhiggins,2013-06-15,incidental,4,2,float
408,2013,cari,13cari408sesa,sesa,bhiggins,2013-06-15,incidental,4,3,float
619,2014,cari,14cari619sesa,sesa,idavies,2014-06-10,incidental,4,1,float
1.06,2011,colv,11colvsesa026,sesa,dpavlik,2011-06-07,searcher,4,6,float
1.05,2011,colv,11colvsesa035,sesa,dpavlik,2011-06-10,searcher,3,8,float
1.18,2011,colv,11colvsesa779,sesa,epalm,2011-06-15,searcher,2,8,float
2.22,2011,colv,11colvsesa079,sesa,dpavlik,2011-06-23,searcher,3,12,float
1.17,2011,colv,11colvsesa049,sesa,dpavlik,2011-06-15,bander,4,3,float
1.15,2011,colv,11colvsesa047,sesa,dpavlik,2011-06-15,bander,4,2,float
2.11,2011,colv,11colvsesa072,sesa,dpavlik,2011-06-21,searcher,4,12,float
1.28,2011,colv,11colvsesa167,sesa,bwilkinson,2011-06-18,searcher,3,10,float
2.23,2011,colv,11colvsesa080,sesa,dpavlik,2011-06-23,searcher,4,6,float
1.01,2012,colv,12colvsesa011,sesa,dpavlik,2012-06-07,searcher,4,,lay
1.16,2012,colv,12colvsesa053,sesa,dpavlik,2012-06-12,searcher,4,3,float
c.47,2014,nome,14nomesesa154,sesa,dhodkinson,2014-06-14,searcher,3,,
c.35,2014,nome,14nomesesa024,sesa,ekwon,2014-06-10,searcher,4,1,float
w.31,2014,nome,14nomewesa137,wesa,dhodkinson,2014-06-09,searcher,4,,lay
w.32,2014,nome,14nomewesa138,wesa,dhodkinson,2014-06-09,searcher,3,8,float
c.12,2014,nome,14nomewesa116,wesa,dhodkinson,2014-05-27,searcher,4,2,float
,2014,chur,14EP01,sepl,,2014-06-20,,4,,
,2008,bylo,08bylowrsavd01,wrsa,vduclos,2008-06-28,incidental,4,14,float
,2008,bylo,08bylowrsagen01,wrsa,gouelletcauchon,2008-06-30,incidental,4,16,float
506,2010,cari,10caripesa506,pesa,ecorp,2010-06-13,incidental,3,6,float
202,2011,cari,11cari202pesa,pesa,bwinn,2011-06-04,searcher,4,2,float
515,2010,cari,10caripesa515,pesa,ecorp,2010-06-21,incidental,4,13,float
223,2010,cari,10caripesa223,pesa,sfreeman,2010-06-19,incidental,4,4,float
728,2011,cari,11cari728pesa,pesa,rchurchwell,2011-06-17,searcher,4,4,float
504,2011,cari,11cari504pesa,pesa,ecorp,2011-06-09,searcher,4,8,float
411,2010,cari,10caripesa411,pesa,sbrown,2010-06-19,incidental,4,14,float
224,2010,cari,10caripesa224,pesa,sfreeman,2010-06-21,incidental,4,13,float
222,2010,cari,10caripesa222,pesa,sfreeman,2010-06-19,incidental,4,8,float
717,2010,cari,10caripesa717,pesa,cwoodworth,2010-06-24,incidental,4,1,float
706,2011,cari,11cari706pesa,pesa,rchurchwell,2011-06-11,searcher,3,4,float
114,2011,cari,11cari114pesa,pesa,sfreeman,2011-06-12,searcher,4,3,float
117,2011,cari,11cari117pesa,pesa,sfreeman,2011-06-14,searcher,4,12,float
132,2011,cari,11cari132pesa,pesa,sfreeman,2011-06-19,searcher,4,15,float
736,2011,cari,11cari736dunl,dunl,rchurchwell,2011-06-20,searcher,4,0,float
628,2012,cari,12cari628pesa,pesa,akneidel,2012-06-20,incidental,4,-1,float
214,2012,cari,12cari214pesa,pesa,bwinn,2012-06-22,incidental,4,0,float
411,2012,cari,12cari411pesa,pesa,epierce,2012-06-22,incidental,4,0,float
744,2012,cari,12cari744pesa,pesa,idavies,2012-06-23,incidental,4,-1,float
755,2012,cari,12cari755pesa,pesa,idavies,2012-06-25,incidental,4,0,float
205,2013,cari,13cari205pesa,pesa,hhelling,2013-06-12,incidental,4,-1,float
416,2013,cari,13cari416pesa,pesa,bhiggins,2013-06-16,incidental,4,-1,float
665,2013,cari,13cari665pesa,pesa,idavies,2013-06-22,incidental,4,6,float
521,2013,cari,13cari521pesa,pesa,rchurchwell,2013-06-18,incidental,4,0,float
517,2013,cari,13cari517pesa,pesa,rchurchwell,2013-06-17,incidental,4,-2,float
534,2013,cari,13cari534pesa,pesa,rchurchwell,2013-06-24,incidental,4,6,float
501,2011,cari,11cari501pesa,pesa,ecorp,2011-06-04,searcher,4,0,float
606,2011,cari,11cari606pesa,pesa,rburner,2011-06-09,searcher,4,0,float
101,2011,cari,11cari101pesa,pesa,sfreeman,2011-06-04,searcher,4,1,float
207,2011,cari,11cari207pesa,pesa,bwinn,2011-06-11,searcher,4,0,float
701,2011,cari,11cari701pesa,pesa,rchurchwell,2011-06-10,searcher,3,8,float
507,2011,cari,11cari507pesa,pesa,ecorp,2011-06-11,searcher,4,6,float
513,2011,cari,11cari513pesa,pesa,ecorp,2011-06-14,searcher,3,7,float
710,2011,cari,11cari710pesa,pesa,rchurchwell,2011-06-13,searcher,4,2,float
720,2011,cari,11cari720pesa,pesa,rchurchwell,2011-06-15,searcher,3,9,float
620,2011,cari,11cari620pesa,pesa,rburner,2011-06-16,searcher,4,7,float
617,2011,cari,11cari617pesa,pesa,rburner,2011-06-15,searcher,4,7,float
615,2011,cari,11cari615pesa,pesa,rburner,2011-06-15,searcher,4,0,float
719,2011,cari,11cari719pesa,pesa,rchurchwell,2011-06-15,searcher,4,8,float
724,2011,cari,11cari724pesa,pesa,rchurchwell,2011-06-16,searcher,4,10,float
731,2011,cari,11cari731pesa,pesa,rchurchwell,2011-06-19,searcher,4,11,float
101,2013,cari,13cari101pesa,pesa,sfreeman,2013-06-09,incidental,4,2,float
630,2013,cari,13cari630pesa,pesa,idavies,2013-06-15,incidental,4,6,float
325,2013,cari,13cari325pesa,pesa,abradley,2013-06-19,incidental,4,-1,float
510,2013,cari,13cari510pesa,pesa,rchurchwell,2013-06-14,incidental,4,-1,float
507,2013,cari,13cari507pesa,pesa,rchurchwell,2013-06-14,incidental,4,-1,float
529,2013,cari,13cari529pesa,pesa,rchurchwell,2013-06-23,incidental,4,10,float
138,2013,cari,13cari138pesa,pesa,sfreeman,2013-06-23,incidental,4,2,float
519,2013,cari,13cari519pesa,pesa,rchurchwell,2013-06-18,incidental,4,-1,float
660,2013,cari,13cari660pesa,pesa,idavies,2013-06-22,incidental,4,8,float
624,2011,cari,11cari624pesa,pesa,rburner,2011-06-19,searcher,4,7,float
602,2010,cari,10caripesa602,pesa,bharrington,2010-06-11,incidental,4,6,float
807,2010,cari,10caripesa807,pesa,hcraig,2010-06-10,incidental,4,5,float
601,2010,cari,10caripesa601,pesa,bharrington,2010-06-07,incidental,4,5,float
306,2010,cari,10caripesa306,pesa,mmcgarvey,2010-06-13,incidental,4,3,float
833,2010,cari,10caripesa833,pesa,hcraig,2010-07-01,incidental,4,4,float
612,2010,cari,10caripesa612,pesa,bharrington,2010-06-20,incidental,4,8,float
108,2010,cari,10caripesa108,pesa,skendall,2010-06-25,incidental,4,0,float
115,2010,cari,10caripesa115,pesa,skendall,2010-06-27,incidental,4,15,float
836,2010,cari,10caripesa836,pesa,hcraig,2010-07-01,incidental,4,13,float
722,2010,cari,10caripesa722,pesa,cwoodworth,2010-07-11,incidental,4,10,float
837,2010,cari,10caripesa837,pesa,hcraig,2010-07-03,incidental,4,14,float
728,2010,cari,10caripesa728,pesa,cwoodworth,2010-07-05,incidental,4,16,float
838,2010,cari,10caripesa838,pesa,hcraig,2010-07-03,incidental,4,9,float
729,2010,cari,10caripesa729,pesa,cwoodworth,2010-07-05,incidental,4,12,float
729,2012,cari,12cari729pesa,pesa,idavies,2012-06-18,incidental,4,7,float
767,2012,cari,12cari767pesa,pesa,idavies,2012-06-27,incidental,4,4,float
323,2013,cari,13cari323pesa,pesa,abradley,2013-06-18,incidental,4,4,float
119,2013,cari,13cari119pesa,pesa,sfreeman,2013-06-20,incidental,4,2,float
524,2013,cari,13cari524pesa,pesa,rchurchwell,2013-06-21,incidental,4,4,float
525,2013,cari,13cari525pesa,pesa,rchurchwell,2013-06-21,incidental,4,0,float
522,2013,cari,13cari522pesa,pesa,rchurchwell,2013-06-19,incidental,4,0,float
508,2013,cari,13cari508pesa,pesa,rchurchwell,2013-06-14,incidental,4,-1,float
526,2013,cari,13cari526pesa,pesa,rchurchwell,2013-06-22,incidental,4,11,float
329,2013,cari,13cari329pesa,pesa,abradley,2013-06-21,incidental,4,6,float
331,2013,cari,13cari331pesa,pesa,abradley,2013-06-22,incidental,4,5,float
104,2014,cari,14cari104pesa,pesa,sfreeman,2014-06-09,incidental,4,3,float
203,2014,cari,14cari203pesa,pesa,cmontgomerie,2014-06-09,incidental,4,-1,float
301,2014,cari,14cari301pesa,pesa,emagnuson,2014-06-09,incidental,4,-3,float
628,2014,cari,14cari628pesa,pesa,idavies,2014-06-12,incidental,4,2,float
402,2014,cari,14cari402pesa,pesa,bhiggins,2014-06-10,incidental,4,0,float
615,2014,cari,14cari615pesa,pesa,idavies,2014-06-10,incidental,4,-1,float
310,2014,cari,14cari310pesa,pesa,emagnuson,2014-06-13,incidental,4,0,float
614,2014,cari,14cari614pesa,pesa,idavies,2014-06-10,incidental,4,2,float
621,2014,cari,14cari621pesa,pesa,idavies,2014-06-11,incidental,4,4,float
110,2014,cari,14cari110pesa,pesa,sfreeman,2014-06-11,incidental,4,0,float
648,2014,cari,14cari648pesa,pesa,idavies,2014-06-14,incidental,4,2,float
411,2014,cari,14cari411pesa,pesa,bhiggins,2014-06-13,incidental,4,-1,float
626,2014,cari,14cari626pesa,pesa,idavies,2014-06-12,incidental,3,6,float
416,2014,cari,14cari416dunl,dunl,bhiggins,2014-06-14,incidental,4,2,float
,2014,coat,14coatgpsn01,amgp,sneima,2014-06-24,searcher,4,1.2,float
,2014,barr,14barrlbdo028,lbdo,ssheedy,2014-06-19,searcher,1,9,float
1.19,2005,barr,05barrlbdo544,lbdo,norwood,2005-07-15,single,4,9,float
,2013,chur,13HP03,sepl,,2013-06-20,,4,,
,2013,chur,13BC01,sepl,,2013-06-13,,4,,
,2013,barr,13barrdunl340,dunl,lrensel,2013-06-24,searcher,4,2,float
1.08,2013,chau,13chaudunlkwp008,dunl,mlm,2013-06-11,rope,4,4,float
4.14,2014,chau,14chaupesalfg016,pesa,lgoodrick,2014-06-23,searcher,4,2,float
4.15,2014,chau,14chaupesalfg017,pesa,lgoodrick,2014-06-23,searcher,4,1,float
4.24,2014,chau,14chaupesamel013,pesa,ematsyna,2014-06-25,searcher,4,5,float
4.37,2014,ikpi,14ikpi14pac019,btgo,pchilton,2014-06-17,searcher,3,,
732,2010,cari,10caripesa732,pesa,cwoodworth,2010-07-08,incidental,4,20,float
e.59,2014,nome,14nomesesa170,sesa,dhodkinson,2014-06-23,searcher,4,2,float
,2013,chur,13chur13hugo08w,hugo,ajohnson,2013-07-04,searcher,3,19,float
,2013,chur,13chur13whim50,whim,ajohnson,2013-06-28,searcher,4,20,float
,1997,nome,97nome195,sesa,,1997-06-19,,4,,
,1997,nome,97nome192,sesa,,1997-06-21,,4,,
16.23,2009,barr,09barrsesa717,sesa,fchevreux,2009-06-14,single,4,3,float
,1998,nome,98nome59,wesa,,1998-06-01,,3,,float
,1999,nome,99nome202,wesa,,1999-06-01,,3,,float
10.01,2012,barr,12barramgp202,amgp,bhill,2012-06-10,bander,4,,
,1999,nome,99nome81,wesa,,1999-06-04,,4,,hatch
,1999,nome,99nome312,sesa,,1999-06-11,,4,,hatch
,1997,nome,97nome17,wesa,,1997-05-23,,4,,
,1994,nome,94nome18,rnph,,1994-05-27,,4,,float
,1997,nome,97nome303,wesa,,1997-05-25,,4,,
,1994,nome,94nome34,rnph,,1994-06-01,,4,,hatch
,1994,nome,94nome119,wesa,,1994-06-05,,2,,float
,1997,nome,97nome122,wesa,,1997-06-01,,4,,
,1995,nome,95nome139,sesa,,1995-06-22,,3,,hatch
,1994,nome,94nome211,wesa,,1994-06-10,,3,,lay
,1994,nome,94nome125,rnph,,1994-06-10,,4,,float
,1994,nome,94nome132,rnph,,1994-06-14,,4,,float
,1994,nome,94nome108,wesa,,1994-05-26,,4,,float
,1994,nome,94nome127,rnph,,1994-06-11,,4,,hatch
,1994,nome,94nome133,rnph,,1994-06-18,,4,,
,1997,nome,97nome18,wesa,,1997-05-25,,4,,
,1997,nome,97nome301,wesa,,1997-05-23,,4,,
,1994,nome,94nome325,sesa,,1994-06-05,,3,,float
,1994,nome,94nome331,sesa,,1994-06-08,,3,,float
,1994,nome,94nome109,rnph,,1994-05-28,,4,,hatch
,1994,nome,94nome44,rnph,,1994-06-10,,4,,hatch
,1994,nome,94nome405,rnph,,1994-06-14,,4,,float
,1994,nome,94nome333,rnph,,1994-06-10,,4,,lay
,1995,nome,95nome137,rnph,,1995-06-20,,4,,hatch
,1995,nome,95nome228,sesa,,1995-06-09,,3,,float
,1999,nome,99nome6,wesa,,1999-06-07,,3,,float
,1998,nome,98nome48,wesa,,1998-05-31,,4,,hatch
,1997,nome,97nome26,wesa,,1997-05-23,,4,,
,1995,nome,95nome301,sesa,,1995-06-04,,4,,
,1995,nome,95nome36,rnph,,1995-06-06,,3,,float
,1995,nome,95nome112,rnph,,1995-06-03,,4,,hatch
,1995,nome,95nome231,sesa,,1995-06-13,,4,,float
,1995,nome,95nome233,rnph,,1995-06-15,,4,,hatch
,1995,nome,95nome235,rnph,,1995-06-17,,4,,float
,1995,nome,95nome11,rnph,,1995-05-27,,4,,float
,1997,nome,97nome9,sesa,,1997-06-01,,4,,
,1995,nome,95nome41,rnph,,1995-06-10,,4,,hatch
,1995,nome,95nome43,rnph,,1995-06-12,,4,,hatch
,1995,nome,95nome135,rnph,,1995-06-18,,4,,hatch
,1995,nome,95nome232,rnph,,1995-06-14,,4,,hatch
,1995,nome,95nome49,rnph,,1995-06-20,,4,,
,1995,nome,95nome48,rnph,,1995-06-17,,4,,float
,1995,nome,95nome133,rnph,,1995-06-17,,4,,hatch
,1997,nome,97nome129,wesa,,1997-05-23,,4,,
,1997,nome,97nome117,wesa,,1997-05-26,,4,,
,1997,nome,97nome40,wesa,,1997-06-03,,4,,
,1997,nome,97nome14,sesa,,1997-06-14,,3,,
,1997,nome,97nome10,wesa,,1997-06-11,,3,,
,1996,nome,96nome40,sesa,,1996-06-16,,4,,
,1997,nome,97nome32,sesa,,1997-06-12,,4,,
,1996,nome,96nome209,wesa,,1996-06-28,,,,
,1997,nome,97nome118,wesa,,1997-05-25,,4,,
,1997,nome,97nome204,wesa,,1997-05-25,,4,,
,1998,nome,98nome41,wesa,,1998-05-30,,4,,hatch
,1998,nome,98nome77,sesa,,1998-06-04,,4,,float
,1999,nome,99nome396,sesa,,1999-06-20,,4,,float
,1997,nome,97nome106,sesa,,1997-06-12,,4,,
,1997,nome,97nome15,wesa,,1997-06-08,,4,,
,1997,nome,97nome157,sesa,,1997-06-19,,4,,
,1998,nome,98nome100,wesa,,1998-06-03,,4,,hatch
,1998,nome,98nome79,wesa,,1998-06-10,,4,,float
,1998,nome,98nome110,sesa,,1998-06-15,,4,,hatch
,1997,nome,97nome198,sesa,,1997-06-10,,4,,
,1998,nome,98nome101,wesa,,1998-06-03,,4,,hatch
,1998,nome,98nome72,sesa,,1998-06-03,,4,,float
,1998,nome,98nome120,wesa,,1998-06-09,,4,,hatch
,1998,nome,98nome62,wesa,,1998-06-14,,4,,float
,1998,nome,98nome121,sesa,,1998-06-10,,4,,hatch
,1999,nome,99nome19,wesa,,1999-06-17,,4,,hatch
,1999,nome,99nome14,wesa,,1999-06-20,,4,,float
,1999,nome,99nome56,wesa,,1999-06-08,,2,,
,1999,nome,99nome123,wesa,,1999-06-10,,5,,float
,1999,nome,99nome61,wesa,,1999-06-11,,4,,hatch
,1999,nome,99nome108,sesa,,1999-06-16,,4,,hatch
,1999,nome,99nome307,sesa,,1999-06-07,,3,,hatch
,1994,nome,94nome305,rnph,,1994-05-23,,4,,float
,1999,nome,99nome126,wesa,,1999-06-02,,4,,hatch
,1993,nome,93nome101,sesa,,1993-05-28,,3,,
,1997,nome,97nome116,wesa,,1997-05-26,,4,,
,1993,nome,93nome122,sesa,,1993-05-31,,4,,float
,1995,nome,95nome211,sesa,,1995-05-31,,4,,float
,1993,nome,93nome313,sesa,,1993-06-03,,2,,lay
,1995,nome,95nome108,sesa,,1995-05-31,,4,,float
,1998,nome,98nome57,wesa,,1998-06-02,,4,,hatch
,1993,nome,93nome128,rnph,,1993-06-04,,4,,float
,1997,nome,97nome101,wesa,,1997-06-07,,3,,
,1995,nome,95nome300,sesa,,1995-06-03,,3,,lay
,1997,nome,97nome119,wesa,,1997-06-07,,3,,
,1997,nome,97nome111,wesa,,1997-05-25,,4,,
,1996,nome,96nome14,sesa,,1996-06-02,,4,,float
,1998,nome,98nome39,sesa,,1998-05-29,,4,,hatch
,1993,nome,93nome117,sesa,,1993-05-30,,4,,float
,1997,nome,97nome304,wesa,,1997-06-03,,4,,
,1993,nome,93nome402,sesa,,1993-05-31,,4,,float
,1995,nome,95nome25,wesa,,1995-05-31,,4,,float
,1996,nome,96nome107,wesa,,1996-05-27,,4,,float
,1993,nome,93nome314,wesa,,1993-06-03,,4,,float
,1997,nome,97nome23,sesa,,1997-06-03,,4,,
,1997,nome,97nome21,wesa,,1997-05-25,,4,,
,1993,nome,93nome25,sesa,,1993-06-06,,4,,float
,1995,nome,95nome123,wesa,,1995-06-09,,4,,float
,1993,nome,93nome141,sesa,,1993-06-15,,4,,hatch
,1993,nome,93nome502,wesa,,1993-06-06,,4,,
,1994,nome,94nome8,sesa,,1994-05-23,,4,,float
,1995,nome,95nome10,wesa,,1995-05-26,,4,,float
,1993,nome,93nome142,sesa,,1993-06-16,,4,,hatch
,1993,nome,93nome338,sesa,,1993-06-29,,4,,hatch
,1994,nome,94nome323,rnph,,1994-06-05,,4,,float
,1994,nome,94nome318,rnph,,1994-05-31,,4,,float
,1994,nome,94nome336,rnph,,1994-06-17,,4,,float
,1993,nome,93nome333,rnph,,1993-06-12,,4,,float
,1994,nome,94nome334,rnph,,1994-06-13,,4,,float
,1993,nome,93nome312,rnph,,1993-06-01,,4,,lay
,1994,nome,94nome337,rnph,,1994-06-18,,4,,hatch
,1993,nome,93nome409,rnph,,1993-06-15,,4,,
,1994,nome,94nome42,rnph,,1994-06-08,,4,,float
,1993,nome,93nome407,rnph,,1993-06-03,,4,,lay
,1993,nome,93nome412,rnph,,1993-06-16,,4,,float
,1994,nome,94nome129,rnph,,1994-06-12,,4,,lay
,1993,nome,93nome337,rnph,,1993-06-16,,4,,float
,1993,nome,93nome27,rnph,,1993-06-16,,4,,
,1993,nome,93nome350,rnph,,1993-06-11,,4,,
1.23,2012,colv,12colvsesa069,sesa,dpavlik,2012-06-13,searcher,4,1,float
,2014,burn,14burnseplmp02,sepl,mpeck,2014-06-12,searcher,4,8,float
,2014,burn,14burndunlmp04,dunl,mpeck,2014-06-18,searcher,4,17,float
,2013,eaba,13eabarpa02,reph,,2013-06-30,searcher,4,17,float
,2013,eaba,13eabarpa04,reph,,2013-07-01,searcher,4,3,float
,2013,eaba,13eabarps04,reph,,2013-07-04,searcher,4,0,float
,2013,eaba,13eabarpa03,reph,,2013-06-30,searcher,4,4,float
,2013,eaba,13eabarps02,reph,,2013-06-30,searcher,4,,lay
,2013,eaba,13eabarpl02,reph,,2013-07-09,searcher,4,,lay
,2014,coat,14coatrpss02,reph,sshulte,2014-06-18,searcher,4,3,float
,2014,coat,14coatrpsf01,reph,sflemming,2014-06-16,searcher,4,4.4,float
,2013,eaba,13eabarpe03,reph,,2013-07-04,searcher,4,8,float
,2013,eaba,13eabarpa06,reph,,2013-07-10,searcher,4,8,float
,2013,eaba,13eabarpe08,reph,,2013-07-11,searcher,4,0,float
,2013,eaba,13eabarpe06,reph,,2013-07-10,searcher,3,,lay
,2013,eaba,13eabarpe09,reph,,2013-07-14,searcher,4,4,float
,2013,eaba,13eabarpa07,reph,,2013-07-15,searcher,4,9,float
,2014,coat,14coatrpss01,reph,sshulte,2014-06-15,searcher,4,3.5,float
,2014,coat,14coatrpbw01,reph,bwinn,2014-06-27,searcher,4,10.2,float
,2014,coat,14coatdusf07,dunl,sflemming,2014-06-25,searcher,4,6.2,float
,2014,coat,14coatduss03,dunl,sshulte,2014-06-22,searcher,4,6.2,float
,2014,coat,14coatrpkr01,reph,kreischke,2014-07-02,searcher,4,8.9,float
,2014,coat,14coatdukr02,dunl,kreischke,2014-07-08,searcher,4,12.5,float
,2014,coat,14coatdusf01,dunl,sflemming,2014-07-05,searcher,4,,float
,2014,coat,14coatdusn01,dunl,sneima,2014-06-17,searcher,4,4,float
,2014,coat,14coatdukr01,dunl,kreischke,2014-06-16,searcher,4,-3.3,float
,2013,eaba,13eabarpe07,reph,,2013-07-11,searcher,4,0,float
,2013,eaba,13eabarpe05,reph,,2013-07-10,searcher,4,9,float
,2013,eaba,13eabarpe01,reph,,2013-07-01,searcher,4,,lay
,2013,eaba,13eabarps01,reph,,2013-06-28,searcher,4,0,float
4.08,2004,barr,04barrreph340,reph,norwood,2004-07-02,single,4,13,float
,2014,chur,14chur14whim26,whim,jperz,2014-06-27,searcher,4,8,float
,2014,chur,14chur14whim28,whim,jperz,2014-06-29,searcher,3,3,float
,2011,made,11madekn-09-2011,whim,knuyaviak,2011-06-21,searcher,3,12,float
,2010,made,10madewhim006,whim,lpirie,2010-06-21,searcher,4,22,float
,2010,made,10madewhim003,whim,lpirie,2010-06-13,searcher,4,15,float
,2010,made,10madewhim007,whim,lpirie,2010-06-23,searcher,4,26,float
,2010,made,10madewhim010,whim,ejones,2010-06-30,searcher,4,,hatch
5.03,2014,made,14madelb03whim,whim,lbachellier,2014-06-10,searcher,4,,lay
1.02,2013,made,13madekb05whim,whim,kbeckmann,2013-06-14,searcher,4,,lay
4.12,2014,made,14madefs25whim,whim,fsmith,2014-06-23,searcher,4,13,float
,2011,made,11madelp-17-2011,whim,lpirie,2011-06-12,searcher,3,16,float
1.04,2012,made,12madelp-04,whim,lpirie,2012-06-09,searcher,2,,
1.37,2012,made,12madekb-04,whim,kbeckmann,2012-06-11,searcher,3,,
1.49,2012,made,12madekb-09,whim,kbeckmann,2012-06-14,searcher,3,,
2.04,2013,made,13madegm09whim,whim,gmccune,2013-06-20,searcher,4,15,float
4.04,2014,made,14madefs07whim,whim,fsmith,2014-06-11,searcher,3,,
5.02,2014,made,14madelb02whim,whim,lbachellier,2014-06-10,searcher,3,,lay
,2013,burn,13burnwhimmb02,whim,mburrell,2013-06-15,searcher,4,24,float
,2013,burn,13burnwhimmp10,whim,mpeck,2013-06-17,searcher,4,,
,2013,burn,13burnwhimmb06,whim,mburrell,2013-06-18,searcher,4,7,float
,2013,burn,13burnwhimmp12,whim,mpeck,2013-06-17,searcher,4,15,float
,2013,burn,13burnwhimmb03,whim,mburrell,2013-06-17,searcher,4,15,float
,2013,burn,13burnwhimmb05,whim,mburrell,2013-06-18,searcher,4,7,float
,2013,burn,13burnwhimmp04,whim,mpeck,2013-06-13,searcher,4,,
,2013,burn,13burnwhimmp16,whim,mpeck,2013-06-18,searcher,4,18,float
,2013,burn,13burnwhimmp07,whim,mpeck,2013-06-15,searcher,4,16,float
,2014,burn,14burnwhimlp02,whim,lpollock,2014-06-19,searcher,1,,
,2014,burn,14burnwhimlp03,whim,lpollock,2014-06-20,searcher,4,3,float
2.08,2011,chur,11chur11du08,dunl,clishman,2011-06-14,searcher,4,,hatch
1.12,2012,chur,12chur12whim12,whim,acorkery,2012-06-04,searcher,4,,lay
,2013,chur,13chur13whim42g,whim,fsanders,2013-06-22,searcher,4,18,float
,2014,chur,14chur14whim13,whim,jperz,2014-06-18,searcher,4,7,float
,2011,chur,11churwhim03,whim,H.Specht,2011-06-17,searcher,4,5,float
,2011,chur,11churwhim15,whim,NRS,2011-06-25,searcher,4,15,float
1.03,2012,chur,12chur12whim03,whim,ajohnson,2012-06-06,searcher,4,,lay
,2013,chur,13chur13whim33g,whim,ajohnson,2013-06-20,searcher,4,2,float
1.01,2012,chur,12chur12whim01,whim,ajohnson,2012-06-06,searcher,4,,lay
1.14,2012,chur,12chur12whim14,whim,ajohnson,2012-06-11,searcher,3,1,float
,2013,chur,13chur13whim24g,whim,ajohnson,2013-06-15,searcher,3,14,float
1.09,2012,chur,12chur12whim09,whim,lmckinnon,2012-06-08,searcher,4,,lay
1.17,2012,chur,12chur12whim17,whim,ajohnson,2012-06-14,searcher,4,1,float
1.31,2012,chur,12chur12whim31,whim,ajohnson,2012-06-22,searcher,4,,
1.3,2012,chur,12chur12whim30,whim,ajohnson,2012-06-21,searcher,4,17,float
,2011,chur,11churwhim01,whim,MHM,2011-06-14,searcher,3,5,float
,2014,chur,14chur14whim07,whim,jperz,2014-06-16,searcher,2,,lay
1.34,2012,chur,12chur12whim34,whim,ajohnson,2012-06-24,searcher,2,,hatch
,2013,chur,13chur13whim01,whim,jperz,2013-06-04,searcher,4,,lay
,2013,chur,13chur13whim27,whim,ajohnson,2013-06-17,searcher,4,,lay
,2013,chur,13chur13whim12,whim,ajohnson,2013-06-10,searcher,4,6,float
,2014,chur,14chur14whim11,whim,jperz,2014-06-17,searcher,3,2,float
,2013,chur,13chur13whim49,whim,jperz,2013-06-28,searcher,4,,hatch
,2013,chur,13chur13whim22,whim,ajohnson,2013-06-15,searcher,4,14,float
,2011,eaba,11eababbv01,bbpl,,2011-06-24,searcher,4,2,float
,2011,eaba,11eababbh02,bbpl,,2011-07-02,searcher,3,6,float
,2013,eaba,13eababba05,bbpl,,2013-07-03,searcher,4,1,float
1.17,2012,eaba,12eababbm02,bbpl,mmccloskey,2012-06-30,searcher,4,9,float
1.19,2012,eaba,12eababbm03,bbpl,mmccloskey,2012-07-04,searcher,4,4,float
,2012,eaba,12eababba01,bbpl,akprimeau,2012-06-24,searcher,4,3,float
5.15,2006,barr,06barrlbdo260,lbdo,lebouard,2006-06-25,rope,4,8,float
5.09,2006,barr,06barrlbdo354,lbdo,fontaine,2006-06-24,single,4,6,float
5.19,2007,barr,07barrlbdo149,lbdo,rankin,2007-06-27,rope,3,3,float
,2010,bylo,10byloamgpjfl03,amgp,jflamarre,2010-06-19,incidental,4,3,float
,2010,bylo,10byloamgpjfl09,amgp,jflamarre,2010-07-01,incidental,4,6.5,float
,2010,bylo,10byloamgpjb01,amgp,jbety,2010-07-01,incidental,4,10,float
,2010,bylo,10bylonipluvbr,amgp,jbety,2010-07-01,incidental,4,11,float
,2010,bylo,10byloamgpjb04,amgp,jbety,2010-07-02,incidental,4,8,float
,2010,bylo,10byloamgpejf01,amgp,jflamarre,2010-07-02,incidental,4,5,float
,2010,bylo,10byloamgpvl01,amgp,vlamarre,2010-06-29,incidental,4,20,float
,2010,bylo,10byloamgpjfl05,amgp,jflamarre,2010-06-25,incidental,4,9,float
,2010,bylo,10byloamgppb01,amgp,pbertrand,2010-06-20,incidental,4,1,float
,2010,bylo,10byloamgppb03,amgp,pbertrand,2010-06-22,incidental,4,3,float
,2010,bylo,10byloamgpjfl07,amgp,jflamarre,2010-06-28,incidental,4,8,float
,2011,bylo,11byloamgpcj01,amgp,cdoucet,2011-06-20,incidental,4,,lay
,2010,bylo,10byloamgpjfl06,amgp,jflamarre,2010-06-25,incidental,4,5,float
,2009,bylo,09byloamgpjfl04,amgp,jflamarre,2009-07-06,systematic search,4,16,float
,2009,bylo,09byloamgpjfl02,amgp,jflamarre,2009-06-26,systematic search,4,9,float
,2014,cakr,14cakrbltu161,bltu,jhughey,2014-06-20,bander,1,8,float
,2014,cakr,14cakrbltu163,bltu,jhughey,2014-06-20,bander,4,19,float
3.13,2006,barr,06barrlbdo901,lbdo,trask,2006-07-12,bander,4,11,float
1.34,2008,barr,08barrlbdo164,lbdo,phsu,2008-07-02,rope,4,,lay
6.27,2007,barr,07barrlbdo137,lbdo,rankin,2007-06-25,rope,4,12,float
11.29,2008,barr,08barrlbdo343,lbdo,ganx,2008-06-26,rope,4,,lay
14.15,2009,barr,09barramgp774,amgp,fchevreux,2009-07-03,rope,4,,lay
11.03,2008,barr,08barrlbdo329,lbdo,ganx,2008-06-22,single,4,12,float
7.09,2008,barr,08barrlbdo261,lbdo,dpavlik,2008-06-29,rope,4,9,float
3.05,2008,barr,08barrlbdo828,lbdo,dpavlik,2008-06-26,rope,4,4,float
6.26,2008,barr,08barrlbdo254,lbdo,dpavlik,2008-06-27,rope,4,9,float
1.3,2007,barr,07barrlbdo339,lbdo,haase,2007-07-03,bander,4,7,float
6.19,2008,barr,08barrlbdo130,lbdo,phsu,2008-06-22,single,4,,lay
,2013,barr,13barrlbdo277,lbdo,lrensel,2013-06-25,searcher,4,10,float
12.06,2008,barr,08barrlbdo278,lbdo,dpavlik,2008-07-05,single,4,2,float
10.12,2007,barr,07barrlbdo249,lbdo,d.taylor,2007-06-27,rope,4,16,float
3.25,2010,barr,10barrlbdo622,lbdo,myang,2010-06-24,single,4,1,float
16.23,2010,barr,10barrlbdo254,lbdo,rdugan,2010-07-06,single,4,8,float
1.28,2007,barr,07barrlbdo546,lbdo,choi,2007-06-29,rope,4,,lay
1.1,2007,barr,07barrlbdo135,lbdo,rankin,2007-06-24,single,3,6,float
1.06,2008,barr,08barrlbdo225,lbdo,dpavlik,2008-06-18,single,4,,lay
3.1,2008,barr,08barrlbdo515,lbdo,jchoi,2008-06-26,bander,4,,lay
10.03,2010,barr,10barrlbdo420,lbdo,ehsu,2010-06-30,rope,4,,lay
3.31,2010,barr,10barrlbdo222,lbdo,rdugan,2010-06-27,rope,4,,lay
1.2,2009,barr,09barrlbdo457,lbdo,cgovernali,2009-06-30,single,4,,lay
5.09,2009,barr,09barrlbdo769,lbdo,fchevreux,2009-07-01,single,4,12,float
7.04,2008,barr,08barrlbdo256,lbdo,dpavlik,2008-06-29,single,4,,lay
7.05,2008,barr,08barrlbdo257,lbdo,dpavlik,2008-06-29,single,4,2,float
6.34,2008,barr,08barrlbdo242,lbdo,dpavlik,2008-06-27,rope,4,9,float
10.07,2007,barr,07barrlbdo333,lbdo,haase,2007-06-26,rope,4,7,float
10.24,2007,barr,07barrlbdo921,lbdo,chiang,2007-07-01,single,4,,lay
10.27,2007,barr,07barrlbdo547,lbdo,choi,2007-07-09,bander,3,10,float
1.32,2008,barr,08barrlbdo163,lbdo,phsu,2008-07-02,rope,4,3,float
17.49,2011,barr,11barrlbdo171,lbdo,jcunningham,2011-06-25,searcher,4,1,float
,2013,barr,13barrlbdo093,lbdo,rlanctot,2013-06-28,bander,4,11,float
,2013,barr,13barrlbdo095,lbdo,rlanctot,2013-06-30,bander,4,0,float
,2013,barr,13barrlbdo286,lbdo,bkaselow,2013-06-23,searcher,4,8,float
,2013,burn,13burnkilljb01,kill,jbelliveau,2013-06-11,searcher,4,14,float
,2013,iglo,13igloamgp045,amgp,nlecomte,2013-07-10,searcher,4,,
,2013,iglo,13igloamgp042,amgp,nlecomte,2013-07-08,searcher,4,18,float
6.07,2014,ikpi,14ikpi14rlh004,lbdo,rhammond,2014-06-12,rope,4,,
1.26,2011,colv,11colvrutu062,rutu,dpavlik,2011-06-18,searcher,2,19,float
1.1,2012,colv,12colvrutu119,rutu,bwilkinson,2012-06-10,searcher,2,2,float
2.02,2011,colv,11colvrutu065,rutu,dpavlik,2011-06-18,bander,2,10,float
2.26,2012,colv,12colvrutu1015,rutu,dpavlik,2012-07-03,searcher,3,14,float
1.36,2013,colv,13colvrutu145,rutu,bwilkinson,2013-06-16,searcher,3,15,float
1.29,2013,colv,13colvrutu029,rutu,scarvey,2013-06-16,searcher,4,3,float
1.05,2014,colv,14colvrutu211,rutu,tdonnelly,2014-06-10,searcher,4,0,float
2.16,2013,colv,13colvrutu157,rutu,bwilkinson,2013-06-19,searcher,4,11,float
2.17,2013,colv,13colvrutu158,rutu,bwilkinson,2013-06-19,searcher,4,9,float
2.21,2013,colv,13colvrutu063,rutu,scarvey,2013-06-20,searcher,4,9,float
15.45,2012,barr,12barrlbdo687,lbdo,mmcconnell,2012-06-27,rope,4,2,float
5.21,2011,barr,11barrlbdo492,lbdo,abankert,2011-07-05,searcher,3,10,float
12.37,2011,barr,11barrlbdo575,lbdo,pherzog,2011-07-01,rope,4,10,float
14.37,2012,barr,12barrlbdo258,lbdo,pherzog,2012-06-26,searcher,4,8,float
2.53,2012,barr,12barrlbdo649,lbdo,mmcconnell,2012-06-18,searcher,4,,lay
12.11,2011,barr,11barrlbdo194,lbdo,jcunningham,2011-06-28,rope,4,6,float
5.31,2011,barr,11barrlbdo628,lbdo,adoll,2011-07-20,bander,2,14,float
,2014,cakr,14cakrbltu162,bltu,mmcconnell,2014-06-20,bander,4,9,float
7.02,2012,cakr,12cakrbltu106,bltu,mvanderheyden,2012-06-07,searcher,4,2,float
3.27,2012,cakr,12cakrlbdo224,lbdo,edastous,2012-06-11,incidental,4,0,float
16.01,2012,barr,12barrlbdo284,lbdo,dsaalfeld,2012-07-01,rope,4,,lay
4.07,2012,barr,12barrlbdo493,lbdo,bverheijen,2012-07-01,rope,4,7,float
9.53,2012,barr,12barrlbdo104,lbdo,jcunningham,2012-06-21,bander,4,,lay
6.43,2012,barr,12barrlbdo008,lbdo,rlanctot,2012-06-30,bander,4,2,float
,2013,barr,13barrlbdo342,lbdo,fstetler,2013-06-30,rope,4,14,float
,2014,chur,14chur14sbdo03w,sbdo,jperz,2014-06-22,searcher,3,3,float
,2014,chur,14chur14sbdo02l,sbdo,codwyer,2014-06-17,searcher,4,10,float
,2014,chur,14chur14sbdo04w,sbdo,cmurchison,2014-07-05,searcher,3,,hatch
,2014,chur,14chur14sbdo01w,sbdo,jperz,2014-06-13,searcher,3,0,float
,2014,chur,14chur14sbdo102d,sbdo,gholmes,2014-06-21,searcher,4,6,float
642,2014,cari,14cari642sesa,sesa,idavies,2014-06-14,incidental,4,3,float
410,2014,cari,14cari410sesa,sesa,bhiggins,2014-06-13,incidental,4,0,float
156,2014,cari,14cari156rnph,rnph,sfreeman,2014-06-25,incidental,4,2,float
506,2014,cari,14cari506sesa,sesa,mcorrell,2014-06-26,incidental,4,-2,float
466,2014,cari,14cari466rnph,rnph,bhiggins,2014-06-27,incidental,4,13,float
502,2014,cari,14cari502rnph,rnph,mcorrell,2014-06-24,incidental,4,11,float
513,2014,cari,14cari513rnph,rnph,mcorrell,2014-06-30,incidental,4,3,float
452,2014,cari,14cari452rnph,rnph,bhiggins,2014-06-23,incidental,4,5,float
472,2014,cari,14cari472rnph,rnph,bhiggins,2014-07-01,incidental,4,2,float
768,2014,cari,14cari768sesa,sesa,idavies,2014-06-29,incidental,4,0,float
624,2013,cari,13cari624sesa,sesa,idavies,2013-06-14,incidental,4,2,float
421,2013,cari,13cari421sesa,sesa,bhiggins,2013-06-18,incidental,4,0,float
520,2013,cari,13cari520sesa,sesa,rchurchwell,2013-06-18,incidental,4,3,float
744,2014,cari,14cari744sesa,sesa,idavies,2014-06-26,incidental,4,8,float
404,2013,cari,13cari404sesa,sesa,bhiggins,2013-06-13,incidental,4,-1,float
647,2013,cari,13cari647sesa,sesa,idavies,2013-06-20,incidental,4,3,float
211,2014,cari,14cari211sesa,sesa,cmontgomerie,2014-06-14,incidental,4,-1,float
776,2014,cari,14cari776rnph,rnph,idavies,2014-06-30,incidental,4,8,float
780,2014,cari,14cari780rnph,rnph,idavies,2014-07-01,incidental,4,2,float
802,2014,cari,14cari802rnph,rnph,idavies,2014-07-04,incidental,4,8,float
,2014,coat,14coatbbsn02,bbpl,sneima,2014-07-01,searcher,4,14.2,float
,2014,chur,14chur14hugo02w,hugo,jperz,2014-06-14,searcher,3,,lay
,2012,chur,12chur12hugo02w,hugo,jperz,2012-06-10,searcher,4,,
1.06,2013,made,13madekb10hugo,hugo,kbeckmann,2013-06-19,searcher,3,,lay
,2014,chur,14chur14hugo03w,hugo,cmurchison,2014-06-16,searcher,4,19,float
73,2010,nome,10nome10rnphbs05,rnph,bschwarz,2010-06-13,searcher,4,6,float
,2013,nome,13nome13rnph424,rnph,wenglish,2013-06-17,searcher,4,,lay
,2012,nome,12nome12rnphmh31,rnph,mharing,2012-06-06,searcher,4,,lay
52,2010,nome,10nome10rnphnh02,rnph,nhentze,2010-06-08,searcher,4,2,float
75,2010,nome,10nome10rnphbs04,rnph,bschwarz,2010-06-13,searcher,3,2,float
93,2010,nome,10nome10rnphsf01,rnph,sfranks,2010-06-25,searcher,4,14,float
,2011,nome,11nome11rnphee68,rnph,eescajeda,2011-06-22,searcher,4,13,float
,2012,nome,12nome12rnphwe28,rnph,wenglish,2012-06-10,searcher,4,,hatch
,2013,nome,13nome13rnph135,rnph,ebkwon,2013-07-06,searcher,4,12,float
91,2010,nome,10nome10rnphbs07,rnph,bschwarz,2010-06-21,bander,4,0,float
99,2010,nome,10nome10rnphsf05,rnph,sfranks,2010-06-29,searcher,4,6,float
,2011,nome,11nome11rnphmw41,rnph,mwilson,2011-06-25,searcher,3,,hatch
c.25,2011,nome,11nome11sesamw16,sesa,mwilson,2011-05-31,searcher,4,2,float
w.41,2011,nome,11nome11wesawe11,wesa,wenglish,2011-05-30,searcher,4,6,float
c.32,2011,nome,11nome11sesate14,sesa,tesson,2011-06-08,searcher,2,,lay
,2011,nome,11nome11rnphwe18,rnph,wenglish,2011-06-02,searcher,4,8,float
,2011,nome,11nome11rnphwe16,rnph,wenglish,2011-05-31,searcher,4,0,float
,2011,nome,11nome11rnphwe19,rnph,wenglish,2011-06-02,searcher,4,0,float
,2012,nome,12nome12rnphsf47,rnph,sfranks,2012-06-22,searcher,4,15,float
,2013,nome,13nome13rnph323,rnph,triecke,2013-06-05,searcher,4,1,float
,2011,nome,11nome11rnphwe27,rnph,wenglish,2011-06-09,searcher,3,12,float
,2013,nome,13nome13rnph032,rnph,dborden,2013-06-24,searcher,4,,lay
,2011,nome,11nome11rnphmw30,rnph,mwilson,2011-06-09,searcher,4,2,float
,2011,nome,11nome11rnphmw27,rnph,mwilson,2011-06-05,searcher,3,13,float
,2011,nome,11nome11rnphree54,rnph,eescajeda,2011-06-14,searcher,4,9,float
,2012,nome,12nome12rnphmh63,rnph,mharing,2012-06-18,searcher,4,8,float
,2011,nome,11nome11rnphee73,rnph,eescajeda,2011-06-27,searcher,2,17,float
,2011,nome,11nome11rnphee71,rnph,eescajeda,2011-06-24,searcher,4,10,float
,2011,nome,11nome11rnphwe33,rnph,wenglish,2011-06-13,searcher,4,,hatch
,2012,nome,12nome12rnphmh66,rnph,mharing,2012-06-19,searcher,4,12,float
,2011,nome,11nome11rnphwe36,rnph,wenglish,2011-06-21,searcher,4,4,float
,2011,nome,11nome11rnphwe25,rnph,wenglish,2011-06-08,searcher,4,3,float
,2012,nome,12nome12rnphmh39,rnph,mharing,2012-06-08,searcher,4,4,float
,2012,nome,12nome12rnphsf11,rnph,sfranks,2012-06-05,searcher,3,6,float
,2011,nome,11nome11rnphmw23,rnph,mwilson,2011-06-02,searcher,4,6,float
,2011,nome,11nome11rnphwe38,rnph,wenglish,2011-07-04,searcher,,,hatch
,2011,nome,11nome11rnphee22,rnph,eescajeda,2011-06-01,searcher,4,0,float
,2011,nome,11nome11rnphek18,rnph,ekwon,2011-06-11,searcher,3,,lay
,2011,nome,11nome11rnphwe26,rnph,wenglish,2011-06-09,searcher,4,9,float
,2013,nome,13nome13rnph029,rnph,dborden,2013-06-19,searcher,4,3,float
,2011,nome,11nome11rnphmw37,rnph,mwilson,2011-06-17,searcher,4,0,float
e.38,2012,nome,12nome12wesawe30,wesa,wenglish,2012-06-12,searcher,4,11,float
w.07,2011,nome,11nome11sesaee14,sesa,eescajeda,2011-05-29,searcher,4,2,float
e.23,2013,nome,13nome13sesa216,sesa,sfranks,2013-06-05,searcher,4,6,float
c.30,2014,nome,14nomesesa130,sesa,dhodkinson,2014-06-08,searcher,4,,lay
e.47,2012,nome,12nome12wesasf40,wesa,sfranks,2012-06-18,searcher,4,,hatch
e.45,2012,nome,12nome12sesasf37,sesa,sfranks,2012-06-17,searcher,4,11,float
e.29,2013,nome,13nome13sesa221,sesa,sfranks,2013-06-05,searcher,4,,lay
e.25,2011,nome,11nome11sesaee38,sesa,bsandercock,2011-06-04,searcher,4,8,float
c.15,2011,nome,11nome11sesaee45,sesa,eescajeda,2011-06-09,searcher,4,11,float
w.29,2012,nome,12nome12wesamh30,wesa,mharing,2012-06-05,searcher,3,10,float
e.29,2011,nome,11nome11sesaee47,sesa,eescajeda,2011-06-11,searcher,4,,hatch
e.30,2011,nome,11nome11sesaee48,sesa,eescajeda,2011-06-11,searcher,4,11,float
c.47,2011,nome,11nome11sesawe23,sesa,wenglish,2011-06-06,searcher,4,9,float
e.49,2011,nome,11nome11wesamw09,wesa,mwilson,2011-05-29,searcher,4,4,float
e.51,2011,nome,11nome11sesamw13,sesa,mwilson,2011-05-30,searcher,4,5,float
c.40,2011,nome,11nome11sesawe12,sesa,wenglish,2011-05-30,searcher,4,3,float
e.53,2011,nome,11nome11wesamw20,wesa,mwilson,2011-06-02,searcher,4,6,float
e.54,2011,nome,11nome11sesamw21,sesa,mwilson,2011-06-02,searcher,4,6,float
,2011,nome,11nome11rnphee33,rnph,eescajeda,2011-06-02,searcher,4,8,float
,2012,nome,12nome12rnphsf09,rnph,sfranks,2012-06-02,searcher,4,3,float
,2011,nome,11nome11rnphek16,rnph,ekwon,2011-06-08,searcher,4,0,float
,2012,nome,12nome12rnphwe23,rnph,wenglish,2012-06-07,searcher,3,,lay
w.28,2011,nome,11nome11sesamw35,sesa,mwilson,2011-06-10,searcher,4,13,float
,2012,nome,12nome12rnphwe22,rnph,wenglish,2012-06-06,searcher,4,10,float
,2011,nome,11nome11rnphmw36,rnph,mwilson,2011-06-15,searcher,3,8,float
,2011,nome,11nome11rnphee58,rnph,eescajeda,2011-06-16,searcher,4,12,float
,2011,nome,11nome11rnphee61,rnph,eescajeda,2011-06-17,searcher,4,12,float
,2011,nome,11nome11rnphee64,rnph,eescajeda,2011-06-19,searcher,4,12,float
,2011,nome,11nome11rnphee53,rnph,eescajeda,2011-06-14,searcher,4,6,float
,2013,nome,13nome13rnph426,rnph,wenglish,2013-06-13,searcher,4,8,float
,2012,nome,12nome12rnphmh57,rnph,mharing,2012-06-15,searcher,3,,lay
,2011,nome,11nome11rnphmw40,rnph,mwilson,2011-06-23,searcher,4,0,float
,2011,nome,11nome11rnphte23,rnph,tesson,2011-06-22,searcher,4,13,float
,2013,nome,13nome13rnph405,rnph,wenglish,2013-06-07,searcher,4,4,float
,2012,nome,12nome12rnphwe14,rnph,wenglish,2012-06-03,searcher,4,7,float
,2011,nome,11nome11rnphee65,rnph,eescajeda,2011-06-21,searcher,4,0,float
,2011,nome,11nome11rnphee72,rnph,eescajeda,2011-06-26,searcher,4,4,float
,2011,nome,11nome11rnphee67,rnph,eescajeda,2011-06-22,searcher,4,9,float
,2011,nome,11nome11rnphwe35,rnph,wenglish,2011-06-17,searcher,3,0,float
,2012,nome,12nome12rnphwe25,rnph,wenglish,2012-06-08,searcher,4,,lay
,2011,nome,11nome11rnphwe37,rnph,wenglish,2011-06-22,searcher,4,18,float
20,2010,nome,10nome10rnphnh01,rnph,nhentze,2010-06-01,searcher,4,7,float
4,2010,nome,10nome10wesanh02,wesa,nhentze,2010-05-26,searcher,3,4,float
c.03,2014,nome,14nomewesa103,wesa,dhodkinson,2014-05-25,searcher,4,2,float
c.22,2011,nome,11nome11sesamw01,sesa,mwilson,2011-05-24,searcher,3,5,float
21,2010,nome,10nome10sesabs01,sesa,bschwarz,2010-05-30,searcher,4,2,float
c.47,2012,nome,12nome12wesasf42,wesa,sfranks,2012-06-21,searcher,3,5,float
62,2010,nome,10nome10wesanh16,wesa,nhentze,2010-06-10,searcher,4,9,float
c.37,2011,nome,11nome11sesate26,sesa,tesson,2011-06-30,searcher,4,,hatch
e.67,2011,nome,11nome11sesawe09,sesa,wenglish,2011-05-28,searcher,3,0,float
e.13,2011,nome,11nome11sesaee17,sesa,eescajeda,2011-05-30,searcher,3,,lay
77,2010,nome,10nome10rnphnh06,rnph,nhentze,2010-06-13,searcher,2,15,float
c.53,2011,nome,11nome11sesawe30,sesa,wenglish,2011-06-10,searcher,4,1,float
,2012,nome,12nome12rnphwe45,rnph,wenglish,2012-06-24,searcher,4,17,float
55,2010,nome,10nome10rnphnh04,rnph,nhentze,2010-06-10,searcher,4,5,float
c.20,2014,nome,14nomesesa010,sesa,ekwon,2014-06-01,searcher,2,5,float
w.15,2011,nome,11nome11sesaek12,sesa,ekwon,2011-06-01,searcher,4,3,float
83,2010,nome,10nome10rnphbs06,rnph,bschwarz,2010-06-18,searcher,4,13,float
c.07,2014,nome,14nomewesa302,wesa,eweiser,2014-05-26,searcher,4,1,float
c.20,2011,nome,11nome11wesaek10,wesa,bsandercock,2011-05-31,searcher,3,,hatch
,2011,nome,11nome11rnphte19,rnph,tesson,2011-06-09,searcher,3,0,float
76,2010,nome,10nome10rnphnh05,rnph,nhentze,2010-06-13,searcher,2,13,float
74,2010,nome,10nome10rnphij02,rnph,ijong,2010-06-13,searcher,4,7,float
,2013,nome,13nome13rnph024,rnph,dborden,2013-06-17,searcher,4,12,float
,2012,nome,12nome12rnphsf28,rnph,sfranks,2012-06-13,searcher,4,1,float
e.07,2014,nome,14nomewesa108,wesa,dhodkinson,2014-05-26,searcher,4,1,float
15,2010,nome,10nome10wesabs05,wesa,bschwarz,2010-05-29,searcher,4,5,float
e.21,2013,nome,13nome13wesa011,wesa,dborden,2013-06-05,searcher,4,7,float
87,2010,nome,10nome10wesabs14,wesa,bschwarz,2010-06-19,searcher,4,,hatch
c.09,2011,nome,11nome11sesaee28,sesa,eescajeda,2011-06-02,searcher,3,7,float
e.10,2012,nome,12nome12sesasf06,sesa,sfranks,2012-05-31,searcher,3,,
e.41,2012,nome,12nome12sesasf26,sesa,sfranks,2012-06-11,searcher,4,1,float
w.19,2011,nome,11nome11wesamw02,wesa,mwilson,2011-05-25,searcher,4,0,float
w.29,2011,nome,11nome11wesamw36,wesa,mwilson,2011-06-13,searcher,4,6,float
,2011,nome,11nome11rnphmw39,rnph,mwilson,2011-06-22,searcher,4,14,float
88,2010,nome,10nome10rnphts01,rnph,tstclair,2010-06-25,searcher,4,3,float
78,2010,nome,10nome10rnphnh07,rnph,nhentze,2010-06-15,searcher,4,2,float
,2012,nome,12nome12rnphek21,rnph,ekwon,2012-06-17,searcher,4,3,float
,2013,nome,13nome13rnph119,rnph,ebkwon,2013-06-12,searcher,4,,lay
98,2010,nome,10nome10sesats05,sesa,tstclair,2010-06-28,searcher,2,,hatch
94,2010,nome,10nome10rnphsf02,rnph,sfranks,2010-06-28,searcher,4,5,float
,2012,nome,12nome12rnphmh71,rnph,mharing,2012-06-22,searcher,4,2,float
,2013,nome,13nome13rnph430,rnph,wenglish,2013-06-18,searcher,4,14,float
95,2010,nome,10nome10rnphsf03,rnph,sfranks,2010-06-28,searcher,4,9,float
e.57,2014,nome,14nomesesa168,sesa,dhodkinson,2014-06-22,searcher,3,6,float
e.38,2011,nome,11nome11sesaee70,sesa,eescajeda,2011-06-25,searcher,4,10,float
w.42,2012,nome,12nome12sesaek17,sesa,ekwon,2012-06-13,searcher,4,9,float
c.30,2013,nome,13nome13sesa110,sesa,ebkwon,2013-06-06,searcher,4,3,float
c.13,2013,nome,13nome13sesa316,sesa,triecke,2013-06-05,searcher,4,1,float
3.12,2014,made,14madeca27sesa,sesa,canderson,2014-06-28,searcher,3,0,float
1.16,2014,made,14madetk38rnph,rnph,tkydd,2014-06-28,searcher,4,9,float
4.15,2014,made,14madefs28rnph,rnph,fsmith,2014-06-21,searcher,4,0,float
4.18,2014,made,14madefs33sesa,sesa,fsmith,2014-06-25,searcher,4,12,float
4.17,2014,made,14madefs32sesa,sesa,fsmith,2014-06-25,searcher,4,12,float
3.1,2014,made,14madeca23sesa,sesa,canderson,2014-06-25,searcher,4,12,float
1.09,2014,made,14madetk24sesa,sesa,tkydd,2014-06-25,searcher,4,12,float
3.09,2014,made,14madeca22sesa,sesa,canderson,2014-06-25,searcher,4,12,float
1.07,2014,made,14madetk23rnph,rnph,tkydd,2014-06-25,searcher,4,14,float
1.03,2014,made,14madetk12rnph,rnph,tkydd,2014-06-15,searcher,4,,lay
1.02,2014,made,14madetk11rnph,rnph,tkydd,2014-06-15,searcher,4,,lay
5.07,2014,made,14madelb13sesa,sesa,lbachellier,2014-06-20,searcher,4,9,float
3.06,2014,made,14madeca18sesa,sesa,canderson,2014-06-20,searcher,4,11,float
4.09,2014,made,14madefs21sesa,sesa,fsmith,2014-06-20,searcher,4,10,float
5.1,2014,made,14madelb18rnph,rnph,lbachellier,2014-06-21,searcher,4,12,float
1.2,2014,made,14madetk42rnph,rnph,tkydd,2014-07-02,searcher,4,,hatch
4.11,2014,made,14madefs29rnph,rnph,fsmith,2014-06-21,searcher,3,9,float
1.14,2014,made,14madetk35rnph,rnph,tkydd,2014-06-27,searcher,4,12,float
3.13,2014,made,14madeca29rnph,rnph,canderson,2014-06-29,searcher,4,14,float
3.14,2014,made,14madeca30rnph,rnph,canderson,2014-06-29,searcher,4,0,float
3.15,2014,made,14madeca31rnph,rnph,canderson,2014-06-29,searcher,4,11,float
1.1,2014,made,14madetk29sesa,sesa,tkydd,2014-06-25,searcher,4,5,float
4.2,2014,made,14madefs34sesa,sesa,fsmith,2014-06-27,searcher,4,11,float
1.15,2014,made,14madetk37rnph,rnph,tkydd,2014-06-28,searcher,4,12,float
3.11,2014,made,14madeca25rnph,rnph,canderson,2014-06-27,searcher,4,12,float
4.23,2014,made,14madefs38rnph,rnph,fsmith,2014-06-29,searcher,4,13,float
1.18,2014,made,14madetk40rnph,rnph,tkydd,2014-06-29,searcher,4,2,float
4.24,2014,made,14madefs39rnph,rnph,fsmith,2014-07-02,searcher,4,15,float
5.15,2014,made,14madelb26rnph,rnph,lbachellier,2014-07-04,searcher,4,16,float
5.16,2014,made,14madelb27rnph,rnph,lbachellier,2014-07-04,searcher,2,17,float
2.04,2014,made,14madepw31rnph,rnph,pwoodard,2014-07-02,searcher,3,,hatch
2.06,2014,made,14madepw30sesa,sesa,pwoodard,2014-07-02,searcher,4,,hatch
c.52,2011,nome,11nome11sesate18,sesa,tesson,2011-06-09,searcher,4,3,float
c.18,2011,nome,11nome11sesaek07,sesa,ekwon,2011-05-29,searcher,4,1,float
c.21,2011,nome,11nome11sesaek11,sesa,bsandercock,2011-05-31,searcher,4,6,float
e.13,2014,nome,14nomewesa118,wesa,dhodkinson,2014-05-28,searcher,2,,
w.23,2011,nome,11nome11wesamw18,wesa,mwilson,2011-06-01,searcher,4,4,float
c.44,2011,nome,11nome11sesawe20,sesa,wenglish,2011-06-05,searcher,4,15,float
e.44,2011,nome,11nome11wesaek20,wesa,ekwon,2011-06-14,searcher,4,,hatch
w.17,2011,nome,11nome11sesaek21,sesa,ekwon,2011-06-15,searcher,4,12,float
,2013,nome,13nome13rnph021,rnph,dborden,2013-06-16,searcher,4,16,float
,2012,nome,12nome12rnphwe36,rnph,wenglish,2012-06-15,searcher,4,14,float
,2013,nome,13nome13rnph023,rnph,dborden,2013-06-16,searcher,4,8,float
,2012,nome,12nome12rnphwe39,rnph,wenglish,2012-06-17,searcher,4,13,float
,2012,nome,12nome12rnphek20,rnph,ekwon,2012-06-17,searcher,4,9,float
,2012,nome,12nome12rnphmh53,rnph,mharing,2012-06-13,searcher,4,0,float
,2012,nome,12nome12rnphsf34,rnph,sfranks,2012-06-16,searcher,4,9,float
,2012,nome,12nome12rnphek18,rnph,ekwon,2012-06-14,searcher,3,9,float
,2012,nome,12nome12rnphdh33,rnph,dhodkinson,2012-06-16,searcher,4,6,float
,2012,nome,12nome12rnphmh11,rnph,mharing,2012-05-30,searcher,4,0,float
,2013,nome,13nome13rnph416,rnph,wenglish,2013-06-14,searcher,4,13,float
,2012,nome,12nome12rnphmh37,rnph,mharing,2012-06-07,searcher,4,10,float
,2012,nome,12nome12rnphmh38,rnph,mharing,2012-06-07,searcher,4,6,float
,2012,nome,12nome12rnphmh45,rnph,mharing,2012-06-12,searcher,4,,lay
,2012,nome,12nome12rnphwe13,rnph,wenglish,2012-06-03,searcher,3,,lay
,2012,nome,12nome12rnphek12,rnph,ekwon,2012-06-06,searcher,4,7,float
,2012,nome,12nome12rnphwe16,rnph,wenglish,2012-06-04,searcher,4,1,float
,2012,nome,12nome12rnphek22,rnph,ekwon,2012-06-18,searcher,4,16,float
,2012,nome,12nome12rnphmh64,rnph,mharing,2012-06-18,searcher,4,12,float
,2013,nome,13nome13rnph352,rnph,triecke,2013-06-17,searcher,4,11,float
c.61,2014,nome,14nomernph047,rnph,ekwon,2014-06-17,searcher,3,0,float
,2013,nome,13nome13rnph415,rnph,wenglish,2013-06-13,searcher,4,0,float
,2011,nome,11nome11rnphmw34,rnph,mwilson,2011-06-09,searcher,4,11,float
,2012,nome,12nome12rnphsf21,rnph,sfranks,2012-06-08,searcher,4,5,float
,2013,nome,13nome13rnph342,rnph,triecke,2013-06-13,searcher,4,6,float
,2011,nome,11nome11rnphmw33,rnph,mwilson,2011-06-09,searcher,4,21,float
,2011,nome,11nome11rnphmw32,rnph,mwilson,2011-06-09,searcher,4,8,float
,2012,nome,12nome12rnphmh29,rnph,mharing,2012-06-05,searcher,3,6,float
c.23,2011,nome,11nome11wesamw08,wesa,mwilson,2011-05-28,searcher,4,0,float
8.27,2004,barr,04barramgp244,amgp,selvidge,2004-06-30,single,4,10,float
6.28,2004,barr,04barramgp024,amgp,lanctot,2004-06-26,bander,4,1,float
11.01,2004,barr,04barramgp345,amgp,norwood,2004-07-05,single,4,15,float
3.19,2007,barr,07barramgp518,amgp,choi,2007-06-19,single,3,,lay
7.31,2012,barr,12barramgp515,amgp,pherzog,2012-06-11,searcher,4,,lay
,2011,eaba,11eabarth01,rutu,,2011-06-25,searcher,4,8,float
1.49,2013,made,13madefs37amgp,amgp,fsmith,2013-06-28,searcher,4,13,float
,2011,made,11mademm-13-2011,amgp,mmichaud,2011-06-13,searcher,3,13,float
1.33,2012,made,12madelp-02,amgp,lpirie,2012-06-08,searcher,4,,
540,2011,cari,11cari540sesa,sesa,ecorp,2011-06-29,searcher,3,13,float
204,2013,cari,13cari204sesa,sesa,hhelling,2013-06-12,incidental,4,-2,float
717,2012,cari,12cari717sesa,sesa,idavies,2012-06-14,incidental,4,4,float
710,2012,cari,12cari710sesa,sesa,idavies,2012-06-12,incidental,4,0,float
709,2014,cari,14cari709sesa,sesa,idavies,2014-06-22,incidental,4,-1,float
747,2011,cari,11cari747sesa,sesa,rchurchwell,2011-06-23,searcher,4,0,float
513,2012,cari,12cari513sesa,sesa,lkoloski,2012-06-19,rope,4,-1,float
619,2011,cari,11cari619sesa,sesa,rburner,2011-06-16,searcher,4,12,float
310,2011,cari,11cari310sesa,sesa,ohicks,2011-06-20,searcher,4,3,float
412,2012,cari,12cari412sesa,sesa,epierce,2012-06-24,incidental,4,0,float
203,2012,cari,12cari203sesa,sesa,bwinn,2012-06-12,incidental,4,-1,float
709,2010,cari,10carirnph709,rnph,cwoodworth,2010-06-17,incidental,4,8,float
632,2011,cari,11cari632rnph,rnph,rburner,2011-06-23,searcher,4,0,float
819,2010,cari,10carirnph819,rnph,hcraig,2010-06-20,incidental,4,5,float
215,2014,cari,14cari215rnph,rnph,cmontgomerie,2014-06-15,incidental,4,4,float
315,2013,cari,13cari315rnph,rnph,abradley,2013-06-15,incidental,4,-1,float
227,2011,cari,11cari227sesa,sesa,bwinn,2011-06-24,rope,4,12,float
828,2010,cari,10carisesa828,sesa,hcraig,2010-06-25,incidental,4,17,float
113,2010,cari,10carireph113,rnph,skendall,2010-06-26,incidental,4,8,float
,2011,eaba,11eabartm02,rutu,,2011-06-26,searcher,4,6,float
,2011,eaba,11eabarth03,rutu,,2011-07-01,searcher,4,10,float
,2011,eaba,11eabartc01,rutu,,2011-06-29,searcher,4,8,float
,2011,eaba,11eabartc02,rutu,,2011-06-29,searcher,4,,lay
,2011,eaba,11eabarth06,rutu,,2011-07-08,searcher,4,6,float
,2011,eaba,11eabartm04,rutu,,2011-07-09,searcher,4,13,float
,2014,coat,14coatgpbw01,amgp,bwinn,2014-06-15,searcher,4,7.4,float
,2014,coat,14coatgpsf02,amgp,sflemming,2014-07-07,searcher,4,19,float
,2014,coat,14coatrtsf01,rutu,sflemming,2014-06-23,searcher,4,6.7,float
,2014,coat,14coatgpss04,amgp,sshulte,2014-06-20,searcher,4,11.2,float
,2014,coat,14coatrtss01,rutu,sshulte,2014-06-24,searcher,4,9,float
,2013,eaba,13eabarus02,rutu,,2013-07-06,searcher,4,4,float
,2013,eaba,13eabarul02,rutu,,2013-07-04,searcher,4,16,float
2.39,2012,eaba,12eabaruk05,rutu,kward,2012-07-10,searcher,4,3,float
2.29,2003,barr,03barramgp514,amgp,lanctot,2003-07-01,bander,4,1,float
,2013,barr,13barramgp363,amgp,jdanby,2013-06-29,bander,4,4,float
,2013,barr,13barramgp304,amgp,fstetler,2013-06-28,rope,3,4,float
,2013,barr,13barramgp229,amgp,pherzog,2013-06-20,searcher,4,4,float
10.06,2006,barr,06barramgp007,amgp,lanctot,2006-06-25,bander,4,5,float
1.2,2006,barr,06barrlbdo450,lbdo,lebouard,2006-06-28,rope,4,,lay
8.1,2007,barr,07barramgp512,amgp,choi,2007-06-15,single,4,,float
11.2,2007,barr,07barramgp714,amgp,coutsoubos,2007-07-05,single,4,13,float
5.02,2006,barr,06barramgp342,amgp,fontaine,2006-06-20,single,4,5,float
4.36,2011,barr,11barramgp169,amgp,jcunningham,2011-06-24,searcher,4,10,float
8.28,2007,barr,07barramgp246,amgp,d.taylor,2007-06-26,rope,4,3,float
1.14,2007,barr,07barramgp007,amgp,lanctot,2007-06-26,rope,4,,lay
4.01,2009,barr,09barramgp500,amgp,cgovernali,2009-06-07,single,3,,lay
3.23,2007,barr,07barramgp326,amgp,haase,2007-06-22,single,4,4,float
3.11,2006,barr,06barrlbdo150,lbdo,taylor,2006-07-13,bander,4,9,float
11.27,2010,barr,10barramgp321,amgp,abankert,2010-06-21,single,4,6,float
11.33,2010,barr,10barramgp516,amgp,adoll,2010-06-21,bander,4,1,float
5.08,2009,barr,09barramgp460,amgp,cgovernali,2009-06-30,single,4,5,float
4.12,2009,barr,09barramgp712,amgp,fchevreux,2009-06-12,single,4,,lay
3.41,2010,barr,10barramgp443,amgp,rdugan,2010-06-27,rope,4,3,float
3.19,2010,barr,10barramgp613,amgp,myang,2010-06-21,single,4,2,float
2.01,2007,barr,07barramgp263,amgp,d.taylor,2007-07-05,bander,4,13,float
,2010,chur,10churdu03c,dunl,frousseu,2010-06-22,searcher,2,,
,2012,chur,12chur12du17d,dunl,fsanders,2012-06-28,searcher,4,10,float
,2014,chur,14chur14du106,dunl,gholmes,2014-06-18,searcher,4,0,float
2.17,2011,chur,11chur11du17,dunl,lmckinnon,2011-06-19,searcher,4,,hatch
2.05,2011,chur,11chur11du05,dunl,clishman,2011-06-12,searcher,4,,float
,2012,chur,12chur12du16d,dunl,clahoda,2012-06-25,searcher,4,,hatch
,2010,chur,10churdu12c,dunl,frousseu,2010-06-21,searcher,4,,
,2010,chur,10churdu03u,dunl,frousseu,2010-06-13,searcher,4,,
,2012,chur,12chur12du07w,dunl,ajohnson,2012-06-21,searcher,4,13,float
,2010,chur,10churdu05u,dunl,frousseu,2010-06-14,searcher,4,,
,2012,bylo,12byloamgpjl02,amgp,jflamarre,2012-06-19,incidental,4,1,float
,2011,bylo,11byloamgpgs01,amgp,gsouchay,2011-07-02,incidental,4,16,float
,2012,bylo,12byloamgpmt06,amgp,mtrudel,2012-07-05,incidental,4,5,float
,2011,bylo,11byloamgpjb04,amgp,jbety,2011-06-17,incidental,4,12,float
,2012,bylo,12byloamgpjl11,amgp,jflamarre,2012-07-05,incidental,4,,
,2011,bylo,11byloamgpec05,amgp,echalifour,2011-07-01,transect,4,9,float
,2011,bylo,11byloamgpec03,amgp,echalifour,2011-07-01,transect,4,4,float
,2011,bylo,11byloamgpjb03,amgp,jbety,2011-07-01,transect,4,8,float
,2012,bylo,12byloamgpjl08,amgp,jflamarre,2012-07-04,incidental,4,12,float
,2011,bylo,11byloamgpec16,amgp,echalifour,2011-07-10,incidental,4,17,float
,2011,bylo,11byloamgpec14,amgp,echalifour,2011-07-10,incidental,4,18,float
,2011,bylo,11byloamgpjl19,amgp,jflamarre,2011-07-14,incidental,4,20,float
,2011,bylo,11byloamgpec21,amgp,echalifour,2011-07-14,incidental,4,,
,2011,bylo,11byloamgpec22,amgp,echalifour,2011-07-14,incidental,1,,hatch
,2011,bylo,11byloamgpec17,amgp,echalifour,2011-07-10,incidental,4,4,float
,2011,bylo,11byloamgpjl20,amgp,jflamarre,2011-07-15,incidental,4,7,float
,2011,bylo,11byloamgplp12,amgp,lpaquette,2011-07-16,incidental,4,,
,2011,bylo,11byloamgplp10,amgp,lpaquette,2011-07-13,incidental,4,,hatch
,2011,bylo,11byloamgplp11,amgp,lpaquette,2011-07-13,incidental,4,,hatch
,2012,bylo,12byloamgppr10,amgp,proyerboutin,2012-07-06,incidental,4,17,float
,2012,bylo,12byloamgpjl09,amgp,jflamarre,2012-07-04,incidental,4,18,float
,2012,bylo,12byloamgpjl10,amgp,jflamarre,2012-07-04,incidental,4,20,float
,2012,bylo,12byloamgppr11,amgp,proyerboutin,2012-07-08,incidental,4,,
,2012,bylo,12byloamgppr03,amgp,proyerboutin,2012-06-24,incidental,4,1,float
,2012,bylo,12byloamgpmt02,amgp,mtrudel,2012-06-24,incidental,4,1,float
,2012,bylo,12byloamgper02,amgp,ereed,2012-07-10,incidental,4,17,float
,2012,bylo,12byloamgpmt08,amgp,mtrudel,2012-07-09,incidental,4,20,float
,2012,bylo,12byloamgper04,amgp,ereed,2012-07-12,incidental,4,,float
,2012,bylo,12byloamgper05,amgp,ereed,2012-07-13,incidental,4,9,float
,2012,bylo,12byloamgper06,amgp,ereed,2012-07-14,incidental,4,,float
,2012,bylo,12byloamgpmc01,amgp,mcfrenette,2012-07-08,incidental,4,9,float
,2011,bylo,11byloamgpjo04,amgp,jotis,2011-06-21,incidental,4,,lay
,2011,bylo,11byloamgpjo05,amgp,jotis,2011-06-21,incidental,4,,lay
,2012,bylo,12byloamgpjl03,amgp,jflamarre,2012-06-23,incidental,4,3,float
,2011,bylo,11byloamgpjo06,amgp,jotis,2011-07-05,incidental,4,,float
,2011,bylo,11byloamgpcd01,amgp,cdoucet,2011-07-02,incidental,4,9,float
,2012,bylo,12byloamgper01,amgp,ereed,2012-07-06,incidental,4,18,float
,2012,bylo,12byloamgpmt10,amgp,mtrudel,2012-07-11,incidental,4,18,float
,2012,bylo,12byloamgpjl14,amgp,jflamarre,2012-07-11,incidental,4,,
,2012,bylo,12byloamgpvm01,amgp,vmarmillot,2012-07-16,incidental,4,17,float
9.43,2010,barr,10barramgp412,amgp,ehsu,2010-06-25,bander,4,1,float
10.26,2009,barr,09barramgp589,amgp,cgovernali,2009-06-26,single,4,10,float
13.75,2011,barr,11barramgp539,amgp,pherzog,2011-06-22,searcher,4,3,float
1.28,2008,barr,08barramgp353,amgp,ganx,2008-06-30,single,4,5,float
5.08,2010,barr,10barramgp122,amgp,bhill,2010-06-21,bander,4,3,float
16.25,2010,barr,10barramgp369,amgp,abankert,2010-07-08,single,4,13,float
13.19,2010,barr,10barramgp109,amgp,bhill,2010-06-16,single,4,5,float
15.01,2010,barr,10barramgp400,amgp,ehsu,2010-06-15,single,4,6,float
19.01,2011,barr,11barramgp202,amgp,bhill,2011-06-07,searcher,4,,
6.24,2008,barr,08barramgp333,amgp,ganx,2008-06-24,single,4,4,float
6.18,2008,barr,08barramgp129,amgp,phsu,2008-06-22,single,4,4,float
7.1,2008,barr,08barramgp005,amgp,rlanctot,2008-07-02,bander,3,13,float
7.13,2010,barr,10barramgp313,amgp,abankert,2010-06-19,single,4,,lay
4.13,2008,barr,08barramgp334,amgp,ganx,2008-06-24,single,4,5,float
4.15,2010,barr,10barramgp433,amgp,ehsu,2010-07-07,bander,4,13,float
234,2010,cari,10carirutu234,rutu,sfreeman,2010-06-26,incidental,2,,
,2014,chur,14chur14amgp03d,amgp,lkoloski,2014-06-22,searcher,4,0,float
,2013,chur,13chur13amgp01d,amgp,lkoloski,2013-06-07,searcher,4,0,float
,2012,chur,12chur12amgp06d,amgp,fsanders,2012-06-21,searcher,4,11,float
,2012,chur,12chur12amgp01s,amgp,cbrunner,2012-06-22,searcher,4,,float
,2014,chur,14chur14amgp05d,amgp,fsanders,2014-06-24,searcher,4,14,float
,2013,chur,13chur13amgp03w,amgp,ajohnson,2013-06-18,searcher,4,,
,2014,chur,14chur14amgp01l,amgp,codwyer,2014-06-19,searcher,4,0,float
1.3,2004,barr,04barrdunl256,dunl,selvidge,2004-07-06,bander,4,,float
1.04,2004,barr,04barrdunl108,dunl,taylor,2004-06-17,single,4,4,float
9.09,2004,barr,04barrdunl370,dunl,norwood,2004-07-27,single,4,,hatch
10.17,2005,barr,05barrdunl209,dunl,coutsoubos,2005-06-27,single,4,14,float
1.01,2008,barr,08barrdunl212,dunl,dpavlik,2008-06-14,single,4,4,float
8.17,2004,barr,04barrreph018,reph,lanctot,2004-06-25,rope,4,8,float
8.2,2004,barr,04barrreph021,reph,lanctot,2004-06-25,rope,4,7,float
6.26,2004,barr,04barrreph015,reph,lanctot,2004-06-24,bander,4,5,float
6.15,2006,barr,06barrreph728,reph,naves,2006-06-20,single,4,5,float
5.06,2004,barr,04barrreph218,reph,selvidge,2004-06-18,single,4,,lay
3.31,2004,barr,04barrreph028,reph,lanctot,2004-06-27,bander,4,6,float
6.22,2004,barr,04barrreph323,reph,norwood,2004-06-24,single,3,5,float
7.21,2006,barr,06barrreph473,reph,lebouard,2006-06-30,rope,4,10,float
6.1,2004,barr,04barrreph009,reph,lanctot,2004-06-20,bander,4,3,float
6.06,2004,barr,04barrreph215,reph,selvidge,2004-06-18,single,4,,lay
6.08,2004,barr,04barrreph313,reph,norwood,2004-06-20,single,4,,lay
10.25,2004,barr,04barrreph032,reph,lanctot,2004-07-01,bander,4,19,float
10.23,2004,barr,04barrreph246,reph,selvidge,2004-06-30,single,4,14,float
15.25,2006,barr,06barrreph625,reph,krueper,2006-06-26,rope,4,10,float
8.28,2004,barr,04barrreph245,reph,selvidge,2004-06-30,single,4,12,float
6.25,2004,barr,04barrreph016,reph,lanctot,2004-06-24,bander,4,3,float
1.26,2004,barr,04barrreph439,reph,juillerat,2004-06-30,single,4,14,float
5.17,2004,barr,04barrreph327,reph,norwood,2004-06-25,rope,4,3,float
10.3,2004,barr,04barrreph344,reph,norwood,2004-07-05,single,4,11,float
11.07,2004,barr,04barrreph120,reph,taylor,2004-07-08,bander,4,,hatch
9.08,2004,barr,04barrpesa351,pesa,norwood,2004-07-09,bander,4,16,float
11.03,2004,barr,04barrpesa119,pesa,taylor,2004-07-06,bander,4,15,float
11.02,2004,barr,04barrpesa346,pesa,norwood,2004-07-05,bander,4,11,float
10.26,2004,barr,04barrpesa117,pesa,taylor,2004-07-02,bander,4,12,float
9.02,2004,barr,04barrpesa249,pesa,selvidge,2004-07-02,bander,4,,float
1.09,2004,barr,04barrpesa420,pesa,juillerat,2004-06-22,single,4,3,float
3.25,2004,barr,04barrpesa422,pesa,juillerat,2004-06-23,single,4,3,float
10.24,2004,barr,04barrpesa75,pesa,teltscher,2004-07-01,bander,4,1,float
10.11,2004,barr,04barrpesa312,pesa,norwood,2004-06-18,single,4,,lay
3.03,2004,barr,04barrdunl102,dunl,taylor,2004-06-13,single,4,5,float
3.02,2004,barr,04barrdunl101,dunl,taylor,2004-06-11,single,4,4,float
2.04,2006,barr,06barrdunl051,dunl,naves,2006-07-01,single,4,8,float
8.07,2004,barr,04barrreph402,reph,juillerat,2004-06-15,rope,4,5,float
5.05,2004,barr,04barrdunl217,dunl,selvidge,2004-06-18,single,4,5,float
6.09,2004,barr,04barrreph007,reph,lanctot,2004-06-20,bander,4,6,float
9.1,2006,barr,06barrdunl223,dunl,lebouard,2006-06-17,single,4,4,float
6.1,2007,barr,07barrdunl514,dunl,choi,2007-06-18,single,4,6,float
14.03,2006,barr,06barrdunl203,dunl,lebouard,2006-06-13,single,4,5,float
14.15,2006,barr,06barrdunl325,dunl,fontaine,2006-06-17,single,4,7,float
6.19,2006,barr,06barrreph741,reph,naves,2006-06-24,single,4,9,float
5.04,2004,barr,04barrreph216,reph,selvidge,2004-06-18,single,4,,lay
4.01,2005,barr,05barrreph320,reph,selvidge,2005-06-20,rope,4,,lay
5.01,2004,barr,04barrreph203,reph,selvidge,2004-06-15,rope,4,,lay
3.26,2004,barr,04barrreph231,reph,selvidge,2004-06-24,rope,4,6,float
3.21,2004,barr,04barrreph411,reph,juillerat,2004-06-18,single,4,,lay
1.14,2004,barr,04barrreph235,reph,selvidge,2004-06-25,rope,4,6,float
10.18,2004,barr,04barrreph423,reph,juillerat,2004-06-24,rope,4,4,float
10.2,2004,barr,04barrreph425,reph,juillerat,2004-06-24,rope,4,4,float
10.19,2004,barr,04barrreph424,reph,juillerat,2004-06-24,rope,4,3,float
10.06,2004,barr,04barrreph208,reph,selvidge,2004-06-17,rope,4,2,float
10.1,2004,barr,04barrreph311,reph,norwood,2004-06-18,single,4,,lay
10.21,2004,barr,04barrreph426,reph,juillerat,2004-06-24,single,4,4,float
8.13,2004,barr,04barrreph222,reph,selvidge,2004-06-21,single,4,0,float
5.07,2004,barr,04barrreph219,reph,selvidge,2004-06-18,single,4,,lay
10.22,2004,barr,04barrreph334,reph,norwood,2004-06-29,single,4,,float
8.12,2004,barr,04barrreph412,reph,juillerat,2004-06-20,single,4,4,float
8.15,2004,barr,04barrreph428,reph,juillerat,2004-06-24,rope,3,4,float
5.25,2004,barr,04barrreph243,reph,selvidge,2004-06-29,single,3,,float
5.11,2004,barr,04barrreph414,reph,juillerat,2004-06-21,single,4,2,float
6.15,2005,barr,05barrdunl114,dunl,taylor,2005-06-19,rope,4,2,float
8.3,2004,barr,04barrwrsa033,wrsa,lanctot,2004-07-02,bander,4,15,float
6.13,2004,barr,04barrreph011,reph,lanctot,2004-06-22,bander,4,,lay
6.16,2004,barr,04barrreph227,reph,selvidge,2004-06-22,single,3,6,float
6.23,2004,barr,04barrreph324,reph,norwood,2004-06-24,single,4,2,float
5.12,2005,barr,05barrreph613,reph,thomas,2005-06-25,bander,4,8,float
10.04,2006,barr,06barrreph745,reph,naves,2006-06-24,single,4,6,float
6.07,2004,barr,04barrreph220,reph,selvidge,2004-06-18,single,4,,lay
5.16,2004,barr,04barrreph326,reph,norwood,2004-06-24,single,4,5,float
5.18,2004,barr,04barrreph328,reph,norwood,2004-06-25,single,4,5,float
5.12,2004,barr,04barrreph223,reph,selvidge,2004-06-22,single,4,2,float
4.1,2004,barr,04barrdunl339,dunl,norwood,2004-07-02,single,4,,hatch
10.28,2004,barr,04barrreph247,reph,selvidge,2004-07-02,single,4,7,float
8.24,2004,barr,04barrdunl115,dunl,taylor,2004-06-27,bander,4,2,float
6.2,2005,barr,05barrdunl515,dunl,norwood,2005-06-19,rope,4,4,float
8.19,2004,barr,04barrreph020,reph,lanctot,2004-06-25,rope,4,,lay
8.26,2004,barr,04barrreph333,reph,norwood,2004-06-29,single,3,7,float
5.09,2004,barr,04barrreph315,reph,norwood,2004-06-20,single,4,2,float
1.27,2004,barr,04barrreph341,reph,norwood,2004-07-02,single,3,2,float
1.24,2004,barr,04barrreph241,reph,selvidge,2004-06-27,rope,4,7,float
7.03,2004,barr,04barrreph443,reph,juillerat,2004-07-12,bander,4,,hatch
7.04,2004,barr,04barrpesa353,pesa,norwood,2004-07-12,bander,4,15,float
7.02,2004,barr,04barrpesa442,pesa,juillerat,2004-07-12,bander,3,,float
8.25,2004,barr,04barrreph436,reph,juillerat,2004-06-28,single,4,,lay
,2007,barr,07barrdunl410,pesa,gates,2007-06-30,single,4,,
12.04,2005,barr,05barrdunl003,dunl,lanctot,2005-06-14,single,4,,float
5.05,2005,barr,05barrdunl108,dunl,taylor,2005-06-15,single,4,1,float
8.13,2005,barr,05barrreph312,reph,selvidge,2005-06-17,single,4,7,float
8.14,2005,barr,05barrreph313,reph,selvidge,2005-06-17,single,4,6,float
8.09,2005,barr,05barrreph110,reph,taylor,2005-06-16,single,3,10,float
8.18,2005,barr,05barrreph408,reph,ashling,2005-06-19,rope,4,6,float
7.02,2005,barr,05barrreph339,reph,selvidge,2005-06-27,single,4,12,float
8.16,2005,barr,05barrdunl407,dunl,ashling,2005-06-19,rope,4,4,float
8.25,2005,barr,05barrreph006,reph,lanctot,2005-06-23,bander,4,6,float
7.06,2005,barr,05barrreph019,reph,lanctot,2005-07-03,bander,4,16,float
7.07,2005,barr,05barrreph020,reph,lanctot,2005-07-03,bander,4,13,float
8.04,2005,barr,05barrreph305,reph,selvidge,2005-06-14,single,3,6,float
5.11,2005,barr,05barrreph322,reph,selvidge,2005-06-22,single,4,3,float
10.12,2005,barr,05barrpesa521,pesa,norwood,2005-06-23,single,4,7,float
14.21,2006,barr,06barrreph723,reph,naves,2006-06-19,single,4,6,float
8.2,2005,barr,05barrreph409,reph,ashling,2005-06-19,rope,4,,lay
1.12,2005,barr,05barrreph347,reph,selvidge,2005-06-30,bander,4,10,float
12.14,2005,barr,05barrreph201,reph,coutsoubos,2005-06-17,single,4,,float
10.1,2005,barr,05barrreph206,reph,coutsoubos,2005-06-23,single,4,5,float
2.24,2005,barr,05barrpesa419,pesa,ashling,2005-06-26,single,4,11,float
2.06,2005,barr,05barrpesa406,pesa,ashling,2005-06-17,single,4,3,float
2.19,2005,barr,05barrdunl332,dunl,selvidge,2005-06-25,rope,4,8,float
12.03,2005,barr,05barrreph002,reph,lanctot,2005-06-13,single,4,,float
12.08,2005,barr,05barrreph501,reph,norwood,2005-06-13,single,4,2,float
4.24,2009,barr,09barrdunl733,dunl,fchevreux,2009-06-19,single,4,2,float
6.17,2005,barr,05barrdunl115,dunl,taylor,2005-06-19,rope,4,5,float
4.05,2005,barr,05barrdunl411,dunl,ashling,2005-06-21,rope,4,4,float
9.01,2005,barr,05barrreph008,reph,lanctot,2005-06-23,bander,3,11,float
3.02,2005,barr,05barrreph346,reph,selvidge,2005-06-30,single,3,10,float
1.09,2005,barr,05barrreph417,reph,ashling,2005-06-25,rope,4,5,float
1.08,2005,barr,05barrreph416,reph,ashling,2005-06-25,rope,4,6,float
9.08,2006,barr,06barrreph717,reph,naves,2006-06-16,single,4,,lay
5.1,2005,barr,05barrreph321,reph,selvidge,2005-06-21,single,4,6,float
3.04,2005,barr,05barrdunl542,dunl,norwood,2005-07-15,bander,4,,hatch
,2013,iglo,13igloamgp049,amgp,nlecomte,2013-07-11,searcher,4,17,float
,2014,iglo,14igloamgp.14.002,amgp,mcfrenette,2014-06-28,searcher,4,14,float
,2014,iglo,14igloamgp.14.054,amgp,mtrottierpaquet,2014-06-28,searcher,4,13,float
,2014,iglo,14igloamgp.14.156,amgp,nlecomte,2014-07-16,searcher,4,,hatch
,2014,iglo,14igloamgp.14.157,amgp,nlecomte,2014-07-21,searcher,4,,hatch
,2014,iglo,14igloamgp.14.051,amgp,mtrottierpaquet,2014-06-25,searcher,4,9,float
,2013,iglo,13igloamgp043,amgp,nlecomte,2013-07-13,searcher,4,19,float
9.11,2012,barr,12barramgp634,amgp,mmcconnell,2012-06-17,searcher,4,3,float
11.39,2011,barr,11barramgp051,amgp,dkesler,2011-06-26,searcher,4,6,float
10.45,2011,barr,11barramgp615,amgp,adoll,2011-06-20,bander,4,,lay
5.73,2012,barr,12barramgp226,amgp,bhill,2012-06-24,bander,2,6,float
1.17,2003,barr,03barrreph325,reph,trask,2003-06-27,single,4,,lay
1.14,2003,barr,03barrreph006,reph,thomas,2003-06-26,single,4,,lay
1.13,2003,barr,03barrreph320,reph,trask,2003-06-25,single,4,14,float
3.16,2003,barr,03barrreph208,reph,burle,2003-06-26,single,4,11,float
3.17,2003,barr,03barrreph209,reph,burle,2003-06-26,single,3,11,float
1.18,2003,barr,03barrreph326,reph,trask,2003-06-27,single,4,5,float
1.19,2003,barr,03barrreph211,reph,burle,2003-06-29,rope,4,8,float
7.04,2007,barr,07barrdunl151,dunl,rankin,2007-06-27,rope,4,14,float
4.11,2003,barr,03barrreph322,reph,trask,2003-06-26,single,4,4,float
3.14,2003,barr,03barrreph206,reph,burle,2003-06-26,single,4,5,float
3.23,2003,barr,03barrreph015,reph,thomas,2003-07-04,bander,4,13,float
1.1,2003,barr,03barrreph317,reph,trask,2003-06-25,single,4,,lay
3.03,2003,barr,03barrdunl401,dunl,taylor,2003-06-10,bander,4,0,float
4.01,2003,barr,03barrdunl402,dunl,taylor,2003-06-10,bander,4,0,float
2.18,2003,barr,03barrreph409,reph,taylor,2003-06-17,bander,4,6,float
4.03,2003,barr,03barrreph309,reph,trask,2003-06-18,single,4,3,float
4.04,2003,barr,03barrreph308,reph,trask,2003-06-18,single,4,4,float
2.12,2003,barr,03barrpesa403,pesa,taylor,2003-06-14,bander,4,2,float
1.07,2003,barr,03barrreph310,reph,trask,2003-06-19,single,4,6,float
1.08,2003,barr,03barrreph311,reph,trask,2003-06-19,single,3,6,float
1.04,2003,barr,03barrreph307,reph,trask,2003-06-16,single,4,6,float
4.03,2005,barr,05barrreph412,reph,ashling,2005-06-21,rope,3,4,float
3.08,2003,barr,03barrreph002,reph,thomas,2003-06-14,rope,4,,lay
2.22,2003,barr,03barrreph511,reph,lanctot,2003-06-20,bander,4,8,float
2.15,2003,barr,03barrreph405,reph,taylor,2003-06-15,bander,4,2,float
4.06,2003,barr,03barrreph004,reph,thomas,2003-06-22,rope,4,4,float
4.07,2003,barr,03barrreph314,reph,trask,2003-06-23,single,4,4,float
4.02,2003,barr,03barrreph406,reph,taylor,2003-06-16,bander,4,,lay
4.12,2003,barr,03barrreph008,reph,thomas,2003-06-28,rope,4,10,float
5.24,2004,barr,04barrdunl030,dunl,lanctot,2004-06-29,bander,3,0,float
5.6,2010,barr,10barrdunl022,dunl,rlanctot,2010-07-05,bander,4,,hatch
2.27,2003,barr,03barrreph210,reph,burle,2003-06-28,rope,3,9,float
3.22,2004,barr,04barrreph415,reph,juillerat,2004-06-22,single,4,10,float
3.11,2003,barr,03barrreph205,reph,burle,2003-06-23,single,4,8,float
5.02,2004,barr,04barrdunl105,dunl,taylor,2004-06-15,rope,4,1,float
1.02,2005,barr,05barrdunl401,dunl,ashling,2005-06-14,single,1,,lay
6.21,2004,barr,04barrdunl013,dunl,lanctot,2004-06-23,bander,4,,lay
5.06,2005,barr,05barrdunl405,dunl,ashling,2005-06-16,single,4,,lay
4.09,2014,ikpi,14ikpi14pac005,amgp,pchilton,2014-06-12,searcher,4,,
1.153,2013,ikpi,13ikpi13amgp003,amgp,ojames,2013-06-20,searcher,3,,
,2012,nome,12nome12rnphmh77,rnph,mharing,2012-07-03,searcher,3,13,float
,2013,nome,13nome13rnph414,rnph,wenglish,2013-06-13,searcher,4,9,float
,2013,nome,13nome13rnph118,rnph,ebkwon,2013-06-12,searcher,4,8,float
,2013,nome,13nome13rnph343,rnph,triecke,2013-06-13,searcher,4,,lay
,2013,nome,13nome13rnph419,rnph,wenglish,2013-06-16,searcher,3,0,float
,2013,nome,13nome13rnph346,rnph,triecke,2013-06-16,searcher,3,0,float
,2013,nome,13nome13rnph120,rnph,ebkwon,2013-06-13,searcher,4,,lay
,2013,nome,13nome13rnph431,rnph,wenglish,2013-06-18,searcher,4,3,float
,2013,nome,13nome13rnph354,rnph,triecke,2013-06-17,searcher,4,0,float
c.67,2014,nome,14nomernph163,rnph,dhodkinson,2014-06-17,searcher,4,12,float
,2013,nome,13nome13rnph433,rnph,wenglish,2013-06-19,searcher,3,4,float
,2013,nome,13nome13rnph351,rnph,triecke,2013-06-17,searcher,4,1,float
,2013,nome,13nome13rnph350,rnph,triecke,2013-06-26,searcher,4,0,float
,2013,nome,13nome13rnph417,rnph,wenglish,2013-06-14,searcher,4,9,float
,2013,nome,13nome13rnph355,rnph,triecke,2013-06-18,searcher,4,,lay
,2013,nome,13nome13rnph124,rnph,ebkwon,2013-06-17,searcher,4,,lay
,2013,nome,13nome13rnph027,rnph,dborden,2013-06-18,searcher,4,3,float
,2013,nome,13nome13rnph128,rnph,ebkwon,2013-06-22,searcher,4,,lay
,2013,nome,13nome13rnph422,rnph,wenglish,2013-06-16,searcher,4,,lay
,2013,nome,13nome13rnph428,rnph,wenglish,2013-06-18,searcher,4,5,float
,2013,nome,13nome13rnph353,rnph,triecke,2013-06-17,searcher,4,1,float
,2013,nome,13nome13rnph429,rnph,wenglish,2013-06-18,searcher,4,4,float
,2013,nome,13nome13rnph423,rnph,wenglish,2013-06-16,searcher,3,,lay
,2013,nome,13nome13rnph028,rnph,dborden,2013-06-19,searcher,4,12,float
,2013,nome,13nome13rnph361,rnph,triecke,2013-06-22,searcher,4,6,float
,2013,nome,13nome13rnph034,rnph,dborden,2013-06-26,searcher,4,7,float
,2013,nome,13nome13rnph037,rnph,dborden,2013-07-06,searcher,4,13,float
,2013,nome,13nome13rnph359,rnph,triecke,2013-06-21,searcher,4,14,float
,2013,nome,13nome13rnph437,rnph,wenglish,2013-06-24,searcher,4,5,float
,2013,nome,13nome13rnph033,rnph,dborden,2013-06-25,searcher,4,4,float
,2013,nome,13nome13rnph363,rnph,triecke,2013-06-25,searcher,4,,lay
,2013,nome,13nome13rnph438,rnph,wenglish,2013-06-26,searcher,4,12,float
,2013,nome,13nome13rnph365,rnph,triecke,2013-06-28,searcher,4,2,float
,2013,nome,13nome13rnph134,rnph,ebkwon,2013-07-01,searcher,4,22,float
,2013,nome,13nome13rnph366,rnph,triecke,2013-06-29,searcher,4,2,float
,2012,nome,12nome12rnphsf44,rnph,sfranks,2012-06-21,searcher,4,12,float
,2013,nome,13nome13rnph102,rnph,ebkwon,2013-06-02,searcher,4,,lay
,2012,nome,12nome12rnphdh31,rnph,dhodkinson,2012-06-15,searcher,4,4,float
,2012,nome,12nome12rnphsf41,rnph,sfranks,2012-06-20,searcher,4,22,float
,2012,nome,12nome12rnphmh72,rnph,mharing,2012-06-22,searcher,3,4,float
,2012,nome,12nome12rnphsf49,rnph,sfranks,2012-06-28,searcher,4,15,float
,2013,nome,13nome13rnph412,rnph,wenglish,2013-06-13,searcher,3,0,float
,2012,nome,12nome12rnphmh75,rnph,mharing,2012-06-29,searcher,4,10,float
,2012,nome,12nome12rnphsf32,rnph,sfranks,2012-06-15,searcher,4,0,float
c.55,2014,nome,14nomernph037,rnph,ekwon,2014-06-15,searcher,4,9,float
,2013,nome,13nome13rnph362,rnph,triecke,2013-06-23,searcher,3,9,float
w.19,2014,nome,14nomernph223,rnph,sfranks,2014-06-05,searcher,4,,lay
,2013,nome,13nome13rnph427,rnph,wenglish,2013-06-17,searcher,4,0,float
2.21,2003,barr,03barrrnph410,rnph,taylor,2003-06-20,bander,4,0,float
3.11,2004,barr,04barrsesa004,sesa,lanctot,2004-06-16,rope,4,6,float
8.21,2004,barr,04barrrnph022,rnph,lanctot,2004-06-25,rope,4,11,float
5.22,2004,barr,04barrsesa027,sesa,lanctot,2004-06-26,bander,4,,float
3.08,2004,barr,04barrsesa404,sesa,juillerat,2004-06-16,rope,4,6,float
4.07,2004,barr,04barrsesa438,sesa,juillerat,2004-06-30,single,2,6,float
3.15,2004,barr,04barrsesa408,sesa,juillerat,2004-06-17,bander,4,4,float
2.17,2003,barr,03barrrnph408,rnph,taylor,2003-06-17,bander,3,5,float
,2013,barr,13barramgp268,amgp,amould,2013-06-24,searcher,4,0,float
,2013,barr,13barramgp092,amgp,rlanctot,2013-06-24,bander,4,0,float
,2013,barr,13barramgp315,amgp,jcunningham,2013-07-03,bander,4,8,float
,2014,chur,14chur14amgp03w,amgp,cmurchison,2014-07-03,searcher,4,21,float
,2014,chur,14chur14amgp05w,amgp,jperz,2014-07-08,searcher,4,13,float
,2014,chur,14chur14amgp06d,amgp,nmacdonald,2014-07-10,searcher,2,,hatch
,2014,barr,14barramgp348,amgp,asterling,2014-07-02,rope,4,4,float
,2014,barr,14barramgp092,amgp,rlanctot,2014-06-21,other,4,,lay
,2014,chur,14chur14du07,dunl,lkoloski,2014-06-16,searcher,3,,lay
,2014,chur,14chur14du108,dunl,gholmes,2014-06-21,searcher,4,0,float
5.1,2006,barr,06barrpesa355,pesa,fontaine,2006-06-24,single,4,,hatch
18.04,2006,barr,06barrpesa400,pesa,boadways,2006-06-10,single,3,,
18.07,2006,barr,06barrpesa505,pesa,boadways,2006-06-15,single,3,,
18.08,2006,barr,06barrreph600,reph,kboadway,2006-06-16,single,3,0,float
10.19,2006,barr,06barrreph277,reph,lebouard,2006-06-27,rope,4,5,float
18.14,2006,barr,06barrreph506,reph,boadways,2006-06-19,single,4,3,float
18.2,2006,barr,06barrdunl404,dunl,boadways,2006-06-20,single,4,7,float
18.22,2006,barr,06barrreph512,reph,boadways,2006-06-20,single,4,0,float
18.24,2006,barr,06barrreph513,reph,boadways,2006-06-21,single,4,5,float
18.18,2006,barr,06barrreph510,reph,boadways,2006-06-19,single,4,,lay
,2006,barr,06barrreph407,reph,boadway,2006-06-23,single,,,
,2006,barr,06barrreph514,reph,boadways,2006-06-21,single,4,,
19.01,2006,barr,06barrreph516,reph,boadways,2006-06-24,single,4,5,float
18.17,2006,barr,06barrreph509,reph,boadways,2006-06-19,single,4,4,float
19.02,2006,barr,06barrreph409,reph,boadways,2006-06-24,single,4,8,float
18.15,2006,barr,06barrreph507,reph,boadways,2006-06-19,single,4,,lay
19.04,2006,barr,06barrreph403,reph,boadways,2006-06-24,single,4,3,float
12.18,2006,barr,06barrreph322,reph,fontaine,2006-06-17,single,4,5,float
4.01,2006,barr,06barrreph201,reph,lebouard,2006-06-12,single,4,,lay
c.34,2013,nome,13nome13sesa406,sesa,wenglish,2013-06-08,searcher,4,2,float
c.69,2014,nome,14nomesesa053,sesa,ekwon,2014-06-18,searcher,4,15,float
e.32,2013,nome,13nome13sesa109,sesa,ebkwon,2013-06-06,searcher,4,8,float
e.16,2014,nome,14nomewesa304,wesa,eweiser,2014-05-29,searcher,4,1,float
e.35,2013,nome,13nome13wesa114,wesa,ebkwon,2013-06-06,searcher,4,,lay
e.04,2013,nome,13nome13wesa305,wesa,triecke,2013-06-01,searcher,4,,lay
c.40,2013,nome,13nome13sesa121,sesa,ebkwon,2013-06-14,searcher,4,10,float
c.49,2014,nome,14nomewesa240,wesa,sfranks,2014-06-12,searcher,4,4,float
e.49,2013,nome,13nome13sesa127,sesa,ebkwon,2013-06-22,searcher,4,8,float
c.78,2014,nome,14nomesesa178,sesa,dhodkinson,2014-06-28,searcher,4,13,float
e.28,2014,nome,14nomesesa015,sesa,ekwon,2014-06-04,searcher,4,,lay
w.23,2013,nome,13nome13wesa222,wesa,sfranks,2013-06-06,searcher,4,3,float
w.17,2013,nome,13nome13sesa225,sesa,sfranks,2013-06-06,searcher,4,2,float
c.66,2014,nome,14nomesesa162,sesa,dhodkinson,2014-06-17,searcher,4,13,float
e.14,2013,nome,13nome13sesa210,sesa,sfranks,2013-06-04,searcher,4,1,float
c.37,2013,nome,13nome13wesa409,wesa,wenglish,2013-06-10,searcher,3,1,float
e.44,2014,nome,14nomesesa147,sesa,dhodkinson,2014-06-11,searcher,4,6,float
e.27,2014,nome,14nomesesa014,sesa,ekwon,2014-06-03,searcher,4,2,float
e.46,2014,nome,14nomesesa030,sesa,ekwon,2014-06-14,searcher,4,6,float
e.34,2014,nome,14nomesesa018,sesa,ekwon,2014-06-08,searcher,4,5,float
e.32,2014,nome,14nomewesa016,wesa,ekwon,2014-06-05,searcher,4,,lay
w.41,2014,nome,14nomesesa027,sesa,ekwon,2014-06-13,searcher,4,8,float
c.54,2014,nome,14nomesesa036,sesa,ekwon,2014-06-15,searcher,1,15,float
w.17,2014,nome,14nomesesa309,sesa,eweiser,2014-06-04,searcher,4,,lay
w.21,2014,nome,14nomesesa225,sesa,sfranks,2014-06-08,searcher,4,2,float
w.28,2014,nome,14nomesesa134,sesa,dhodkinson,2014-06-09,searcher,4,7,float
e.50,2014,nome,14nomewesa034,wesa,ekwon,2014-06-15,searcher,4,13,float
,2013,chur,13chur13du204,dunl,fsanders,2013-06-18,searcher,4,11,float
,2014,chur,14chur14du06,dunl,lkoloski,2014-06-15,searcher,4,0,float
4.13,2004,barr,04barrwesa254,wesa,selvidge,2004-07-05,single,3,11,float
8.03,2007,barr,07barrsesa503,sesa,choi,2007-06-12,single,4,3,float
6.12,2005,barr,05barrrnph511,rnph,norwood,2005-06-19,rope,4,,lay
6.06,2005,barr,05barrsesa505,sesa,norwood,2005-06-15,single,4,1,float
10.2,2005,barr,05barrsesa535,sesa,norwood,2005-06-29,single,4,11,float
13.37,2011,barr,11barrrnph208,rnph,bhill,2011-06-13,bander,3,7,float
13.19,2011,barr,11barrsesa104,sesa,jcunningham,2011-06-09,searcher,4,9,float
13.03,2011,barr,11barrsesa100,sesa,jcunningham,2011-06-03,searcher,4,1,float
8.33,2012,barr,12barrsesa305,sesa,kgrond,2012-06-11,bander,4,0,float
5.09,2012,barr,12barrsesa404,sesa,bverheijen,2012-06-11,searcher,4,2,float
12.13,2011,barr,11barrwesa195,wesa,jcunningham,2011-06-28,rope,4,2,float
12.01,2011,barr,11barrrnph189,rnph,jcunningham,2011-06-28,rope,4,11,float
6.19,2012,barr,12barrrnph230,rnph,bhill,2012-06-26,bander,4,12,float
10.09,2012,barr,12barrsesa306,sesa,kgrond,2012-06-12,bander,4,,
13.17,2012,barr,12barrsesa424,sesa,bverheijen,2012-06-15,searcher,4,6,float
,2013,barr,13barrsesa087,sesa,vloverti,2013-06-13,bander,4,6,float
7.37,2012,barr,12barrsesa303,sesa,kgrond,2012-06-11,bander,4,3,float
13.05,2012,barr,12barrsesa622,sesa,mmcconnell,2012-06-13,searcher,4,1,float
13.03,2012,barr,12barrrnph621,rnph,mmcconnell,2012-06-13,searcher,4,,lay
13.47,2012,barr,12barrsesa557,sesa,pherzog,2012-06-18,searcher,4,11,float
,2013,barr,13barrsesa082,sesa,vloverti,2013-06-10,bander,4,2,float
,2014,barr,14barrsesa809,sesa,vloverti,2014-06-12,searcher,4,3,float
,2014,barr,14barrsesa807,sesa,vloverti,2014-06-12,searcher,4,,lay
7.45,2012,barr,12barrsesa411,sesa,bverheijen,2012-06-12,searcher,4,5,float
7.05,2012,barr,12barrrnph300,rnph,kgrond,2012-06-03,bander,4,0,float
13.15,2012,barr,12barrsesa423,sesa,bverheijen,2012-06-15,searcher,4,13,float
7.55,2012,barr,12barrsesa618,sesa,mmcconnell,2012-06-13,searcher,4,3,float
,2013,barr,13barrsesa194,sesa,vloverti,2013-06-18,bander,4,12,float
24.23,2012,barr,12barrrnph315,rnph,kgrond,2012-06-22,bander,4,17,float
7.13,2012,barr,12barrrnph603,rnph,mmcconnell,2012-06-06,searcher,4,1,float
,2013,barr,13barrsesa131,sesa,pherzog,2013-06-12,searcher,4,3,float
,2013,barr,13barrsesa042,sesa,pherzog,2013-06-10,searcher,4,3,float
24.53,2012,barr,12barrrnph265,rnph,pherzog,2012-06-28,rope,4,7,float
24.47,2012,barr,12barrrnph262,rnph,dsaalfeld,2012-06-27,rope,4,5,float
13.07,2012,barr,12barrsesa538,sesa,pherzog,2012-06-14,searcher,4,3,float
,2013,barr,13barrsesa080,sesa,vloverti,2013-06-09,bander,4,2,float
,2013,barr,13barrsesa159,sesa,fstetler,2013-06-10,incidental,4,4,float
24.35,2012,barr,12barrrnph252,rnph,pherzog,2012-06-25,searcher,4,2,float
,2013,barr,13barrwesa143,wesa,pherzog,2013-06-16,searcher,4,,lay
24.09,2012,barr,12barrsesa585,sesa,pherzog,2012-06-21,searcher,4,11,float
,2013,barr,13barrwesa298,wesa,pherzog,2013-06-23,searcher,4,11,float
,2013,barr,13barrsesa254,sesa,pherzog,2013-06-23,searcher,4,10,float
24.43,2012,barr,12barrrnph260,rnph,dsaalfeld,2012-06-27,rope,4,3,float
24.39,2012,barr,12barrwesa480,wesa,bverheijen,2012-06-26,searcher,3,3,float
24.51,2012,barr,12barrrnph264,rnph,pherzog,2012-06-28,rope,4,4,float
24.21,2012,barr,12barrrnph465,rnph,bverheijen,2012-06-22,searcher,4,,lay
,2009,nome,09nome09nome1,wesa,,2009-05-30,,4,,float
,2009,nome,09nome09nome5,wesa,,2009-05-30,,4,,float
,2009,nome,09nome09nome52,wesa,,2009-06-17,,4,,float
,2009,nome,09nome09nome6,wesa,,2009-05-30,,4,,float
,2009,nome,09nome09nome15,wesa,,2009-06-01,,4,,float
e.45,2011,nome,11nome11wesaek24,wesa,ekwon,2011-06-26,searcher,4,15,float
,2009,nome,09nome09nome25,sesa,,2009-06-05,,4,,float
41,2010,nome,10nome10wesanh10,wesa,nhentze,2010-06-05,searcher,4,4,float
54,2010,nome,10nome10wesaij09,wesa,ijong,2010-06-09,searcher,4,10,float
,2009,nome,09nome09nome28,sesa,,2009-06-05,,4,,float
e.03,2011,nome,11nome11dunlbk05,dunl,bsandercock,2011-06-04,searcher,4,5,float
c.06,2011,nome,11nome11wesaee08,wesa,eescajeda,2011-05-27,searcher,4,0,float
c.04,2014,nome,14nomewesa106,wesa,dhodkinson,2014-05-25,searcher,3,,
c.50,2014,nome,14nomewesa239,wesa,sfranks,2014-06-11,searcher,4,,lay
,2009,nome,09nome09nome46,sesa,,2009-06-13,,4,,float
,2009,nome,09nome09nome38,sesa,,2009-06-10,,4,,float
c.38,2014,nome,14nomewesa238,wesa,sfranks,2014-06-11,searcher,4,4,float
c.22,2014,nome,14nomewesa305,wesa,eweiser,2014-06-02,searcher,2,,lay
c.01,2012,nome,12nome12wesadh01,wesa,dhodkinson,2012-05-28,searcher,4,,lay
,2013,cakr,13cakrsesa160,sesa,flin,2013-06-26,rope,4,10,float
,2014,cakr,14cakrrnph085,rnph,mmcconnell,2014-06-07,searcher,4,,
1.32,2012,cakr,12cakrrnph239,rnph,edastous,2012-06-15,searcher,4,,lay
,2013,cakr,13cakrrnph020,rnph,jkardiak,2013-06-17,searcher,4,3,float
3.13,2011,cakr,11cakrrnph311,rnph,lpadegimas,2011-06-11,searcher,4,,lay
,2013,cakr,13cakrsesa034,sesa,jkardiak,2013-06-09,searcher,4,9,float
5.02,2011,cakr,11cakrrnph210,rnph,ssapora,2011-06-09,bander,2,1,float
3.11,2011,cakr,11cakrrnph309,rnph,lpadegimas,2011-06-06,searcher,4,0,float
1.07,2012,cakr,12cakrrnph211,rnph,edastous,2012-06-08,searcher,4,,lay
7.01,2011,cakr,11cakrrnph415,rnph,rgates,2011-06-20,bander,4,0,float
1.28,2012,cakr,12cakrrnph308,rnph,svissault,2012-06-13,searcher,4,3,float
,2013,cakr,13cakrwesa064,wesa,rhunnewell,2013-06-07,searcher,4,2,float
6.12,2012,cakr,12cakrsesa236,sesa,edastous,2012-06-14,searcher,4,7,float
6.07,2012,cakr,12cakrsesa409,sesa,rgates,2012-06-10,searcher,4,13,float
,2013,cakr,13cakrsesa091,sesa,jkardiak,2013-06-10,searcher,4,5,float
1.08,2012,cakr,12cakrrnph212,rnph,edastous,2012-06-08,searcher,3,,lay
,2013,cakr,13cakrwesa009,wesa,mboldenow,2013-06-05,searcher,4,,lay
,2013,cakr,13cakrwesa112,wesa,tfarrugia,2013-06-19,searcher,2,1,float
,2013,cakr,13cakrsesa070,sesa,rhunnewell,2013-06-13,searcher,4,9,float
6.12,2011,cakr,11cakrwesa219,wesa,ssapora,2011-06-19,rope,3,8,float
6.08,2012,cakr,12cakrsesa410,sesa,rgates,2012-06-10,searcher,3,,lay
6.19,2012,cakr,12cakrsesa602,sesa,blewis,2012-06-17,searcher,2,0,float
6.1,2011,cakr,11cakrwesa217,wesa,ssapora,2011-06-17,rope,4,1,float
,2014,cakr,14cakrrnph099,rnph,mmcconnell,2014-06-13,bander,4,4,float
4.2,2011,cakr,11cakrrnph410,rnph,rgates,2011-06-16,rope,3,8,float
1.33,2012,cakr,12cakrrnph240,rnph,edastous,2012-06-15,searcher,4,0,float
,2013,cakr,13cakrrnph114,rnph,tfarrugia,2013-06-22,searcher,3,17,float
6.16,2011,cakr,11cakrrnph223,rnph,ssapora,2011-06-24,bander,4,9,float
6.09,2011,cakr,11cakrrnph216,rnph,ssapora,2011-06-17,rope,4,1,float
6.15,2012,cakr,12cakrrnph416,rnph,rgates,2012-06-14,searcher,4,0,float
6.14,2011,cakr,11cakrrnph221,rnph,ssapora,2011-06-24,bander,4,5,float
6.17,2011,cakr,11cakrrnph224,rnph,ssapora,2011-06-29,bander,4,3,float
6.18,2011,cakr,11cakrrnph225,rnph,ssapora,2011-06-29,bander,3,,lay
,2013,cakr,13cakrsesa010,sesa,mboldenow,2013-06-06,searcher,4,2,float
,2013,cakr,13cakrwesa006,wesa,mboldenow,2013-06-04,searcher,4,3,float
,2013,cakr,13cakrsesa025,sesa,jkardiak,2013-06-07,searcher,4,2,float
,2013,cakr,13cakrwesa061,wesa,rhunnewell,2013-06-02,searcher,4,,lay
,2013,cakr,13cakrwesa093,wesa,jkardiak,2013-06-11,searcher,2,,
,2013,cakr,13cakrwesa132,wesa,jkardiak,2013-06-19,searcher,2,3,float
1.24,2012,cakr,12cakrsesa123,sesa,mvanderheyden,2012-06-12,searcher,4,0,float
1.25,2012,cakr,12cakrsesa122,sesa,mvanderheyden,2012-06-12,searcher,3,0,float
3.35,2012,cakr,12cakrwesa235,wesa,edastous,2012-06-13,searcher,3,1,float
3.53,2012,cakr,12cakrrnph422,rnph,rgates,2012-06-23,bander,4,8,float
1.35,2012,cakr,12cakrwesa242,wesa,edastous,2012-06-15,searcher,3,,lay
1.36,2012,cakr,12cakrrnph243,rnph,edastous,2012-06-15,searcher,4,,lay
1.42,2012,cakr,12cakrwesa504,wesa,ataylor,2012-06-20,rope,3,,lay
,2013,cakr,13cakrwesa175,wesa,flin,2013-07-07,searcher,4,11,float
,2013,cakr,13cakrrnph129,rnph,mboldenow,2013-06-20,rope,4,3,float
,2014,cakr,14cakrwesa018,wesa,mmcconnell,2014-06-04,searcher,4,3,float
,2013,cakr,13cakrrnph162,rnph,mboldenow,2013-06-21,searcher,4,9,float
,2014,cakr,14cakrrnph127,rnph,jeschenroeder,2014-06-23,searcher,4,12,float
,2013,cakr,13cakrrnph163,rnph,mboldenow,2013-06-21,rope,4,2,float
5.11,2012,cakr,12cakrrnph316,rnph,svissault,2012-06-22,rope,3,4,float
,2013,cakr,13cakrsesa092,sesa,jkardiak,2013-06-11,searcher,4,3,float
,2014,cakr,14cakrsesa101,sesa,jhughey,2014-06-11,searcher,4,5,float
,2014,cakr,14cakrwesa164,wesa,mmcconnell,2014-06-21,bander,3,3,float
,2013,cakr,13cakrwesa073,wesa,rhunnewell,2013-06-17,searcher,3,2,float
,2013,cakr,13cakrsesa106,sesa,flin,2013-06-19,rope,4,3,float
,2013,cakr,13cakrwesa136,wesa,jkardiak,2013-06-26,searcher,3,4,float
,2013,cakr,13cakrrnph116,rnph,tfarrugia,2013-06-23,searcher,4,3,float
5.02,2012,cakr,12cakrsesa219,sesa,edastous,2012-06-10,searcher,4,,lay
5.1,2012,cakr,12cakrsesa249,sesa,edastous,2012-06-17,searcher,4,9,float
5.06,2012,cakr,12cakrrnph419,rnph,rgates,2012-06-15,incidental,4,,lay
,2013,cakr,13cakrsesa078,sesa,rhunnewell,2013-06-20,searcher,4,8,float
,2013,cakr,13cakrwesa031,wesa,flin,2013-06-10,searcher,4,5,float
,2013,cakr,13cakrsesa062,sesa,rhunnewell,2013-06-05,searcher,4,,lay
,2013,cakr,13cakrsesa152,sesa,flin,2013-06-21,searcher,1,3,float
1.37,2012,cakr,12cakrrnph244,rnph,edastous,2012-06-15,searcher,4,,lay
1.21,2012,cakr,12cakrsesa230,sesa,edastous,2012-06-11,searcher,4,,lay
6.06,2012,cakr,12cakrwesa304,wesa,svissault,2012-06-10,searcher,4,3,float
6.14,2012,cakr,12cakrrnph238,rnph,edastous,2012-06-14,searcher,3,5,float
6.29,2012,cakr,12cakrsesa254,sesa,edastous,2012-06-23,rope,4,2,float
,2013,cakr,13cakrsesa054,sesa,flin,2013-06-07,searcher,4,3,float
,2013,cakr,13cakrsesa031,sesa,jkardiak,2013-06-09,searcher,3,2,float
,2013,cakr,13cakrsesa134,sesa,jkardiak,2013-06-25,searcher,3,13,float
3.43,2012,cakr,12cakrwesa245,wesa,edastous,2012-06-16,searcher,3,1,float
,2013,cakr,13cakrwesa171,wesa,flin,2013-06-26,searcher,3,5,float
,2013,cakr,13cakrwesa033,wesa,jkardiak,2013-06-09,searcher,4,10,float
,2013,cakr,13cakrwesa133,wesa,jkardiak,2013-06-19,searcher,3,2,float
6.28,2012,cakr,12cakrrnph318,rnph,svissault,2012-06-23,rope,4,6,float
,2013,cakr,13cakrwesa164,wesa,mboldenow,2013-06-23,bander,4,5,float
,2013,cakr,13cakrwesa115,wesa,tfarrugia,2013-06-23,searcher,3,4,float
,2014,cakr,14cakrwesa030,wesa,jhughey,2014-06-05,searcher,4,,
,2014,cakr,14cakrrnph125,rnph,jeschenroeder,2014-06-18,rope,2,12,float
,2014,cakr,14cakrrnph124,rnph,jeschenroeder,2014-06-16,rope,4,11,float
,2014,cakr,14cakrsesa112,sesa,jhughey,2014-06-16,rope,3,5,float
,2014,cakr,14cakrrnph088,rnph,mmcconnell,2014-06-08,bander,3,3,float
,2014,barr,14barrsesa033,sesa,asterling,2014-06-20,searcher,4,10,float
,2014,barr,14barrrnph184,rnph,jcunningham,2014-06-29,bander,4,7,float
,2014,barr,14barrwesa363,wesa,ssheedy,2014-06-30,rope,3,0,float
,2014,barr,14barrrnph189,rnph,asterling,2014-07-10,searcher,3,8,float
,2014,barr,14barrrnph418,rnph,asterling,2014-07-02,rope,4,8,float
,2014,barr,14barrsesa089,sesa,jmarin,2014-06-20,searcher,4,6,float
,2013,barr,13barrwesa141,wesa,bkaselow,2013-06-14,searcher,4,,lay
,2013,barr,13barrwesa250,wesa,bkaselow,2013-06-21,searcher,4,3,float
,2013,barr,13barrsesa255,sesa,pherzog,2013-06-23,searcher,4,3,float
,2014,barr,14barrsesa398,sesa,jmarin,2014-07-03,rope,2,5,float
,2013,barr,13barrsesa173,sesa,kgrond,2013-06-16,searcher,5,8,float
,2013,barr,13barrsesa233,sesa,pherzog,2013-06-20,searcher,4,5,float
,2013,barr,13barrwesa314,wesa,jcunningham,2013-06-26,bander,3,9,float
,2013,barr,13barrwesa060,wesa,pherzog,2013-06-13,searcher,4,2,float
14.05,2012,barr,12barrwesa455,wesa,bverheijen,2012-06-20,searcher,4,,lay
14.29,2012,barr,12barrrnph469,rnph,bverheijen,2012-06-24,searcher,3,8,float
14.79,2012,barr,12barrrnph234,rnph,bhill,2012-07-02,bander,3,14,float
14.73,2012,barr,12barrwesa282,wesa,dsaalfeld,2012-06-29,rope,3,3,float
14.41,2012,barr,12barrsesa229,sesa,bhill,2012-06-26,bander,4,12,float
1.55,2012,barr,12barrrnph255,rnph,pherzog,2012-06-26,searcher,4,6,float
12.47,2011,barr,11barrwesa580,wesa,pherzog,2011-07-01,searcher,4,4,float
11.61,2011,barr,11barrsesa254,sesa,bhill,2011-07-03,bander,4,10,float
3.79,2012,barr,12barrsesa002,sesa,rlanctot,2012-06-26,bander,4,,
1.65,2011,barr,11barrrnph567,rnph,pherzog,2011-06-29,searcher,2,11,float
1.31,2011,barr,11barrsesa544,sesa,pherzog,2011-06-23,searcher,4,9,float
13.55,2012,barr,12barrsesa102,sesa,jcunningham,2012-06-19,bander,4,,hatch
,2013,barr,13barrsesa192,sesa,vloverti,2013-06-16,bander,4,12,float
,2013,barr,13barrwesa056,wesa,pherzog,2013-06-13,searcher,3,14,float
,2014,barr,14barrsesa067,sesa,asterling,2014-06-16,searcher,4,7,float
9.27,2012,barr,12barrrnph566,rnph,pherzog,2012-06-18,searcher,4,,lay
15.11,2012,barr,12barrrnph674,rnph,mmcconnell,2012-06-24,searcher,4,0,float
15.75,2012,barr,12barrrnph699,rnph,mmcconnell,2012-06-28,rope,4,8,float
15.73,2012,barr,12barrrnph698,rnph,mmcconnell,2012-06-28,rope,4,7,float
9.51,2012,barr,12barrrnph103,rnph,jcunningham,2012-06-21,bander,4,,lay
5.01,2011,barr,11barrwesa564,wesa,pherzog,2011-06-29,searcher,3,14,float
5.67,2012,barr,12barrwesa669,wesa,mmcconnell,2012-06-22,searcher,4,,lay
,2013,barr,13barrsesa010,sesa,pherzog,2013-06-11,searcher,4,,lay
,2013,barr,13barrsesa009,sesa,pherzog,2013-06-11,searcher,4,2,float
,2013,barr,13barrwesa033,wesa,pherzog,2013-06-18,searcher,4,4,float
,2013,barr,13barrwesa091,wesa,rlanctot,2013-06-24,bander,4,12,float
3.49,2012,barr,12barrwesa574,wesa,pherzog,2012-06-20,searcher,4,,lay
3.55,2012,barr,12barrwesa665,wesa,mmcconnell,2012-06-22,searcher,4,3,float
5.55,2012,barr,12barrwesa222,wesa,bhill,2012-06-19,bander,4,0,float
5.61,2012,barr,12barrrnph576,rnph,mmcconnell,2012-06-20,searcher,4,3,float
6.39,2012,barr,12barrrnph006,rnph,rlanctot,2012-06-30,bander,4,9,float
,2014,barr,14barrrnph461,rnph,asterling,2014-07-12,bander,4,11,float
,2014,barr,14barrsesa298,sesa,ssheedy,2014-06-26,searcher,2,15,float
,2013,barr,13barrsesa265,sesa,lrensel,2013-06-23,searcher,4,11,float
,2014,barr,14barrrnph460,rnph,asterling,2014-07-08,searcher,4,2,float
,2014,barr,14barrrnph241,rnph,wenglish,2014-07-05,bander,4,8,float
,2014,barr,14barrsesa205,sesa,wenglish,2014-06-18,bander,4,8,float
,2014,barr,14barrrnph293,rnph,asterling,2014-06-29,rope,4,0,float
,2013,barr,13barrrnph358,rnph,amould,2013-06-28,rope,4,9,float
,2014,barr,14barrwesa337,wesa,jmarin,2014-07-01,searcher,4,,lay
,2013,barr,13barrwesa272,wesa,pherzog,2013-06-25,searcher,3,5,float
,2013,barr,13barrrnph411,rnph,amould,2013-06-28,rope,4,11,float
,2013,barr,13barrsesa414,sesa,amould,2013-06-30,rope,4,5,float
,2013,barr,13barrwesa417,wesa,amould,2013-06-30,rope,3,14,float
,2013,barr,13barrrnph308,rnph,dkesler,2013-06-23,searcher,4,5,float
,2013,barr,13barrsesa196,sesa,vloverti,2013-06-24,bander,4,,
,2014,barr,14barrsesa824,sesa,vloverti,2014-06-18,searcher,4,7,float
,2013,barr,13barrsesa195,sesa,vloverti,2013-06-19,bander,3,,
,2014,barr,14barrsesa804,sesa,vloverti,2014-06-11,searcher,4,8,float
,2014,barr,14barrsesa811,sesa,vloverti,2014-06-12,searcher,4,,lay
,2013,barr,13barrsesa188,sesa,vloverti,2013-06-14,bander,4,,lay
,2014,barr,14barrsesa828,sesa,vloverti,2014-06-19,searcher,4,13,float
,2013,barr,13barrrnph055,rnph,pherzog,2013-06-13,searcher,4,,lay
,2013,barr,13barrrnph391,rnph,pherzog,2013-06-27,rope,4,5,float
,2013,barr,13barrwesa500,wesa,amould,2013-06-27,rope,4,4,float
,2013,barr,13barrwesa181,wesa,kgrond,2013-06-18,bander,3,2,float
,2013,barr,13barrwesa230,wesa,pherzog,2013-06-20,searcher,4,3,float
,2014,barr,14barrrnph310,rnph,asterling,2014-07-03,rope,4,5,float
,2013,barr,13barrsesa290,sesa,fstetler,2013-06-23,searcher,3,3,float
,2013,barr,13barrsesa420,sesa,amould,2013-07-01,rope,4,12,float
,2014,barr,14barrwesa048,wesa,jmarin,2014-06-25,searcher,4,0,float
2.01,2012,colv,12colvsesa092,sesa,dpavlik,2012-06-16,bander,4,,lay
,2011,made,11mademm-31-2011,rnph,mmichaud,2011-07-04,searcher,4,,hatch
1.66,2012,made,12madekb-20,rnph,kbeckmann,2012-06-20,searcher,4,,
1.1,2012,made,12madefs-17,rnph,fsmith,2012-06-18,searcher,4,,
1.68,2012,made,12madelp-16,sesa,lpirie,2012-07-02,searcher,4,,hatch
2.1,2014,made,14madepw28rnph,rnph,pwoodard,2014-06-25,searcher,4,9,float
2.11,2014,made,14madepw29rnph,rnph,pwoodard,2014-06-25,searcher,4,16,float
1.06,2014,made,14madetk17rnph,rnph,tkydd,2014-06-21,searcher,4,12,float
2.01,2013,made,13madegm04rnph,rnph,gmccune,2013-06-15,searcher,4,18,float
1.29,2013,made,13madefs07rnph,rnph,fsmith,2013-06-15,searcher,4,9,float
2.02,2013,made,13madegm05rnph,rnph,gmccune,2013-06-17,searcher,4,10,float
1.61,2013,made,13madeab10rnph,rnph,abuckley,2013-06-14,searcher,2,11,float
1.98,2013,made,13madegm01rnph,rnph,gmccune,2013-06-13,searcher,4,,lay
1.33,2013,made,13madefs15rnph,rnph,fsmith,2013-06-22,searcher,4,12,float
2.1,2013,made,13madegm16rnph,rnph,gmccune,2013-06-27,searcher,4,10,float
2.09,2013,made,13madegm15rnph,rnph,gmccune,2013-06-27,searcher,4,10,float
1.43,2013,made,13madefs31rnph,rnph,fsmith,2013-06-27,searcher,4,9,float
2.11,2013,made,13madegm17rnph,rnph,gmccune,2013-06-27,searcher,4,7,float
2.12,2013,made,13madegm18rnph,rnph,gmccune,2013-06-27,searcher,4,10,float
1.46,2013,made,13madefs33rnph,rnph,fsmith,2013-06-27,searcher,4,9,float
2.13,2013,made,13madegm19rnph,rnph,gmccune,2013-06-27,searcher,4,8,float
1.47,2013,made,13madefs35rnph,rnph,fsmith,2013-06-27,searcher,4,6,float
2.14,2013,made,13madegm20rnph,rnph,gmccune,2013-06-27,searcher,4,2,float
1.56,2013,made,13madefs46rnph,rnph,fsmith,2013-07-03,searcher,4,8,float
2.07,2014,made,14madepw24rnph,rnph,pwoodard,2014-06-20,searcher,4,,lay
,2011,made,11madelp-49-2011,sesa,lpirie,2011-06-30,searcher,4,,hatch
,2011,made,11madelp-50-2011,sesa,lpirie,2011-06-30,searcher,3,,hatch
,2011,made,11mademm-26-2011,rnph,mmichaud,2011-06-27,searcher,4,,hatch
1.13,2012,made,12madejp-06,rnph,jpanipak,2012-06-14,searcher,4,,
,2011,made,11madess-09-2011,rnph,sskinner,2011-07-02,searcher,3,15,float
,2011,made,11madekk-01-2011,rnph,kkardynal,2011-06-28,searcher,4,,
,2011,made,11madekk-06-2011,sesa,kkardynal,2011-06-29,searcher,4,,
,2011,made,11madelp-52-2011,rnph,lpirie,2011-07-07,searcher,4,,
,2011,made,11madekk-03-2011,rnph,kkardynal,2011-06-28,searcher,4,,
,2011,made,11madelp-43-2011,rnph,lpirie,2011-06-24,rope,4,8,float
1.65,2012,made,12madekb-21,rnph,kbeckmann,2012-06-20,searcher,4,,
1.62,2012,made,12madekb-22,rnph,kbeckmann,2012-06-20,searcher,4,,
1.2,2012,made,12madeas-17,rnph,asmith,2012-06-20,searcher,4,,
1.56,2012,made,12madekb-24,rnph,kbeckmann,2012-06-20,searcher,4,,
1.58,2012,made,12madekb-30,sesa,kbeckmann,2012-06-24,searcher,4,,
1.52,2012,made,12madekb-31,sesa,kbeckmann,2012-06-24,searcher,4,,
1.18,2012,made,12madeas-20,rnph,asmith,2012-06-24,searcher,2,,
1.61,2012,made,12madekb-23,rnph,kbeckmann,2012-06-20,searcher,4,,
1.16,2013,made,13madekb21rnph,rnph,kbeckmann,2013-06-27,searcher,1,,lay
1.64,2012,made,12madekb-33,rnph,kbeckmann,2012-06-28,rope,4,11,float
1.66,2013,made,13madeab20rnph,rnph,abuckley,2013-06-20,searcher,4,0,float
1.39,2012,made,12madekb-37,sesa,kbeckmann,2012-06-30,searcher,4,,float
1.45,2012,made,12madekb-36,sesa,kbeckmann,2012-06-30,searcher,4,,
1.46,2012,made,12madekb-35,sesa,kbeckmann,2012-06-30,searcher,4,13,float
1.4,2012,made,12madeas-27,sesa,asmith,2012-06-30,rope,4,,hatch
3.16,2014,made,14madeca32sesa,sesa,canderson,2014-07-05,searcher,4,,hatch
1.3,2012,made,12madefs-25,sesa,fsmith,2012-06-30,searcher,4,,hatch
1.27,2012,made,12madelp-08,sesa,lpirie,2012-06-30,searcher,4,,hatch
1.25,2012,made,12madelp-09,sesa,lpirie,2012-06-30,searcher,4,,hatch
1.31,2012,made,12madefs-24,sesa,fsmith,2012-06-30,searcher,3,,
1.26,2012,made,12madelp-10,sesa,lpirie,2012-07-01,searcher,4,,
1.28,2012,made,12madefs-26,sesa,fsmith,2012-07-01,searcher,4,,
1.69,2012,made,12madelp-13,sesa,lpirie,2012-07-01,searcher,4,,
,2014,cakr,14cakrreph025,reph,jhughey,2014-05-31,searcher,4,,
1.22,2005,barr,05barrpesa427,pesa,ashling,2005-07-18,bander,4,,float
6.1,2006,barr,06barrdunl332,dunl,fontaine,2006-06-19,single,4,3,float
,2013,barr,13barrreph071,reph,pherzog,2013-06-17,searcher,4,4,float
,2014,barr,14barrreph345,reph,ssheedy,2014-07-02,rope,3,15,float
,2013,barr,13barrreph276,reph,pherzog,2013-06-26,rope,4,12,float
,2013,barr,13barrreph175,reph,kgrond,2013-06-16,searcher,4,4,float
,2013,barr,13barrreph174,reph,kgrond,2013-06-16,searcher,4,4,float
,2014,barr,14barrreph093,reph,ssheedy,2014-06-22,searcher,4,7,float
,2013,barr,13barrreph380,reph,amould,2013-06-27,rope,4,12,float
,2013,barr,13barrreph377,reph,pherzog,2013-06-26,rope,4,12,float
,2013,barr,13barrreph379,reph,amould,2013-06-27,rope,4,13,float
,2013,barr,13barrreph351,reph,pherzog,2013-06-24,searcher,4,13,float
,2013,barr,13barrreph323,reph,amould,2013-06-26,rope,4,13,float
,2013,barr,13barrreph029,reph,pherzog,2013-06-18,searcher,2,13,float
,2013,barr,13barrreph261,reph,pherzog,2013-06-21,searcher,4,11,float
,2013,barr,13barrdunl260,dunl,pherzog,2013-06-21,searcher,4,4,float
,2013,barr,13barrreph026,reph,lrensel,2013-06-16,searcher,4,4,float
,2013,barr,13barrreph259,reph,pherzog,2013-06-21,searcher,4,8,float
,2013,barr,13barrdunl415,dunl,amould,2013-06-30,rope,4,,hatch
,2013,barr,13barrreph273,reph,pherzog,2013-06-25,searcher,4,5,float
,2013,barr,13barrreph035,reph,lrensel,2013-06-19,searcher,4,4,float
,2013,barr,13barrreph368,reph,lrensel,2013-06-28,searcher,4,12,float
,2013,barr,13barrreph030,reph,pherzog,2013-06-18,searcher,4,4,float
,2013,barr,13barrreph034,reph,pherzog,2013-06-18,searcher,4,4,float
,2013,barr,13barrreph032,reph,pherzog,2013-06-18,searcher,4,5,float
,2013,barr,13barrdunl297,dunl,pherzog,2013-06-23,searcher,4,3,float
,2014,barr,14barrreph322,reph,asterling,2014-06-25,searcher,4,,lay
,2013,barr,13barrreph153,reph,pherzog,2013-06-16,searcher,4,,lay
,2013,barr,13barrreph362,reph,amould,2013-06-29,bander,4,13,float
,2013,barr,13barrreph147,reph,pherzog,2013-06-16,searcher,4,4,float
,2013,barr,13barrreph245,reph,lrensel,2013-06-20,searcher,4,6,float
,2013,cakr,13cakrdunl060,dunl,flin,2013-06-09,searcher,4,2,float
,2013,cakr,13cakrdunl174,dunl,flin,2013-07-02,bander,3,3,float
,2013,barr,13barrreph075,reph,lrensel,2013-06-18,searcher,4,11,float
,2013,barr,13barrreph152,reph,pherzog,2013-06-16,searcher,4,9,float
6.02,2011,cakr,11cakrdunl208,dunl,ssapora,2011-06-08,bander,4,5,float
,2013,cakr,13cakrdunl055,dunl,flin,2013-06-08,searcher,4,2,float
,2014,cakr,14cakrdunl154,dunl,jhughey,2014-07-03,searcher,3,0,float
,2014,cakr,14cakrdunl131,dunl,jhughey,2014-06-28,rope,2,6,float
,2014,cakr,14cakrdunl009,dunl,mmcconnell,2014-05-31,searcher,4,,
,2013,cakr,13cakrdunl048,dunl,flin,2013-06-04,searcher,4,1,float
,2014,barr,14barrreph386,reph,asterling,2014-06-30,rope,4,8,float
,2014,barr,14barrreph387,reph,asterling,2014-06-30,rope,4,12,float
,2014,barr,14barrreph385,reph,asterling,2014-06-30,rope,4,8,float
,2014,barr,14barrreph321,reph,asterling,2014-06-29,rope,3,5,float
,2014,barr,14barrreph281,reph,ssheedy,2014-06-25,searcher,4,16,float
,2014,barr,14barrreph239,reph,wenglish,2014-06-30,bander,4,6,float
,2014,barr,14barrreph384,reph,asterling,2014-06-30,rope,4,10,float
218,2014,cari,14cari218dunl,dunl,cmontgomerie,2014-06-16,incidental,4,7,float
,2013,barr,13barrreph051,reph,jcunningham,2013-06-12,searcher,4,3,float
,2013,barr,13barrreph024,reph,fstetler,2013-06-17,searcher,4,4,float
,2013,barr,13barrreph064,reph,lrensel,2013-06-14,searcher,4,,lay
,2013,barr,13barrreph038,reph,pherzog,2013-06-21,searcher,4,5,float
,2014,barr,14barrreph013,reph,ssheedy,2014-06-16,searcher,4,2,float
,2013,barr,13barrreph036,reph,dkesler,2013-06-20,searcher,3,5,float
,2013,barr,13barrreph237,reph,lrensel,2013-06-21,searcher,4,7,float
,2013,barr,13barrreph144,reph,pherzog,2013-06-16,searcher,4,5,float
,2013,barr,13barrreph207,reph,pherzog,2013-06-19,searcher,4,6,float
,2013,barr,13barrreph206,reph,pherzog,2013-06-19,searcher,4,5,float
,2013,barr,13barrreph241,reph,pherzog,2013-06-19,searcher,4,4,float
,2013,barr,13barrreph183,reph,kgrond,2013-06-18,searcher,4,4,float
,2013,barr,13barrreph240,reph,pherzog,2013-06-19,searcher,4,12,float
,2013,barr,13barrreph182,reph,kgrond,2013-06-18,searcher,4,4,float
,2013,barr,13barrreph170,reph,dkesler,2013-06-21,searcher,4,6,float
,2013,barr,13barrreph248,reph,bkaselow,2013-06-21,searcher,3,7,float
,2013,barr,13barrreph169,reph,dkesler,2013-06-21,searcher,4,8,float
,2013,barr,13barrreph121,reph,pherzog,2013-06-09,searcher,4,,lay
,2014,barr,14barrreph126,reph,jmarin,2014-06-19,searcher,4,3,float
,2013,barr,13barrreph242,reph,lrensel,2013-06-20,searcher,4,12,float
,2013,barr,13barrreph197,reph,lrensel,2013-06-17,searcher,4,,lay
,2013,barr,13barrreph136,reph,bkaselow,2013-06-14,searcher,4,4,float
,2013,barr,13barrreph142,reph,pherzog,2013-06-16,searcher,4,4,float
,2013,barr,13barrreph325,reph,fstetler,2013-06-26,rope,4,12,float
,2013,barr,13barrreph502,reph,amould,2013-06-27,rope,4,11,float
1.14,2012,made,12madefs-08,stsa,fsmith,2012-06-13,searcher,4,9,float
5.13,2014,made,14madelb24sepl,sepl,lbachellier,2014-06-28,searcher,4,,
1.55,2012,made,12madekb-25,rnph,kbeckmann,2012-06-23,rope,4,9,float
1.35,2012,made,12madekb-06,sepl,kbeckmann,2012-06-12,searcher,4,12,float
1.44,2012,made,12madeas-24,stsa,asmith,2012-06-28,rope,3,6,float
1.11,2013,made,13madekb16pesa,pesa,kbeckmann,2013-06-22,searcher,3,11,float
1.62,2013,made,13madeab14sesa,sesa,abuckley,2013-06-15,searcher,4,17,float
1.28,2013,made,13madefs06sesa,sesa,fsmith,2013-06-15,searcher,4,,
2.03,2014,made,14madepw13sesa,sesa,pwoodard,2014-06-13,searcher,4,,
4.06,2014,made,14madefs12sepl,sepl,fsmith,2014-06-17,searcher,4,9,float
1.04,2013,made,13madekb07stsa,stsa,kbeckmann,2013-06-15,searcher,4,1,float
,2013,burn,13burndunljb02,dunl,jbelliveau,2013-06-18,searcher,4,14,float
,2013,burn,13burnseplde01,sepl,dedwards,2013-06-29,searcher,4,,
,2014,burn,14burndunldm01,dunl,dmcrae,2014-06-15,searcher,4,11,float
,2014,burn,14burnseplme01,sepl,mevers,2014-06-19,searcher,3,,
,2014,barr,14barrreph291,reph,asterling,2014-06-29,rope,2,,lay
,2014,barr,14barrreph344,reph,asterling,2014-07-02,rope,3,4,float
,2014,barr,14barrreph346,reph,asterling,2014-07-02,rope,4,2,float
,2014,barr,14barrreph192,reph,wenglish,2014-06-11,searcher,4,,lay
,2014,barr,14barrreph280,reph,ssheedy,2014-06-25,searcher,4,6,float
,2014,barr,14barrreph318,reph,ssheedy,2014-06-29,rope,3,3,float
,2014,barr,14barrreph237,reph,wenglish,2014-06-29,bander,4,4,float
,2014,barr,14barrreph295,reph,asterling,2014-06-29,rope,4,4,float
,2014,barr,14barrreph292,reph,asterling,2014-06-29,rope,4,8,float
,2014,barr,14barrreph382,reph,ssheedy,2014-06-29,rope,4,8,float
,2014,barr,14barrreph369,reph,ssheedy,2014-07-01,searcher,2,4,float
,2014,barr,14barrreph355,reph,rlanctot,2014-06-29,rope,3,5,float
,2014,barr,14barrreph370,reph,ssheedy,2014-07-01,searcher,4,13,float
,2014,barr,14barrreph182,reph,jcunningham,2014-06-25,bander,4,2,float
,2014,barr,14barrreph441,reph,jmarin,2014-07-05,rope,2,5,float
,2014,barr,14barrreph030,reph,ssheedy,2014-06-19,searcher,4,,lay
,2014,barr,14barrreph014,reph,ssheedy,2014-06-16,searcher,3,,lay
,2014,barr,14barrreph170,reph,asterling,2014-07-05,rope,4,10,float
,2014,barr,14barrreph423,reph,asterling,2014-07-06,rope,3,10,float
,2014,barr,14barrreph314,reph,dkesler,2014-06-25,searcher,3,,
,2014,barr,14barrreph413,reph,ssheedy,2014-07-06,rope,3,14,float
,2014,barr,14barrreph424,reph,ssheedy,2014-07-06,rope,2,10,float
,2014,barr,14barrreph169,reph,asterling,2014-07-05,rope,4,11,float
,2014,barr,14barrreph454,reph,ssheedy,2014-07-07,rope,3,11,float
,2014,barr,14barrreph142,reph,ssheedy,2014-06-24,searcher,4,8,float
,2014,barr,14barrreph412,reph,ssheedy,2014-07-06,rope,3,11,float
,2014,barr,14barrreph425,reph,ssheedy,2014-07-06,rope,3,13,float
,2014,barr,14barrreph452,reph,asterling,2014-07-06,rope,3,11,float
,2014,barr,14barrreph377,reph,ssheedy,2014-07-05,rope,4,6,float
,2014,barr,14barrreph381,reph,asterling,2014-07-05,rope,4,8,float
,2014,barr,14barrreph422,reph,asterling,2014-07-06,rope,4,13,float
,2014,barr,14barrreph190,reph,asterling,2014-07-10,searcher,3,11,float
,2014,barr,14barrreph428,reph,jmarin,2014-07-06,rope,4,12,float
,2014,barr,14barrreph432,reph,jmarin,2014-07-05,rope,4,12,float
,2014,barr,14barrreph177,reph,jcunningham,2014-06-20,searcher,3,,lay
,2014,barr,14barrreph442,reph,jmarin,2014-07-06,rope,4,12,float
,2014,barr,14barrreph426,reph,asterling,2014-07-06,rope,4,11,float
,2014,barr,14barrreph453,reph,ssheedy,2014-07-06,rope,3,13,float
,2014,barr,14barrreph378,reph,ssheedy,2014-07-05,rope,4,6,float
,2014,barr,14barrreph379,reph,asterling,2014-07-05,rope,4,11,float
,2014,barr,14barrreph112,reph,ssheedy,2014-06-17,searcher,4,,lay
,2014,barr,14barrreph420,reph,asterling,2014-07-05,rope,4,11,float
,2014,barr,14barrreph336,reph,jmarin,2014-07-01,searcher,4,,lay
,2014,barr,14barrreph332,reph,ssheedy,2014-06-27,searcher,4,8,float
,2014,iglo,14igloreph.14.105,reph,magiroux,2014-07-01,rope,4,0,float
,2014,iglo,14igloreph.14.007,reph,mcfrenette,2014-07-11,searcher,4,8,float
,2014,iglo,14iglowrsa.14.161,wrsa,nlecomte,2014-07-21,searcher,4,,hatch
,2014,iglo,14iglowrsa.14.058,wrsa,mtrottierpaquet,2014-07-15,searcher,4,,hatch
,2014,iglo,14iglowrsa.14.003,wrsa,mcfrenette,2014-06-30,searcher,4,,lay
,2014,iglo,14iglowrsa.14.059,wrsa,mtrottierpaquet,2014-07-19,searcher,4,,hatch
,2014,iglo,14iglowrsa.14.004,wrsa,mcfrenette,2014-07-06,searcher,4,11,float
,2014,iglo,14iglowrsa.14.154,wrsa,nlecomte,2014-07-02,searcher,4,4,float
16.23,2006,barr,06barrreph166,reph,morgan,2006-07-03,single,4,,hatch
16.24,2006,barr,06barrreph167,reph,morgan,2006-07-03,single,4,13,float
10.23,2005,barr,05barrreph212,reph,coutsoubos,2005-07-04,single,4,14,float
10.25,2005,barr,05barrreph213,reph,coutsoubos,2005-07-06,single,4,,hatch
11.01,2005,barr,05barrreph215,reph,coutsoubos,2005-07-08,bander,4,,
10.21,2005,barr,05barrreph536,reph,norwood,2005-06-29,single,4,3,float
10.16,2005,barr,05barrpesa208,pesa,coutsoubos,2005-06-25,single,4,4,float
10.18,2005,barr,05barrpesa420,pesa,ashling,2005-06-27,single,4,5,float
10.22,2005,barr,05barrpesa537,pesa,norwood,2005-06-30,single,4,5,float
3.01,2005,barr,05barrpesa533,pesa,norwood,2005-06-28,single,4,4,float
16.07,2006,barr,06barrreph152,reph,morgan,2006-06-17,single,3,11,float
16.11,2006,barr,06barrpesa156,pesa,morgan,2006-06-17,single,4,3,float
16.13,2006,barr,06barrreph158,reph,morgan,2006-06-17,single,4,4,float
16.05,2006,barr,06barrreph104,reph,coutsoubos,2006-06-15,single,4,4,float
16.03,2006,barr,06barrreph102,reph,coutsoubos,2006-06-15,single,4,4,float
16.06,2006,barr,06barrreph151,reph,morgan,2006-06-17,single,4,3,float
16.1,2006,barr,06barrpesa155,pesa,morgan,2006-06-17,single,4,4,float
16.14,2006,barr,06barrreph159,reph,morgan,2006-06-17,single,4,4,float
9.15,2005,barr,05barrreph018,reph,lanctot,2005-07-02,bander,4,12,float
9.18,2005,barr,05barrpesa351,pesa,selvidge,2005-07-06,bander,4,,hatch
10.26,2005,barr,05barrreph618,reph,thomas,2005-07-06,bander,4,,hatch
10.08,2006,barr,06barrreph266,reph,lebouard,2006-06-26,rope,4,,lay
5.08,2005,barr,05barrreph517,reph,norwood,2005-06-20,rope,4,,lay
4.07,2005,barr,05barrreph413,reph,ashling,2005-06-23,single,4,,lay
6.01,2006,barr,06barrreph703,reph,naves,2006-06-13,single,4,,lay
5.17,2005,barr,05barrpesa424,pesa,ashling,2005-07-04,bander,4,3,float
1.1,2005,barr,05barrreph418,reph,ashling,2005-06-25,rope,4,4,float
4.31,2008,barr,08barrreph028,reph,rlanctot,2008-07-06,bander,4,15,float
4.16,2008,barr,08barrreph262,reph,dpavlik,2008-06-30,rope,4,11,float
12.11,2006,barr,06barrreph710,reph,naves,2006-06-15,single,4,4,float
12.07,2006,barr,06barrreph706,reph,naves,2006-06-15,single,4,4,float
12.08,2006,barr,06barrreph707,reph,naves,2006-06-15,single,4,3,float
12.16,2006,barr,06barrreph320,reph,fontaine,2006-06-17,single,4,6,float
14.05,2006,barr,06barrdunl307,dunl,fontaine,2006-06-14,single,4,2,float
1.18,2007,barr,07barrreph538,reph,choi,2007-06-27,rope,4,13,float
1.04,2006,barr,06barrreph211,reph,lebouard,2006-06-15,single,4,3,float
4.19,2006,barr,06barrreph719,reph,naves,2006-06-17,single,4,4,float
9.05,2006,barr,06barrreph310,reph,fontaine,2006-06-15,single,4,4,float
6.12,2007,barr,07barrreph916,reph,chiang,2007-06-19,bander,4,10,float
14.17,2006,barr,06barrreph327,reph,fontaine,2006-06-17,single,4,8,float
14.13,2006,barr,06barrreph217,reph,lebouard,2006-06-16,single,4,3,float
4.07,2006,barr,06barrreph213,reph,lebouard,2006-06-15,single,4,4,float
13.02,2006,barr,06barrreph349,reph,fontaine,2006-06-21,single,4,8,float
12.28,2006,barr,06barrreph347,reph,fontaine,2006-06-21,single,4,8,float
12.05,2006,barr,06barrreph305,reph,fontaine,2006-06-14,single,4,,lay
15.13,2006,barr,06barrreph613,reph,krueper,2006-06-25,rope,4,12,float
10.02,2007,barr,07barrreph527,reph,choi,2007-06-23,single,4,12,float
2.05,2006,barr,06barrreph294,reph,lebouard,2006-07-02,single,4,10,float
1.16,2006,barr,06barrreph251,reph,lebouard,2006-06-22,single,3,4,float
10.02,2006,barr,06barrpesa740,pesa,naves,2006-06-22,single,4,3,float
11.07,2006,barr,06barrreph050,reph,naves,2006-06-28,bander,4,6,float
10.21,2006,barr,06barrreph279,reph,lebouard,2006-06-27,rope,4,4,float
11.09,2006,barr,06barrbbsa293,bbsa,lebouard,2006-07-01,single,4,11,float
6.09,2006,barr,06barrreph335,reph,fontaine,2006-06-19,single,4,,lay
7.02,2006,barr,06barrreph638,reph,krueper,2006-06-29,rope,4,9,float
6.28,2006,barr,06barrreph636,reph,krueper,2006-06-29,rope,4,10,float
6.24,2006,barr,06barrreph632,reph,krueper,2006-06-29,rope,4,10,float
6.12,2006,barr,06barrreph334,reph,fontaine,2006-06-19,single,4,,lay
,2010,bylo,10bylobbplejf01,bbpl,echalifour,2010-07-02,incidental,4,9,float
,2011,bylo,11bylobbplec02,bbpl,echalifour,2011-07-02,incidental,4,8,float
5.16,2006,barr,06barrreph261,reph,lebouard,2006-06-25,rope,4,10,float
5.19,2006,barr,06barrreph264,reph,lebouard,2006-06-25,rope,4,12,float
1.03,2007,barr,07barrreph213,reph,d.taylor,2007-06-14,single,4,4,float
1.26,2006,barr,06barrreph455,reph,lebouard,2006-06-29,rope,4,10,float
5.11,2006,barr,06barrreph356,reph,fontaine,2006-06-24,single,4,8,float
10.03,2006,barr,06barrbbsa744,bbsa,naves,2006-06-24,single,4,10,float
6.16,2006,barr,06barrreph248,reph,lebouard,2006-06-21,single,3,,lay
10.14,2006,barr,06barrreph272,reph,lebouard,2006-06-26,rope,4,6,float
11.31,2008,barr,08barrreph344,reph,ganx,2008-06-26,single,4,11,float
20.11,2009,barr,09barrdunl310a,dunl,nburrell,2009-06-11,single,4,4,float
20.25,2009,barr,09barrdunl100b,dunl,nburrell,2009-06-20,single,3,,
13.01,2010,barr,10barrdunl100,dunl,bhill,2010-06-12,single,4,,lay
11.21,2008,barr,08barrreph339,reph,ganx,2008-06-25,rope,4,6,float
12.05,2007,barr,07barrreph606,reph,brissette,2007-06-15,single,4,6,float
9.11,2007,barr,07barrreph112,reph,rankin,2007-06-14,single,4,2,float
11.05,2007,barr,07barrreph609,reph,brissette,2007-06-18,single,4,4,float
12.06,2007,barr,07barrreph607,reph,brissette,2007-06-15,single,4,6,float
11.15,2007,barr,07barrdunl708,dunl,coutsoubos,2007-06-25,bander,4,13,float
12.01,2007,barr,07barrreph602,reph,brissette,2007-06-15,single,4,5,float
11.02,2007,barr,07barrpesa601,pesa,brissette,2007-06-13,single,4,,lay
11.13,2007,barr,07barrpesa706,pesa,coutsoubos,2007-06-25,bander,4,4,float
12.14,2007,barr,07barrpesa711,pesa,coutsoubos,2007-06-27,bander,4,4,float
11.14,2007,barr,07barrreph707,reph,coutsoubos,2007-06-25,bander,3,16,float
11.19,2007,barr,07barrpesa713,pesa,coutsoubos,2007-07-02,bander,4,17,float
7.23,2006,barr,06barrreph647,reph,fontaine,2006-06-30,rope,4,10,float
6.22,2006,barr,06barrreph008,reph,lanctot,2006-06-25,bander,4,4,float
4.23,2008,barr,08barrreph269,reph,dpavlik,2008-07-01,rope,4,14,float
6.09,2008,barr,08barrpesa311,pesa,ganx,2008-06-17,single,4,4,float
14.01,2010,barr,10barrdunl500,dunl,adoll,2010-06-13,single,3,,
14.13,2010,barr,10barrdunl507,dunl,adoll,2010-06-17,single,4,1,float
14.23,2010,barr,10barrpesa512,pesa,adoll,2010-06-19,single,4,,
1.03,2010,barr,10barrreph327,reph,abankert,2010-06-22,single,4,2,float
9.29,2010,barr,10barrdunl410,dunl,ehsu,2010-06-22,bander,4,7,float
9.35,2010,barr,10barrpesa619,pesa,myang,2010-06-23,single,4,3,float
7.31,2010,barr,10barrreph519,reph,adoll,2010-06-24,bander,4,4,float
7.33,2010,barr,10barrreph520,reph,adoll,2010-06-24,bander,4,5,float
7.65,2010,barr,10barrreph350,reph,abankert,2010-06-29,rope,4,13,float
7.67,2010,barr,10barrreph628,reph,myang,2010-06-29,rope,3,7,float
7.71,2010,barr,10barrreph019,reph,rlanctot,2010-06-29,bander,4,11,float
7.29,2010,barr,10barrreph330,reph,abankert,2010-06-23,single,4,4,float
7.47,2010,barr,10barrreph014,reph,rlanctot,2010-06-27,bander,4,4,float
5.24,2010,barr,10barrdunl018,dunl,rlanctot,2010-06-29,bander,4,6,float
20.09,2011,barr,11barrdunl603,dunl,adoll,2011-06-11,searcher,4,0,float
3.51,2010,barr,10barrpesa522,pesa,adoll,2010-06-27,bander,4,3,float
3.57,2010,barr,10barrreph342,reph,abankert,2010-06-28,rope,4,6,float
3.71,2010,barr,10barrreph345,reph,abankert,2010-06-28,rope,4,4,float
3.73,2010,barr,10barrreph231,reph,rdugan,2010-06-28,rope,4,4,float
14.47,2010,barr,10barrdunl527,dunl,adoll,2010-07-05,single,4,,hatch
12.07,2010,barr,10barrreph416,reph,ehsu,2010-06-28,rope,4,6,float
17.27,2011,barr,11barrreph168,reph,jcunningham,2011-06-23,searcher,4,5,float
2.35,2011,chur,11chur11du36,dunl,clishman,2011-07-05,searcher,4,,float
2.34,2011,chur,11chur11du35,dunl,clishman,2011-07-05,searcher,4,,float
,2012,chur,12chur12du06d,dunl,acorkery,2012-06-10,searcher,4,1,float
,2014,chur,14chur14du04,dunl,lkoloski,2014-06-12,searcher,4,,lay
,2012,chur,12chur12du13d,dunl,clahoda,2012-06-20,searcher,4,9,float
,2012,chur,12chur12du06w,dunl,jperz,2012-06-14,searcher,4,13,float
,2014,chur,14chur14dunl01l,dunl,lmckinnon,2014-06-08,searcher,4,0,float
,2012,chur,12chur12du15d,dunl,clahoda,2012-06-25,searcher,4,,hatch
,2012,chur,12chur12du22d,dunl,clahoda,2012-07-16,searcher,4,,hatch
,2013,chur,13chur13du01,dunl,lkoloski,2013-06-04,searcher,4,0,float
,2013,chur,13chur13du13,dunl,lkoloski,2013-06-12,searcher,4,0,float
,2012,chur,12chur12du18d,dunl,clahoda,2012-07-01,searcher,,,hatch
2.13,2011,chur,11chur11du13,dunl,clishman,2011-06-17,searcher,4,,hatch
2.14,2011,chur,11chur11du14,dunl,Cornell,2011-06-17,searcher,4,,hatch
2.22,2011,chur,11chur11du22,dunl,lmckinnon,2011-06-22,searcher,4,,float
2.02,2011,chur,11chur11du02,dunl,clishman,2011-06-11,searcher,4,,float
2.26,2011,chur,11chur11du26,dunl,lmckinnon,2011-06-25,searcher,4,,float
,2013,chur,13chur13du104,dunl,canderson,2013-06-11,searcher,4,,hatch
2.09,2011,chur,11chur11du09,dunl,clishman,2011-06-14,searcher,4,,hatch
2.25,2011,chur,11chur11du25,dunl,Cornell,2011-06-24,searcher,4,,float
,2013,chur,13chur13du17,dunl,enol,2013-06-24,searcher,4,,hatch
,2012,chur,12chur12du21d,dunl,clahoda,2012-07-03,searcher,4,,hatch
2.33,2011,chur,11chur11du34,dunl,lmckinnon,2011-07-03,searcher,4,,float
2.34,2008,barr,08barrreph822,reph,jaldabe,2008-06-25,rope,4,13,float
17.18,2009,barr,09barrreph772,reph,fchevreux,2009-07-03,rope,4,4,float
1.23,2009,barr,09barrreph959,reph,ekistler,2009-06-29,single,4,11,float
11.01,2009,barr,09barrdunl966,dunl,ekistler,2009-07-02,rope,4,15,float
10.25,2009,barr,09barrdunl588,dunl,cgovernali,2009-06-26,single,4,19,float
10.35,2009,barr,09barrreph764,reph,fchevreux,2009-06-29,single,4,14,float
8.14,2008,barr,08barrpesa056,pesa,jcoffey,2008-06-17,bander,4,,lay
9.06,2008,barr,08barrreph358,reph,ganx,2008-07-03,single,4,11,float
11.34,2008,barr,08barrreph153,reph,phsu,2008-06-26,rope,4,6,float
,2008,barr,08barrdunl405a,dunl,rgates,2008-06-15,single,4,5,float
22.3,2009,barr,09barrdunl302b,dunl,rgates,2009-06-27,single,4,0,float
13.12,2009,barr,09barrdunl525,dunl,cgovernali,2009-06-13,single,4,12,float
4.06,2009,barr,09barrreph910,reph,ekistler,2009-06-10,single,4,,lay
13.05,2010,barr,10barrdunl102,dunl,bhill,2010-06-14,single,4,,lay
1.12,2009,barr,09barrreph549,reph,cgovernali,2009-06-18,single,4,2,float
1.26,2008,barr,08barrreph352,reph,ganx,2008-06-30,rope,4,9,float
5.18,2010,barr,10barrreph215,reph,rdugan,2010-06-24,single,4,3,float
1.18,2009,barr,09barrdunl582,dunl,cgovernali,2009-06-25,rope,4,20,float
4.33,2009,barr,09barrreph563,reph,cgovernali,2009-06-22,single,4,13,float
4.17,2009,barr,09barrdunl536,dunl,cgovernali,2009-06-14,single,4,2,float
4.04,2009,barr,09barrreph908,reph,ekistler,2009-06-10,single,4,,lay
13.08,2009,barr,09barrreph704,reph,fchevreux,2009-06-11,single,4,3,float
19.06,2009,barr,09barrdunl106a,dunl,syezerinac,2009-06-10,single,4,2,float
22.25,2009,barr,09barrdunl106b,dunl,rgates,2009-06-20,single,4,,lay
12.09,2010,barr,10barrdunl417,dunl,ehsu,2010-06-28,rope,3,19,float
11.23,2010,barr,10barrdunl319,dunl,abankert,2010-06-21,single,4,6,float
1.25,2010,barr,10barrrnph425,rnph,ehsu,2010-07-02,rope,4,4,float
1.41,2010,barr,10barrreph646,reph,myang,2010-07-07,single,4,13,float
1.33,2010,barr,10barrreph431,reph,ehsu,2010-07-06,bander,4,11,float
1.15,2010,barr,10barrreph260,reph,rdugan,2010-07-01,rope,4,5,float
1.29,2010,barr,10barrreph427,reph,ehsu,2010-07-02,rope,4,6,float
1.39,2010,barr,10barrreph645,reph,myang,2010-07-07,single,4,10,float
17.19,2011,barr,11barrreph617,reph,adoll,2011-06-22,bander,3,4,float
16.61,2011,barr,11barrreph225,reph,bhill,2011-06-20,bander,4,,lay
18.21,2011,barr,11barrreph325,reph,abankert,2011-06-27,rope,4,2,float
17.05,2011,barr,11barrreph418,reph,abankert,2011-06-21,searcher,4,4,float
14.39,2011,barr,11barrreph188,reph,jcunningham,2011-06-28,rope,4,5,float
18.17,2011,barr,11barrreph460,reph,abankert,2011-06-27,rope,4,6,float
16.51,2011,barr,11barrreph523,reph,pherzog,2011-06-19,searcher,4,4,float
16.39,2011,barr,11barrreph611,reph,adoll,2011-06-18,bander,4,,lay
3.21,2010,barr,10barrreph123,reph,bhill,2010-06-22,bander,4,,lay
12.11,2010,barr,10barrreph129,reph,bhill,2010-06-28,bander,3,13,float
11.01,2010,barr,10barrreph201,reph,rdugan,2010-06-15,single,4,,lay
11.45,2010,barr,10barrreph003,reph,rlanctot,2010-06-22,bander,4,2,float
17.31,2011,barr,11barrreph618,reph,adoll,2011-06-23,bander,4,8,float
11.57,2010,barr,10barrreph411,reph,ehsu,2010-06-24,bander,3,10,float
16.31,2011,barr,11barrreph125,reph,jcunningham,2011-06-16,searcher,4,,lay
9.13,2012,barr,12barrreph635,reph,mmcconnell,2012-06-17,searcher,4,,lay
1.13,2010,barr,10barrreph340,reph,abankert,2010-06-25,single,4,3,float
11.11,2010,barr,10barrreph203,reph,rdugan,2010-06-18,single,4,3,float
11.35,2010,barr,10barrdunl517,dunl,adoll,2010-06-21,bander,4,4,float
5.1,2010,barr,10barrdunl614,dunl,myang,2010-06-22,single,4,3,float
11.17,2010,barr,10barrreph316,reph,abankert,2010-06-21,single,4,5,float
9.17,2010,barr,10barrreph208,reph,rdugan,2010-06-22,single,4,5,float
5.3,2010,barr,10barrreph355,reph,abankert,2010-07-01,rope,4,12,float
16.17,2010,barr,10barrpesa429,pesa,ehsu,2010-07-03,bander,3,12,float
16.09,2010,barr,10barrreph353,reph,abankert,2010-06-30,rope,4,11,float
5.22,2010,barr,10barrreph009,reph,rlanctot,2010-06-25,bander,4,7,float
,2014,barr,14barrdunl259,dunl,rlanctot,2014-07-01,bander,4,,hatch
17.09,2011,barr,11barrdunl535,dunl,pherzog,2011-06-22,searcher,4,5,float
17.01,2011,barr,11barrreph416,reph,abankert,2011-06-21,searcher,4,8,float
14.01,2011,barr,11barrreph542,reph,pherzog,2011-06-22,searcher,4,4,float
14.07,2011,barr,11barrreph166,reph,jcunningham,2011-06-23,searcher,4,12,float
13.77,2011,barr,11barrreph540,reph,pherzog,2011-06-22,searcher,4,13,float
17.13,2011,barr,11barrreph537,reph,pherzog,2011-06-22,searcher,4,5,float
14.35,2011,barr,11barrreph186,reph,jcunningham,2011-06-28,rope,4,16,float
9.47,2010,barr,10barrreph130,reph,bhill,2010-06-27,bander,4,4,float
12.25,2010,barr,10barrreph238,reph,rdugan,2010-06-29,rope,4,5,float
12.41,2010,barr,10barrreph255,reph,rdugan,2010-07-07,rope,4,5,float
12.45,2010,barr,10barrreph052,reph,cruiz,2010-07-08,bander,4,6,float
15.19,2012,barr,12barrreph105,reph,jcunningham,2012-06-24,bander,4,14,float
12.39,2010,barr,10barrreph367,reph,abankert,2010-07-06,single,4,14,float
5.46,2010,barr,10barrreph526,reph,adoll,2010-07-01,bander,4,6,float
5.04,2007,barr,07barrreph219,reph,d.taylor,2007-06-15,single,4,4,float
3.2,2007,barr,07barrdunl519,dunl,choi,2007-06-19,single,4,9,float
9.14,2007,barr,07barrpesa510,pesa,choi,2007-06-15,single,4,,lay
9.22,2007,barr,07barrreph522,reph,choi,2007-06-20,single,4,8,float
9.19,2007,barr,07barrreph230,reph,d.taylor,2007-06-19,single,4,12,float
9.24,2007,barr,07barrreph524,reph,choi,2007-06-22,bander,4,15,float
,2007,barr,07barrwesa413,wesa,gates,2007-07-02,single,3,,
,2007,barr,07barrpesa412,pesa,gates,2007-07-02,single,4,,
8.18,2007,barr,07barrdunl063,dunl,ataylor,2007-06-20,bander,3,11,float
10.01,2007,barr,07barrreph238,reph,d.taylor,2007-06-22,single,4,12,float
10.04,2007,barr,07barrreph918,reph,chiang,2007-06-24,single,4,12,float
11.23,2008,barr,08barrreph340,reph,ganx,2008-06-25,rope,4,14,float
8.27,2007,barr,07barrreph245,reph,d.taylor,2007-06-26,rope,4,13,float
8.09,2007,barr,07barrpesa511,pesa,choi,2007-06-15,single,4,,hatch
9.14,2005,barr,05barrrnph614,rnph,thomas,2005-07-02,bander,4,10,float
6.24,2005,barr,05barrsesa610,sesa,thomas,2005-06-23,single,3,1,float
7.04,2005,barr,05barrrnph342,rnph,selvidge,2005-06-28,single,4,6,float
16.21,2006,barr,06barrrnph110,rnph,coutsoubos,2006-06-30,single,4,,hatch
7.35,2009,barr,09barrsesa971,sesa,ekistler,2009-07-05,single,4,14,float
6.13,2008,barr,08barrwesa228,wesa,dpavlik,2008-06-19,single,3,9,float
6.21,2008,barr,08barrsesa132,sesa,phsu,2008-06-22,single,4,4,float
,2013,barr,13barrsesa321,sesa,pherzog,2013-06-26,rope,4,11,float
11.12,2008,barr,08barrsesa016,sesa,rlanctot,2008-06-25,bander,4,11,float
15.19,2010,barr,10barrsesa409,sesa,ehsu,2010-06-18,single,4,,
1.21,2010,barr,10barrreph423,reph,ehsu,2010-07-02,rope,4,13,float
1.23,2010,barr,10barrreph424,reph,ehsu,2010-07-02,rope,4,11,float
5.2,2010,barr,10barrreph214,reph,rdugan,2010-06-24,single,2,6,float
,2005,bylo,05bylobasabl01,basa,blaliberte,2005-06-13,systematic search,4,4,float
,2005,bylo,05bylobasalm01,basa,lmckinnon,2005-06-14,systematic search,4,,
,2005,bylo,05bylobasabl03,basa,blaliberte,2005-06-18,systematic search,4,4,float
,2007,bylo,07bylobasajb02,basa,jbety,2007-06-20,systematic search,4,,
,2005,bylo,05bylobasamg02,basa,mgrahamsauve,2005-06-22,incidental,4,17,float
,2006,bylo,06bylobasaagm03,basa,aguerettemontminy,2006-06-19,incidental,4,,float
,2006,bylo,06bylobasalj04,basa,ljolicoeur,2006-06-12,systematic search,4,,lay
,2005,bylo,05bylobasamg04,basa,mgrahamsauve,2005-06-27,incidental,4,15,float
,2005,bylo,05bylobasabl08,basa,blaliberte,2005-07-03,systematic search,4,,hatch
,2006,bylo,06bylobasalm02,basa,lmckinnon,2006-06-12,systematic search,4,2,float
,2006,bylo,06bylobasalm05,basa,lmckinnon,2006-06-16,systematic search,4,3,float
,2006,bylo,06bylobasaagm01,basa,aguerettemontminy,2006-06-15,incidental,4,4,float
,2006,bylo,06bylobasalm04,basa,lmckinnon,2006-06-16,systematic search,4,6,float
,2006,bylo,06bylobasalj09,basa,ljolicoeur,2006-06-23,systematic search,4,5,float
,2006,bylo,06bylobasalj06,basa,ljolicoeur,2006-06-16,systematic search,4,,hatch
,2006,bylo,06bylobasalm12,basa,lmckinnon,2006-07-02,systematic search,4,,
,2010,bylo,10bylobasapb02,basa,pbertrand,2010-06-16,incidental,4,6,float
,2007,bylo,07bylobasalm02,basa,lmckinnon,2007-06-19,systematic search,4,,lay
,2007,bylo,07bylobasajb03,basa,jbety,2007-06-20,systematic search,4,,lay
6.29,2007,barr,07barrsesa140,sesa,rankin,2007-06-26,rope,4,8,float
18.01,2006,barr,06barrsesa500,sesa,boadways,2006-06-08,single,4,,
18.02,2006,barr,06barrsesa501,sesa,boadways,2006-06-08,single,4,,
18.03,2006,barr,06barrsesa502,sesa,boadways,2006-06-09,single,3,,
18.05,2006,barr,06barrsesa503,sesa,boadways,2006-06-12,single,4,,
13.04,2006,barr,06barrbasa739,basa,naves,2006-06-22,single,4,2,float
11.63,2010,barr,10barrsesa126,sesa,bhill,2010-06-25,bander,4,3,float
10.09,2007,barr,07barrsesa335,sesa,haase,2007-06-27,rope,4,13,float
1.43,2010,barr,10barrsesa370,sesa,abankert,2010-07-09,single,3,11,float
4.17,2006,barr,06barrsesa001,sesa,lanctot,2006-06-17,bander,4,1,float
,2007,barr,07barrsesa52,sesa,ataylor,2007-06-11,single,4,,
,2007,barr,07barrsesa302,sesa,haase,2007-06-12,single,4,,
,2007,barr,07barrsesa303,sesa,haase,2007-06-12,single,4,,
6.18,2007,barr,07barrsesa322,sesa,bhaase,2007-06-19,bander,4,13,float
1.12,2007,barr,07barrsesa535,sesa,choi,2007-06-26,single,4,11,float
6.3,2007,barr,07barrreph141,reph,rankin,2007-06-26,rope,3,14,float
1.09,2006,barr,06barrsesa336,sesa,fontaine,2006-06-20,single,4,12,float
2.09,2006,barr,06barrwesa298,wesa,lebouard,2006-07-02,single,1,,hatch
12.33,2010,barr,10barrrnph252,rnph,rdugan,2010-07-05,single,4,,lay
13.18,2009,barr,09barrrnph926,rnph,ekistler,2009-06-16,single,3,0,float
10.01,2010,barr,10barrrnph623,rnph,myang,2010-06-27,rope,3,10,float
11.08,2009,barr,09barrwesa972,wesa,ekistler,2009-07-06,single,4,21,float
11.01,2008,barr,08barrsesa327,sesa,ganx,2008-06-22,single,4,12,float
10.16,2008,barr,08barrsesa812,sesa,jaldabe,2008-06-14,bander,4,8,float
17.12,2009,barr,09barrsesa768,sesa,fchevreux,2009-06-30,single,4,11,float
6.2,2008,barr,08barrwesa131,wesa,phsu,2008-06-22,single,3,5,float
2.14,2010,cakr,10cakrwesa114,wesa,sbuckell,2010-06-17,searcher,3,0,float
2.2,2010,cakr,10cakrsesa120,sesa,sbuckell,2010-06-19,searcher,4,0,float
1.28,2010,cakr,10cakrsesa028,sesa,rgates,2010-06-26,searcher,3,13,float
7.14,2007,barr,07barrsesa807,sesa,larned,2007-07-08,bander,3,,hatch
9.09,2008,barr,08barrrnph167,rnph,phsu,2008-07-05,single,4,13,float
14.09,2009,barr,09barrrnph766,rnph,fchevreux,2009-06-30,single,4,10,float
15.09,2010,barr,10barrsesa404,sesa,ehsu,2010-06-17,single,4,,
13.11,2010,barr,10barrsesa105,sesa,bhill,2010-06-15,single,4,,
15.03,2010,barr,10barrsesa401,sesa,ehsu,2010-06-15,single,4,,
12.07,2007,barr,07barrrnph610,rnph,brissette,2007-06-18,single,4,4,float
11.12,2007,barr,07barrsesa528,sesa,choi,2007-06-23,single,4,,lay
11.18,2007,barr,07barrrnph617,rnph,brissette,2007-07-02,bander,4,16,float
4.14,2009,barr,09barrsesa919,sesa,ekistler,2009-06-13,single,4,4,float
2.06,2008,barr,08barrsesa801,sesa,jaldabe,2008-06-10,bander,4,,lay
1.02,2008,barr,08barrsesa213,sesa,dpavlik,2008-06-14,single,4,3,float
8.33,2008,barr,08barrbasa347,basa,ganx,2008-06-27,rope,4,11,float
3.06,2008,barr,08barrwesa829,wesa,dpavlik,2008-06-26,rope,3,,lay
5.14,2010,barr,10barrsesa328,sesa,abankert,2010-06-23,single,3,11,float
,2007,barr,07barrsesa411,sesa,gates,2007-07-02,single,4,,
12.29,2010,barr,10barrrnph640,rnph,myang,2010-07-03,single,4,15,float
16.21,2010,barr,10barrsesa253,sesa,rdugan,2010-07-06,single,3,10,float
16.07,2010,barr,10barrsesa630,sesa,myang,2010-06-30,rope,4,7,float
,2009,bylo,09bylobasajfl01,basa,jflamarre,2009-06-17,systematic search,4,,lay
,2010,bylo,10bylobasajfl06,basa,jflamarre,2010-06-22,incidental,4,5,float
,2009,bylo,09bylobasajfl02,basa,jflamarre,2009-06-18,systematic search,4,,lay
,2011,bylo,11bylobasacd02,basa,cdoucet,2011-06-21,incidental,4,4,float
,2009,bylo,09bylobasalm01,basa,lmercier,2009-06-23,systematic search,4,6,float
,2009,bylo,09bylobasajfl05,basa,jflamarre,2009-06-26,systematic search,4,15,float
,2009,bylo,09bylobasalm04,basa,lmercier,2009-06-29,systematic search,4,12,float
2.13,2008,barr,08barrsesa806,sesa,jaldabe,2008-06-13,bander,4,3,float
8.12,2008,barr,08barrsesa112,sesa,phsu,2008-06-16,single,4,5,float
3.01,2008,barr,08barrrnph824,rnph,jaldabe,2008-06-25,rope,4,13,float
5.02,2009,barr,09barrrnph581,rnph,cgovernali,2009-06-25,rope,3,16,float
1.15,2008,barr,08barrwesa236,wesa,dpavlik,2008-06-20,single,3,4,float
4.1,2009,barr,09barrsesa714,sesa,fchevreux,2009-06-12,single,4,1,float
4.21,2009,barr,09barrwesa931,wesa,ekistler,2009-06-17,single,4,2,float
13.27,2010,barr,10barrsesa113,sesa,bhill,2010-06-17,single,4,,
13.29,2010,barr,10barrsesa114,sesa,bhill,2010-06-17,single,4,,
13.39,2010,barr,10barrsesa119,sesa,bhill,2010-06-19,single,4,,
13.23,2010,barr,10barrsesa111,sesa,bhill,2010-06-17,single,4,,
11.05,2008,barr,08barrwesa012,wesa,rlanctot,2008-06-23,bander,3,0,float
2.21,2008,barr,08barrwesa321,wesa,ganx,2008-06-19,single,4,,lay
13.09,2009,barr,09barrrnph705,rnph,fchevreux,2009-06-11,single,4,3,float
13.73,2011,barr,11barrrnph319,rnph,jzamudio,2011-06-22,searcher,3,0,float
13.16,2009,barr,09barrsesa718,sesa,fchevreux,2009-06-14,single,4,10,float
16.15,2009,barr,09barrsesa529,sesa,cgovernali,2009-06-13,single,4,4,float
1.02,2010,cakr,10cakrsesa102,sesa,rgates,2010-06-12,searcher,4,0,float
1.25,2010,cakr,10cakrwesa025,wesa,rgates,2010-06-22,rope,4,-1,float
1.47,2010,barr,10barrrnph436,rnph,ehsu,2010-07-10,bander,4,,hatch
17.15,2011,barr,11barrwesa538,wesa,pherzog,2011-06-22,searcher,4,1,float
17.25,2011,barr,11barrrnph167,rnph,jcunningham,2011-06-23,searcher,4,5,float
17.11,2011,barr,11barrrnph536,rnph,pherzog,2011-06-22,searcher,4,2,float
14.11,2011,barr,11barrsesa004,sesa,rlanctot,2011-06-23,bander,4,1,float
17.29,2011,barr,11barrrnph320,rnph,jzamudio,2011-06-23,searcher,4,0,float
14.23,2011,barr,11barrrnph182,rnph,jcunningham,2011-06-27,rope,4,0,float
18.27,2011,barr,11barrrnph463,rnph,abankert,2011-06-28,rope,4,3,float
13.65,2011,barr,11barrsesa001,sesa,rlanctot,2011-06-20,bander,4,4,float
13.43,2011,barr,11barrsesa512,sesa,pherzog,2011-06-15,searcher,4,3,float
w.18,2014,nome,14nomewesa310,wesa,eweiser,2014-06-04,searcher,4,,lay
,2008,nome,08nome08nome4,wesa,,2008-06-03,,4,,float
,2008,nome,08nome08nome8,wesa,,2008-06-04,,4,,float
,2008,nome,08nome08nome10,wesa,,2008-06-04,,4,,float
,2008,nome,08nome08nome14,wesa,,2008-06-04,,4,,float
,2008,nome,08nome08nome18,wesa,,2008-06-04,,3,,float
c.01,2011,nome,11nome11wesadl02,wesa,dlank,2011-06-04,searcher,2,13,float
,2008,nome,08nome08nome26,wesa,,2008-06-07,,2,,float
,2008,nome,08nome08nome22,wesa,,2008-06-05,,4,,float
,2008,nome,08nome08nome32,wesa,,2008-06-07,,4,,float
,2008,nome,08nome08nome28,wesa,,2008-06-07,,4,,float
,2008,nome,08nome08nome30,wesa,,2008-06-07,,4,,float
,2008,nome,08nome08nome29,wesa,,2008-06-07,,3,,float
,2008,nome,08nome08nome37,wesa,,2008-06-09,,3,,float
,2008,nome,08nome08nome38,wesa,,2008-06-14,,4,,
,2008,nome,08nome08nome25,wesa,,2008-06-06,,2,,float
,2008,nome,08nome08nome35,wesa,,2008-06-07,,4,,float
,2008,nome,08nome08nome33,wesa,,2008-06-07,,4,,float
c.31,2011,nome,11nome11wesate12,wesa,tesson,2011-05-31,searcher,4,6,float
11.37,2010,barr,10barrrnph211,rnph,rdugan,2010-06-22,single,4,,lay
12.15,2010,barr,10barrrnph233,rnph,rdugan,2010-06-29,rope,3,12,float
1.29,2009,barr,09barrrnph587,rnph,cgovernali,2009-06-26,rope,4,0,float
13.09,2010,barr,10barrsesa104,sesa,bhill,2010-06-14,single,4,,
14.17,2010,barr,10barrsesa509,sesa,adoll,2010-06-18,single,4,,
14.21,2010,barr,10barrsesa511,sesa,adoll,2010-06-19,single,3,,
3.63,2010,barr,10barrsesa229,sesa,rdugan,2010-06-28,rope,4,5,float
15.55,2012,barr,12barrrnph690,rnph,mmcconnell,2012-06-27,rope,4,11,float
,2014,barr,14barrrnph320,rnph,ssheedy,2014-06-29,rope,4,1,float
15.69,2012,barr,12barrrnph108,rnph,jcunningham,2012-06-29,bander,4,,lay
7.51,2010,barr,10barrwesa624,wesa,myang,2010-06-29,rope,2,4,float
2.1,2010,cakr,10cakrrnph110,rnph,sbuckell,2010-06-16,searcher,4,1,float
2.12,2010,cakr,10cakrrnph112,rnph,sbuckell,2010-06-16,searcher,4,1,float
2.23,2010,cakr,10cakrwesa123,wesa,sbuckell,2010-06-24,searcher,4,-1,float
11.02,2008,barr,08barrdunl328,dunl,ganx,2008-06-22,single,4,11,float
6.19,2007,barr,07barrpesa323,pesa,haase,2007-06-19,bander,4,,
8.15,2007,barr,07barrreph061,reph,ataylor,2007-06-19,bander,4,11,float
9.06,2007,barr,07barrreph209,reph,d.taylor,2007-06-13,single,4,3,float
3.07,2007,barr,07barrreph215,reph,d.taylor,2007-06-14,single,4,,lay
1.19,2007,barr,07barrreph539,reph,choi,2007-06-27,rope,4,8,float
3.18,2007,barr,07barrpesa517,pesa,choi,2007-06-19,single,4,5,float
10.12,2008,barr,08barrreph808,reph,jaldabe,2008-06-14,bander,4,6,float
10.15,2012,barr,12barrdunl209,dunl,bhill,2012-06-13,bander,4,,
6.11,2008,barr,08barrdunl313,dunl,ganx,2008-06-17,single,4,3,float
11.53,2011,barr,11barrdunl243,dunl,bhill,2011-06-28,bander,4,10,float
6.14,2008,barr,08barrdunl229,dunl,dpavlik,2008-06-19,single,4,4,float
10.31,2008,barr,08barrreph233,reph,dpavlik,2008-06-20,single,4,4,float
1.19,2008,barr,08barrdunl142,dunl,phsu,2008-06-24,single,4,10,float
2.1,2008,barr,08barrreph302,reph,ganx,2008-06-12,single,4,,lay
10.1,2008,barr,08barrreph305,reph,ganx,2008-06-14,single,4,4,float
10.13,2008,barr,08barrreph809,reph,jaldabe,2008-06-14,bander,4,3,float
10.06,2008,barr,08barrreph209,reph,dpavlik,2008-06-13,single,4,4,float
8.06,2008,barr,08barrdunl104,dunl,phsu,2008-06-12,single,4,1,float
13.28,2009,barr,09barrdunl746,dunl,fchevreux,2009-06-22,single,4,7,float
8.01,2008,barr,08barrpesa300,pesa,ganx,2008-06-11,single,4,4,float
20.05,2009,barr,09barrdunl304a,dunl,nburrell,2009-06-09,single,4,6,float
22.31,2009,barr,09barrdunl304b,dunl,rgates,2009-06-26,single,4,5,float
20.08,2009,barr,09barrdunl307a,dunl,nburrell,2009-06-10,single,4,4,float
,2007,barr,07barrdunl55b,dunl,jchoi,2007-07-10,single,4,14,float
20.07,2009,barr,09barrdunl306a,dunl,nburrell,2009-06-10,single,4,3,float
20.13,2011,barr,11barrdunl301,dunl,jzamudio,2011-06-12,searcher,4,0,float
,2007,barr,07barrdunl403a,dunl,gates,2007-06-12,single,4,2,float
,2007,barr,07barrdunl403b,dunl,gates,2007-07-02,single,4,10,float
19.19,2009,barr,09barrdunl604b,dunl,nburrell,2009-06-29,single,3,0,float
20.04,2009,barr,09barrdunl303a,dunl,nburrell,2009-06-09,single,4,2,float
9.01,2007,barr,07barrreph205,reph,d.taylor,2007-06-13,single,4,3,float
9.12,2007,barr,07barrreph508,reph,choi,2007-06-15,single,4,5,float
10.29,2008,barr,08barrreph816,reph,jaldabe,2008-06-20,bander,4,3,float
8.12,2007,barr,07barrreph220,reph,d.taylor,2007-06-16,single,4,5,float
2.17,2012,barr,12barrdunl414,dunl,bverheijen,2012-06-13,searcher,4,,lay
1.02,2007,barr,07barrreph212,reph,d.taylor,2007-06-14,single,4,3,float
8.07,2007,barr,07barrreph106,reph,rankin,2007-06-14,single,4,4,float
8.06,2007,barr,07barrpesa105,pesa,rankin,2007-06-14,single,4,3,float
3.31,2012,barr,12barrdunl553,dunl,pherzog,2012-06-17,searcher,4,7,float
5.11,2007,barr,07barrreph232,reph,d.taylor,2007-06-20,single,4,6,float
5.08,2007,barr,07barrreph515,reph,choi,2007-06-18,single,4,5,float
6.09,2007,barr,07barrreph119,reph,rankin,2007-06-16,single,4,4,float
6.21,2007,barr,07barrreph131,reph,rankin,2007-06-22,single,4,11,float
1.08,2008,barr,08barrdunl226,dunl,dpavlik,2008-06-18,single,4,9,float
7.1,2007,barr,07barrpesa155,pesa,rankin,2007-07-03,single,4,15,float
5.2,2007,barr,07barrpesa803,pesa,larned,2007-07-02,bander,4,,hatch
20.21,2011,barr,11barrdunl606,dunl,adoll,2011-06-15,bander,4,10,float
13.13,2010,barr,10barrdunl106,dunl,bhill,2010-06-15,single,4,2,float
6.12,2008,barr,08barrpesa314,pesa,ganx,2008-06-17,single,4,8,float
8.19,2008,barr,08barrreph319,reph,ganx,2008-06-18,single,4,4,float
8.08,2008,barr,08barrreph306,reph,ganx,2008-06-14,single,4,4,float
8.13,2008,barr,08barrreph113,reph,phsu,2008-06-16,single,4,4,float
3.11,2007,barr,07barrreph223,reph,d.taylor,2007-06-18,single,4,3,float
4.07,2007,barr,07barrdunl340,dunl,bhaase,2007-07-05,bander,,,
19.07,2009,barr,09barrdunl107a,dunl,syezerinac,2009-06-10,single,4,2,float
20.31,2009,barr,09barrdunl107b,dunl,nburrell,2009-06-24,single,4,1,float
14.15,2010,barr,10barrdunl508,dunl,adoll,2010-06-17,single,4,2,float
19.09,2009,barr,09barrdunl109a,dunl,bhill,2009-06-12,single,4,8,float
22.28,2009,barr,09barrdunl109b,dunl,rgates,2009-06-24,single,4,3,float
1.27,2009,barr,09barrpesa465,pesa,cgovernali,2009-07-03,rope,4,5,float
1.28,2009,barr,09barrreph204,reph,amichon,2009-07-07,bander,4,16,float
7.34,2009,barr,09barrreph970,reph,ekistler,2009-07-05,single,4,17,float
4.31,2009,barr,09barrreph561,reph,cgovernali,2009-06-22,single,4,3,float
1.08,2009,barr,09barrreph932,reph,ekistler,2009-06-17,single,4,3,float
4.27,2009,barr,09barrreph737,reph,fchevreux,2009-06-19,single,4,3,float
5.06,2009,barr,09barrreph958,reph,ekistler,2009-06-29,single,4,14,float
4.19,2009,barr,09barrreph722,reph,fchevreux,2009-06-16,single,4,5,float
16.02,2009,barr,09barrreph907,reph,ekistler,2009-06-09,single,3,3,float
19.14,2009,barr,09barrdunl614b,dunl,nburrell,2009-06-28,single,4,0,float
,2008,barr,08barrdunl601a,dunl,bhill,2008-06-07,single,4,0,float
,2008,barr,08barrdunl502b,dunl,jchoi,2008-06-20,single,4,3,float
,2008,barr,08barrdunl502a,dunl,jchoi,2008-06-07,single,4,,lay
19.21,2009,barr,09barrdunl060b,dunl,nburrell,2009-07-06,single,4,11,float
22.24,2009,barr,09barrdunl069a,dunl,pmickelson,2009-06-20,single,4,13,float
13.37,2010,barr,10barrpesa118,pesa,bhill,2010-06-19,single,4,,
1.16,2008,barr,08barrreph237,reph,dpavlik,2008-06-22,single,4,4,float
10.29,2007,barr,07barrpesa808,pesa,larned,2007-07-12,bander,,,hatch
13.27,2012,barr,12barrdunl310,dunl,kgrond,2012-06-15,bander,4,7,float
14.83,2012,barr,12barrdunl236,dunl,bhill,2012-07-02,bander,,,
10.07,2009,barr,09barrreph519,reph,cgovernali,2009-06-12,single,4,2,float
20.18,2009,barr,09barrdunl317a,dunl,nburrell,2009-06-14,single,4,3,float
22.21,2009,barr,09barrdunl066a,dunl,pmickelson,2009-06-17,single,4,7,float
10.15,2008,barr,08barrreph811,reph,jaldabe,2008-06-14,bander,4,2,float
10.23,2008,barr,08barrreph223,reph,ganx,2008-06-18,single,4,7,float
10.17,2008,barr,08barrreph813,reph,jaldabe,2008-06-14,bander,4,4,float
8.11,2008,barr,08barrreph111,reph,phsu,2008-06-16,single,4,4,float
4.11,2008,barr,08barrwrsa134,wrsa,phsu,2008-06-22,single,4,3,float
4.14,2008,barr,08barrdunl335,dunl,ganx,2008-06-24,single,4,6,float
,2014,barr,14barrdunl122,dunl,asterling,2014-06-18,searcher,4,7,float
16.05,2010,barr,10barrreph352,reph,abankert,2010-06-30,rope,3,7,float
7.45,2010,barr,10barrreph013,reph,rlanctot,2010-06-27,bander,4,3,float
7.69,2010,barr,10barrreph017,reph,rlanctot,2010-06-29,bander,4,5,float
16.01,2010,barr,10barrreph351,reph,abankert,2010-06-30,rope,4,6,float
16.03,2010,barr,10barrreph629,reph,myang,2010-06-30,rope,4,9,float
5.44,2010,barr,10barrreph525,reph,adoll,2010-07-01,bander,4,5,float
5.62,2010,barr,10barrreph151,reph,bhill,2010-07-07,bander,4,11,float
5.42,2010,barr,10barrreph358,reph,mwunder,2010-07-01,bander,3,5,float
5.56,2010,barr,10barrreph362,reph,abankert,2010-07-03,single,4,5,float
5.38,2010,barr,10barrreph357,reph,abankert,2010-07-01,rope,4,6,float
5.36,2010,barr,10barrreph634,reph,myang,2010-07-01,rope,4,4,float
5.4,2010,barr,10barrreph635,reph,myang,2010-07-01,rope,4,6,float
5.28,2010,barr,10barrreph632,reph,myang,2010-07-01,rope,4,6,float
7.35,2010,barr,10barrreph216,reph,rdugan,2010-06-24,single,4,2,float
9.37,2010,barr,10barrreph331,reph,abankert,2010-06-24,single,2,11,float
5.5,2010,barr,10barrreph359,reph,abankert,2010-07-02,rope,4,11,float
5.48,2010,barr,10barrreph636,reph,myang,2010-07-02,rope,4,11,float
11.61,2010,barr,10barrreph336,reph,abankert,2010-06-24,single,4,5,float
11.67,2010,barr,10barrreph217,reph,rdugan,2010-06-25,single,4,5,float
11.59,2010,barr,10barrreph335,reph,abankert,2010-06-24,single,4,10,float
7.32,2009,barr,09barrreph961,reph,ekistler,2009-06-30,single,4,13,float
7.09,2009,barr,09barrreph922,reph,ekistler,2009-06-14,single,4,,lay
4.16,2009,barr,09barrreph921,reph,ekistler,2009-06-13,single,4,6,float
7.15,2009,barr,09barrreph729,reph,fchevreux,2009-06-17,single,4,10,float
13.01,2009,barr,09barrreph701,reph,fchevreux,2009-06-07,single,4,4,float
20.12,2009,barr,09barrdunl311a,dunl,nburrell,2009-06-11,single,4,5,float
20.3,2009,barr,09barrdunl323,dunl,nburrell,2009-06-23,single,4,2,float
11.09,2009,barr,09barrreph468,reph,cgovernali,2009-07-10,single,4,14,float
,2013,cakr,13cakrdunl086,dunl,flin,2013-06-11,searcher,4,6,float
2.24,2010,cakr,10cakrdunl124,dunl,rgates,2010-06-24,searcher,4,5,float
2.26,2010,cakr,10cakrdunl126,dunl,rgates,2010-06-24,searcher,4,,hatch
1.29,2010,cakr,10cakrdunl029,dunl,rgates,2010-06-27,searcher,4,,lay
1.18,2013,ikpi,13ikpi13anc018,dunl,acook,2013-06-13,rope,4,2,float
1.57,2014,ikpi,14ikpi14mdd029,reph,mdodds,2014-06-19,searcher,4,9,float
,2011,ikpi,11ikpi11jpd098,reph,jdiener,2011-06-25,incidental,2,3,float
,2011,ikpi,11ikpi11jpd089,dunl,jdiener,2011-06-22,incidental,4,5,float
,2011,ikpi,11ikpi11jpd090,reph,jdiener,2011-06-22,rope,4,8,float
1.106,2012,ikpi,12ikpi12bcc106,reph,crutt,2012-06-24,rope,2,11,float
1.69,2013,ikpi,13ikpi13anc069,reph,epayne,2013-06-15,rope,4,4,float
,2011,ikpi,11ikpi11jpd045,dunl,jliebezeit,2011-06-16,incidental,4,5,float
1.066,2012,ikpi,12ikpi12bcc066,dunl,crutt,2012-06-17,searcher,4,5,float
1.93,2013,ikpi,13ikpi13anc093,reph,epayne,2013-06-17,rope,4,6,float
1.13,2012,ikpi,12ikpi12bcc130,reph,crutt,2012-06-30,bander,4,5,float
1.131,2012,ikpi,12ikpi12bcc131,reph,mmudge,2012-06-30,bander,3,11,float
1.132,2012,ikpi,12ikpi12bcc132,reph,mmudge,2012-06-30,bander,4,14,float
4.19,2014,ikpi,14ikpi14pac010,dunl,pchilton,2014-06-15,rope,4,7,float
6.49,2014,ikpi,14ikpi14rlh023,reph,rhammond,2014-06-25,searcher,4,7,float
1.41,2014,ikpi,14ikpi14mdd021,reph,mdodds,2014-06-18,rope,2,,
3.15,2014,ikpi,14ikpi14pac038,dunl,pchilton,2014-06-29,searcher,4,6,float
3.45,2014,ikpi,14ikpi14rlh049,reph,rhammond,2014-07-08,searcher,4,13,float
,2011,ikpi,11ikpi11jpd103,reph,jdiener,2011-06-26,searcher,4,4,float
,2011,ikpi,11ikpi11jpd127,reph,mmudge,2011-07-02,incidental,4,4,float
,2011,ikpi,11ikpi11jpd119,reph,jdiener,2011-06-28,incidental,4,13,float
4.21,2014,ikpi,14ikpi14pac011,reph,pchilton,2014-06-16,searcher,4,9,float
,2011,ikpi,11ikpi11jpd109,reph,kpietrzak,2011-06-26,rope,4,14,float
,2011,ikpi,11ikpi11jpd094,reph,jdiener,2011-06-22,incidental,4,6,float
1.105,2012,ikpi,12ikpi12bcc105,reph,crutt,2012-06-24,rope,4,7,float
1.05,2012,ikpi,12ikpi12bcc050,reph,bcurry,2012-06-15,rope,3,2,float
,2011,ikpi,11ikpi11jpd113,reph,kpietrzak,2011-06-26,rope,3,12,float
1.56,2013,ikpi,13ikpi13anc056,reph,epayne,2013-06-15,rope,4,3,float
1.053,2012,ikpi,12ikpi12bcc053,reph,bcurry,2012-06-15,rope,4,4,float
1.87,2013,ikpi,13ikpi13anc087,reph,epayne,2013-06-17,rope,4,6,float
1.083,2012,ikpi,12ikpi12bcc083,reph,bcurry,2012-06-19,bander,4,6,float
1.98,2013,ikpi,13ikpi13anc098,reph,epayne,2013-06-18,bander,4,4,float
1.052,2012,ikpi,12ikpi12bcc052,reph,bcurry,2012-06-15,searcher,4,2,float
1.056,2012,ikpi,12ikpi12bcc056,reph,bcurry,2012-06-16,searcher,4,5,float
1.046,2012,ikpi,12ikpi12bcc046,reph,bcurry,2012-06-15,rope,4,1,float
1.049,2012,ikpi,12ikpi12bcc049,reph,bcurry,2012-06-15,rope,4,2,float
1.055,2012,ikpi,12ikpi12bcc055,reph,crutt,2012-06-16,searcher,4,4,float
1.06,2012,ikpi,12ikpi12bcc060,reph,bcurry,2012-06-16,rope,4,3,float
1.099,2012,ikpi,12ikpi12bcc099,reph,crutt,2012-06-24,bander,4,11,float
1.108,2012,ikpi,12ikpi12bcc108,reph,kpietrzak,2012-06-24,rope,4,13,float
3.53,2014,ikpi,14ikpi14rlh053,reph,rhammond,2014-07-12,searcher,4,15,float
1.064,2012,ikpi,12ikpi12bcc064,reph,bcurry,2012-06-17,searcher,4,3,float
1.016,2012,ikpi,12ikpi12bcc016,dunl,bcurry,2012-06-12,rope,4,2,float
4.41,2014,ikpi,14ikpi14pac021,dunl,pchilton,2014-06-18,rope,4,10,float
1.034,2012,ikpi,12ikpi12bcc034,dunl,mmudge,2012-06-14,rope,4,1,float
1.122,2012,ikpi,12ikpi12bcc122,reph,bcurry,2012-06-29,bander,4,11,float
1.126,2012,ikpi,12ikpi12bcc126,reph,crutt,2012-06-29,bander,4,10,float
1.49,2013,ikpi,13ikpi13anc049,dunl,epayne,2013-06-14,rope,4,4,float
1.47,2013,ikpi,13ikpi13anc047,dunl,jliebezeit,2013-06-14,searcher,4,3,float
1.28,2013,ikpi,13ikpi13anc028,reph,acook,2013-06-13,rope,4,2,float
1.14,2013,ikpi,13ikpi13anc014,reph,ojames,2013-06-12,rope,4,3,float
4.53,2014,ikpi,14ikpi14pac027,dunl,pchilton,2014-06-21,searcher,4,19,float
5.41,2014,ikpi,14ikpi14mdd071,dunl,mdodds,2014-07-02,searcher,4,,
1.52,2013,ikpi,13ikpi13anc052,dunl,epayne,2013-06-15,rope,4,2,float
1.63,2013,ikpi,13ikpi13anc063,reph,epayne,2013-06-15,rope,4,4,float
1.134,2013,ikpi,13ikpi13anc134,reph,acook,2013-06-28,searcher,4,14,float
1.143,2013,ikpi,13ikpi13anc143,reph,acook,2013-07-01,searcher,4,4,float
1.09,2013,ikpi,13ikpi13anc009,dunl,ojames,2013-06-12,rope,4,2,float
1.1,2013,ikpi,13ikpi13anc010,reph,ojames,2013-06-12,rope,4,2,float
1.57,2013,ikpi,13ikpi13anc057,reph,epayne,2013-06-15,rope,4,1,float
1.64,2013,ikpi,13ikpi13anc064,reph,jliebezeit,2013-06-15,rope,4,4,float
1.77,2013,ikpi,13ikpi13anc077,reph,jliebezeit,2013-06-16,rope,4,4,float
1.107,2013,ikpi,13ikpi13anc107,dunl,acook,2013-06-19,rope,4,5,float
1.114,2013,ikpi,13ikpi13anc114,reph,acook,2013-06-19,rope,4,5,float
1.129,2013,ikpi,13ikpi13anc129,reph,ojames,2013-06-26,searcher,4,4,float
1.137,2013,ikpi,13ikpi13anc137,reph,acook,2013-06-29,rope,4,12,float
1.138,2013,ikpi,13ikpi13anc138,reph,acook,2013-06-29,searcher,4,15,float
1.14,2013,ikpi,13ikpi13anc140,dunl,ojames,2013-06-30,searcher,4,14,float
1.148,2013,ikpi,13ikpi13anc148,reph,ojames,2013-07-02,searcher,4,,hatch
816,2010,cari,10carireph816,reph,hcraig,2010-06-18,incidental,4,8,float
231,2010,cari,10carireph231,reph,sfreeman,2010-07-12,incidental,4,4,float
110,2010,cari,10carireph110,reph,skendall,2010-06-26,incidental,4,-1,float
832,2010,cari,10carireph832,reph,hcraig,2010-07-01,incidental,4,14,float
725,2010,cari,10carireph725,reph,cwoodworth,2010-07-01,incidental,4,21,float
110,2012,cari,12cari110dunl,dunl,sfreeman,2012-06-17,incidental,4,4,float
412,2013,cari,13cari412dunl,dunl,bhiggins,2013-06-15,incidental,4,4,float
616,2014,cari,14cari616dunl,dunl,idavies,2014-06-10,incidental,4,-1,float
219,2012,cari,12cari219dunl,dunl,bwinn,2012-06-29,rope,4,-3,float
629,2011,cari,11cari629dunl,dunl,rburner,2011-06-21,searcher,4,4,float
803,2011,cari,11cari803reph,reph,mboldenow,2011-06-27,searcher,4,2,float
169,2011,cari,11cari169reph,reph,sfreeman,2011-07-03,searcher,4,12,float
,2011,ikpi,11ikpi11jpd063,sesa,kpietrzak,2011-06-18,rope,4,6,float
,2011,ikpi,11ikpi11jpd075,sesa,ncook,2011-06-19,incidental,4,6,float
,2011,ikpi,11ikpi11jpd076,sesa,ncook,2011-06-19,incidental,2,,lay
,2011,ikpi,11ikpi11jpd078,sesa,ncook,2011-06-19,incidental,4,7,float
1.9,2013,ikpi,13ikpi13anc090,sesa,epayne,2013-06-17,rope,4,4,float
1.022,2012,ikpi,12ikpi12bcc022,sesa,crutt,2012-06-13,rope,4,0,float
,2011,ikpi,11ikpi11jpd022,sesa,bcurry,2011-06-14,incidental,4,,lay
,2011,ikpi,11ikpi11jpd105,sesa,kpietrzak,2011-06-26,rope,4,14,float
,2011,ikpi,11ikpi11jpd107,sesa,kpietrzak,2011-06-26,rope,4,11,float
,2011,ikpi,11ikpi11jpd117,rnph,kpietrzak,2011-06-26,incidental,4,5,float
1.088,2012,ikpi,12ikpi12bcc088,rnph,crutt,2012-06-20,searcher,4,1,float
,2011,ikpi,11ikpi11jpd104,sesa,kpietrzak,2011-06-26,rope,4,14,float
,2011,ikpi,11ikpi11jpd118,rnph,mmudge,2011-06-27,incidental,4,4,float
,2011,ikpi,11ikpi11jpd129,rnph,jdiener,2011-07-02,incidental,4,14,float
1.8,2013,ikpi,13ikpi13anc080,sesa,jliebezeit,2013-06-16,rope,3,,lay
,2011,ikpi,11ikpi11jpd128,rnph,jdiener,2011-07-02,incidental,4,8,float
,2011,ikpi,11ikpi11jpd136,rnph,jdiener,2011-07-07,incidental,4,6,float
,2011,ikpi,11ikpi11jpd067,sesa,kpietrzak,2011-06-18,rope,4,,lay
,2011,ikpi,11ikpi11jpd139,rnph,ncook,2011-07-10,incidental,4,18,float
,2011,ikpi,11ikpi11jpd138,rnph,jwright,2011-07-09,incidental,4,18,float
1.033,2012,ikpi,12ikpi12bcc033,sesa,bcurry,2012-06-14,rope,4,1,float
1.02,2012,ikpi,12ikpi12bcc020,sesa,crutt,2012-06-13,searcher,4,0,float
1.077,2012,ikpi,12ikpi12bcc077,sesa,crutt,2012-06-19,searcher,4,2,float
2.43,2014,ikpi,14ikpi14mdd052,sesa,mdodds,2014-06-27,searcher,4,21,float
1.48,2013,ikpi,13ikpi13anc048,sesa,epayne,2013-06-14,rope,4,6,float
1.041,2012,ikpi,12ikpi12bcc041,sesa,bcurry,2012-06-15,rope,4,2,float
1.042,2012,ikpi,12ikpi12bcc042,sesa,bcurry,2012-06-15,rope,4,3,float
1.063,2012,ikpi,12ikpi12bcc063,sesa,crutt,2012-06-16,searcher,4,1,float
1.009,2012,ikpi,12ikpi12bcc009,sesa,bcurry,2012-06-11,rope,4,1,float
1.087,2012,ikpi,12ikpi12bcc087,rnph,crutt,2012-06-19,searcher,4,,lay
6.11,2014,ikpi,14ikpi14rlh005,sesa,rhammond,2014-06-12,rope,4,7,float
1.047,2012,ikpi,12ikpi12bcc047,sesa,crutt,2012-06-15,searcher,4,4,float
1.086,2012,ikpi,12ikpi12bcc086,rnph,crutt,2012-06-19,searcher,4,1,float
1.085,2012,ikpi,12ikpi12bcc085,sesa,crutt,2012-06-19,searcher,3,10,float
1.27,2013,ikpi,13ikpi13anc027,sesa,jliebezeit,2013-06-13,rope,4,2,float
1.84,2013,ikpi,13ikpi13anc084,sesa,jliebezeit,2013-06-17,rope,4,3,float
1.107,2012,ikpi,12ikpi12bcc107,sesa,crutt,2012-06-24,rope,4,12,float
1.112,2012,ikpi,12ikpi12bcc112,sesa,crutt,2012-06-25,searcher,2,11,float
1.073,2012,ikpi,12ikpi12bcc073,rnph,crutt,2012-06-18,bander,4,,lay
1.12,2012,ikpi,12ikpi12bcc120,rnph,bcurry,2012-06-27,bander,4,2,float
1.121,2012,ikpi,12ikpi12bcc121,sesa,bcurry,2012-06-27,bander,4,14,float
1.111,2012,ikpi,12ikpi12bcc111,rnph,crutt,2012-06-24,rope,4,6,float
6.57,2014,ikpi,14ikpi14rlh029,sesa,rhammond,2014-06-26,searcher,4,,
1.079,2012,ikpi,12ikpi12bcc079,sesa,mmudge,2012-06-19,rope,4,2,float
1.123,2012,ikpi,12ikpi12bcc123,rnph,crutt,2012-06-29,bander,4,4,float
1.019,2012,ikpi,12ikpi12bcc019,sesa,crutt,2012-06-13,rope,4,0,float
1.88,2013,ikpi,13ikpi13anc088,sesa,jliebezeit,2013-06-17,rope,4,6,float
4.57,2014,ikpi,14ikpi14pac029,sesa,pchilton,2014-06-21,searcher,4,19,float
1.71,2013,ikpi,13ikpi13anc071,rnph,epayne,2013-06-15,rope,4,3,float
1.42,2013,ikpi,13ikpi13anc042,rnph,epayne,2013-06-14,rope,4,,hatch
1.07,2013,ikpi,13ikpi13anc007,sesa,ojames,2013-06-12,rope,4,,lay
1.91,2013,ikpi,13ikpi13anc091,sesa,jliebezeit,2013-06-17,rope,4,4,float
1.51,2013,ikpi,13ikpi13anc051,sesa,epayne,2013-06-14,rope,4,,lay
1.37,2013,ikpi,13ikpi13anc037,sesa,epayne,2013-06-13,rope,4,,lay
3.27,2014,ikpi,14ikpi14pac044,rnph,pchilton,2014-07-05,searcher,3,15,float
1.65,2013,ikpi,13ikpi13anc065,rnph,jliebezeit,2013-06-15,rope,4,2,float
1.115,2013,ikpi,13ikpi13anc115,sesa,acook,2013-06-19,rope,4,7,float
5.31,2014,ikpi,14ikpi14mdd068,sesa,mdodds,2014-07-01,searcher,3,12,float
1.13,2013,ikpi,13ikpi13anc130,sesa,acook,2013-06-27,searcher,3,4,float
1.135,2013,ikpi,13ikpi13anc135,rnph,epayne,2013-06-29,searcher,4,17,float
1.111,2013,ikpi,13ikpi13anc111,sesa,acook,2013-06-19,rope,4,3,float
1.45,2013,ikpi,13ikpi13anc045,sesa,jliebezeit,2013-06-14,searcher,4,,lay
1.04,2013,ikpi,13ikpi13anc004,sesa,ojames,2013-06-12,rope,4,,lay
1.26,2013,ikpi,13ikpi13anc026,sesa,jliebezeit,2013-06-13,rope,4,,lay
1.127,2013,ikpi,13ikpi13anc127,sesa,ojames,2013-06-26,searcher,4,5,float
1.128,2013,ikpi,13ikpi13anc128,rnph,ojames,2013-06-26,searcher,4,5,float
5.53,2014,ikpi,14ikpi14rlh043,rnph,rhammond,2014-07-06,searcher,4,15,float
1.141,2013,ikpi,13ikpi13anc141,rnph,ojames,2013-07-01,searcher,4,14,float
3.29,2014,ikpi,14ikpi14pac045,rnph,pchilton,2014-07-05,searcher,4,12,float
1.142,2013,ikpi,13ikpi13anc142,rnph,ojames,2013-07-01,searcher,4,14,float
1.133,2013,ikpi,13ikpi13anc133,rnph,epayne,2013-06-28,searcher,4,7,float
1.132,2013,ikpi,13ikpi13anc132,rnph,epayne,2013-06-28,searcher,3,3,float
1.075,2012,ikpi,12ikpi12bcc075,rnph,crutt,2012-06-19,searcher,4,,lay
1.082,2012,ikpi,12ikpi12bcc082,rnph,bcurry,2012-06-19,searcher,4,,lay
1.124,2012,ikpi,12ikpi12bcc124,rnph,kpietrzak,2012-06-29,bander,3,3,float
1.125,2012,ikpi,12ikpi12bcc125,rnph,crutt,2012-06-29,bander,4,2,float
1.119,2012,ikpi,12ikpi12bcc119,rnph,bcurry,2012-06-27,bander,4,,lay
1.129,2012,ikpi,12ikpi12bcc129,rnph,crutt,2012-06-30,bander,4,6,float
1.139,2013,ikpi,13ikpi13anc139,rnph,acook,2013-06-29,rope,2,2,float
1.146,2013,ikpi,13ikpi13anc146,rnph,ojames,2013-07-01,searcher,4,11,float
1.47,2014,ikpi,14ikpi14mdd024,sesa,mdodds,2014-06-18,rope,4,9,float
1.147,2013,ikpi,13ikpi13anc147,sesa,epayne,2013-07-02,searcher,4,16,float
1.145,2013,ikpi,13ikpi13anc145,rnph,epayne,2013-07-01,searcher,3,6,float
1.29,2014,ikpi,14ikpi14mdd015,sesa,mdodds,2014-06-15,searcher,4,,
1.144,2013,ikpi,13ikpi13anc144,sesa,epayne,2013-07-01,bander,2,18,float
1.156,2013,ikpi,13ikpi13ancrnph,rnph,ojames,2013-07-02,searcher,4,,float
1.149,2013,ikpi,13ikpi13anc149,rnph,ojames,2013-07-03,searcher,4,12,float
1.09,2014,ikpi,14ikpi14mdd005,sesa,mdodds,2014-06-12,rope,4,7,float
6.59,2014,ikpi,14ikpi14rlh030,sesa,rhammond,2014-06-27,searcher,4,14,float
5.29,2014,ikpi,14ikpi14rlh039,sesa,rhammond,2014-07-01,searcher,3,7,float
1.27,2014,ikpi,14ikpi14mdd014,rnph,mdodds,2014-06-15,searcher,3,,
3.25,2014,ikpi,14ikpi14pac043,rnph,pchilton,2014-07-05,searcher,4,14,float
,2011,ikpi,11ikpi11jpd110,sesa,jdiener,2011-06-26,rope,4,12,float
1.03,2013,ikpi,13ikpi13anc003,sesa,ojames,2013-06-12,searcher,4,,lay
,2011,ikpi,11ikpi11jpd124,sesa,jdiener,2011-06-30,incidental,4,,
,2011,ikpi,11ikpi11jpd081,sesa,ncook,2011-06-19,rope,4,6,float
1.103,2012,ikpi,12ikpi12bcc103,sesa,kpietrzak,2012-06-24,rope,4,12,float
,2011,ikpi,11ikpi11jpd091,sesa,jdiener,2011-06-22,incidental,4,7,float
,2011,ikpi,11ikpi11jpd069,sesa,kpietrzak,2011-06-18,rope,3,6,float
1.069,2012,ikpi,12ikpi12bcc069,rnph,mmudge,2012-06-18,rope,4,1,float
,2011,ikpi,11ikpi11jpd086,sesa,bcurry,2011-06-20,incidental,4,6,float
,2011,ikpi,11ikpi11jpd133,sesa,jwright,2011-07-03,incidental,4,,hatch
4.55,2014,ikpi,14ikpi14pac028,sesa,pchilton,2014-06-21,searcher,4,17,float
,2011,ikpi,11ikpi11jpd111,sesa,kpietrzak,2011-06-26,rope,4,12,float
1.054,2012,ikpi,12ikpi12bcc054,sesa,bcurry,2012-06-15,rope,4,1,float
3.07,2014,ikpi,14ikpi14pac034,sesa,pchilton,2014-06-28,searcher,4,7,float
1.026,2012,ikpi,12ikpi12bcc026,sesa,bcurry,2012-06-13,rope,4,,lay
,2011,ikpi,11ikpi11jpd068,sesa,kpietrzak,2011-06-18,rope,4,,hatch
,2011,ikpi,11ikpi11jpd070,sesa,kpietrzak,2011-06-18,rope,3,5,float
1.15,2014,ikpi,14ikpi14mdd008,sesa,mdodds,2014-06-15,searcher,4,5,float
1.065,2012,ikpi,12ikpi12bcc065,sesa,bcurry,2012-06-17,searcher,4,4,float
,2011,ikpi,11ikpi11jpd017,sesa,jdiener,2011-06-13,incidental,3,,hatch
5.25,2014,ikpi,14ikpi14rlh038,sesa,rhammond,2014-06-29,searcher,4,7,float
,2011,ikpi,11ikpi11jpd024,sesa,jliebezeit,2011-06-14,rope,4,,lay
,2011,ikpi,11ikpi11jpd048,sesa,jliebezeit,2011-06-16,rope,5,3,float
6.41,2014,ikpi,14ikpi14rlh21,sesa,rhammond,2014-06-22,searcher,4,17,float
1.032,2012,ikpi,12ikpi12bcc032,sesa,bcurry,2012-06-14,rope,4,1,float
1.102,2013,ikpi,13ikpi13anc102,sesa,acook,2013-06-19,rope,4,7,float
1.136,2013,ikpi,13ikpi13anc136,sesa,epayne,2013-06-29,rope,4,16,float
1.074,2012,ikpi,12ikpi12bcc074,sesa,mmudge,2012-06-18,rope,4,3,float
,2011,ikpi,11ikpi11jpd061,sesa,jliebezeit,2011-06-17,incidental,3,,hatch
,2011,ikpi,11ikpi11jpd051,sesa,lgoodrick,2011-06-16,incidental,4,,lay
,2011,ikpi,11ikpi11jpd079,sesa,jdiener,2011-06-19,incidental,4,7,float
,2011,ikpi,11ikpi11jpd049,sesa,lgoodrick,2011-06-16,incidental,4,4,float
,2011,ikpi,11ikpi11jpd055,sesa,lgoodrick,2011-06-16,rope,4,6,float
1.089,2012,ikpi,12ikpi12bcc089,sesa,mmudge,2012-06-20,rope,4,,lay
,2011,ikpi,11ikpi11jpd053,sesa,jliebezeit,2011-06-16,rope,4,7,float
4.17,2014,ikpi,14ikpi14pac009,sesa,pchilton,2014-06-15,rope,4,7,float
,2011,ikpi,11ikpi11jpd050,sesa,jliebezeit,2011-06-16,rope,3,9,float
,2011,ikpi,11ikpi11jpd099,sesa,jdiener,2011-06-25,incidental,4,7,float
,2011,ikpi,11ikpi11jpd080,sesa,ncook,2011-06-19,incidental,4,2,float
1.128,2012,ikpi,12ikpi12bcc128,sesa,crutt,2012-06-30,bander,2,14,float
6.43,2014,ikpi,14ikpi14rlh022,sesa,rhammond,2014-06-24,searcher,4,,
,2011,ikpi,11ikpi11jpd025,sesa,kpietrzak,2011-06-14,rope,4,4,float
,2011,ikpi,11ikpi11jpd056,sesa,bcurry,2011-06-16,rope,4,6,float
,2011,ikpi,11ikpi11jpd120,sesa,jdiener,2011-06-29,rope,4,15,float
,2011,ikpi,11ikpi11jpd114,sesa,kpietrzak,2011-06-26,rope,4,10,float
1.127,2012,ikpi,12ikpi12bcc127,rnph,kpietrzak,2012-06-29,bander,4,11,float
,2011,ikpi,11ikpi11jpd132,rnph,kpietrzak,2011-07-03,incidental,4,10,float
,2011,ikpi,11ikpi11jpd134,sesa,jdiener,2011-07-04,incidental,4,,hatch
2.47,2014,ikpi,14ikpi14mdd054,sesa,mdodds,2014-06-27,searcher,4,21,float
,2011,ikpi,11ikpi11jpd135,sesa,lgoodrick,2011-07-05,incidental,4,,hatch
,2011,ikpi,11ikpi11jpd101,sesa,jdiener,2011-06-26,rope,4,12,float
1.116,2013,ikpi,13ikpi13anc116,rnph,ojames,2013-06-18,searcher,3,,lay
770,2014,cari,14cari770sesa,sesa,idavies,2014-06-29,incidental,4,4,float
424,2012,cari,12cari424sesa,sesa,epierce,2012-06-30,incidental,3,15,float
616,2012,cari,12cari616sesa,sesa,akneidel,2012-06-16,incidental,4,-1,float
801,2012,cari,12cari801sesa,sesa,mlafaver,2012-06-11,incidental,4,-1,float
820,2010,cari,10carirnph820,rnph,hcraig,2010-06-21,incidental,4,8,float
127,2013,cari,13cari127sesa,sesa,sfreeman,2013-06-21,incidental,4,6,float
747,2012,cari,12cari747sesa,sesa,idavies,2012-06-23,incidental,3,12,float
228,2010,cari,10carirnph228,rnph,sfreeman,2010-06-23,incidental,4,13,float
308,2011,cari,11cari308rnph,rnph,ohicks,2011-06-18,searcher,4,0,float
241,2010,cari,10carirnph241,rnph,sfreeman,2010-07-02,incidental,4,-1,float
902,2010,cari,10carirnph902,rnph,abaltensperger,2010-06-28,incidental,4,-1,float
237,2010,cari,10carirnph237,rnph,sfreeman,2010-06-30,incidental,4,4,float
238,2010,cari,10carirnph238,rnph,sfreeman,2010-06-30,incidental,4,13,float
145,2012,cari,12cari145rnph,rnph,sfreeman,2012-07-01,incidental,4,0,float
210,2012,cari,12cari210rnph,rnph,bwinn,2012-06-18,incidental,4,0,float
303,2013,cari,13cari303rnph,rnph,abradley,2013-06-12,incidental,4,-3,float
727,2010,cari,10carirnph727,rnph,cwoodworth,2010-07-03,incidental,4,13,float
529,2010,cari,10carirnph529,rnph,ecorp,2010-07-03,incidental,4,11,float
136,2013,cari,13cari136rnph,rnph,sfreeman,2013-06-23,incidental,4,3,float
731,2010,cari,10carirnph731,rnph,cwoodworth,2010-07-08,incidental,4,8,float
116,2011,cari,11cari116sesa,sesa,sfreeman,2011-06-13,searcher,4,-1,float
423,2012,cari,12cari423sesa,sesa,epierce,2012-06-29,incidental,4,5,float
725,2012,cari,12cari725sesa,sesa,idavies,2012-06-17,incidental,4,3,float
509,2011,cari,11cari509sesa,sesa,ecorp,2011-06-13,searcher,4,3,float
627,2011,cari,11cari627sesa,sesa,rburner,2011-06-21,searcher,4,0,float
519,2012,cari,12cari519sesa,sesa,lkoloski,2012-06-21,incidental,4,0,float
623,2013,cari,13cari623sesa,sesa,idavies,2013-06-14,incidental,4,2,float
607,2014,cari,14cari607sesa,sesa,idavies,2014-06-09,incidental,4,-1,float
503,2010,cari,10carirnph503,rnph,ecorp,2010-06-09,incidental,3,11,float
736,2012,cari,12cari736sesa,sesa,idavies,2012-06-19,rope,3,8,float
525,2011,cari,11cari525sesa,sesa,ecorp,2011-06-19,searcher,4,5,float
313,2012,cari,12cari313sesa,sesa,asoto,2012-06-24,searcher,2,,lay
207,2012,cari,12cari207sesa,sesa,bwinn,2012-06-14,searcher,4,0,float
611,2010,cari,10carirnph611,rnph,bharrington,2010-06-20,incidental,4,4,float
514,2011,cari,11cari514sesa,sesa,ecorp,2011-06-15,searcher,3,11,float
775,2012,cari,12cari775sesa,sesa,idavies,2012-06-30,incidental,3,20,float
719,2010,cari,10carirnph719,rnph,cwoodworth,2010-06-30,incidental,4,5,float
524,2010,cari,10carirnph524,rnph,ecorp,2010-06-30,incidental,4,11,float
239,2010,cari,10carirnph239,rnph,sfreeman,2010-06-30,incidental,4,21,float
243,2010,cari,10carirnph243,rnph,sfreeman,2010-07-05,incidental,4,16,float
528,2010,cari,10carirnph528,rnph,ecorp,2010-07-03,incidental,4,16,float
526,2010,cari,10carisesa526,sesa,ecorp,2010-07-02,incidental,4,15,float
3.06,2011,chur,11chur11ph06,rnph,edastous,2011-06-23,searcher,4,,float
3.04,2011,chur,11chur11ph04,rnph,edastous,2011-06-21,searcher,4,,float
3.11,2011,chur,11chur11ph11,rnph,clishman,2011-07-02,searcher,4,,hatch
,2014,barr,14barrreph058,reph,jmarin,2014-06-13,searcher,3,,float
,2014,barr,14barrreph444,reph,ssheedy,2014-07-11,bander,4,,hatch
,2014,barr,14barrreph445,reph,ssheedy,2014-07-11,bander,3,,hatch
,2014,barr,14barrreph209,reph,wenglish,2014-06-20,bander,4,4,float
,2014,barr,14barrreph407,reph,mallen,2014-07-03,other,1,10,float
,2014,barr,14barrreph434,reph,jmarin,2014-07-03,rope,4,12,float
,2014,barr,14barrreph399,reph,jmarin,2014-07-03,rope,4,12,float
,2014,barr,14barrreph206,reph,wenglish,2014-06-18,bander,4,,lay
,2014,barr,14barrreph063,reph,asterling,2014-06-16,searcher,4,2,float
,2014,barr,14barrreph393,reph,jmarin,2014-07-02,rope,4,13,float
815,2010,cari,10carireph815,reph,hcraig,2010-06-18,incidental,4,4,float
623,2012,cari,12cari623reph,reph,akneidel,2012-06-19,incidental,4,4,float
739,2012,cari,12cari739reph,reph,idavies,2012-06-20,incidental,4,-1,float
525,2012,cari,12cari525reph,reph,lkoloski,2012-06-25,incidental,4,5,float
127,2012,cari,12cari127reph,reph,sfreeman,2012-06-24,incidental,2,-2,float
758,2012,cari,12cari758reph,reph,idavies,2012-06-26,incidental,4,8,float
530,2012,cari,12cari530reph,reph,lkoloski,2012-06-28,incidental,4,6,float
118,2014,cari,14cari118reph,reph,sfreeman,2014-06-13,incidental,4,3,float
114,2014,cari,14cari114reph,reph,sfreeman,2014-06-12,incidental,4,3,float
404,2014,cari,14cari404reph,reph,bhiggins,2014-06-12,incidental,4,-1,float
643,2014,cari,14cari643reph,reph,idavies,2014-06-13,incidental,4,-1,float
609,2014,cari,14cari609reph,reph,idavies,2014-06-09,incidental,4,-3,float
237,2014,cari,14cari237dunl,dunl,cmontgomerie,2014-06-21,incidental,4,0,float
223,2014,cari,14cari223reph,reph,cmontgomerie,2014-06-17,incidental,3,-1,float
236,2014,cari,14cari236reph,reph,cmontgomerie,2014-06-21,incidental,4,-3,float
695,2014,cari,14cari695reph,reph,idavies,2014-06-21,incidental,4,4,float
724,2014,cari,14cari724reph,reph,idavies,2014-06-24,incidental,3,7,float
742,2014,cari,14cari742reph,reph,idavies,2014-06-26,incidental,4,9,float
720,2014,cari,14cari720reph,reph,idavies,2014-06-24,incidental,4,4,float
161,2014,cari,14cari161reph,reph,sfreeman,2014-06-25,incidental,3,5,float
729,2014,cari,14cari729reph,reph,idavies,2014-06-25,incidental,1,10,float
771,2014,cari,14cari771reph,reph,idavies,2014-06-29,incidental,4,12,float
756,2014,cari,14cari756reph,reph,idavies,2014-06-28,incidental,3,10,float
796,2014,cari,14cari796reph,reph,idavies,2014-07-02,incidental,3,13,float
515,2014,cari,14cari515reph,reph,mcorrell,2014-07-02,incidental,4,13,float
463,2014,cari,14cari463reph,reph,bhiggins,2014-06-26,incidental,4,0,float
766,2014,cari,14cari766reph,reph,idavies,2014-06-29,incidental,4,11,float
1.41,2012,made,12madekb-18,sepl,kbeckmann,2012-06-17,searcher,4,15,float
1.02,2012,made,12madefs-02,stsa,fsmith,2012-06-09,searcher,4,,hatch
,2010,made,10madestsa003,stsa,lpirie,2010-06-13,searcher,4,11,float
1.6,2013,made,13madeab06sepl,sepl,abuckley,2013-06-14,searcher,4,,lay
,2011,made,11madelp-10-2011,sepl,lpirie,2011-06-10,searcher,4,12,float
,2011,made,11madelp-22-2011,sepl,lpirie,2011-06-13,searcher,4,12,float
1.01,2012,made,12madefs-03,stsa,fsmith,2012-06-09,searcher,4,,float
,2011,made,11madekn-07-2011,stsa,knuyaviak,2011-06-21,searcher,4,11,float
,2011,made,11madekn-14-2011,stsa,knuyaviak,2011-06-27,searcher,4,,
,2011,made,11mademm-27-2011,stsa,mmichaud,2011-06-28,searcher,4,11,float
1.41,2013,made,13madefs25pesa,pesa,fsmith,2013-06-22,searcher,4,7,float
2.03,2013,made,13madegm06pesa,pesa,gmccune,2013-06-17,searcher,4,10,float
2.07,2013,made,13madegm13sepl,sepl,gmccune,2013-06-24,searcher,4,12,float
1.75,2013,made,13madeab37pesa,pesa,abuckley,2013-06-27,bander,4,3,float
1.48,2013,made,13madefs36pesa,pesa,fsmith,2013-06-28,searcher,4,7,float
1.77,2013,made,13madeab39pesa,pesa,abuckley,2013-06-29,searcher,4,3,float
1.78,2013,made,13madeab40pesa,pesa,abuckley,2013-06-29,searcher,4,13,float
1.2,2013,made,13madekb26pesa,pesa,kbeckmann,2013-06-30,searcher,4,15,float
,2011,made,11madelp-16-2011,sesa,lpirie,2011-06-10,searcher,4,,
,2010,made,10madesesa001,sesa,ctrevor,2010-06-12,searcher,4,,
,2010,made,10madernph002,rnph,knuyaviak,2010-06-17,searcher,4,6,float
,2010,made,10madernph003,rnph,ejones,2010-06-17,searcher,3,6,float
,2010,made,10madesesa003,sesa,lpirie,2010-06-17,searcher,4,17,float
,2010,made,10madesesa002,sesa,lpirie,2010-06-17,searcher,4,12,float
,2010,made,10madesesa005,sesa,ejones,2010-06-17,searcher,3,6,float
,2010,made,10madernph004,rnph,lpirie,2010-06-17,searcher,4,0,float
,2011,made,11madelp-09-2011,sesa,lpirie,2011-06-09,searcher,4,10,float
,2010,made,10madesesa006,sesa,ejones,2010-06-17,searcher,4,11,float
,2010,made,10madesesa004,sesa,lpirie,2010-06-17,searcher,4,13,float
,2010,made,10madesesa008,sesa,jrausch,2010-06-29,searcher,3,,hatch
,2010,made,10madesesa009,sesa,jrausch,2010-06-29,searcher,4,,
,2010,made,10madernph008,rnph,jrausch,2010-06-29,searcher,4,,
3.05,2014,made,14madeca16rnph,rnph,canderson,2014-06-19,searcher,4,6,float
,2010,made,10madernph005,rnph,jrausch,2010-06-29,searcher,5,,
,2010,made,10madernph006,rnph,sskinner,2010-06-29,searcher,4,,
,2011,made,11mademm-11-2011,sesa,mmichaud,2011-06-13,searcher,4,,
,2011,made,11madelp-14-2011,sesa,lpirie,2011-06-10,searcher,4,,
,2011,made,11madeva-01-2011,sesa,vamarualik,2011-06-12,searcher,4,8,float
1.05,2012,made,12madefs-12,sesa,fsmith,2012-06-15,searcher,4,,
,2011,made,11madelp-32-2011,sesa,lpirie,2011-06-17,searcher,4,,hatch
1.08,2013,made,13madekb13sesa,sesa,kbeckmann,2013-06-22,searcher,4,15,float
,2011,made,11mademm-20-2011,sesa,mmichaud,2011-06-19,searcher,4,10,float
,2011,made,11mademm-14-2011,sesa,mmichaud,2011-06-13,searcher,4,,hatch
,2011,made,11madeva-02-2011,sesa,vamarualik,2011-06-13,searcher,4,8,float
,2011,made,11madelp-38-2011,rnph,lpirie,2011-06-20,searcher,4,8,float
,2011,made,11madelp-37-2011,rnph,lpirie,2011-06-20,searcher,4,7,float
,2011,made,11madelp-40-2011,rnph,lpirie,2011-06-23,searcher,4,,
,2011,made,11madekn-08-2011,rnph,knuyaviak,2011-06-21,searcher,2,10,float
1.65,2013,made,13madeab19rnph,rnph,abuckley,2013-06-19,searcher,4,,
,2011,made,11madekn-12-2011,rnph,knuyaviak,2011-06-24,searcher,2,12,float
,2011,made,11madelp-23-2011,sesa,lpirie,2011-06-13,searcher,3,,
,2014,barr,14barrdunl106,dunl,ssheedy,2014-06-13,searcher,4,0,float
,2014,barr,14barrreph119,reph,asterling,2014-06-18,searcher,4,3,float
,2014,barr,14barrreph021,reph,asterling,2014-06-17,searcher,3,4,float
,2014,barr,14barrdunl180,dunl,jcunningham,2014-06-24,bander,4,11,float
,2014,barr,14barrreph041,reph,asterling,2014-06-24,searcher,4,4,float
,2014,barr,14barrreph361,reph,jmarin,2014-06-30,rope,4,11,float
,2014,barr,14barrreph026,reph,ssheedy,2014-06-19,searcher,3,5,float
,2014,barr,14barrreph325,reph,jmarin,2014-06-26,searcher,4,4,float
,2014,barr,14barrreph166,reph,asterling,2014-07-05,rope,4,10,float
,2014,barr,14barrreph168,reph,asterling,2014-07-05,rope,3,4,float
,2014,barr,14barrreph349,reph,asterling,2014-07-02,rope,4,8,float
,2014,barr,14barrreph352,reph,asterling,2014-07-02,rope,4,8,float
,2014,barr,14barrreph161,reph,asterling,2014-07-05,rope,3,12,float
,2014,barr,14barrreph376,reph,asterling,2014-07-03,rope,3,7,float
,2014,barr,14barrreph359,reph,mallen,2014-06-29,bander,4,13,float
,2014,barr,14barrreph071,reph,ssheedy,2014-06-18,searcher,4,9,float
,2014,barr,14barrreph395,reph,jmarin,2014-07-02,rope,4,13,float
,2014,barr,14barrreph397,reph,jmarin,2014-07-03,rope,4,13,float
,2014,barr,14barrreph390,reph,asterling,2014-07-01,searcher,4,7,float
,2014,barr,14barrreph396,reph,jmarin,2014-07-02,rope,4,,lay
,2014,barr,14barrreph204,reph,wenglish,2014-06-18,bander,4,,lay
,2014,barr,14barrdunl199,dunl,wenglish,2014-06-16,bander,4,7,float
,2014,barr,14barrreph316,reph,ssheedy,2014-06-29,rope,3,9,float
,2014,barr,14barrreph317,reph,ssheedy,2014-06-29,rope,4,8,float
,2014,barr,14barrreph238,reph,wenglish,2014-06-29,bander,4,4,float
,2014,barr,14barrreph200,reph,wenglish,2014-06-17,bander,4,2,float
,2014,barr,14barrreph202,reph,wenglish,2014-06-17,bander,4,5,float
,2014,barr,14barrreph328,reph,jmarin,2014-06-26,searcher,4,,lay
,2014,barr,14barrreph115,reph,ssheedy,2014-06-17,searcher,4,,lay
,2014,barr,14barrreph324,reph,jmarin,2014-06-26,searcher,4,5,float
,2014,barr,14barrreph124,reph,jmarin,2014-06-19,searcher,4,4,float
,2014,barr,14barrreph156,reph,asterling,2014-06-22,searcher,4,4,float
,2014,barr,14barrreph109,reph,asterling,2014-06-15,searcher,4,2,float
,2014,barr,14barrreph152,reph,kgrond,2014-06-15,bander,4,4,float
,2014,barr,14barrreph282,reph,ssheedy,2014-06-25,searcher,3,8,float
,2014,barr,14barrreph278,reph,ssheedy,2014-06-25,searcher,4,8,float
,2014,barr,14barrreph210,reph,wenglish,2014-06-21,bander,4,8,float
,2014,barr,14barrreph236,reph,wenglish,2014-06-21,bander,4,8,float
,2014,barr,14barrreph078,reph,asterling,2014-06-19,searcher,4,3,float
,2014,barr,14barrreph055,reph,asterling,2014-06-12,searcher,4,,lay
,2014,barr,14barrreph263,reph,jmarin,2014-06-29,rope,3,2,float
,2014,barr,14barrreph262,reph,jmarin,2014-06-29,rope,4,13,float
,2014,barr,14barrreph185,reph,jcunningham,2014-07-01,bander,4,4,float
,2014,barr,14barrreph050,reph,ssheedy,2014-06-26,searcher,4,,lay
,2014,barr,14barrreph338,reph,jmarin,2014-07-01,searcher,3,2,float
,2014,barr,14barrreph457,reph,ssheedy,2014-07-07,rope,4,12,float
1.41,2011,barr,11barrreph448,reph,abankert,2011-06-26,searcher,3,,lay
7.17,2012,barr,12barrreph507,reph,pherzog,2012-06-07,searcher,4,,lay
7.03,2012,barr,12barrreph501,reph,pherzog,2012-06-04,searcher,4,,lay
13.51,2012,barr,12barrreph559,reph,pherzog,2012-06-18,searcher,4,9,float
8.17,2012,barr,12barrreph518,reph,pherzog,2012-06-11,searcher,4,5,float
7.15,2012,barr,12barrreph506,reph,pherzog,2012-06-07,searcher,3,,lay
13.01,2012,barr,12barrreph623,reph,mmcconnell,2012-06-13,searcher,4,2,float
7.33,2012,barr,12barrbasa516,basa,pherzog,2012-06-11,searcher,4,3,float
7.57,2012,barr,12barrreph619,reph,mmcconnell,2012-06-13,searcher,4,4,float
8.51,2012,barr,12barrpesa537,pesa,pherzog,2012-06-14,searcher,4,7,float
7.51,2012,barr,12barrreph616,reph,mmcconnell,2012-06-13,searcher,4,5,float
8.49,2012,barr,12barrreph536,reph,pherzog,2012-06-14,searcher,4,5,float
7.25,2012,barr,12barrreph608,reph,mmcconnell,2012-06-10,searcher,4,,lay
7.09,2012,barr,12barrreph200,reph,bhill,2012-06-06,searcher,3,,lay
2.07,2011,barr,11barrreph486,reph,abankert,2011-07-03,rope,4,11,float
6.17,2011,barr,11barrreph902,reph,abankert,2011-07-14,bander,8,11,float
2.03,2011,barr,11barrreph484,reph,abankert,2011-07-02,rope,4,6,float
1.37,2011,barr,11barrreph547,reph,pherzog,2011-06-23,searcher,4,,lay
20.05,2011,barr,11barrdunl601,dunl,adoll,2011-06-10,searcher,4,0,float
20.07,2011,barr,11barrdunl602,dunl,adoll,2011-06-10,searcher,4,3,float
19.09,2011,barr,11barrdunl210,dunl,bhill,2011-06-14,searcher,4,6,float
20.19,2011,barr,11barrdunl605,dunl,adoll,2011-06-15,bander,4,4,float
20.29,2011,barr,11barrdunl610,dunl,adoll,2011-06-17,bander,4,2,float
16.05,2011,barr,11barrreph500,reph,pherzog,2011-06-08,searcher,4,4,float
16.37,2011,barr,11barrreph309,reph,jzamudio,2011-06-17,searcher,4,2,float
20.03,2011,barr,11barrdunl600,dunl,adoll,2011-06-08,searcher,4,2,float
18.15,2011,barr,11barrreph459,reph,abankert,2011-06-27,rope,4,2,float
17.41,2011,barr,11barrreph444,reph,abankert,2011-06-24,searcher,4,,lay
1.37,2012,barr,12barrreph452,reph,bverheijen,2012-06-20,searcher,4,5,float
,2013,barr,13barrreph013,reph,lrensel,2013-06-12,searcher,4,4,float
5.59,2012,barr,12barrreph651,reph,mmcconnell,2012-06-19,searcher,4,6,float
,2013,barr,13barrdunl139,dunl,bkaselow,2013-06-14,searcher,4,3,float
,2014,barr,14barrdunl368,dunl,ssheedy,2014-06-30,rope,4,,lay
,2013,barr,13barrdunl022,dunl,pherzog,2013-06-14,searcher,4,4,float
3.25,2012,barr,12barrreph550,reph,pherzog,2012-06-17,searcher,3,5,float
3.17,2012,barr,12barrreph419,reph,bverheijen,2012-06-14,searcher,4,4,float
5.41,2012,barr,12barrreph548,reph,pherzog,2012-06-17,searcher,4,5,float
5.33,2012,barr,12barrreph421,reph,bverheijen,2012-06-14,searcher,4,4,float
5.25,2012,barr,12barrreph531,reph,pherzog,2012-06-13,searcher,4,4,float
,2013,barr,13barrdunl132,dunl,pherzog,2013-06-12,searcher,3,3,float
8.55,2012,barr,12barrreph430,reph,bverheijen,2012-06-15,searcher,4,5,float
10.19,2012,barr,12barrdunl211,dunl,bhill,2012-06-13,bander,4,,
10.13,2012,barr,12barrdunl208,dunl,bhill,2012-06-12,bander,4,,
8.09,2012,barr,12barrreph401,reph,bverheijen,2012-06-08,searcher,4,4,float
24.41,2012,barr,12barrreph481,reph,bverheijen,2012-06-26,searcher,4,12,float
24.27,2012,barr,12barrreph672,reph,mmcconnell,2012-06-24,searcher,4,6,float
13.35,2012,barr,12barrreph638,reph,mmcconnell,2012-06-17,searcher,4,5,float
24.01,2012,barr,12barrreph656,reph,mmcconnell,2012-06-20,searcher,4,10,float
,2013,barr,13barrdunl004,dunl,pherzog,2013-06-07,searcher,4,3,float
1.47,2012,barr,12barrreph472,reph,bverheijen,2012-06-24,searcher,4,5,float
1.17,2012,barr,12barrreph438,reph,bverheijen,2012-06-17,searcher,4,4,float
,2013,barr,13barrreph256,reph,pherzog,2013-06-21,searcher,4,7,float
1.39,2012,barr,12barrreph453,reph,bverheijen,2012-06-20,searcher,4,4,float
1.45,2012,barr,12barrreph471,reph,bverheijen,2012-06-24,searcher,3,12,float
14.33,2012,barr,12barrreph678,reph,mmcconnell,2012-06-25,searcher,4,5,float
2.47,2012,barr,12barrreph646,reph,mmcconnell,2012-06-18,searcher,4,5,float
14.25,2012,barr,12barrreph591,reph,pherzog,2012-06-22,searcher,4,14,float
2.51,2012,barr,12barrreph648,reph,mmcconnell,2012-06-18,searcher,4,2,float
1.21,2011,barr,11barrreph528,reph,pherzog,2011-06-20,searcher,4,4,float
1.27,2011,barr,11barrreph423,reph,abankert,2011-06-22,searcher,4,2,float
4.59,2011,barr,11barrreph328,reph,abankert,2011-06-28,rope,4,,hatch
1.43,2011,barr,11barrreph449,reph,abankert,2011-06-26,searcher,4,12,float
1.13,2011,barr,11barrreph128,reph,jcunningham,2011-06-17,searcher,4,,lay
4.55,2011,barr,11barrreph469,reph,abankert,2011-06-28,rope,4,12,float
1.67,2011,barr,11barrreph568,reph,pherzog,2011-06-29,searcher,4,15,float
1.69,2011,barr,11barrreph622,reph,adoll,2011-06-30,bander,4,14,float
1.63,2011,barr,11barrreph566,reph,pherzog,2011-06-29,searcher,4,14,float
5.15,2011,barr,11barrdunl624,dunl,adoll,2011-07-01,bander,4,15,float
5.07,2011,barr,11barrreph479,reph,abankert,2011-07-01,rope,4,12,float
2.09,2011,barr,11barrreph487,reph,abankert,2011-07-03,rope,4,11,float
8.23,2012,barr,12barrreph521,reph,pherzog,2012-06-11,searcher,4,4,float
8.13,2012,barr,12barrreph605,reph,mmcconnell,2012-06-10,searcher,3,4,float
,2013,barr,13barrreph283,reph,amould,2013-06-26,rope,4,,hatch
8.39,2012,barr,12barrreph626,reph,mmcconnell,2012-06-13,searcher,4,4,float
8.35,2012,barr,12barrreph624,reph,mmcconnell,2012-06-13,searcher,4,4,float
9.07,2012,barr,12barrreph435,reph,bverheijen,2012-06-15,searcher,4,6,float
9.35,2012,barr,12barrreph445,reph,bverheijen,2012-06-19,searcher,4,13,float
9.09,2012,barr,12barrreph633,reph,mmcconnell,2012-06-17,searcher,4,5,float
9.19,2012,barr,12barrreph561,reph,pherzog,2012-06-18,searcher,4,5,float
9.21,2012,barr,12barrreph563,reph,pherzog,2012-06-18,searcher,4,5,float
,2014,barr,14barrreph069,reph,asterling,2014-06-16,searcher,3,8,float
15.01,2012,barr,12barrreph581,reph,pherzog,2012-06-21,searcher,4,12,float
,2013,barr,13barrreph176,reph,kgrond,2013-06-16,searcher,4,,lay
9.31,2012,barr,12barrreph443,reph,bverheijen,2012-06-19,searcher,4,6,float
9.23,2012,barr,12barrreph564,reph,pherzog,2012-06-18,searcher,4,7,float
9.47,2012,barr,12barrreph661,reph,mmcconnell,2012-06-20,searcher,4,13,float
9.29,2012,barr,12barrreph567,reph,pherzog,2012-06-18,searcher,3,6,float
,2014,barr,14barrreph077,reph,asterling,2014-06-19,searcher,4,2,float
15.21,2012,barr,12barrreph106,reph,jcunningham,2012-06-25,bander,4,15,float
,2013,barr,13barrreph353,reph,lrensel,2013-06-25,searcher,4,14,float
9.69,2011,barr,11barrreph433,reph,abankert,2011-06-23,searcher,4,10,float
3.61,2012,barr,12barrreph668,reph,mmcconnell,2012-06-22,searcher,3,9,float
8.09,2011,barr,11barrreph174,reph,jcunningham,2011-06-26,searcher,4,13,float
8.13,2011,barr,11barrreph176,reph,jcunningham,2011-06-26,searcher,4,13,float
,2013,barr,13barrdunl125,dunl,pherzog,2013-06-12,searcher,4,3,float
11.11,2011,barr,11barrreph155,reph,jcunningham,2011-06-22,searcher,4,12,float
10.17,2011,barr,11barrreph212,reph,bhill,2011-06-15,bander,4,,lay
10.59,2011,barr,11barrdunl228,dunl,bhill,2011-06-22,bander,4,0,float
10.53,2011,barr,11barrreph532,reph,pherzog,2011-06-21,searcher,4,4,float
10.13,2011,barr,11barrreph120,reph,jcunningham,2011-06-15,searcher,3,8,float
19.07,2011,barr,11barrdunl206,dunl,bhill,2011-06-09,searcher,4,0,float
19.05,2011,barr,11barrdunl205,dunl,bhill,2011-06-09,searcher,4,0,float
5.17,2012,barr,12barrdunl614,dunl,mmcconnell,2012-06-12,searcher,4,1,float
,2013,barr,13barrreph243,reph,lrensel,2013-06-20,searcher,4,10,float
10.37,2011,barr,11barrreph136,reph,jcunningham,2011-06-19,searcher,4,,lay
15.03,2012,barr,12barrreph466,reph,bverheijen,2012-06-22,searcher,4,11,float
15.23,2012,barr,12barrreph702,reph,ssaalfeld,2012-06-25,bander,4,5,float
9.33,2012,barr,12barrreph444,reph,bverheijen,2012-06-19,searcher,4,8,float
9.59,2012,barr,12barrreph579,reph,pherzog,2012-06-21,searcher,4,5,float
15.41,2012,barr,12barrreph685,reph,mmcconnell,2012-06-27,rope,4,14,float
15.09,2012,barr,12barrreph701,reph,ssaalfeld,2012-06-22,bander,4,10,float
9.03,2012,barr,12barrreph433,reph,bverheijen,2012-06-15,searcher,3,6,float
8.37,2012,barr,12barrreph625,reph,mmcconnell,2012-06-13,searcher,4,3,float
15.31,2012,barr,12barrreph107,reph,jcunningham,2012-06-26,bander,4,9,float
9.15,2012,barr,12barrreph636,reph,mmcconnell,2012-06-17,searcher,4,9,float
15.57,2012,barr,12barrreph691,reph,mmcconnell,2012-06-27,rope,4,11,float
15.39,2012,barr,12barrreph485,reph,bverheijen,2012-06-26,searcher,4,14,float
9.39,2012,barr,12barrreph657,reph,mmcconnell,2012-06-20,searcher,4,7,float
9.37,2012,barr,12barrreph446,reph,bverheijen,2012-06-19,searcher,4,5,float
15.37,2012,barr,12barrreph484,reph,bverheijen,2012-06-26,searcher,4,8,float
15.49,2012,barr,12barrreph703,reph,ssaalfeld,2012-06-27,bander,4,11,float
15.67,2012,barr,12barrreph696,reph,mmcconnell,2012-06-27,rope,4,14,float
15.59,2012,barr,12barrreph692,reph,mmcconnell,2012-06-27,rope,4,12,float
15.17,2012,barr,12barrreph677,reph,mmcconnell,2012-06-24,searcher,4,4,float
15.53,2012,barr,12barrreph689,reph,mmcconnell,2012-06-27,rope,4,4,float
5.43,2012,barr,12barrreph554,reph,pherzog,2012-06-17,searcher,4,4,float
4.01,2012,barr,12barrreph681,reph,mmcconnell,2012-06-26,searcher,4,11,float
3.45,2012,barr,12barrreph572,reph,pherzog,2012-06-20,searcher,4,4,float
4.09,2012,barr,12barrreph494,reph,bverheijen,2012-07-01,rope,4,15,float
5.47,2012,barr,12barrreph219,reph,bhill,2012-06-17,bander,4,,lay
6.29,2012,barr,12barrreph488,reph,bverheijen,2012-06-28,rope,4,14,float
3.23,2012,barr,12barrreph549,reph,pherzog,2012-06-17,searcher,4,4,float
3.35,2012,barr,12barrreph652,reph,mmcconnell,2012-06-19,searcher,4,5,float
,2014,barr,14barrdunl331,dunl,jmarin,2014-06-26,searcher,4,2,float
3.43,2012,barr,12barrreph655,reph,mmcconnell,2012-06-19,searcher,4,6,float
3.63,2012,barr,12barrreph592,reph,pherzog,2012-06-24,searcher,4,13,float
3.41,2012,barr,12barrreph654,reph,mmcconnell,2012-06-19,searcher,4,8,float
,2014,barr,14barrdunl145,dunl,asterling,2014-06-25,searcher,4,2,float
5.51,2012,barr,12barrreph221,reph,bhill,2012-06-18,bander,4,6,float
3.71,2012,barr,12barrreph476,reph,bverheijen,2012-06-25,searcher,4,12,float
,2013,barr,13barrreph149,reph,pherzog,2013-06-16,searcher,4,12,float
,2013,barr,13barrdunl110,dunl,kgrond,2013-06-07,searcher,4,2,float
,2013,barr,13barrdunl118,dunl,kgrond,2013-06-13,bander,4,3,float
,2013,barr,13barrreph156,reph,pherzog,2013-06-16,searcher,4,4,float
,2013,barr,13barrreph122,reph,pherzog,2013-06-09,searcher,4,,lay
13.39,2012,barr,12barrreph640,reph,mmcconnell,2012-06-17,searcher,4,,lay
,2014,barr,14barrdunl362,dunl,ssheedy,2014-06-30,rope,4,,hatch
24.03,2012,barr,12barrbasa582,basa,pherzog,2012-06-21,searcher,4,,lay
,2013,barr,13barrdunl007,dunl,bkaselow,2013-06-10,searcher,4,3,float
,2014,barr,14barrdunl074,dunl,jmarin,2014-06-17,searcher,4,6,float
,2013,barr,13barrdunl171,dunl,kgrond,2013-06-14,bander,4,5,float
,2013,barr,13barrdunl111,dunl,kgrond,2013-06-10,bander,4,3,float
15.15,2012,barr,12barrreph676,reph,mmcconnell,2012-06-24,searcher,4,6,float
3.73,2012,barr,12barrreph477,reph,bverheijen,2012-06-25,searcher,4,9,float
3.75,2012,barr,12barrreph478,reph,bverheijen,2012-06-25,searcher,4,8,float
4.35,2012,barr,12barrreph806,reph,bverheijen,2012-07-02,rope,4,12,float
4.31,2012,barr,12barrreph804,reph,bverheijen,2012-07-02,rope,4,15,float
6.11,2012,barr,12barrreph474,reph,bverheijen,2012-06-25,searcher,4,5,float
6.21,2012,barr,12barrreph003,reph,rlanctot,2012-06-27,bander,4,3,float
6.23,2012,barr,12barrpesa004,pesa,rlanctot,2012-06-28,bander,4,2,float
,2013,barr,13barrreph014,reph,lrensel,2013-06-12,searcher,2,5,float
3.65,2012,barr,12barrreph593,reph,pherzog,2012-06-24,searcher,4,11,float
6.33,2012,barr,12barrreph490,reph,mmcconnell,2012-06-29,rope,4,13,float
6.31,2012,barr,12barrreph489,reph,bverheijen,2012-06-29,rope,4,12,float
,2014,barr,14barrdunl405,dunl,rlanctot,2014-07-03,bander,4,,hatch
,2013,barr,13barrdunl039,dunl,kgrond,2013-06-04,bander,4,,lay
,2013,barr,13barrreph231,reph,pherzog,2013-06-20,searcher,4,12,float
,2013,barr,13barrreph067,reph,pherzog,2013-06-17,searcher,4,10,float
,2013,barr,13barrdunl099,dunl,jcunningham,2013-06-09,bander,4,2,float
,2013,barr,13barrreph066,reph,pherzog,2013-06-17,searcher,4,6,float
,2013,barr,13barrreph078,reph,lrensel,2013-06-18,searcher,3,11,float
,2013,barr,13barrdunl179,dunl,kgrond,2013-06-17,bander,4,3,float
,2013,barr,13barrreph287,reph,bkaselow,2013-06-23,searcher,4,12,float
14.89,2012,barr,12barrreph292,reph,pherzog,2012-07-04,searcher,4,,hatch
16.05,2012,barr,12barrreph286,reph,dsaalfeld,2012-07-01,rope,4,10,float
16.07,2012,barr,12barrreph287,reph,dsaalfeld,2012-07-01,rope,3,10,float
1.59,2012,barr,12barrreph257,reph,pherzog,2012-06-26,searcher,4,4,float
1.61,2012,barr,12barrreph232,reph,bhill,2012-06-29,bander,4,,lay
1.51,2012,barr,12barrreph253,reph,pherzog,2012-06-26,searcher,4,4,float
,2013,barr,13barrreph234,reph,pherzog,2013-06-20,searcher,4,11,float
,2014,barr,14barrdunl091,dunl,rlanctot,2014-06-21,other,4,10,float
,2013,barr,13barrreph312,reph,jcunningham,2013-06-25,bander,4,13,float
,2013,barr,13barrdunl100,dunl,jcunningham,2013-06-09,bander,4,,lay
,2013,barr,13barrreph068,reph,pherzog,2013-06-17,searcher,4,4,float
,2013,barr,13barrreph236,reph,lrensel,2013-06-21,searcher,3,5,float
,2013,barr,13barrreph292,reph,pherzog,2013-06-24,searcher,4,12,float
,2013,barr,13barrreph293,reph,pherzog,2013-06-24,searcher,4,8,float
,2013,barr,13barrreph294,reph,pherzog,2013-06-24,searcher,4,6,float
,2013,barr,13barrreph235,reph,lrensel,2013-06-21,searcher,4,4,float
,2013,barr,13barrreph438,reph,pherzog,2013-07-02,rope,4,,hatch
,2013,barr,13barrreph427,reph,amould,2013-07-01,rope,4,14,float
,2013,barr,13barrreph105,reph,jcunningham,2013-06-16,searcher,4,,lay
,2013,barr,13barrreph425,reph,amould,2013-07-01,rope,4,12,float
,2014,barr,14barrreph417,reph,asterling,2014-07-02,rope,3,5,float
,2014,barr,14barrreph351,reph,asterling,2014-07-02,rope,3,7,float
,2014,barr,14barrreph306,reph,asterling,2014-07-03,rope,3,6,float
,2014,barr,14barrreph311,reph,asterling,2014-07-03,rope,3,6,float
,2014,barr,14barrreph374,reph,asterling,2014-07-03,rope,4,8,float
,2010,chur,10churph08c,rnph,frousseu,2010-06-28,searcher,4,,
,2010,chur,10churph09c,rnph,frousseu,2010-06-28,searcher,4,,
,2010,chur,10churph06c,rnph,frousseu,2010-06-27,searcher,1,,
,2010,chur,10churph04c,rnph,frousseu,2010-06-25,searcher,4,,
,2010,chur,10churph10c,rnph,frousseu,2010-06-28,searcher,3,,
1.23,2012,made,12madeas-32,rnph,asmith,2012-07-02,searcher,4,,
1.07,2013,made,13madekb12sesa,sesa,kbeckmann,2013-06-22,searcher,4,6,float
1.63,2013,made,13madeab15sesa,sesa,abuckley,2013-06-15,searcher,4,,lay
1.34,2013,made,13madefs17sesa,sesa,fsmith,2013-06-22,searcher,4,,
1.09,2013,made,13madekb14sesa,sesa,kbeckmann,2013-06-22,searcher,4,15,float
1.35,2013,made,13madefs18sesa,sesa,fsmith,2013-06-22,searcher,4,11,float
1.37,2013,made,13madefs20sesa,sesa,fsmith,2013-06-22,searcher,4,,
1.36,2013,made,13madefs19lesa,lesa,fsmith,2013-06-22,searcher,4,12,float
1.68,2013,made,13madeab26rnph,rnph,abuckley,2013-06-22,searcher,4,,hatch
1.39,2013,made,13madefs24sesa,sesa,fsmith,2013-06-22,searcher,4,8,float
1.69,2013,made,13madeab30sesa,sesa,abuckley,2013-06-23,searcher,4,8,float
1.89,2013,made,13madelb05rnph,rnph,lbachellier,2013-06-19,searcher,4,0,float
2.05,2013,made,13madegm11rnph,rnph,gmccune,2013-06-23,searcher,4,15,float
2.06,2013,made,13madegm12rnph,rnph,gmccune,2013-06-23,searcher,4,20,float
1.64,2013,made,13madeab16rnph,rnph,abuckley,2013-06-15,searcher,4,,lay
2.08,2013,made,13madegm14rnph,rnph,gmccune,2013-06-27,searcher,4,0,float
1.13,2013,made,13madekb18rnph,rnph,kbeckmann,2013-06-27,searcher,4,7,float
1.14,2013,made,13madekb19rnph,rnph,kbeckmann,2013-06-27,searcher,4,4,float
1.15,2013,made,13madekb20rnph,rnph,kbeckmann,2013-06-27,searcher,4,7,float
1.17,2013,made,13madekb22rnph,rnph,kbeckmann,2013-06-27,searcher,4,6,float
1.74,2013,made,13madeab36rnph,rnph,abuckley,2013-06-27,bander,4,9,float
1.18,2013,made,13madekb24rnph,rnph,kbeckmann,2013-06-27,searcher,4,0,float
2.15,2013,made,13madegm21rnph,rnph,gmccune,2013-06-27,searcher,4,6,float
1.7,2013,made,13madeab31rnph,rnph,abuckley,2013-06-23,searcher,4,6,float
1.19,2013,made,13madekb25sesa,sesa,kbeckmann,2013-06-28,searcher,4,15,float
3.07,2014,made,14madeca20sesa,sesa,canderson,2014-06-20,searcher,4,11,float
1.9,2013,made,13madelb12sesa,sesa,lbachellier,2013-06-28,searcher,3,0,float
1.91,2013,made,13madelb15sesa,sesa,lbachellier,2013-06-28,searcher,4,11,float
2.17,2013,made,13madegm23sesa,sesa,gmccune,2013-06-28,searcher,4,14,float
1.31,2013,made,13madefs13rnph,rnph,fsmith,2013-06-21,searcher,4,14,float
1.51,2013,made,13madefs41sesa,sesa,fsmith,2013-07-01,searcher,4,14,float
1.53,2013,made,13madefs43sesa,sesa,fsmith,2013-07-01,searcher,4,11,float
1.92,2013,made,13madelb17sesa,sesa,lbachellier,2013-07-01,searcher,4,12,float
1.54,2013,made,13madefs44sesa,sesa,fsmith,2013-07-01,searcher,4,10,float
1.52,2013,made,13madefs42sesa,sesa,fsmith,2013-07-01,searcher,3,8,float
1.45,2013,made,13madefs34rnph,rnph,fsmith,2013-06-27,searcher,3,0,float
1.81,2013,made,13madeab44rnph,rnph,abuckley,2013-07-03,searcher,5,11,float
1.82,2013,made,13madeab45rnph,rnph,abuckley,2013-07-03,searcher,3,,
1.83,2013,made,13madeab46rnph,rnph,abuckley,2013-07-04,searcher,4,7,float
4.08,2014,made,14madefs20rnph,rnph,fsmith,2014-06-20,searcher,2,12,float
1.22,2013,made,13madekb29rnph,rnph,kbeckmann,2013-07-04,searcher,4,14,float
4.13,2014,made,14madefs42sesa,sesa,fsmith,2014-07-05,searcher,2,,hatch
1.93,2013,made,13madelb18sesa,sesa,lbachellier,2013-07-01,searcher,3,11,float
4.19,2014,made,14madefs43sesa,sesa,fsmith,2014-07-05,searcher,3,,hatch
1.94,2013,made,13madelb19sesa,sesa,lbachellier,2013-07-01,searcher,3,3,float
1.55,2013,made,13madefs45sesa,sesa,fsmith,2013-07-01,searcher,2,0,float
1.96,2013,made,13madelb25sesa,sesa,lbachellier,2013-07-06,searcher,,,hatch
1.57,2013,made,13madefs50sesa,sesa,fsmith,2013-07-06,searcher,4,13,float
1.58,2013,made,13madefs51sesa,sesa,fsmith,2013-07-06,searcher,4,19,float
1.57,2012,made,12madekb-26,rnph,kbeckmann,2012-06-24,searcher,4,,
1.16,2012,made,12madeas-29,rnph,asmith,2012-07-02,searcher,4,,hatch
1.17,2012,made,12madeas-30,rnph,asmith,2012-07-02,searcher,3,,
1.29,2012,made,12madefs-27,rnph,fsmith,2012-07-01,searcher,4,,
1.71,2012,made,12madelp-12,rnph,lpirie,2012-07-01,searcher,4,,
,2013,iglo,13iglosesa001,sesa,nlecomte,2013-06-22,searcher,4,10,float
,2013,iglo,13iglosesa027,sesa,mgiroux,2013-07-13,rope,4,11,float
,2014,iglo,14iglosesa.14.053,sesa,mtrottierpaquet,2014-07-05,searcher,4,10,float
,2014,cakr,14cakrrnph086,rnph,mmcconnell,2014-06-07,searcher,4,2,float
,2014,cakr,14cakrsesa058,sesa,jeschenroeder,2014-06-13,searcher,4,2,float
,2014,cakr,14cakrwesa047,wesa,jeschenroeder,2014-06-07,searcher,3,3,float
,2014,cakr,14cakrwesa083,wesa,mmcconnell,2014-06-06,searcher,2,,
,2014,cakr,14cakrrnph049,rnph,jeschenroeder,2014-06-07,searcher,4,,
,2014,cakr,14cakrwesa108,wesa,jhughey,2014-06-14,searcher,3,4,float
,2014,cakr,14cakrrnph054,rnph,jeschenroeder,2014-06-11,searcher,5,2,float
,2014,cakr,14cakrrnph160,rnph,mmcconnell,2014-06-16,bander,4,,
,2014,cakr,14cakrrnph100,rnph,mmcconnell,2014-06-15,bander,4,,
,2014,cakr,14cakrrnph166,rnph,mmcconnell,2014-06-23,searcher,4,4,float
,2014,cakr,14cakrwesa079,wesa,mboldenow,2014-06-21,searcher,3,2,float
,2014,cakr,14cakrrnph169,rnph,mmcconnell,2014-06-24,searcher,4,12,float
,2014,cakr,14cakrsesa168,sesa,mmcconnell,2014-06-24,searcher,4,12,float
,2014,cakr,14cakrrnph109,rnph,jhughey,2014-06-14,rope,2,3,float
,2014,cakr,14cakrrnph118,rnph,jhughey,2014-06-19,searcher,4,17,float
,2014,cakr,14cakrwesa110,wesa,jhughey,2014-06-14,rope,4,3,float
,2014,cakr,14cakrrnph145,rnph,mboldenow,2014-06-27,rope,3,10,float
,2014,cakr,14cakrrnph128,rnph,mmcconnell,2014-06-27,rope,3,3,float
1.03,2011,colv,11colvdunl032,dunl,dpavlik,2011-06-10,searcher,4,0,float
1.29,2011,colv,11colvdunl170,dunl,bwilkinson,2011-06-18,searcher,4,10,float
1.36,2011,colv,11colvdunl068,dunl,dpavlik,2011-06-19,bander,4,2,float
1.24,2012,colv,12colvdunl148,dunl,bwilkinson,2012-06-13,searcher,4,2,float
2.13,2011,colv,11colvdunl074,dunl,dpavlik,2011-06-21,searcher,3,7,float
1.08,2012,colv,12colvdunl035,dunl,dpavlik,2012-06-10,searcher,4,,lay
2.28,2011,colv,11colvreph193,reph,bwilkinson,2011-06-26,searcher,3,3,float
2.34,2011,colv,11colvreph092,reph,dpavlik,2011-07-07,searcher,4,14,float
2.26,2011,colv,11colvreph189,reph,bwilkinson,2011-06-24,searcher,4,4,float
1.3,2012,colv,12colvreph075,reph,dpavlik,2012-06-14,searcher,4,,lay
2.33,2011,colv,11colvreph904,reph,bwilkinson,2011-07-06,searcher,4,10,float
2.07,2012,colv,12colvdunl170,dunl,bwilkinson,2012-06-17,searcher,4,7,float
1.21,2012,colv,12colvdunl061,dunl,dpavlik,2012-06-12,searcher,4,1,float
1.19,2012,colv,12colvdunl059,dunl,dpavlik,2012-06-12,searcher,4,1,float
1.25,2012,colv,12colvdunl149,dunl,bwilkinson,2012-06-13,searcher,4,0,float
1.25,2012,colv,12colvreph153,reph,bwilkinson,2012-06-14,searcher,4,3,float
1.06,2012,colv,12colvreph033,reph,dpavlik,2012-06-10,searcher,4,,lay
1.13,2012,colv,12colvreph049,reph,dpavlik,2012-06-12,searcher,3,,lay
3.05,2012,colv,12colvreph1113,reph,bwilkinson,2012-06-26,bander,4,7,float
3.04,2012,colv,12colvreph1111,reph,bwilkinson,2012-06-25,searcher,4,11,float
2.31,2012,colv,12colvreph199,reph,bwilkinson,2012-06-23,searcher,4,7,float
3.01,2012,colv,12colvreph1108,reph,bwilkinson,2012-06-25,searcher,4,8,float
2.37,2012,colv,12colvreph807,reph,msmith,2012-06-24,searcher,3,4,float
2.35,2012,colv,12colvreph805,reph,msmith,2012-06-24,searcher,4,7,float
3.11,2012,colv,12colvreph1116,reph,bwilkinson,2012-06-27,searcher,4,12,float
2.24,2012,colv,12colvreph190,reph,bwilkinson,2012-06-21,searcher,3,,lay
2.14,2012,colv,12colvreph1206,reph,tdonnelly,2012-06-18,searcher,4,6,float
1.4,2012,colv,12colvdunl090,dunl,dpavlik,2012-06-16,bander,4,1,float
2.19,2013,colv,13colvdunl060,dunl,scarvey,2013-06-19,searcher,4,8,float
1.01,2013,colv,13colvdunl107,dunl,bwilkinson,2013-06-10,searcher,4,,lay
2.34,2012,colv,12colvdunl804,dunl,msmith,2012-06-24,searcher,4,6,float
1.39,2013,colv,13colvdunl744,dunl,rharned,2013-06-16,searcher,4,3,float
1.38,2013,colv,13colvdunl147,dunl,bwilkinson,2013-06-16,searcher,4,3,float
2.02,2013,colv,13colvdunl039,dunl,scarvey,2013-06-17,searcher,4,0,float
1.37,2013,colv,13colvdunl146,dunl,bwilkinson,2013-06-16,searcher,4,,lay
2.05,2014,colv,14colvdunl292,dunl,tdonnelly,2014-06-21,searcher,4,9,float
2.04,2013,colv,13colvdunl752,dunl,rharned,2013-06-16,searcher,4,2,float
1.61,2014,colv,14colvdunl077,dunl,agottesman,2014-06-15,searcher,4,3,float
1.23,2013,colv,13colvdunl137,dunl,bwilkinson,2013-06-15,searcher,4,2,float
1.09,2013,colv,13colvdunl118,dunl,bwilkinson,2013-06-12,searcher,3,1,float
2.17,2013,colv,13colvdunl058,dunl,scarvey,2013-06-19,searcher,4,0,float
2.09,2013,colv,13colvdunl154,dunl,bwilkinson,2013-06-18,searcher,4,5,float
3.19,2013,colv,13colvdunl091,dunl,scarvey,2013-06-25,searcher,4,6,float
2.33,2014,colv,14colvdunl095,dunl,agottesman,2014-06-21,searcher,4,10,float
1.45,2014,colv,14colvdunl249,dunl,tdonnelly,2014-06-14,searcher,4,1,float
2.11,2014,colv,14colvdunl284,dunl,tdonnelly,2014-06-19,searcher,4,7,float
3.17,2014,colv,14colvreph1029,reph,agottesman,2014-07-08,searcher,3,8,float
2.65,2014,colv,14colvreph1013,reph,agottesman,2014-06-29,searcher,3,,hatch
2.75,2014,colv,14colvreph418,reph,dward,2014-07-03,searcher,3,12,float
2.67,2014,colv,14colvreph1014,reph,agottesman,2014-06-29,searcher,4,6,float
204,2011,cari,11cari204sesa,sesa,bwinn,2011-06-09,searcher,3,5,float
703,2011,cari,11cari703sesa,sesa,rchurchwell,2011-06-10,searcher,4,0,float
715,2012,cari,12cari715sesa,sesa,idavies,2012-06-14,incidental,3,-1,float
120,2011,cari,11cari120sesa,sesa,sfreeman,2011-06-14,searcher,4,2,float
704,2012,cari,12cari704sesa,sesa,idavies,2012-06-10,searcher,4,-1,float
735,2012,cari,12cari735sesa,sesa,idavies,2012-06-19,incidental,3,-2,float
314,2012,cari,12cari314sesa,sesa,asoto,2012-06-24,incidental,3,,
518,2011,cari,11cari518sesa,sesa,ecorp,2011-06-16,searcher,2,8,float
526,2011,cari,11cari526sesa,sesa,ecorp,2011-06-20,searcher,4,13,float
630,2012,cari,12cari630sesa,sesa,akneidel,2012-06-20,incidental,4,4,float
151,2011,cari,11cari151sesa,sesa,sfreeman,2011-06-27,searcher,2,4,float
507,2012,cari,12cari507sesa,sesa,lkoloski,2012-06-12,incidental,4,0,float
212,2011,cari,11cari212rnph,rnph,bwinn,2011-06-15,searcher,4,-3,float
226,2011,cari,11cari226rnph,rnph,bwinn,2011-06-24,searcher,4,8,float
307,2011,cari,11cari307rnph,rnph,ohicks,2011-06-16,searcher,4,-3,float
750,2011,cari,11cari750sesa,sesa,rchurchwell,2011-06-24,searcher,4,0,float
155,2011,cari,11cari155rnph,rnph,sfreeman,2011-06-29,searcher,4,8,float
539,2011,cari,11cari539sesa,sesa,ecorp,2011-06-28,searcher,4,14,float
520,2011,cari,11cari520sesa,sesa,ecorp,2011-06-17,searcher,4,-1,float
531,2011,cari,11cari531rnph,rnph,ecorp,2011-06-22,rope,4,0,float
522,2012,cari,12cari522rnph,rnph,lkoloski,2012-06-24,searcher,4,13,float
149,2011,cari,11cari149rnph,rnph,sfreeman,2011-06-25,searcher,3,-2,float
546,2011,cari,11cari546rnph,rnph,ecorp,2011-07-02,searcher,4,-1,float
315,2012,cari,12cari315rnph,rnph,asoto,2012-06-24,searcher,4,0,float
528,2011,cari,11cari528rnph,rnph,ecorp,2011-06-21,searcher,4,-2,float
123,2011,cari,11cari123sesa,sesa,sfreeman,2011-06-16,searcher,4,5,float
217,2011,cari,11cari217sesa,sesa,bwinn,2011-06-18,searcher,3,10,float
141,2011,cari,11cari141sesa,sesa,sfreeman,2011-06-22,rope,4,2,float
126,2012,cari,12cari126rnph,rnph,sfreeman,2012-06-23,incidental,4,0,float
319,2011,cari,11cari319rnph,rnph,ohicks,2011-06-27,searcher,4,-1,float
312,2011,cari,11cari312sesa,sesa,ohicks,2011-06-21,searcher,3,15,float
420,2013,cari,13cari420rnph,rnph,bhiggins,2013-06-18,incidental,4,0,float
633,2012,cari,12cari633rnph,rnph,akneidel,2012-06-21,incidental,4,1,float
141,2012,cari,12cari141rnph,rnph,sfreeman,2012-06-29,incidental,4,0,float
140,2012,cari,12cari140rnph,rnph,sfreeman,2012-06-29,incidental,4,1,float
531,2012,cari,12cari531rnph,rnph,lkoloski,2012-06-29,rope,4,0,float
459,2014,cari,14cari459rnph,rnph,bhiggins,2014-06-25,incidental,4,6,float
102,2013,cari,13cari102sesa,sesa,sfreeman,2013-06-12,incidental,4,-2,float
708,2012,cari,12cari708sesa,sesa,idavies,2012-06-11,incidental,4,0,float
709,2012,cari,12cari709sesa,sesa,idavies,2012-06-11,incidental,4,3,float
688,2013,cari,13cari688sesa,sesa,idavies,2013-06-27,incidental,4,13,float
443,2014,cari,14cari443sesa,sesa,bhiggins,2014-06-22,incidental,4,14,float
106,2012,cari,12cari106sesa,sesa,sfreeman,2012-06-13,incidental,4,2,float
306,2012,cari,12cari306sesa,sesa,asoto,2012-06-15,incidental,4,0,float
723,2012,cari,12cari723sesa,sesa,idavies,2012-06-15,incidental,4,6,float
661,2013,cari,13cari661sesa,sesa,idavies,2013-06-22,incidental,4,8,float
738,2014,cari,14cari738sesa,sesa,idavies,2014-06-26,incidental,4,15,float
714,2012,cari,12cari714sesa,sesa,idavies,2012-06-13,incidental,4,2,float
633,2013,cari,13cari633sesa,sesa,idavies,2013-06-16,incidental,4,2,float
718,2012,cari,12cari718sesa,sesa,idavies,2012-06-14,incidental,4,3,float
722,2012,cari,12cari722sesa,sesa,idavies,2012-06-15,incidental,4,8,float
118,2012,cari,12cari118rnph,rnph,sfreeman,2012-06-22,incidental,3,0,float
685,2013,cari,13cari685rnph,rnph,idavies,2013-06-27,incidental,4,4,float
307,2012,cari,12cari307rnph,rnph,asoto,2012-06-18,incidental,4,-1,float
119,2012,cari,12cari119rnph,rnph,sfreeman,2012-06-22,incidental,4,0,float
414,2012,cari,12cari414rnph,rnph,epierce,2012-06-24,incidental,4,0,float
814,2012,cari,12cari814rnph,rnph,mlafaver,2012-06-24,incidental,4,0,float
751,2012,cari,12cari751sesa,sesa,idavies,2012-06-24,incidental,4,0,float
637,2013,cari,13cari637sesa,sesa,idavies,2013-06-17,incidental,4,-1,float
413,2012,cari,12cari413rnph,rnph,epierce,2012-06-24,incidental,4,3,float
316,2012,cari,12cari316sesa,sesa,asoto,2012-06-26,incidental,4,0,float
128,2012,cari,12cari128rnph,rnph,sfreeman,2012-06-24,incidental,4,11,float
760,2012,cari,12cari760rnph,rnph,idavies,2012-06-26,incidental,4,8,float
166,2014,cari,14cari166rnph,rnph,sfreeman,2014-06-29,incidental,4,13,float
609,2013,cari,13cari609rnph,rnph,idavies,2013-06-11,incidental,4,-3,float
144,2012,cari,12cari144rnph,rnph,sfreeman,2012-06-30,incidental,4,0,float
143,2012,cari,12cari143rnph,rnph,sfreeman,2012-06-30,incidental,3,0,float
146,2012,cari,12cari146rnph,rnph,sfreeman,2012-07-02,incidental,3,4,float
321,2013,cari,13cari321rnph,rnph,abradley,2013-06-16,incidental,4,-1,float
209,2013,cari,13cari209sesa,sesa,hhelling,2013-06-15,incidental,4,-1,float
603,2014,cari,14cari603sesa,sesa,idavies,2014-06-07,incidental,4,-2,float
614,2013,cari,13cari614sesa,sesa,idavies,2013-06-12,incidental,4,-2,float
604,2012,cari,12cari604sesa,sesa,akneidel,2012-06-11,incidental,4,0,float
750,2012,cari,12cari750sesa,sesa,idavies,2012-06-23,incidental,3,5,float
753,2012,cari,12cari753sesa,sesa,idavies,2012-06-25,searcher,3,0,float
407,2012,cari,12cari407sesa,sesa,epierce,2012-06-17,incidental,4,,
605,2012,cari,12cari605sesa,sesa,akneidel,2012-06-12,incidental,4,3,float
809,2012,cari,12cari809rnph,rnph,mlafaver,2012-06-18,incidental,4,0,float
517,2012,cari,12cari517sesa,sesa,lkoloski,2012-06-20,incidental,4,11,float
741,2012,cari,12cari741sesa,sesa,idavies,2012-06-21,incidental,4,9,float
116,2012,cari,12cari116rnph,rnph,sfreeman,2012-06-21,incidental,4,-1,float
689,2014,cari,14cari689sesa,sesa,idavies,2014-06-20,incidental,4,2,float
112,2012,cari,12cari112rnph,rnph,sfreeman,2012-06-19,incidental,4,-3,float
311,2012,cari,12cari311sesa,sesa,asoto,2012-06-19,rope,4,10,float
143,2014,cari,14cari143sesa,sesa,sfreeman,2014-06-19,incidental,4,9,float
700,2013,cari,13cari700sesa,sesa,idavies,2013-06-30,incidental,3,-2,float
812,2012,cari,12cari812rnph,rnph,mlafaver,2012-06-22,incidental,4,-3,float
745,2012,cari,12cari745rnph,rnph,idavies,2012-06-23,incidental,4,-1,float
750,2014,cari,14cari750rnph,rnph,idavies,2014-06-27,incidental,4,13,float
627,2012,cari,12cari627rnph,rnph,akneidel,2012-06-19,incidental,4,-1,float
646,2013,cari,13cari646rnph,rnph,idavies,2013-06-20,incidental,3,0,float
138,2012,cari,12cari138sesa,sesa,sfreeman,2012-06-26,incidental,4,12,float
314,2013,cari,13cari314sesa,sesa,abradley,2013-06-14,incidental,4,4,float
125,2013,cari,13cari125sesa,sesa,sfreeman,2013-06-21,incidental,4,7,float
515,2013,cari,13cari515sesa,sesa,rchurchwell,2013-06-17,incidental,4,3,float
527,2013,cari,13cari527sesa,sesa,rchurchwell,2013-06-23,incidental,4,2,float
304,2014,cari,14cari304sesa,sesa,emagnuson,2014-06-10,incidental,4,-1,float
138,2014,cari,14cari138sesa,sesa,sfreeman,2014-06-16,incidental,4,0,float
650,2014,cari,14cari650sesa,sesa,idavies,2014-06-15,incidental,3,-1,float
659,2014,cari,14cari659sesa,sesa,idavies,2014-06-16,incidental,4,-1,float
409,2013,cari,13cari409sesa,sesa,bhiggins,2013-06-15,incidental,4,3,float
415,2013,cari,13cari415sesa,sesa,bhiggins,2013-06-16,incidental,4,0,float
430,2014,cari,14cari430sesa,sesa,bhiggins,2014-06-17,incidental,4,8,float
608,2013,cari,13cari608sesa,sesa,idavies,2013-06-11,incidental,4,-3,float
163,2014,cari,14cari163rnph,rnph,sfreeman,2014-06-26,incidental,4,13,float
105,2013,cari,13cari105rnph,rnph,sfreeman,2013-06-14,incidental,4,-1,float
115,2013,cari,13cari115rnph,rnph,sfreeman,2013-06-17,incidental,4,-1,float
324,2013,cari,13cari324rnph,rnph,abradley,2013-06-18,incidental,4,2,float
214,2013,cari,13cari214sesa,sesa,hhelling,2013-06-19,incidental,4,0,float
217,2014,cari,14cari217rnph,rnph,cmontgomerie,2014-06-16,incidental,4,0,float
1.15,2011,colv,11colvsesa303,sesa,khogrefe,2011-06-11,searcher,4,7,float
1.07,2011,colv,11colvsesa132,sesa,bwilkinson,2011-06-12,searcher,3,10,float
1.21,2011,colv,11colvsesa139,sesa,bwilkinson,2011-06-13,bander,4,5,float
1.19,2011,colv,11colvsesa041,sesa,dpavlik,2011-06-13,searcher,4,5,float
1.08,2011,colv,11colvsesa134,sesa,bwilkinson,2011-06-13,searcher,4,4,float
1.26,2012,colv,12colvsesa071,sesa,dpavlik,2012-06-14,searcher,4,2,float
1.23,2011,colv,11colvsesa055,sesa,dpavlik,2011-06-16,bander,3,9,float
1.04,2011,colv,11colvsesa113,sesa,bwilkinson,2011-06-06,searcher,4,0,float
1.19,2012,colv,12colvsesa064,sesa,dpavlik,2012-06-13,searcher,4,3,float
1.31,2011,colv,11colvsesa796,sesa,epalm,2011-06-16,searcher,2,11,float
2.01,2012,colv,12colvsesa300,sesa,tdonnelly,2012-06-17,searcher,3,10,float
2.04,2011,colv,11colvsesa811,sesa,epalm,2011-06-18,searcher,4,13,float
2.63,2014,colv,14colvsesa1211,sesa,tdonnelly,2014-06-28,searcher,4,10,float
1.34,2011,colv,11colvsesa817,sesa,epalm,2011-06-18,searcher,3,1,float
1.14,2011,colv,11colvsesa144,sesa,bwilkinson,2011-06-14,searcher,4,,lay
1.33,2014,colv,14colvsesa245,sesa,tdonnelly,2014-06-13,searcher,4,1,float
1.41,2011,colv,11colvsesa822,sesa,epalm,2011-06-19,searcher,4,,lay
1.63,2014,colv,14colvsesa259,sesa,tdonnelly,2014-06-15,searcher,4,0,float
2.3,2011,colv,11colvrnph085,rnph,dpavlik,2011-06-29,searcher,4,6,float
2.07,2011,colv,11colvrnph178,rnph,bwilkinson,2011-06-20,searcher,4,,lay
1.11,2012,colv,12colvsesa122,sesa,bwilkinson,2012-06-10,searcher,4,0,float
2.37,2014,colv,14colvsesa1160,sesa,lburlingame,2014-06-25,searcher,4,13,float
1.18,2012,colv,12colvsesa144,sesa,bwilkinson,2012-06-12,searcher,4,2,float
1.09,2012,colv,12colvsesa038,sesa,dpavlik,2012-06-10,searcher,4,,lay
1.07,2012,colv,12colvsesa034,sesa,dpavlik,2012-06-10,searcher,4,,lay
1.15,2012,colv,12colvsesa052,sesa,dpavlik,2012-06-12,searcher,4,2,float
e.09,2012,nome,12nome12wesaek03,wesa,ekwon,2012-05-30,searcher,3,2,float
w.10,2012,nome,12nome12wesamh08,wesa,mharing,2012-05-30,searcher,4,4,float
e.17,2012,nome,12nome12wesasf12,wesa,sfranks,2012-06-05,searcher,4,3,float
c.22,2012,nome,12nome12sesawe17,sesa,wenglish,2012-06-05,searcher,4,,lay
c.24,2013,nome,13nome13sesa327,sesa,triecke,2013-06-06,searcher,4,,lay
c.37,2012,nome,12nome12sesasf22,sesa,sfranks,2012-06-09,searcher,4,,lay
c.19,2014,nome,14nomewesa215,wesa,sfranks,2014-05-31,searcher,4,,lay
e.53,2014,nome,14nomesesa159,sesa,dhodkinson,2014-06-17,searcher,4,3,float
,2012,nome,12nome12rnphsf03,rnph,sfranks,2012-05-29,searcher,4,0,float
e.43,2012,nome,12nome12sesasf24,sesa,sfranks,2012-06-10,searcher,4,8,float
e.08,2012,nome,12nome12wesaek02,wesa,ekwon,2012-05-30,searcher,4,1,float
e.42,2012,nome,12nome12wesasf25,wesa,sfranks,2012-06-11,searcher,2,5,float
w.37,2012,nome,12nome12wesaek15,wesa,ekwon,2012-06-10,searcher,4,1,float
e.11,2013,nome,13nome13sesa207,sesa,sfranks,2013-06-02,searcher,4,,lay
c.28,2012,nome,12nome12wesamh34,wesa,mharing,2012-06-07,searcher,4,,lay
e.19,2014,nome,14nomesesa122,sesa,dhodkinson,2014-06-01,searcher,4,2,float
e.43,2013,nome,13nome13sesa340,sesa,triecke,2013-06-12,searcher,4,5,float
e.40,2014,nome,14nomewesa232,wesa,sfranks,2014-06-09,searcher,4,0,float
c.02,2013,nome,13nome13wesa201,wesa,sfranks,2013-06-01,searcher,4,,lay
c.26,2014,nome,14nomesesa222,sesa,sfranks,2014-06-04,searcher,4,,lay
c.12,2013,nome,13nome13sesa106,sesa,ebkwon,2013-06-04,searcher,4,2,float
e.10,2013,nome,13nome13wesa206,wesa,sfranks,2013-06-02,searcher,4,,lay
e.31,2014,nome,14nomesesa313,sesa,eweiser,2014-06-05,searcher,4,,hatch
c.40,2012,nome,12nome12sesamh46,sesa,mharing,2012-06-13,searcher,4,5,float
c.23,2013,nome,13nome13sesa326,sesa,triecke,2013-06-05,searcher,4,,lay
c.33,2014,nome,14nomesesa022,sesa,ekwon,2014-06-10,searcher,4,10,float
c.34,2014,nome,14nomesesa023,sesa,ekwon,2014-06-10,searcher,3,0,float
w.29,2014,nome,14nomewesa135,wesa,dhodkinson,2014-06-09,searcher,4,15,float
w.47,2014,nome,14nomewesa165,wesa,dhodkinson,2014-06-18,searcher,3,4,float
w.08,2014,nome,14nomewesa208,wesa,sfranks,2014-05-27,searcher,4,,lay
c.39,2012,nome,12nome12sesamh51,sesa,mharing,2012-06-13,searcher,3,11,float
c.10,2014,nome,14nomewesa114,wesa,dhodkinson,2014-05-27,searcher,4,6,float
c.45,2014,nome,14nomewesa152,wesa,dhodkinson,2014-06-14,searcher,3,,
w.43,2012,nome,12nome12wesamh60,wesa,mharing,2012-06-17,searcher,4,12,float
e.20,2014,nome,14nomewesa123,wesa,dhodkinson,2014-06-02,searcher,4,3,float
e.22,2014,nome,14nomewesa219,wesa,sfranks,2014-06-02,searcher,1,,
e.42,2014,nome,14nomewesa236,wesa,sfranks,2014-06-10,searcher,4,1,float
,2013,burn,13burnlesash01,lesa,shart,2013-06-10,searcher,4,,hatch
,2013,burn,13burnlesamb02,lesa,mburrell,2013-06-11,searcher,4,12,float
,2013,burn,13burnlesajc01,lesa,jcaville,2013-06-08,searcher,4,,hatch
,2014,burn,14burnlesamp06,lesa,mpeck,2014-06-20,searcher,4,15,float
,2014,burn,14burnlesamp04,lesa,mpeck,2014-06-19,searcher,4,10,float
,2014,burn,14burnlesagr01,lesa,gracey,2014-06-13,searcher,4,9,float
,2014,burn,14burnlesamp01,lesa,mpeck,2014-06-12,searcher,3,10,float
,2014,burn,14burnlesamp05,lesa,mpeck,2014-06-19,searcher,3,,
,2014,burn,14burnlesamp02,lesa,mpeck,2014-06-15,searcher,4,10,float
,2014,burn,14burnlesamp03,lesa,mpeck,2014-06-18,searcher,4,11,float
,2014,burn,14burnlesamp07,lesa,mpeck,2014-06-22,searcher,4,13,float
,2014,burn,14burnlesadm01,lesa,dmcrae,2014-06-24,searcher,4,10,float
,2014,burn,14burnlesarn02,lesa,rnakoochee,2014-06-24,searcher,4,13,float
,2014,burn,14burnlesarn01,lesa,rnakoochee,2014-06-24,searcher,4,14,float
1.06,2013,colv,13colvsesa715,sesa,rharned,2013-06-11,searcher,4,,lay
1.22,2013,colv,13colvsesa732,sesa,rharned,2013-06-13,searcher,4,,lay
1.07,2013,colv,13colvsesa116,sesa,bwilkinson,2013-06-12,searcher,4,,lay
1.25,2014,colv,14colvsesa229,sesa,tdonnelly,2014-06-12,searcher,4,0,float
1.06,2013,colv,13colvsesa008,sesa,scarvey,2013-06-12,searcher,4,1,float
1.02,2013,colv,13colvsesa707,sesa,rharned,2013-06-10,searcher,4,,lay
1.07,2013,colv,13colvsesa009,sesa,scarvey,2013-06-12,searcher,4,1,float
2.05,2013,colv,13colvsesa153,sesa,bwilkinson,2013-06-17,searcher,4,3,float
3.08,2013,colv,13colvsesa164,sesa,bwilkinson,2013-06-21,searcher,4,6,float
2.26,2013,colv,13colvsesa2257,sesa,tdonnelly,2013-06-21,searcher,4,3,float
,2013,colv,13colvsesa2255,sesa,tdonnelly,2013-06-21,searcher,4,,
3.04,2013,colv,13colvsesa769,sesa,rharned,2013-06-22,searcher,4,10,float
2.18,2013,colv,13colvsesa059,sesa,scarvey,2013-06-19,searcher,4,5,float
1.26,2013,colv,13colvsesa134,sesa,bwilkinson,2013-06-14,searcher,4,2,float
1.79,2014,colv,14colvsesa089,sesa,agottesman,2014-06-20,searcher,4,0,float
1.04,2013,colv,13colvsesa111,sesa,bwilkinson,2013-06-11,searcher,4,,lay
2.36,2013,colv,13colvsesa096,sesa,scarvey,2013-06-28,searcher,2,3,float
2.01,2013,colv,13colvsesa745,sesa,rharned,2013-06-16,searcher,4,,lay
1.39,2013,colv,13colvrnph148,rnph,bwilkinson,2013-06-16,searcher,4,,lay
3.21,2013,colv,13colvrnph168,rnph,bwilkinson,2013-06-26,searcher,4,12,float
3.25,2013,colv,13colvrnph172,rnph,bwilkinson,2013-06-26,searcher,4,9,float
2.34,2013,colv,13colvrnph071,rnph,scarvey,2013-06-21,searcher,4,4,float
3.06,2013,colv,13colvrnph771,rnph,rharned,2013-06-22,searcher,4,,lay
3.29,2013,colv,13colvrnph175,rnph,bwilkinson,2013-06-30,searcher,4,14,float
2.38,2013,colv,13colvrnph077,rnph,scarvey,2013-06-21,searcher,4,2,float
2.39,2013,colv,13colvrnph078,rnph,scarvey,2013-06-21,searcher,4,2,float
3.31,2013,colv,13colvrnph782,rnph,rharned,2013-07-03,searcher,4,14,float
1.23,2014,colv,14colvsesa227,sesa,tdonnelly,2014-06-12,searcher,4,0,float
1.41,2014,colv,14colvsesa247,sesa,tdonnelly,2014-06-14,searcher,4,2,float
2.29,2014,colv,14colvsesa093,sesa,agottesman,2014-06-21,searcher,4,11,float
2.31,2014,colv,14colvsesa094,sesa,agottesman,2014-06-21,searcher,4,,hatch
2.21,2014,colv,14colvsesa289,sesa,tdonnelly,2014-06-20,searcher,4,7,float
2.57,2014,colv,14colvsesa1219,sesa,tdonnelly,2014-07-04,searcher,3,11,float
2.03,2014,colv,14colvsesa316,sesa,khogrefe,2014-06-20,searcher,4,10,float
3.03,2014,colv,14colvsesa1220,sesa,tdonnelly,2014-07-04,searcher,4,11,float
2.39,2014,colv,14colvsesa1132,sesa,lburlingame,2014-06-16,searcher,4,0,float
2.73,2014,colv,14colvsesa407,sesa,dward,2014-07-01,searcher,4,12,float
3.15,2014,colv,14colvsesa1028,sesa,agottesman,2014-07-08,searcher,4,13,float
3.11,2014,colv,14colvrnph1027,rnph,agottesman,2014-07-08,searcher,4,14,float
2.59,2014,colv,14colvrnph1208,rnph,tdonnelly,2014-06-28,searcher,3,0,float
,2012,nome,12nome12rnphmh22,rnph,mharing,2012-06-04,searcher,4,3,float
,2012,nome,12nome12rnphwe34,rnph,wenglish,2012-06-15,searcher,3,14,float
,2012,nome,12nome12rnphmh16,rnph,mharing,2012-06-02,searcher,3,3,float
,2012,nome,12nome12rnphmh21,rnph,mharing,2012-06-04,searcher,4,5,float
,2012,nome,12nome12rnphwe05,rnph,wenglish,2012-05-30,searcher,4,0,float
,2012,nome,12nome12rnphmh27,rnph,mharing,2012-06-05,searcher,4,0,float
,2012,nome,12nome12rnphdh24,rnph,dhodkinson,2012-06-10,searcher,4,2,float
,2012,nome,12nome12rnphmh54,rnph,mharing,2012-06-13,searcher,4,0,float
,2013,nome,13nome13rnph421,rnph,wenglish,2013-06-16,searcher,4,7,float
,2012,nome,12nome12rnphmh35,rnph,mharing,2012-06-07,searcher,4,,lay
,2012,nome,12nome12rnphsf30,rnph,sfranks,2012-06-13,searcher,3,13,float
,2012,nome,12nome12rnphek19,rnph,ekwon,2012-06-16,searcher,4,22,float
,2013,nome,13nome13rnph432,rnph,wenglish,2013-06-19,searcher,4,14,float
,2012,nome,12nome12rnphmh52,rnph,mharing,2012-06-13,searcher,4,0,float
,2012,nome,12nome12rnphmh47,rnph,mharing,2012-06-13,searcher,4,5,float
,2013,nome,13nome13rnph425,rnph,wenglish,2013-06-17,searcher,4,10,float
,2012,nome,12nome12rnphmh70,rnph,mharing,2012-06-22,searcher,3,0,float
e.41,2014,nome,14nomernph235,rnph,sfranks,2014-06-10,searcher,3,7,float
,2012,nome,12nome12rnphmh49,rnph,mharing,2012-06-13,searcher,3,7,float
,2013,nome,13nome13rnph230,rnph,sfranks,2013-06-12,searcher,4,6,float
,2012,nome,12nome12rnphsf38,rnph,sfranks,2012-06-17,searcher,4,0,float
,2012,nome,12nome12rnphwe41,rnph,wenglish,2012-06-17,searcher,4,,lay
,2012,nome,12nome12rnphmh65,rnph,mharing,2012-06-18,searcher,4,4,float
,2013,nome,13nome13rnph435,rnph,wenglish,2013-06-21,searcher,4,4,float
,2012,nome,12nome12rnphmh50,rnph,mharing,2012-06-13,searcher,4,1,float
,2013,nome,13nome13rnph440,rnph,wenglish,2013-06-28,searcher,3,,hatch
w.48,2014,nome,14nomernph166,rnph,dhodkinson,2014-06-20,searcher,4,16,float
,2012,nome,12nome12rnphwe33,rnph,wenglish,2012-06-11,searcher,4,3,float
,2012,nome,12nome12rnphwe43,rnph,wenglish,2012-06-19,searcher,4,12,float
,2013,nome,13nome13rnph360,rnph,triecke,2013-06-22,searcher,4,2,float
,2013,nome,13nome13rnph364,rnph,triecke,2013-06-26,searcher,4,2,float
,2012,nome,12nome12rnphwe35,rnph,wenglish,2012-06-15,searcher,4,,lay
,2012,nome,12nome12rnphmh58,rnph,mharing,2012-06-15,searcher,4,0,float
,2013,nome,13nome13rnph348,rnph,triecke,2013-06-17,searcher,4,,lay
,2013,nome,13nome13rnph349,rnph,triecke,2013-06-17,searcher,3,,lay
,2012,nome,12nome12rnphsf50,rnph,sfranks,2012-07-07,searcher,4,15,float
,2012,nome,12nome12rnphwe42,rnph,wenglish,2012-06-18,searcher,4,8,float
,2013,nome,13nome13rnph413,rnph,wenglish,2013-06-13,searcher,4,3,float
,2013,nome,13nome13rnph410,rnph,wenglish,2013-06-10,searcher,3,-1,float
,2012,nome,12nome12rnphdh32,rnph,dhodkinson,2012-06-15,searcher,4,9,float
,2013,nome,13nome13rnph036,rnph,dborden,2013-07-06,searcher,,,hatch
,2012,nome,12nome12rnphsf43,rnph,sfranks,2012-06-21,searcher,4,11,float
,2013,nome,13nome13rnph357,rnph,triecke,2013-06-19,searcher,4,,lay
,2013,nome,13nome13rnph339,rnph,ebkwon,2013-06-10,searcher,3,0,float
806,2014,cari,14cari806dunl,dunl,idavies,2014-07-04,incidental,4,19,float
409,2012,cari,12cari409dunl,dunl,epierce,2012-06-20,rope,4,6,float
527,2012,cari,12cari527dunl,dunl,lkoloski,2012-06-27,incidental,4,-1,float
632,2013,cari,13cari632dunl,dunl,idavies,2013-06-15,incidental,4,2,float
514,2013,cari,13cari514dunl,dunl,rchurchwell,2013-06-15,incidental,4,0,float
528,2013,cari,13cari528reph,reph,rchurchwell,2013-06-23,incidental,4,0,float
714,2010,cari,10carireph714,reph,cwoodworth,2010-06-22,incidental,4,1,float
512,2011,cari,11cari512dunl,dunl,ecorp,2011-06-13,searcher,4,-1,float
510,2012,cari,12cari510dunl,dunl,lkoloski,2012-06-14,incidental,4,0,float
524,2011,cari,11cari524dunl,dunl,ecorp,2011-06-18,searcher,4,-1,float
150,2011,cari,11cari150reph,reph,sfreeman,2011-06-26,searcher,4,3,float
807,2011,cari,11cari807reph,reph,mboldenow,2011-07-02,searcher,4,4,float
506,2013,cari,13cari506dunl,dunl,rchurchwell,2013-06-13,incidental,4,-1,float
211,2012,cari,12cari211dunl,dunl,bwinn,2012-06-18,incidental,4,4,float
206,2013,cari,13cari206dunl,dunl,hhelling,2013-06-13,incidental,4,0,float
207,2014,cari,14cari207dunl,dunl,cmontgomerie,2014-06-13,incidental,3,,
738,2011,cari,11cari738dunl,dunl,rchurchwell,2011-06-21,searcher,4,0,float
613,2012,cari,12cari613dunl,dunl,akneidel,2012-06-15,incidental,3,-1,float
405,2013,cari,13cari405dunl,dunl,bhiggins,2013-06-13,incidental,4,-1,float
523,2010,cari,10carireph523,reph,ecorp,2010-06-29,incidental,4,6,float
109,2012,cari,12cari109dunl,dunl,sfreeman,2012-06-16,incidental,4,5,float
732,2011,cari,11cari732dunl,dunl,rchurchwell,2011-06-19,searcher,4,-1,float
732,2012,cari,12cari732dunl,dunl,idavies,2012-06-18,incidental,4,-1,float
240,2010,cari,10carireph240,reph,sfreeman,2010-07-01,incidental,4,12,float
137,2011,cari,11cari137dunl,dunl,sfreeman,2011-06-21,searcher,4,4,float
309,2010,cari,10carireph309,reph,mmcgarvey,2010-06-21,incidental,4,14,float
114,2010,cari,10caridunl114,dunl,skendall,2010-06-27,incidental,4,7,float
840,2010,cari,10carireph840,rnph,hcraig,2010-07-05,incidental,4,2,float
163,2011,cari,11cari163reph,reph,sfreeman,2011-07-01,searcher,4,6,float
175,2011,cari,11cari175reph,reph,sfreeman,2011-07-04,searcher,4,11,float
152,2011,cari,11cari152reph,reph,sfreeman,2011-06-28,searcher,4,4,float
626,2012,cari,12cari626reph,reph,akneidel,2012-06-19,incidental,4,-1,float
424,2013,cari,13cari424reph,reph,bhiggins,2013-06-19,incidental,4,-2,float
5.21,2005,barr,05barrlbdo357,lbdo,selvidge,2005-07-11,bander,4,8,float
,2014,barr,14barrlbdo394,lbdo,jmarin,2014-07-02,rope,4,2,float
12.37,2010,barr,10barrreph366,reph,abankert,2010-07-06,single,4,13,float
2.08,2014,chau,14chaudunllfg005,dunl,lgoodrick,2014-06-16,rope,4,2,float
1.1,2013,chau,13chaudunlkwp001,dunl,mlm,2013-06-07,searcher,4,1,float
1.13,2013,chau,13chaudunlmlm031,dunl,mlm,2013-07-01,searcher,4,11,float
4.11,2014,chau,14chaudunlmai010,dunl,amatsyna,2014-06-19,searcher,4,5,float
5.08,2013,chau,13chaudunlmlm003,dunl,mlm,2013-06-08,rope,4,4,float
4.02,2014,chau,14chaudunljpd002,dunl,jdiener,2014-06-12,searcher,4,,lay
5.24,2013,chau,13chaudunlaog005,dunl,aog,2013-06-17,searcher,4,3,float
5.17,2013,chau,13chaudunlaog008,dunl,aog,2013-06-19,searcher,4,,lay
4.09,2014,chau,14chaudunlmai008,dunl,amatsyna,2014-06-18,searcher,4,6,float
4.21,2014,chau,14chaudunllfg018,dunl,lgoodrick,2014-06-25,searcher,2,5,float
4.22,2014,chau,14chaudunljpd011,dunl,jdiener,2014-06-25,searcher,3,1,float
4.04,2014,chau,14chaudunljpd003,dunl,jdiener,2014-06-12,searcher,4,2,float
4.33,2014,chau,14chaudunljpd018,dunl,jdiener,2014-07-01,searcher,4,3,float
,2014,coat,14coatsssn02,sesa,sneima,2014-06-22,searcher,4,8.1,float
,2014,coat,14coatsskr04,sesa,kreischke,2014-07-01,searcher,4,,float
,2014,coat,14coatssbw04,sesa,bwinn,2014-06-25,searcher,4,3.4,float
,2014,coat,14coatssbw05,sesa,bwinn,2014-06-26,searcher,4,11.8,float
,2014,coat,14coatsssf01,sesa,sflemming,2014-06-16,searcher,4,11.2,float
,2014,coat,14coatssss02,sesa,sshulte,2014-06-20,searcher,4,0.5,float
,2014,coat,14coatsssn01,sesa,sneima,2014-06-20,searcher,4,4.1,float
,2014,coat,14coatssss01,sesa,sshulte,2014-06-20,searcher,4,5.1,float
,2014,coat,14coatssbw02,sesa,bwinn,2014-06-22,searcher,4,1.8,float
,2014,coat,14coatssbw01,sesa,bwinn,2014-06-19,searcher,4,4.1,float
,2014,coat,14coatsskr07,sesa,kreischke,2014-07-07,searcher,4,13.3,float
,2014,coat,14coatsskr02,sesa,kreischke,2014-06-27,searcher,4,12.5,float
,2014,barr,14barrpesa391,pesa,jmarin,2014-07-02,rope,4,1,float
,2014,burn,14burnwhimkb01,whim,kbennett,2014-06-11,searcher,4,,
,2014,chur,14chur14amgp02w,amgp,jperz,2014-07-03,searcher,4,16,float
,2012,bylo,12byloamgpjl12,amgp,jflamarre,2012-07-07,incidental,4,17,float
c.11,2014,nome,14nomewesa115,wesa,dhodkinson,2014-05-27,searcher,4,0,float
7.31,2009,barr,09barrreph960,reph,ekistler,2009-06-30,single,4,12,float
,2014,chur,14chur14whim10,whim,jperz,2014-06-17,searcher,2,,lay
,2013,chur,13chur13hugo01w,hugo,ajohnson,2013-06-04,searcher,3,,
w.06,2012,nome,12nome12wesadh05,wesa,dhodkinson,2012-05-30,searcher,2,,
,2014,cakr,14cakrsesa155,sesa,jhughey,2014-06-10,searcher,4,,
134,2013,cari,13cari134rnph,rnph,sfreeman,2013-06-23,incidental,4,6,float
516,2012,cari,12cari516rnph,rnph,lkoloski,2012-06-20,incidental,4,0,float
218,2012,cari,12cari218rnph,rnph,bwinn,2012-06-28,incidental,4,0,float
529,2011,cari,11cari529sesa,sesa,ecorp,2011-06-22,rope,4,13,float
127,2014,cari,14cari127sesa,sesa,sfreeman,2014-06-14,incidental,4,3,float
803,2012,cari,12cari803sesa,sesa,mlafaver,2012-06-12,searcher,4,0,float
422,2013,cari,13cari422sesa,sesa,bhiggins,2013-06-18,incidental,4,-1,float
157,2014,cari,14cari157reph,reph,sfreeman,2014-06-25,incidental,3,8,float
5.03,2014,ikpi,14ikpi14rlh032,dunl,rhammond,2014-06-27,searcher,3,,
,2013,chur,13chur13amgp01w,amgp,ajohnson,2013-06-11,searcher,4,9,float
631,2014,cari,14cari631rnph,rnph,idavies,2014-06-13,incidental,4,0,float
423,2013,cari,13cari423rnph,rnph,bhiggins,2013-06-19,incidental,4,2,float
,2012,nome,12nome12rnphwe24,rnph,wenglish,2012-06-07,searcher,3,10,float
,2013,nome,13nome13rnph031,rnph,dborden,2013-06-21,searcher,3,2,float
,2011,nome,11nome11rnphee60,rnph,eescajeda,2011-06-16,searcher,3,12,float
,2011,nome,11nome11rnphte13,rnph,tesson,2011-06-06,searcher,4,9,float
e.68,2011,nome,11nome11sesawe17,sesa,wenglish,2011-06-02,searcher,4,12,float
w.33,2014,nome,14nomernph139,rnph,dhodkinson,2014-06-10,searcher,3,,
,2013,cakr,13cakrbltu302,bltu,mboldenow,2013-06-26,bander,4,13,float
,2013,cakr,13cakrbltu402,bltu,mboldenow,2013-06-26,bander,1,1,float
,2013,cakr,13cakrbltu401,bltu,mboldenow,2013-06-26,bander,4,11,float
,2013,cakr,13cakrbltu301,bltu,mboldenow,2013-06-26,bander,1,19,float
,2013,cakr,13cakrbltu501,bltu,flin,2013-07-09,bander,3,25,float
,2011,chur,11churwhim09,whim,H.Specht,2011-06-21,searcher,4,4,float
,2011,chur,11churwhim04,whim,H.Specht,2011-06-17,searcher,4,5.5,float
,2013,chur,13chur13hugo05w,hugo,ajonhson,2013-06-15,searcher,4,,
10.34,2009,barr,09barrdunl761,dunl,fchevreux,2009-06-28,rope,4,3,float
15.12,2006,barr,06barrdunl612,dunl,krueper,2006-06-25,rope,4,,lay
5.26,2013,chau,13chaurnphnap001,rnph,nap,2013-06-24,searcher,4,8,float
1.12,2013,chau,13chaurnphmlm023,rnph,mlm,2013-06-25,rope,4,0,float
2.17,2013,chau,13chaurnphmlm030,rnph,mlm,2013-06-30,bander,4,14,float
2.19,2014,chau,14chaurnphmai023,rnph,amatsyna,2014-07-03,searcher,4,5,float
4.31,2014,chau,14chaurnphdvs002,rnph,dsolovyeva,2014-06-28,searcher,4,9,float
4.35,2014,chau,14chaurnphjpd019,rnph,jdiener,2014-07-03,searcher,4,,lay
,2013,chur,13MP02R,sepl,,2013-06-18,,4,,
,2014,chur,14MP02,sepl,,2014-06-13,,3,,
,2013,chur,13PB05,sepl,,2013-06-30,,4,,
,2013,chur,13PR02,sepl,,2013-06-07,,4,,
,2013,chur,13MP02,sepl,,2013-06-10,,1,,
,2014,chur,14LL02,sepl,,2014-06-16,,3,,
,2014,chur,14TL02,sepl,,2014-06-13,,4,,
,2013,chur,13GB01,sepl,,2013-06-12,,4,,
,2013,chur,13GB04,sepl,,2013-06-17,,4,,
,2013,chur,13EP01,sepl,,2013-06-24,,4,,
,2013,chur,13GB03,sepl,,2013-06-17,,4,,
,2014,chur,14GB04,sepl,,2014-07-23,,,,
,2014,chur,14PR03,sepl,,2014-07-13,,4,,
,2013,chur,13EP03,sepl,,2013-06-24,,4,,
10.28,2008,barr,08barrreph815,reph,jaldabe,2008-06-20,bander,4,7,float
,2007,barr,07barrpesa405,pesa,gates,2007-06-29,single,4,,
8.06,2005,barr,05barrreph404,reph,ashling,2005-06-15,single,3,,lay
3.19,2003,barr,03barrdunl009,dunl,thomas,2003-06-29,rope,4,,hatch
,2007,barr,07barrsesa54,sesa,ataylor,2007-06-11,single,4,,
13.32,2009,barr,09barrsesa620,sesa,bhill,2009-06-24,bander,4,15,float
,2014,coat,14coatsssf05,sesa,sflemming,2014-07-02,searcher,4,11.8,float
11.02,2005,barr,05barrreph353,reph,selvidge,2005-07-06,bander,4,,
10.01,2004,barr,04barrreph302,reph,norwood,2004-06-13,single,2,2,float
15.28,2006,barr,06barrpesa299,pesa,lebouard,2006-07-03,single,4,,hatch
149,2013,cari,13cari149sesa,sesa,sfreeman,2013-07-02,incidental,3,19,float
,2013,nome,13nome13rnph411,rnph,wenglish,2013-06-12,searcher,4,1,float
,2010,made,10madewhim008,whim,knuyaviak,2010-06-23,searcher,3,10,float
502,2010,cari,10carisesa502,sesa,ecorp,2010-06-09,searcher,4,8,float
22.16,2009,barr,09barrdunl061a,dunl,pmickelson,2009-06-16,rope,4,5,float
20.38,2009,barr,09barrdunl061b,dunl,nburrell,2009-06-26,single,3,0,float
5.11,2009,barr,09barrreph114,reph,syezerinac,2009-07-09,bander,4,19,float
22.04,2009,barr,09barrdunl004a,dunl,rlanctot,2009-06-10,single,4,0,float
59,2010,nome,10nome10wesanh13,wesa,nhentze,2010-06-10,searcher,4,12,float
,1998,nome,93nome123b,wesa,,1998-06-10,,4,,float
7.12,2009,barr,09barrdunl539,dunl,cgovernali,2009-06-16,single,4,0,float
692,2013,cari,13cari692rnph,rnph,idavies,2013-06-28,incidental,4,-1,float
w.12,2011,nome,11nome11sesaee69,sesa,eescajeda,2011-06-23,searcher,3,10,float
,1998,nome,98nome300,wesa,,1998-06-10,,4,,float
,2010,made,10madewhim011,whim,lpirie,2010-07-03,searcher,4,,hatch
8.3,2008,barr,08barrdunl910,dunl,abrissette,2008-06-25,bander,4,5,float
3.25,2003,barr,03barrpesa329,pesa,trask,2003-07-10,bander,4,5,float
,1998,nome,98nome107,sesa,,1998-06-07,,4,,float
1.16,2012,chur,12chur12whim16,whim,lmckinnon,2012-06-13,searcher,2,,lay
3.25,2007,barr,07barrsesa241,sesa,d.taylor,2007-06-23,single,4,13,float
,2008,barr,08barrdunl707a,dunl,jlamarre,2008-06-11,single,4,2,float
,1999,nome,99nome305,wesa,,1999-06-25,,4,,hatch
,1999,nome,99nome52,wesa,,1999-06-08,,4,,hatch
,1997,nome,97nome33,wesa,,1997-06-13,,3,,
,1997,nome,97nome144,wesa,,1997-06-17,,,,
,1998,nome,98nome375,wesa,,1998-06-17,,4,,
,2011,chur,11churwhim13,whim,H.Specht,2011-06-22,searcher,2,2,float
,2013,chur,13chur13whim26,whim,ajohnson,2013-06-14,searcher,4,2,float
1.44,2012,chur,12chur12whim44,whim,ajohnson,2012-06-29,searcher,3,11,float
,1994,nome,94nome114,wesa,,1994-06-01,,3,,lay
,1994,nome,94nome2,wesa,,1994-05-21,,4,,float
,1994,nome,94nome9,wesa,,1994-05-24,,4,,float
,1995,nome,95nome3,wesa,,1995-05-21,,4,,float
,1994,nome,94nome201,wesa,,1994-05-23,,4,,hatch
,1996,nome,96nome200,wesa,,1996-05-18,,4,,lay
,1995,nome,95nome216,wesa,,1995-06-01,,4,,hatch
,1996,nome,96nome306,wesa,,1996-05-26,,4,,hatch
,1994,nome,94nome16,wesa,,1994-05-26,,4,,float
,1994,nome,94nome17,wesa,,1994-05-27,,4,,float
,1994,nome,94nome15,wesa,,1994-05-26,,4,,float
,1994,nome,94nome23,wesa,,1994-05-28,,4,,float
,1994,nome,94nome314,wesa,,1994-05-29,,4,,hatch
,1994,nome,94nome313,wesa,,1994-05-29,,4,,hatch
,1994,nome,94nome204,wesa,,1994-05-26,,3,,lay
,1994,nome,94nome31,sesa,,1994-06-01,,4,,hatch
,1995,nome,95nome119,sesa,,1995-06-07,,4,,float
,1994,nome,94nome317,sesa,,1994-05-31,,4,,float
,1994,nome,94nome35,sesa,,1994-06-03,,3,,float
,1995,nome,95nome230,sesa,,1995-06-09,,4,,
,1994,nome,94nome21,sesa,,1994-05-28,,4,,float
,1994,nome,94nome24,wesa,,1994-05-28,,3,,float
,1994,nome,94nome112,sesa,,1994-05-31,,4,,lay
,1994,nome,94nome208,sesa,,1994-06-07,,3,,float
,1994,nome,94nome39,sesa,,1994-06-06,,2,,float
,1995,nome,95nome134,sesa,,1995-06-18,,3,,hatch
,1996,nome,96nome129,sesa,,1996-06-16,,4,,hatch
,1997,nome,97nome34,wesa,,1997-05-25,,4,,
,1994,nome,94nome101,wesa,,1994-05-21,,4,,float
,1995,nome,95nome26,wesa,,1995-05-31,,4,,float
,1994,nome,94nome13,wesa,,1994-05-26,,4,,float
,1994,nome,94nome110,wesa,,1994-05-29,,4,,float
,1995,nome,95nome2,wesa,,1995-05-20,,4,,lay
,1996,nome,96nome112,wesa,,1996-06-02,,4,,float
,1994,nome,94nome303,sesa,,1994-05-23,,4,,lay
,1997,nome,97nome108,sesa,,1997-06-04,,4,,
,1995,nome,95nome213,wesa,,1995-05-31,,4,,lay
,1996,nome,96nome19,wesa,,1996-06-02,,4,,hatch
,1999,nome,99nome54,wesa,,1999-06-12,,4,,hatch
,1997,nome,97nome44,wesa,,1997-05-27,,4,,
,1994,nome,94nome113,wesa,,1994-05-31,,4,,hatch
,1994,nome,94nome203,sesa,,1994-05-26,,4,,hatch
,1995,nome,95nome220,sesa,,1995-06-02,,4,,hatch
,1994,nome,94nome20,sesa,,1994-05-28,,4,,float
,1995,nome,95nome18,sesa,,1995-05-29,,4,,float
,1994,nome,94nome120,sesa,,1994-06-06,,4,,float
,1994,nome,94nome123,sesa,,1994-06-08,,4,,float
,1994,nome,94nome124,sesa,,1994-06-10,,3,,float
,1994,nome,94nome126,wesa,,1994-06-10,,3,,float
,1995,nome,95nome101,wesa,,1995-05-27,,4,,float
,1996,nome,96nome201,wesa,,1996-05-24,,4,,hatch
,1994,nome,94nome7,wesa,,1994-05-23,,4,,float
,1995,nome,95nome221,wesa,,1995-06-03,,4,,hatch
,1994,nome,94nome300,wesa,,1994-05-21,,4,,lay
,1994,nome,94nome304,wesa,,1994-05-23,,4,,lay
,1994,nome,94nome12,wesa,,1994-05-25,,4,,float
,1995,nome,95nome27,wesa,,1995-05-31,,4,,float
,1994,nome,94nome3,wesa,,1994-05-22,,4,,lay
,1994,nome,94nome315,wesa,,1994-05-29,,3,,hatch
,1994,nome,94nome30,wesa,,1994-05-31,,2,,hatch
,1997,nome,97nome20,sesa,,1997-06-12,,4,,
,1994,nome,94nome319,wesa,,1994-06-01,,3,,
,1994,nome,94nome322,sesa,,1994-06-03,,4,,hatch
,1994,nome,94nome329,sesa,,1994-06-07,,4,,hatch
,1994,nome,94nome403,sesa,,1994-06-08,,3,,float
,1995,nome,95nome113,sesa,,1995-06-03,,4,,hatch
,1994,nome,94nome206,sesa,,1994-06-05,,3,,lay
,1994,nome,94nome402,sesa,,1994-06-07,,3,,hatch
,1994,nome,94nome404,sesa,,1994-06-10,,4,,lay
,1996,nome,96nome42,sesa,,1996-06-19,,4,,hatch
,1994,nome,94nome335,sesa,,1994-06-15,,4,,float
,1994,nome,94nome401,wesa,,1994-06-06,,3,,
,1994,nome,94nome40,wesa,,1994-06-07,,4,,float
,1995,nome,95nome208,wesa,,1995-05-27,,4,,lay
,1995,nome,95nome37,wesa,,1995-06-08,,4,,float
,1997,nome,97nome4,wesa,,1997-05-27,,4,,
,1994,nome,94nome45,sesa,,1994-06-11,,4,,float
,1994,nome,94nome330,sesa,,1994-06-08,,3,,lay
,1994,nome,94nome321,sesa,,1994-06-03,,4,,float
,1994,nome,94nome213,wesa,,1994-06-12,,4,,hatch
,1994,nome,94nome122,sesa,,1994-06-07,,3,,lay
,1995,nome,95nome102,wesa,,1995-05-27,,4,,lay
,1994,nome,94nome48,wesa,,1994-06-13,,4,,hatch
,1994,nome,94nome49,sesa,,1994-06-14,,4,,
,1995,nome,95nome24,sesa,,1995-05-31,,4,,float
,1995,nome,95nome122,sesa,,1995-06-09,,4,,float
,1994,nome,94nome46,sesa,,1994-06-14,,4,,hatch
,1994,nome,94nome131,sesa,,1994-06-13,,3,,hatch
,1995,nome,95nome32,sesa,,1995-06-03,,4,,float
,1994,nome,94nome326,sesa,,1994-06-06,,4,,lay
,1995,nome,95nome40,sesa,,1995-06-10,,4,,hatch
,1994,nome,94nome327,sesa,,1994-06-06,,3,,float
,1995,nome,95nome110,wesa,,1995-06-02,,4,,hatch
,1995,nome,95nome204,wesa,,1995-05-26,,4,,float
,1996,nome,96nome300,wesa,,1996-05-21,,4,,float
,1997,nome,97nome16,wesa,,1997-05-26,,4,,
,1995,nome,95nome226,wesa,,1995-06-07,,3,,hatch
,1996,nome,96nome22,wesa,,1996-06-03,,3,,lay
,1995,nome,95nome115,wesa,,1995-06-03,,4,,lay
,1995,nome,95nome209,sesa,,1995-05-29,,4,,float
,1995,nome,95nome218,sesa,,1995-06-02,,4,,hatch
,1995,nome,95nome8,sesa,,1995-05-26,,4,,lay
,1995,nome,95nome33,sesa,,1995-06-04,,4,,lay
,1996,nome,96nome18,wesa,,1996-06-02,,4,,hatch
,1995,nome,95nome14,wesa,,1995-05-29,,4,,float
,1995,nome,95nome114,sesa,,1995-06-03,,4,,float
,1995,nome,95nome117,wesa,,1995-06-05,,4,,float
,1995,nome,95nome6,wesa,,1995-05-23,,4,,lay
,1995,nome,95nome126,sesa,,1995-06-12,,4,,float
,1997,nome,97nome206,wesa,,1997-05-28,,4,,
,1995,nome,95nome200,wesa,,1995-05-23,,4,,float
,1996,nome,96nome4,wesa,,1996-05-21,,4,,float
,1995,nome,95nome9,wesa,,1995-05-26,,4,,hatch
,1995,nome,95nome17,sesa,,1995-05-29,,4,,float
,1995,nome,95nome13,sesa,,1995-05-27,,4,,float
,1995,nome,95nome16,sesa,,1995-05-29,,4,,lay
,1995,nome,95nome111,sesa,,1995-06-03,,4,,hatch
,1995,nome,95nome104,wesa,,1995-05-30,,4,,hatch
,1995,nome,95nome219,wesa,,1995-06-02,,4,,lay
,1996,nome,96nome207,sesa,,1996-06-20,,2,,hatch
,1995,nome,95nome109,sesa,,1995-05-31,,4,,hatch
,1995,nome,95nome107,sesa,,1995-05-31,,4,,float
,1996,nome,96nome125,wesa,,1996-06-12,,4,,hatch
,1995,nome,95nome120,wesa,,1995-06-07,,4,,hatch
,1996,nome,96nome1,wesa,,1996-05-14,,4,,lay
,1998,nome,98nome63,sesa,,1998-06-02,,4,,float
,1996,nome,96nome32,sesa,,1996-06-08,,4,,hatch
,1995,nome,95nome30,sesa,,1995-06-03,,4,,lay
,1997,nome,97nome13,sesa,,1997-06-17,,4,,
,1995,nome,95nome28,wesa,,1995-06-02,,4,,lay
,1995,nome,95nome44,wesa,,1995-06-13,,4,,lay
,1998,nome,98nome102,sesa,,1998-06-03,,4,,hatch
,1995,nome,95nome225,sesa,,1995-06-07,,4,,float
,1996,nome,96nome31,sesa,,1996-06-08,,4,,hatch
,1995,nome,95nome125,wesa,,1995-06-12,,3,,hatch
,1995,nome,95nome47,sesa,,1995-06-15,,3,,float
,1995,nome,95nome21,wesa,,1995-05-30,,4,,float
,1995,nome,95nome38,sesa,,1995-06-09,,4,,float
,1995,nome,95nome130,sesa,,1995-06-15,,3,,hatch
,1996,nome,96nome35,sesa,,1996-06-10,,4,,hatch
,1995,nome,95nome136,wesa,,1995-06-19,,3,,hatch
,1996,nome,96nome303,wesa,,1996-05-25,,4,,float
,1997,nome,97nome128,wesa,,1997-05-23,,4,,
,1995,nome,95nome131,sesa,,1995-06-17,,4,,hatch
,1996,nome,96nome131,sesa,,1996-06-20,,4,,hatch
,1995,nome,95nome236,wesa,,1995-06-18,,4,,
,1995,nome,95nome46,wesa,,1995-06-15,,4,,float
,1996,nome,96nome203,wesa,,1996-05-25,,4,,hatch
,1995,nome,95nome237,wesa,,1995-06-18,,4,,hatch
,1996,nome,96nome118,sesa,,1996-06-08,,4,,lay
,1998,nome,98nome78,sesa,,1998-06-04,,4,,hatch
,1996,nome,96nome120,wesa,,1996-06-08,,4,,hatch
,1999,nome,99nome59,wesa,,1999-05-28,,4,,lay
,1996,nome,96nome103,wesa,,1996-05-24,,4,,float
,1998,nome,98nome38,wesa,,1998-05-29,,4,,hatch
,1996,nome,96nome102,wesa,,1996-05-22,,4,,float
,1997,nome,97nome109,wesa,,1997-05-25,,4,,
,1998,nome,98nome55,wesa,,1998-06-02,,4,,hatch
,1996,nome,96nome44,wesa,,1996-06-20,,3,,float
,1996,nome,96nome308,wesa,,1996-05-27,,4,,hatch
,1996,nome,96nome12,wesa,,1996-05-31,,4,,lay
,1996,nome,96nome202,wesa,,1996-05-24,,4,,hatch
,1996,nome,96nome304,wesa,,1996-05-26,,4,,hatch
,1996,nome,96nome104,wesa,,1996-05-25,,4,,lay
,1996,nome,96nome9,wesa,,1996-05-30,,4,,float
,1996,nome,96nome11,wesa,,1996-05-30,,4,,hatch
,1996,nome,96nome13,wesa,,1996-05-31,,4,,hatch
,1996,nome,96nome101,wesa,,1996-05-22,,4,,lay
,1996,nome,96nome301,wesa,,1996-05-24,,4,,hatch
,1996,nome,96nome105,wesa,,1996-05-27,,4,,hatch
,1996,nome,96nome110,wesa,,1996-05-31,,4,,hatch
,1997,nome,97nome308,wesa,,1997-05-26,,4,,
,1996,nome,96nome109,wesa,,1996-05-27,,4,,hatch
,1996,nome,96nome113,wesa,,1996-06-02,,4,,lay
,1996,nome,96nome10,wesa,,1996-05-30,,4,,float
,1996,nome,96nome115,sesa,,1996-06-03,,4,,hatch
,1996,nome,96nome108,wesa,,1996-05-27,,4,,lay
,1996,nome,96nome21,sesa,,1996-06-03,,4,,float
,1997,nome,97nome42,sesa,,1997-06-10,,4,,
,1996,nome,96nome25,sesa,,1996-06-04,,4,,hatch
,1996,nome,96nome8,wesa,,1996-05-26,,4,,hatch
,1996,nome,96nome307,wesa,,1996-05-27,,4,,lay
,1999,nome,99nome47,wesa,,1999-06-17,,4,,hatch
,1996,nome,96nome27,wesa,,1996-06-04,,4,,lay
,1996,nome,96nome309,wesa,,1996-05-30,,4,,hatch
,1996,nome,96nome28,sesa,,1996-06-04,,4,,hatch
,1996,nome,96nome310,wesa,,1996-05-30,,3,,lay
,1996,nome,96nome311,sesa,,1996-05-30,,4,,hatch
,1996,nome,96nome34,wesa,,1996-06-08,,4,,hatch
,1996,nome,96nome20,wesa,,1996-06-03,,4,,lay
,1996,nome,96nome26,wesa,,1996-06-04,,4,,lay
,1996,nome,96nome16,sesa,,1996-06-02,,2,,lay
,1996,nome,96nome30,wesa,,1996-06-07,,4,,hatch
,1996,nome,96nome312,sesa,,1996-05-30,,4,,float
,1996,nome,96nome121,wesa,,1996-06-08,,4,,hatch
,1998,nome,98nome44,wesa,,1998-05-30,,4,,hatch
,1996,nome,96nome111,wesa,,1996-06-02,,4,,float
,1996,nome,96nome205,wesa,,1996-06-19,,,,
,1996,nome,96nome206,wesa,,1996-06-19,,4,,hatch
,1996,nome,96nome130,wesa,,1996-06-18,,3,,lay
,1996,nome,96nome45,wesa,,1996-06-21,,,,
,1996,nome,96nome46,wesa,,1996-06-21,,,,
,1997,nome,97nome107,sesa,,1997-06-11,,4,,
,1996,nome,96nome122,wesa,,1996-06-09,,3,,
,1998,nome,98nome67,wesa,,1998-06-02,,4,,hatch
,1996,nome,96nome124,wesa,,1996-06-10,,4,,
,1997,nome,97nome8,wesa,,1997-05-26,,4,,
,1999,nome,99nome101,wesa,,1999-05-30,,3,,hatch
,1996,nome,96nome127,wesa,,1996-06-16,,,,
,1996,nome,96nome305,wesa,,1996-05-26,,4,,lay
,1996,nome,96nome29,wesa,,1996-06-05,,4,,float
,1996,nome,96nome37,wesa,,1996-06-13,,4,,hatch
,1997,nome,97nome201,wesa,,1997-05-26,,4,,
,1999,nome,99nome105,wesa,,1999-06-01,,3,,hatch
,1997,nome,97nome187,sesa,,1997-06-19,,4,,
,1996,nome,96nome123,wesa,,1996-06-10,,4,,hatch
,1998,nome,98nome47,wesa,,1998-05-31,,4,,hatch
,1996,nome,96nome128,sesa,,1996-06-15,,4,,hatch
,1996,nome,96nome41,wesa,,1996-06-17,,,,
,1997,nome,97nome24,wesa,,1997-05-26,,4,,
,1996,nome,96nome208,wesa,,1996-06-23,,3,,
,1998,nome,98nome81,sesa,,1998-06-09,,4,,hatch
,1998,nome,98nome70,sesa,,1998-06-03,,4,,hatch
,1997,nome,97nome27,wesa,,1997-05-25,,4,,
,1997,nome,97nome203,wesa,,1997-05-27,,4,,
,1997,nome,97nome600,sesa,,1997-06-17,,4,,
,1997,nome,97nome6,sesa,,1997-06-06,,4,,
,1997,nome,97nome1,wesa,,1997-05-27,,4,,
,1997,nome,97nome200,wesa,,1997-05-25,,4,,
,1997,nome,97nome113,wesa,,1997-05-25,,3,,
,1997,nome,97nome105,wesa,,1997-05-23,,4,,
,1997,nome,97nome100,sesa,,1997-06-04,,4,,
,1998,nome,98nome56,sesa,,1998-06-01,,4,,hatch
,1997,nome,97nome121,wesa,,1997-05-29,,4,,
,1998,nome,98nome1,wesa,,1998-06-16,,4,,hatch
,1997,nome,97nome38,wesa,,1997-06-13,,4,,
,1997,nome,97nome305,wesa,,1997-06-14,,4,,
,1997,nome,97nome194,wesa,,1997-06-21,,3,,
,1998,nome,98nome40,wesa,,1998-05-30,,4,,hatch
,1998,nome,98nome69,sesa,,1998-06-02,,4,,float
,1998,nome,98nome76,wesa,,1998-06-08,,4,,hatch
,1998,nome,98nome80,wesa,,1998-06-04,,4,,hatch
,1998,nome,98nome85,wesa,,1998-06-07,,3,,lay
,1998,nome,98nome82,wesa,,1998-06-10,,4,,hatch
,1998,nome,98nome122,sesa,,1998-06-10,,4,,float
,1998,nome,98nome42,wesa,,1998-05-30,,4,,hatch
,1998,nome,98nome75,wesa,,1998-06-04,,4,,hatch
,1997,nome,97nome309,wesa,,1997-05-25,,4,,
,1997,nome,97nome115,wesa,,1997-05-25,,4,,
,1997,nome,97nome310,wesa,,1997-05-25,,2,,
,1997,nome,97nome314,wesa,,1997-06-04,,4,,
,1997,nome,97nome311,sesa,,1997-05-29,,4,,
,1997,nome,97nome306,wesa,,1997-06-09,,4,,
,1998,nome,98nome123,wesa,,1998-06-16,,4,,lay
,1998,nome,98nome51,sesa,,1998-05-31,,4,,hatch
,1998,nome,98nome50,wesa,,1998-05-31,,3,,hatch
,1998,nome,98nome65,wesa,,1998-06-02,,4,,hatch
,1998,nome,98nome52,wesa,,1998-05-31,,4,,hatch
,1998,nome,98nome74,wesa,,1998-06-04,,3,,hatch
,1999,nome,99nome60,wesa,,1999-06-07,,4,,hatch
,1998,nome,98nome64,wesa,,1998-06-03,,4,,hatch
,1998,nome,98nome127,wesa,,1998-06-13,,4,,hatch
,1998,nome,98nome114,wesa,,1998-06-13,,4,,hatch
,1998,nome,98nome124,sesa,,1998-06-10,,4,,hatch
,1998,nome,98nome211,wesa,,1998-06-24,,4,,hatch
,1999,nome,99nome50,wesa,,1999-06-01,,4,,float
,1999,nome,99nome128,wesa,,1999-06-15,,4,,hatch
,1999,nome,99nome104,wesa,,1999-06-01,,1,,hatch
,1999,nome,99nome707,sesa,,1999-06-18,,,,
,1999,nome,99nome204,sesa,,1999-06-18,,4,,hatch
,1999,nome,99nome79,sesa,,1999-06-15,,4,,float
,1999,nome,99nome17,wesa,,1999-06-22,,3,,hatch
,1999,nome,99nome133,sesa,,1999-06-08,,4,,hatch
,1999,nome,99nome136,sesa,,1999-06-08,,4,,hatch
,1999,nome,99nome100,wesa,,1999-06-15,,4,,hatch
,1999,nome,99nome5,wesa,,1999-06-15,,3,,hatch
,1999,nome,99nome206,sesa,,1999-06-16,,3,,hatch
,1999,nome,99nome106,wesa,,1999-06-01,,3,,
,1999,nome,99nome122,wesa,,1999-06-11,,4,,hatch
,1999,nome,99nome107,wesa,,1999-06-23,,4,,
,1996,nome,96nome119,wesa,,1996-06-08,,4,,hatch
,1995,nome,95nome305,wesa,,1995-06-08,,4,,lay
,1996,nome,96nome17,wesa,,1996-06-02,,4,,hatch
,1996,nome,96nome43,sesa,,1996-06-20,,4,,hatch
,1994,nome,94nome10,sesa,,1994-05-24,,4,,lay
,1995,nome,95nome29,sesa,,1995-06-02,,4,,hatch
,1994,nome,94nome5,wesa,,1994-05-23,,4,,hatch
,1995,nome,95nome202,wesa,,1995-05-24,,4,,float
,1996,nome,96nome6,wesa,,1996-05-24,,4,,float
,1998,nome,98nome45,wesa,,1998-05-30,,4,,hatch
,1993,nome,93nome18,wesa,,1993-05-31,,4,,hatch
,1993,nome,93nome110,sesa,,1993-05-28,,4,,lay
,1993,nome,93nome106,sesa,,1993-05-28,,4,,float
,1995,nome,95nome210,wesa,,1995-05-30,,4,,hatch
,1993,nome,93nome20,wesa,,1993-06-04,,4,,hatch
,1993,nome,93nome3,sesa,,1993-05-27,,4,,lay
,1993,nome,93nome4,sesa,,1993-05-27,,4,,hatch
,1994,nome,94nome26,sesa,,1994-05-28,,4,,float
,1993,nome,93nome5,wesa,,1993-05-27,,4,,lay
,1993,nome,93nome303,sesa,,1993-05-28,,4,,float
,1997,nome,97nome7,sesa,,1997-06-04,,4,,
,1993,nome,93nome6,sesa,,1993-05-27,,4,,float
,1994,nome,94nome28,sesa,,1994-05-30,,4,,float
,1995,nome,95nome229,sesa,,1995-06-09,,4,,
,1996,nome,96nome126,sesa,,1996-06-13,,4,,hatch
,1993,nome,93nome302,sesa,,1993-05-27,,4,,float
,1993,nome,93nome111,sesa,,1993-05-28,,4,,hatch
,1994,nome,94nome25,sesa,,1994-05-28,,4,,hatch
,1995,nome,95nome205,sesa,,1995-05-26,,4,,hatch
,1993,nome,93nome2,sesa,,1993-05-27,,3,,
,1993,nome,93nome104,sesa,,1993-05-28,,4,,float
,1993,nome,93nome103,sesa,,1993-05-28,,4,,hatch
,1995,nome,95nome23,sesa,,1995-05-30,,4,,lay
,1993,nome,93nome105,sesa,,1993-05-28,,4,,float
,1993,nome,93nome119,wesa,,1993-05-31,,4,,hatch
,1993,nome,93nome121,wesa,,1993-05-31,,4,,float
,1994,nome,94nome11,wesa,,1994-05-24,,4,,float
,1993,nome,93nome123,wesa,,1993-05-31,,4,,float
,1993,nome,93nome304,sesa,,1993-05-28,,4,,float
,1993,nome,93nome108,sesa,,1993-05-28,,4,,float
,1993,nome,93nome124,sesa,,1993-06-01,,4,,hatch
,1993,nome,93nome126,sesa,,1993-06-01,,4,,float
,1995,nome,95nome19,wesa,,1995-05-29,,4,,hatch
,1996,nome,96nome302,wesa,,1996-05-24,,4,,float
,1993,nome,93nome102,wesa,,1993-05-28,,4,,float
,1994,nome,94nome306,wesa,,1994-05-23,,4,,hatch
,1994,nome,94nome47,sesa,,1994-06-12,,3,,float
,1993,nome,93nome130,sesa,,1993-06-04,,4,,float
,1994,nome,94nome29,sesa,,1994-05-31,,4,,float
,1993,nome,93nome306,sesa,,1993-05-29,,3,,hatch
,1993,nome,93nome1,wesa,,1993-05-27,,4,,
,1993,nome,93nome301,wesa,,1993-05-27,,4,,float
,1994,nome,94nome202,wesa,,1994-05-23,,4,,lay
,1993,nome,93nome12,sesa,,1993-05-29,,4,,float
,1993,nome,93nome13,sesa,,1993-05-30,,4,,float
,1993,nome,93nome15,wesa,,1993-05-30,,4,,float
,1994,nome,94nome310,wesa,,1994-05-26,,4,,float
,1996,nome,96nome33,wesa,,1996-06-08,,4,,float
,1993,nome,93nome16,wesa,,1993-05-30,,4,,float
,1996,nome,96nome2,wesa,,1996-05-18,,4,,lay
,1994,nome,94nome102,wesa,,1994-05-23,,4,,hatch
,1993,nome,93nome17,wesa,,1993-05-30,,4,,float
,1994,nome,94nome22,wesa,,1994-05-28,,4,,hatch
,1994,nome,94nome320,wesa,,1994-06-02,,4,,hatch
,1995,nome,95nome201,wesa,,1995-05-24,,4,,lay
,1996,nome,96nome7,wesa,,1996-05-26,,4,,hatch
,1993,nome,93nome309,wesa,,1993-05-31,,4,,float
,1994,nome,94nome116,sesa,,1994-06-02,,4,,float
,1995,nome,95nome20,sesa,,1995-05-30,,4,,float
,1993,nome,93nome8,sesa,,1993-05-28,,4,,hatch
,1993,nome,93nome200,sesa,,1993-05-31,,4,,hatch
,1994,nome,94nome36,sesa,,1994-06-03,,4,,float
,1995,nome,95nome215,sesa,,1995-05-31,,4,,float
,1993,nome,93nome9,wesa,,1993-05-29,,4,,float
,1995,nome,95nome105,sesa,,1995-05-30,,4,,float
,1996,nome,96nome36,sesa,,1996-06-10,,4,,hatch
,1993,nome,93nome19,sesa,,1993-06-04,,4,,float
,1993,nome,93nome201,sesa,,1993-06-01,,4,,float
,1994,nome,94nome41,sesa,,1994-06-08,,4,,float
,1993,nome,93nome203,wesa,,1993-06-01,,4,,hatch
,1993,nome,93nome114,wesa,,1993-05-29,,4,,float
,1993,nome,93nome320,sesa,,1993-06-04,,4,,lay
,1993,nome,93nome400,sesa,,1993-05-28,,4,,float
,1993,nome,93nome134,sesa,,1993-06-08,,3,,
,1993,nome,93nome323,wesa,,1993-06-05,,4,,hatch
,1996,nome,96nome24,sesa,,1996-06-03,,4,,hatch
,1993,nome,93nome325,sesa,,1993-06-06,,3,,float
,1993,nome,93nome135,wesa,,1993-06-08,,4,,float
,1993,nome,93nome137,sesa,,1993-06-10,,4,,hatch
,1993,nome,93nome131,sesa,,1993-06-06,,3,,float
,1993,nome,93nome335,sesa,,1993-06-13,,3,,hatch
,1994,nome,94nome128,sesa,,1994-06-11,,3,,float
,1997,nome,97nome312,wesa,,1997-06-01,,4,,
,1995,nome,95nome4,sesa,,1995-05-23,,4,,lay
,1994,nome,94nome37,sesa,,1994-06-03,,3,,float
,1993,nome,93nome109,sesa,,1993-05-28,,4,,float
,1993,nome,93nome115,wesa,,1993-05-29,,4,,float
,1993,nome,93nome118,wesa,,1993-05-30,,4,,lay
,1994,nome,94nome1,wesa,,1994-05-18,,4,,lay
,1995,nome,95nome1,wesa,,1995-05-20,,4,,lay
,1996,nome,96nome106,wesa,,1996-05-27,,4,,float
,1994,nome,94nome308,wesa,,1994-05-24,,4,,float
,1993,nome,93nome403,wesa,,1993-05-31,,4,,float
,1995,nome,95nome34,wesa,,1995-06-04,,4,,hatch
,1996,nome,96nome23,wesa,,1996-06-03,,4,,hatch
,1993,nome,93nome120,wesa,,1993-05-31,,7,,float
,1994,nome,94nome38,sesa,,1994-06-05,,4,,float
,1993,nome,93nome405,sesa,,1993-06-01,,4,,hatch
,1994,nome,94nome100,wesa,,1994-05-21,,4,,lay
,1993,nome,93nome406,wesa,,1993-06-01,,4,,float
,1993,nome,93nome307,sesa,,1993-05-29,,4,,lay
,1994,nome,94nome301,wesa,,1994-05-21,,4,,lay
,1997,nome,97nome31,wesa,,1997-05-25,,4,,
,1995,nome,95nome203,wesa,,1995-05-24,,4,,float
,1993,nome,93nome324,wesa,,1993-06-06,,4,,hatch
,1994,nome,94nome105,wesa,,1994-05-26,,4,,hatch
,1997,nome,97nome307,wesa,,1997-05-22,,4,,
,1993,nome,93nome107,wesa,,1993-05-28,,4,,hatch
,1993,nome,93nome11,sesa,,1993-05-29,,4,,float
,1993,nome,93nome7,wesa,,1993-05-27,,4,,float
,1996,nome,96nome5,wesa,,1996-05-23,,4,,float
,1994,nome,94nome27,wesa,,1994-05-28,,4,,hatch
,1995,nome,95nome103,sesa,,1995-05-29,,4,,hatch
,1993,nome,93nome10,sesa,,1993-05-29,,4,,float
,1994,nome,94nome14,sesa,,1994-05-26,,4,,float
,1994,nome,94nome118,sesa,,1994-06-05,,3,,float
,1993,nome,93nome308,sesa,,1993-05-30,,4,,float
,1993,nome,93nome316,wesa,,1993-06-03,,4,,lay
,1994,nome,94nome6,wesa,,1994-05-23,,4,,float
,1993,nome,93nome21,wesa,,1993-06-04,,2,,
,1994,nome,94nome32,wesa,,1994-06-01,,4,,hatch
,1995,nome,95nome128,wesa,,1995-06-12,,4,,hatch
,1996,nome,96nome15,wesa,,1996-06-02,,4,,hatch
,1993,nome,93nome321,wesa,,1993-06-05,,4,,
,1993,nome,93nome100,wesa,,1993-05-28,,4,,lay
,1993,nome,93nome326,wesa,,1993-06-08,,4,,hatch
,1993,nome,93nome112,sesa,,1993-05-29,,4,,float
,1994,nome,94nome324,sesa,,1994-06-05,,4,,hatch
,1995,nome,95nome35,wesa,,1995-06-05,,4,,lay
,1993,nome,93nome22,wesa,,1993-06-04,,4,,float
,1994,nome,94nome104,wesa,,1994-05-26,,4,,float
,1993,nome,93nome14,wesa,,1993-05-30,,4,,hatch
,1993,nome,93nome319,sesa,,1993-06-04,,4,,float
,1994,nome,94nome115,sesa,,1994-06-01,,3,,float
,1995,nome,95nome224,sesa,,1995-06-07,,4,,lay
,1993,nome,93nome127,sesa,,1993-06-04,,4,,float
,1998,nome,98nome54,wesa,,1998-06-02,,4,,hatch
,1993,nome,93nome318,wesa,,1993-06-04,,3,,lay
,1993,nome,93nome24,wesa,,1993-06-06,,4,,float
,1993,nome,93nome26,wesa,,1993-06-06,,4,,hatch
,1994,nome,94nome307,wesa,,1994-05-24,,4,,lay
,1993,nome,93nome317,sesa,,1993-06-03,,4,,hatch
,1993,nome,93nome133,sesa,,1993-06-08,,3,,hatch
,1993,nome,93nome140,wesa,,1993-06-14,,4,,hatch
,1993,nome,93nome501,sesa,,1993-06-06,,4,,float
,1993,nome,93nome139,sesa,,1993-06-10,,4,,float
,1993,nome,93nome330,sesa,,1993-06-11,,4,,hatch
,1995,nome,95nome7,sesa,,1995-05-26,,2,,lay
,1993,nome,93nome322,sesa,,1993-06-05,,4,,hatch
,1995,nome,95nome100,wesa,,1995-05-26,,3,,hatch
,1996,nome,96nome100,wesa,,1996-05-22,,3,,float
,1993,nome,93nome404,wesa,,1993-06-01,,3,,lay
,1994,nome,94nome111,sesa,,1994-05-29,,3,,float
,1995,nome,95nome214,sesa,,1995-05-31,,4,,float
,1993,nome,93nome132,sesa,,1993-06-06,,4,,
,1994,nome,94nome209,sesa,,1994-06-08,,3,,float
,1996,nome,96nome39,sesa,,1996-06-16,,4,,hatch
,1993,nome,93nome202,sesa,,1993-06-03,,3,,lay
,1994,nome,94nome121,sesa,,1994-06-06,,4,,float
,1993,nome,93nome125,sesa,,1993-06-01,,4,,hatch
,1995,nome,95nome22,sesa,,1995-05-30,,4,,float
,1993,nome,93nome113,sesa,,1993-05-29,,4,,float
,1994,nome,94nome43,sesa,,1994-06-08,,4,,hatch
,1993,nome,93nome310,wesa,,1993-05-31,,4,,hatch
,1993,nome,93nome328,wesa,,1993-06-10,,4,,hatch
,1996,nome,96nome116,wesa,,1996-06-04,,4,,
,1994,nome,94nome309,wesa,,1994-05-25,,4,,hatch
,1995,nome,95nome206,wesa,,1995-05-26,,4,,hatch
,1993,nome,93nome305,wesa,,1993-05-29,,4,,float
,1997,nome,97nome103,wesa,,1997-05-23,,4,,
,1993,nome,93nome329,wesa,,1993-06-11,,4,,
,1993,nome,93nome331,sesa,,1993-06-11,,4,,
,1994,nome,94nome328,wesa,,1994-06-06,,4,,hatch
,1993,nome,93nome332,wesa,,1993-06-12,,3,,
,1993,nome,93nome129,wesa,,1993-06-04,,4,,float
,1993,nome,93nome315,sesa,,1993-06-03,,4,,hatch
,1993,nome,93nome136,sesa,,1993-06-08,,4,,hatch
,1994,nome,94nome19,wesa,,1994-05-28,,4,,float
,1995,nome,95nome15,wesa,,1995-05-29,,4,,float
,1993,nome,93nome327,wesa,,1993-06-08,,4,,hatch
,1993,nome,93nome311,sesa,,1993-05-31,,4,,hatch
,1994,nome,94nome33,sesa,,1994-06-02,,4,,float
,1995,nome,95nome302,sesa,,1995-06-04,,4,,hatch
,1993,nome,93nome336,sesa,,1993-06-13,,4,,hatch
,1995,nome,95nome31,wesa,,1995-06-03,,3,,float
,1996,nome,96nome204,wesa,,1996-05-26,,4,,hatch
,1993,nome,93nome411,wesa,,1993-06-15,,4,,hatch
,1994,nome,94nome4,wesa,,1994-05-22,,4,,hatch
,1995,nome,95nome118,sesa,,1995-06-07,,4,,hatch
,1995,nome,95nome116,sesa,,1995-06-04,,4,,lay
,1996,nome,96nome38,sesa,,1996-06-14,,4,,hatch
,1993,nome,93nome410,wesa,,1993-06-15,,4,,hatch
,1996,nome,96nome114,wesa,,1996-06-03,,4,,float
,1999,nome,99nome9,sesa,,1999-06-16,,4,,hatch
,2008,barr,08barrdunl511a,dunl,jchoi,2008-06-18,single,4,3,float
4.14,2004,barr,04barrdunl255,dunl,selvidge,2004-07-05,single,4,3,float
,2010,made,10madewhim002,whim,lpirie,2010-06-13,searcher,4,22,float
,2011,made,11madeva-05-2011,whim,vamarualik,2011-06-16,searcher,4,16,float
,2011,made,11mademm-08-2011,whim,mmichaud,2011-06-09,searcher,3,,hatch
4.01,2014,made,14madefs02whim,whim,fsmith,2014-06-10,searcher,4,,
,2011,made,11madekn-05-2011,whim,knuyaviak,2011-06-19,searcher,4,15,float
1.43,2012,made,12madekb-34,whim,kbeckmann,2012-06-29,searcher,4,20,float
4.03,2014,made,14madefs06whim,whim,fsmith,2014-06-11,searcher,4,,
,2013,burn,13burnwhimmp13,whim,mpeck,2013-06-17,searcher,4,17,float
,2013,burn,13burnwhimmp06,whim,mpeck,2013-06-15,searcher,4,4,float
,2013,burn,13burnwhimmb04,whim,mburrell,2013-06-17,searcher,4,1,float
305,2010,cari,10caridunl305,dunl,mmcgarvey,2010-06-11,incidental,4,-1,float
1.18,2012,chur,12chur12whim18,whim,ajohnson,2012-06-16,searcher,4,11,float
,2013,chur,13chur13whim07g,whim,ajohnson,2013-06-09,searcher,4,,lay
,2011,chur,11churwhim12,whim,ASJ,2011-06-22,searcher,1,10,float
,2014,chur,14chur14whim21,whim,jperz,2014-06-24,searcher,2,4,float
,2014,chur,14chur14hugo01d,hugo,lkoloski,2014-06-01,searcher,4,,
1.04,2012,chur,12chur12whim04,whim,ajohnson,2012-06-08,searcher,1,,lay
,2013,chur,13chur13whim32,whim,ajohnson,2013-06-19,searcher,2,0,float
,2011,chur,11churwhim10,whim,H.Specht,2011-06-21,searcher,4,3,float
1.43,2012,chur,12chur12whim43,whim,ajohnson,2012-06-29,searcher,2,12,float
,2011,chur,11churwhim02,whim,HMS,2011-06-15,searcher,4,10,float
,2011,chur,11churwhim19,whim,ASJ,2011-07-12,searcher,4,at hatch,float
1.06,2012,chur,12chur12whim06,whim,ajohnson,2012-06-08,searcher,4,7,float
,2013,chur,13chur13whim55g,whim,ajohnson,2013-07-05,searcher,3,24,float
,2014,chur,14chur14whim04,whim,jperz,2014-06-15,searcher,1,3,float
1.13,2012,chur,12chur12whim13,whim,ajohnson,2012-06-11,searcher,4,8,float
1.19,2012,chur,12chur12whim19,whim,ajohnson,2012-06-17,searcher,4,,lay
,2013,chur,13chur13whim17g,whim,ajohnson,2013-06-11,searcher,4,0,float
1.33,2012,chur,12chur12whim33,whim,ajohnson,2012-06-24,searcher,4,10,float
,2013,chur,13chur13whim06g,whim,ajohnson,2013-06-08,searcher,4,5,float
1.2,2012,chur,12chur12whim20,whim,jperz,2012-06-18,searcher,4,11,float
,2013,chur,13chur13whim36g,whim,ajohnson,2013-06-21,searcher,4,6,float
,2013,chur,13chur13whim10g,whim,ajohnson,2013-06-10,searcher,4,1,float
,2013,chur,13chur13whim38g,whim,ajohnson,2013-06-22,searcher,4,11,float
1.35,2012,chur,12chur12whim35,whim,ajohnson,2012-06-25,searcher,4,21,float
1.47,2012,chur,12chur12whim47,whim,ajohnson,2012-07-01,searcher,4,10,float
,2013,chur,13chur13whim11g,whim,lkoloski,2013-06-10,searcher,4,2,float
,2013,chur,13chur13whim53g,whim,ajohnson,2013-07-02,searcher,4,16,float
,2014,chur,14chur14whim03,whim,jperz,2014-06-13,searcher,4,4,float
,2013,chur,13chur13whim18g,whim,ajohnson,2013-06-13,searcher,4,,lay
,2013,chur,13chur13whim04,whim,ajohnson,2013-06-07,searcher,4,6,float
,2013,chur,13chur13whim13,whim,lkoloski,2013-06-10,searcher,4,4,float
,2013,chur,13chur13whim39,whim,ajohnson,2013-06-22,searcher,4,18,float
,2014,chur,14chur14whim27,whim,jperz,2014-06-27,searcher,4,11,float
1.25,2013,made,13madefs03whim,whim,fsmith,2013-06-12,searcher,1,,lay
,2013,chur,13chur13whim09g,whim,ajohnson,2013-06-09,searcher,4,,lay
,2011,eaba,11eababbc01,bbpl,,2011-06-23,searcher,4,,
,2011,eaba,11eababbh01,bbpl,,2011-06-28,searcher,4,5,float
,2013,eaba,13eababbs02,bbpl,,2013-07-04,searcher,4,3,float
1.19,2012,eaba,12eabarum02,rutu,mmccloskey,2012-07-04,searcher,4,4,float
4.23,2012,eaba,12eababbn01,bbpl,nmanintveld,2012-06-30,searcher,4,3.5,float
4.05,2006,barr,06barrlbdo303,lbdo,fontaine,2006-06-13,single,4,,lay
15.1,2006,barr,06barrlbdo610,lbdo,krueper,2006-06-25,rope,4,4,float
1.09,2003,barr,03barrlbdo005,lbdo,thomas,2003-06-23,single,4,,lay
1.2,2003,barr,03barrlbdo016,lbdo,thomas,2003-07-05,bander,4,,lay
10.15,2006,barr,06barrlbdo273,lbdo,lebouard,2006-06-26,rope,4,2,float
10.1,2006,barr,06barrlbdo268,lbdo,lebouard,2006-06-26,rope,4,6,float
6.26,2006,barr,06barrlbdo634,lbdo,krueper,2006-06-29,rope,4,,lay
12.09,2007,barr,07barrlbdo701,lbdo,coutsoubos,2007-06-20,bander,4,,lay
11.11,2006,barr,06barrlbdo363,lbdo,fontaine,2006-07-02,single,4,3,float
,2009,bylo,09byloamgpjfl01,amgp,jflamarre,2009-06-28,systematic search,4,,lay
,2010,bylo,10byloplbr2,amgp,echalifour,2010-06-23,incidental,4,,lay
,2011,bylo,11byloamgpjl01,amgp,jflamarre,2011-06-22,incidental,4,5,float
,2011,bylo,11byloamgpjo01,amgp,jotis,2011-06-18,incidental,4,,lay
,2010,bylo,10byloamgppb02,amgp,pbertrand,2010-06-21,incidental,4,4,float
,2010,bylo,10byloamgpjfl04,amgp,jflamarre,2010-06-20,incidental,4,,lay
,2010,bylo,10byloamgpjfl01,amgp,jflamarre,2010-06-18,incidental,4,,lay
2.01,2006,barr,06barrlbdo460,lbdo,lebouard,2006-06-29,rope,4,3,float
5.27,2006,barr,06barrlbdo013,lbdo,lanctot,2006-07-02,bander,4,,lay
7.07,2007,barr,07barrlbdo153,lbdo,rankin,2007-07-01,bander,4,5,float
13.3,2009,barr,09barramgp011,amgp,rlanctot,2009-06-22,bander,4,3,float
11.16,2008,barr,08barrlbdo144,lbdo,phsu,2008-06-25,rope,4,13,float
10.21,2008,barr,08barrlbdo219,lbdo,dpavlik,2008-06-17,single,4,8,float
16.07,2009,barr,09barrlbdo707,lbdo,fchevreux,2009-06-11,single,4,2,float
3.27,2007,barr,07barrlbdo919,lbdo,chiang,2007-06-25,rope,4,4,float
1.22,2007,barr,07barrlbdo542,lbdo,choi,2007-06-27,rope,4,3,float
11.28,2008,barr,08barrlbdo150,lbdo,phsu,2008-06-26,rope,4,12,float
3.28,2007,barr,07barrlbdo920,lbdo,chiang,2007-06-25,rope,4,,lay
2.19,2008,barr,08barrlbdo227,lbdo,dpavlik,2008-06-18,single,4,1,float
1.26,2009,barr,09barrlbdo623,lbdo,bhill,2009-07-03,bander,4,,hatch
4.4,2009,barr,09barrlbdo577,lbdo,cgovernali,2009-06-24,rope,4,5,float
2.29,2008,barr,08barrlbdo138,lbdo,phsu,2008-06-24,single,4,2,float
3.12,2008,barr,08barrlbdo606,lbdo,bhill,2008-07-03,bander,4,8,float
4.19,2010,barr,10barrlbdo437,lbdo,ehsu,2010-07-10,bander,4,14,float
3.53,2010,barr,10barrlbdo341,lbdo,abankert,2010-06-28,rope,4,0,float
12.01,2010,barr,10barrlbdo413,lbdo,ehsu,2010-06-28,single,4,1,float
4.17,2008,barr,08barrlbdo263,lbdo,dpavlik,2008-06-30,rope,4,5,float
6.29,2008,barr,08barrlbdo250,lbdo,dpavlik,2008-06-27,rope,4,3,float
3.17,2007,barr,07barrlbdo229,lbdo,d.taylor,2007-06-18,single,4,3,float
1.23,2007,barr,07barrlbdo800,lbdo,larned,2007-06-27,rope,4,8,float
3.04,2007,barr,07barrlbdo102,lbdo,rankin,2007-06-12,single,4,,lay
1.24,2007,barr,07barrlbdo801,lbdo,larned,2007-06-27,rope,4,6,float
1.15,2007,barr,07barrlbdo008,lbdo,lanctot,2007-06-26,rope,3,9,float
10.19,2007,barr,07barrlbdo255,lbdo,d.taylor,2007-06-29,rope,4,5,float
10.26,2007,barr,07barrlbdo016,lbdo,lanctot,2007-07-05,bander,4,6,float
2.35,2008,barr,08barrlbdo823,lbdo,jaldabe,2008-06-25,rope,4,8,float
11.1,2008,barr,08barrlbdo819,lbdo,jaldabe,2008-06-24,single,3,1,float
11.18,2008,barr,08barrlbdo145,lbdo,phsu,2008-06-25,rope,4,2,float
1.25,2008,barr,08barrlbdo159,lbdo,phsu,2008-06-30,rope,4,5,float
1.33,2008,barr,08barrlbdo356,lbdo,ganx,2008-07-02,rope,4,,hatch
16.71,2011,barr,11barrlbdo415,lbdo,abankert,2011-06-21,searcher,4,5,float
18.47,2011,barr,11barrlbdo337,lbdo,jzamudio,2011-07-05,searcher,4,7,float
18.31,2011,barr,11barrlbdo326,lbdo,abankert,2011-06-28,rope,4,0,float
18.43,2011,barr,11barrlbdo198,lbdo,jcunningham,2011-06-29,searcher,4,,lay
18.13,2011,barr,11barrlbdo458,lbdo,abankert,2011-06-27,rope,4,0,float
,2013,barr,13barrlbdo049,lbdo,lrensel,2013-06-11,searcher,4,3,float
,2013,barr,13barrlbdo338,lbdo,pherzog,2013-06-28,rope,4,9,float
,2013,barr,13barrlbdo310,lbdo,jcunningham,2013-06-21,bander,4,1,float
,2013,barr,13barrlbdo423,lbdo,pherzog,2013-07-01,rope,4,6,float
,2013,burn,13burnkillmp03,kill,mpeck,2013-06-19,searcher,4,11,float
,2013,iglo,13igloamgp050,amgp,mgiroux,2013-07-20,searcher,4,,
,2014,iglo,14igloamgp.14.102,amgp,magiroux,2014-06-29,searcher,4,5,float
4.41,2009,barr,09barrlbdo578,lbdo,cgovernali,2009-06-24,rope,4,21,float
7.63,2010,barr,10barrlbdo627,lbdo,myang,2010-06-29,rope,4,7,float
2.11,2012,colv,12colvrutu1004,rutu,dpavlik,2012-06-18,searcher,4,4,float
1.28,2011,colv,11colvrutu045,rutu,dpavlik,2011-06-14,searcher,4,,lay
1.21,2011,colv,11colvrutu790,rutu,epalm,2011-06-15,searcher,4,,lay
1.27,2011,colv,11colvrutu064,rutu,dpavlik,2011-06-18,searcher,3,4,float
1.36,2012,colv,12colvrutu097,rutu,dpavlik,2012-06-17,searcher,4,5,float
,2013,chur,13chur13amgp05d,amgp,cbrunner,2013-06-28,searcher,3,,hatch
13.13,2012,barr,12barrlbdo422,lbdo,bverheijen,2012-06-15,searcher,4,8,float
18.49,2011,barr,11barrlbdo731,lbdo,jcunningham,2011-07-14,bander,4,13,float
6.11,2011,barr,11barrlbdo495,lbdo,abankert,2011-07-06,searcher,4,2,float
12.69,2011,barr,11barrlbdo591,lbdo,pherzog,2011-07-02,rope,2,8,float
11.37,2011,barr,11barrlbdo237,lbdo,bhill,2011-06-26,bander,4,,lay
12.05,2011,barr,11barrlbdo191,lbdo,jcunningham,2011-06-28,rope,4,2,float
6.07,2011,barr,11barrlbdo801,lbdo,jzamudio,2011-07-05,searcher,4,11,float
12.33,2011,barr,11barrlbdo573,lbdo,pherzog,2011-07-01,rope,4,8,float
6.13,2011,barr,11barrlbdo497,lbdo,abankert,2011-07-08,bander,3,,lay
2.13,2011,barr,11barrlbdo806,lbdo,pherzog,2011-07-07,bander,4,13,float
12.15,2011,barr,11barrlbdo196,lbdo,jcunningham,2011-06-28,rope,3,0,float
1.71,2011,barr,11barrlbdo623,lbdo,adoll,2011-07-01,bander,2,7,float
1.39,2011,barr,11barrlbdo170,lbdo,jcunningham,2011-06-24,searcher,4,0,float
1.61,2011,barr,11barrlbdo621,lbdo,adoll,2011-06-29,bander,4,0,float
5.05,2011,barr,11barrlbdo478,lbdo,abankert,2011-07-01,rope,4,10,float
4.65,2011,barr,11barrlbdo472,lbdo,abankert,2011-06-28,rope,4,,lay
5.13,2011,barr,11barrlbdo482,lbdo,abankert,2011-07-01,rope,4,10,float
14.03,2012,barr,12barrlbdo454,lbdo,bverheijen,2012-06-20,searcher,4,2,float
7.09,2012,cakr,12cakrbltu405,bltu,rgates,2012-06-07,searcher,3,7,float
7.11,2012,cakr,12cakrbltu413,bltu,rgates,2012-06-12,searcher,4,8,float
7.12,2012,cakr,12cakrbltu414,bltu,rgates,2012-06-12,searcher,4,7,float
7.06,2012,cakr,12cakrbltu403,bltu,rgates,2012-06-07,searcher,4,1,float
7.13,2012,cakr,12cakrbltu420,bltu,rgates,2012-06-18,searcher,4,9,float
7.1,2012,cakr,12cakrbltu412,bltu,rgates,2012-06-12,searcher,3,2,float
7.01,2012,cakr,12cakrbltu401,bltu,rgates,2012-06-07,searcher,4,7,float
7.05,2012,cakr,12cakrbltu108,bltu,mvanderheyden,2012-06-07,searcher,4,1,float
14.71,2012,barr,12barrlbdo281,lbdo,dsaalfeld,2012-06-29,rope,4,9,float
14.51,2012,barr,12barrlbdo271,lbdo,dsaalfeld,2012-06-28,rope,4,4,float
6.35,2012,barr,12barrlbdo491,lbdo,bverheijen,2012-06-29,rope,4,11,float
3.69,2012,barr,12barrlbdo475,lbdo,bverheijen,2012-06-25,searcher,4,7,float
6.25,2012,barr,12barrlbdo486,lbdo,bverheijen,2012-06-28,rope,4,,lay
4.17,2012,barr,12barrlbdo498,lbdo,bverheijen,2012-07-01,rope,4,9,float
6.49,2012,barr,12barrlbdo011,lbdo,rlanctot,2012-07-02,bander,3,6,float
112,2013,cari,13cari112sesa,sesa,sfreeman,2013-06-17,incidental,4,-1,float
638,2013,cari,13cari638sesa,sesa,idavies,2013-06-18,incidental,4,5,float
145,2014,cari,14cari145sesa,sesa,sfreeman,2014-06-21,incidental,4,12,float
501,2014,cari,14cari501sesa,sesa,mcorrell,2014-06-24,incidental,4,2,float
503,2014,cari,14cari503sesa,sesa,mcorrell,2014-06-25,incidental,4,11,float
171,2014,cari,14cari171sesa,sesa,sfreeman,2014-06-30,incidental,3,11,float
634,2013,cari,13cari634sesa,sesa,idavies,2013-06-16,incidental,4,3,float
128,2014,cari,14cari128sesa,sesa,sfreeman,2014-06-14,incidental,4,3,float
523,2013,cari,13cari523sesa,sesa,rchurchwell,2013-06-19,incidental,4,2,float
1.05,2013,made,13madekb09hugo,hugo,kbeckmann,2013-06-18,searcher,3,13.5,float
1.63,2012,made,12madekb-19,hugo,kbeckmann,2012-06-19,searcher,3,,hatch
51,2010,nome,10nome10wesanh11,wesa,nhentze,2010-06-08,searcher,3,2,float
79,2010,nome,10nome10wesanh17,wesa,nhentze,2010-06-15,searcher,4,2,float
97,2010,nome,10nome10sesasf01,sesa,sfranks,2010-06-28,searcher,3,15,float
w.30,2011,nome,11nome11wesasf04,wesa,sfranks,2011-05-25,searcher,4,1,float
e.04,2011,nome,11nome11sesadl01,sesa,dlank,2011-06-06,searcher,4,8,float
e.34,2012,nome,12nome12sesawe27,sesa,wenglish,2012-06-10,searcher,4,8,float
e.19,2013,nome,13nome13sesa215,sesa,sfranks,2013-06-04,searcher,4,2,float
,2012,nome,12nome12rnphmh69,rnph,mharing,2012-06-21,searcher,4,3,float
e.01,2011,nome,11nome11wesabk01,wesa,bsandercock,2011-05-23,searcher,4,,lay
w.38,2011,nome,11nome11wesawe01,wesa,wenglish,2011-05-25,searcher,4,,lay
e.39,2012,nome,12nome12wesadh27,wesa,dhodkinson,2012-06-12,searcher,4,7,float
e.40,2011,nome,11nome11wesaek01,wesa,ekwon,2011-05-25,searcher,4,2,float
e.18,2012,nome,12nome12wesadh13,wesa,dhodkinson,2012-06-05,searcher,4,6,float
w.42,2011,nome,11nome11sesawe02,sesa,wenglish,2011-05-25,searcher,4,,lay
92,2010,nome,10nome10wesasf01,wesa,sfranks,2010-06-16,bander,3,13,float
w.39,2011,nome,11nome11wesawe03,wesa,wenglish,2011-05-26,searcher,4,0,float
w.04,2012,nome,12nome12wesasf02,wesa,sfranks,2012-05-29,searcher,4,,lay
w.01,2014,nome,14nomewesa001,wesa,ekwon,2014-05-21,searcher,4,5,float
w.20,2011,nome,11nome11wesamw03,wesa,mwilson,2011-05-26,searcher,4,,lay
w.01,2013,nome,13nome13wesa001,wesa,dborden,2013-06-01,searcher,4,,lay
w.39,2012,nome,12nome12wesawe31,wesa,wenglish,2012-06-13,searcher,4,0,float
w.06,2011,nome,11nome11wesaee13,wesa,eescajeda,2011-05-29,searcher,4,0,float
e.14,2012,nome,12nome12sesadh08,sesa,dhodkinson,2012-06-01,searcher,4,2,float
e.14,2011,nome,11nome11sesaee18,sesa,eescajeda,2011-05-30,searcher,4,7,float
e.10,2011,nome,11nome11wesaee12,wesa,eescajeda,2011-05-28,searcher,4,0,float
e.41,2011,nome,11nome11wesaek05,wesa,ekwon,2011-05-28,searcher,4,2,float
e.03,2013,nome,13nome13wesa303,wesa,triecke,2013-05-31,searcher,4,,lay
e.05,2012,nome,12nome12wesadh02,wesa,dhodkinson,2012-05-29,searcher,4,,lay
e.01,2014,nome,14nomewesa202,wesa,sfranks,2014-05-25,searcher,4,,lay
e.64,2011,nome,11nome11wesawe04,wesa,wenglish,2011-05-27,searcher,4,0,float
e.63,2011,nome,11nome11wesate11,wesa,tesson,2011-05-31,searcher,4,1,float
e.48,2011,nome,11nome11wesamw06,wesa,mwilson,2011-05-27,searcher,4,0,float
e.15,2014,nome,14nomewesa303,wesa,eweiser,2014-05-29,searcher,4,2,float
e.18,2011,nome,11nome11wesaee25,wesa,eescajeda,2011-06-01,searcher,4,8,float
e.19,2011,nome,11nome11sesaee26,sesa,eescajeda,2011-06-01,searcher,4,7,float
e.47,2011,nome,11nome11sesamw05,sesa,mwilson,2011-05-27,searcher,4,4,float
e.16,2011,nome,11nome11wesaee20,wesa,eescajeda,2011-05-30,searcher,4,7,float
c.30,2011,nome,11nome11wesate07,wesa,tesson,2011-05-29,searcher,4,3,float
c.08,2013,nome,13nome13wesa007,wesa,dborden,2013-06-02,searcher,4,2,float
c.11,2011,nome,11nome11sesaee30,sesa,eescajeda,2011-06-02,searcher,4,7,float
c.12,2011,nome,11nome11wesaee31,wesa,eescajeda,2011-06-02,searcher,4,9,float
e.28,2012,nome,12nome12wesaek09,wesa,ekwon,2012-06-06,searcher,3,11,float
e.17,2013,nome,13nome13wesa213,wesa,sfranks,2013-06-04,searcher,4,5,float
e.12,2012,nome,12nome12wesasf08,wesa,sfranks,2012-06-01,searcher,4,,lay
c.13,2011,nome,11nome11sesaee32,sesa,eescajeda,2011-06-04,searcher,4,9,float
c.27,2013,nome,13nome13sesa330,sesa,triecke,2013-06-06,searcher,4,3,float
e.23,2014,nome,14nomesesa127,sesa,dhodkinson,2014-06-04,searcher,4,6,float
e.24,2011,nome,11nome11sesaee37,sesa,eescajeda,2011-06-04,searcher,4,3,float
e.35,2012,nome,12nome12sesawe29,sesa,wenglish,2012-06-10,searcher,4,7,float
e.36,2011,nome,11nome11sesaee62,sesa,eescajeda,2011-06-17,searcher,4,2,float
e.04,2014,nome,14nomewesa105,wesa,dhodkinson,2014-05-25,searcher,4,0,float
e.20,2011,nome,11nome11wesaee27,wesa,eescajeda,2011-06-01,searcher,4,10,float
e.07,2012,nome,12nome12wesadh04,wesa,dhodkinson,2012-05-29,searcher,4,,lay
e.60,2011,nome,11nome11sesate08,sesa,eescajeda,2011-05-31,searcher,4,0,float
e.56,2011,nome,11nome11wesasf03,wesa,sfranks,2011-05-24,searcher,4,,lay
w.08,2011,nome,11nome11wesaee39,wesa,eescajeda,2011-06-05,searcher,4,9,float
w.18,2012,nome,12nome12wesawe11,wesa,wenglish,2012-06-02,searcher,3,12,float
w.09,2011,nome,11nome11wesaee40,wesa,eescajeda,2011-06-06,searcher,4,11,float
e.42,2011,nome,11nome11wesaek08,sesa,ekwon,2011-05-31,searcher,4,,lay
w.25,2011,nome,11nome11wesamw26,wesa,mwilson,2011-06-05,searcher,4,12,float
c.45,2011,nome,11nome11sesawe21,sesa,wenglish,2011-06-05,searcher,4,8,float
c.14,2011,nome,11nome11sesaee44,sesa,eescajeda,2011-06-09,searcher,4,9,float
c.31,2014,nome,14nomesesa131,sesa,dhodkinson,2014-06-08,searcher,4,14,float
c.19,2013,nome,13nome13sesa322,sesa,triecke,2013-06-05,searcher,4,1,float
c.15,2012,nome,12nome12sesawe10,sesa,wenglish,2012-06-01,searcher,3,2,float
e.17,2011,nome,11nome11wesaee24,wesa,eescajeda,2011-06-01,searcher,3,,lay
e.15,2011,nome,11nome11wesaee19,wesa,eescajeda,2011-05-30,searcher,4,,lay
w.16,2011,nome,11nome11wesaek15,wesa,ekwon,2011-06-06,searcher,4,11,float
c.18,2013,nome,13nome13sesa321,sesa,triecke,2013-06-05,searcher,4,,lay
c.51,2014,nome,14nomesesa242,sesa,sfranks,2014-06-13,searcher,4,7,float
c.14,2012,nome,12nome12sesamh13,sesa,mharing,2012-06-01,searcher,3,5,float
e.28,2011,nome,11nome11wesaee43,wesa,eescajeda,2011-06-08,searcher,4,1,float
e.07,2013,nome,13nome13wesa103,wesa,ebkwon,2013-06-02,searcher,4,2,float
e.66,2011,nome,11nome11wesawe06,wesa,wenglish,2011-05-27,searcher,4,0,float
c.43,2011,nome,11nome11sesawe15,sesa,wenglish,2011-05-31,searcher,4,12,float
w.19,2012,nome,12nome12sesawe12,sesa,wenglish,2012-06-02,searcher,4,2,float
,2012,nome,12nome12rnphwe21,rnph,wenglish,2012-06-05,searcher,3,,lay
18,2010,nome,10nome10wesabs07,wesa,bschwarz,2010-05-30,searcher,4,2,float
w.22,2012,nome,12nome12wesamh23,wesa,mharing,2012-06-04,searcher,4,5,float
w.02,2013,nome,13nome13wesa002,wesa,dborden,2013-06-01,searcher,4,1,float
w.01,2011,nome,11nome11wesabk03,wesa,bsandercock,2011-05-28,searcher,4,0,float
19,2010,nome,10nome10wesanh07,wesa,nhentze,2010-05-30,searcher,4,,hatch
3,2010,nome,10nome10wesanh01,wesa,nhentze,2010-05-23,searcher,4,2,float
w.03,2012,nome,12nome12wesamh01,wesa,mharing,2012-05-29,searcher,4,,lay
e.11,2011,nome,11nome11wesaee15,wesa,eescajeda,2011-05-30,searcher,4,2,float
17,2010,nome,10nome10wesabs06,wesa,bschwarz,2010-05-29,searcher,3,2,float
31,2010,nome,10nome10wesanh09,wesa,nhentze,2010-06-03,searcher,3,14,float
w.32,2011,nome,11nome11sesate04,sesa,tesson,2011-05-27,searcher,4,2,float
8,2010,nome,10nome10wesanh04,wesa,nhentze,2010-05-29,searcher,4,4,float
c.42,2011,nome,11nome11wesawe14,wesa,wenglish,2011-05-31,searcher,4,9,float
58,2010,nome,10nome10sesanh06,sesa,nhentze,2010-06-10,searcher,4,11,float
c.23,2014,nome,14nomesesa306,sesa,eweiser,2014-06-02,searcher,4,,lay
c.42,2013,nome,13nome13sesa420,sesa,wenglish,2013-06-16,searcher,3,0,float
c.35,2011,nome,11nome11sesate17,sesa,tesson,2011-06-09,searcher,4,10,float
28,2010,nome,10nome10sesaij01,sesa,ijong,2010-06-01,searcher,4,0,float
26,2010,nome,10nome10sesabs03,sesa,bschwarz,2010-06-01,searcher,4,1,float
23,2010,nome,10nome10sesabs02,sesa,bschwarz,2010-06-01,searcher,4,1,float
c.34,2012,nome,12nome12sesamh44,sesa,mharing,2012-06-08,searcher,4,5,float
e.32,2012,nome,12nome12sesaek13,sesa,ekwon,2012-06-09,searcher,4,1,float
c.14,2013,nome,13nome13wesa317,wesa,triecke,2013-06-05,searcher,4,2,float
c.09,2014,nome,14nomewesa113,wesa,dhodkinson,2014-05-27,searcher,4,5,float
c.07,2012,nome,12nome12wesabks02,wesa,bksandercock,2012-05-30,searcher,4,0,float
39,2010,nome,10nome10wesaij05,wesa,ijong,2010-06-04,searcher,4,1,float
w.26,2012,nome,12nome12sesamh25,sesa,mharing,2012-06-05,searcher,4,4,float
70,2010,nome,10nome10sesabs09,sesa,bschwarz,2010-06-12,searcher,4,10,float
42,2010,nome,10nome10sesaij04,sesa,ijong,2010-06-05,searcher,4,0,float
44,2010,nome,10nome10wesaij06,wesa,ijong,2010-06-06,searcher,4,6,float
7,2010,nome,10nome10wesanh03,wesa,nhentze,2010-05-29,searcher,4,5,float
c.29,2011,nome,11nome11wesasf01,wesa,sfranks,2011-05-24,searcher,3,5,float
c.24,2014,nome,14nomewesa220,wesa,sfranks,2014-06-03,searcher,4,0,float
c.01,2013,nome,13nome13wesa304,wesa,triecke,2013-06-01,searcher,4,1,float
c.08,2012,nome,12nome12wesabks03,wesa,bksandercock,2012-05-30,searcher,4,1,float
12,2010,nome,10nome10wesanh06,wesa,nhentze,2010-05-30,searcher,4,6,float
89,2010,nome,10nome10sesats04,sesa,tstclair,2010-06-19,searcher,4,12,float
50,2010,nome,10nome10wesaij08,wesa,ijong,2010-06-08,searcher,4,7,float
65,2010,nome,10nome10wesaij10,wesa,ijong,2010-06-10,searcher,4,4,float
e.31,2012,nome,12nome12wesasf20,wesa,sfranks,2012-06-07,searcher,4,3,float
66,2010,nome,10nome10wesaij11,wesa,ijong,2010-06-10,searcher,4,6,float
90,2010,nome,10nome10sesanh09,sesa,nhentze,2010-06-20,searcher,3,,hatch
30,2010,nome,10nome10sesanh03,sesa,nhentze,2010-06-02,searcher,4,,hatch
e.65,2011,nome,11nome11sesawe05,sesa,wenglish,2011-05-27,searcher,4,,lay
33,2010,nome,10nome10sesaij03,sesa,ijong,2010-06-03,searcher,4,2,float
72,2010,nome,10nome10sesabs10,sesa,bschwarz,2010-06-13,searcher,4,,hatch
w.17,2012,nome,12nome12sesamh18,sesa,mharing,2012-06-03,searcher,4,,lay
86,2010,nome,10nome10wesabs13,wesa,bschwarz,2010-06-17,searcher,4,6,float
82,2010,nome,10nome10wesanh18,wesa,nhentze,2010-06-16,searcher,4,5,float
c.04,2011,nome,11nome11sesadl05,sesa,dlank,2011-06-05,searcher,4,14,float
c.51,2011,nome,11nome11sesawe32,sesa,wenglish,2011-06-13,searcher,3,0,float
c.03,2011,nome,11nome11wesadl04,wesa,dlank,2011-06-05,searcher,3,5,float
c.02,2012,nome,12nome12wesamh04,wesa,mharing,2012-05-29,searcher,3,,lay
c.50,2011,nome,11nome11sesawe31,sesa,wenglish,2011-06-12,searcher,3,1,float
e.34,2011,nome,11nome11wesaee52,wesa,eescajeda,2011-06-13,searcher,3,11,float
e.12,2013,nome,13nome13wesa208,wesa,sfranks,2013-06-02,searcher,4,,lay
e.06,2012,nome,12nome12wesadh03,wesa,dhodkinson,2012-05-29,searcher,3,,lay
e.32,2011,nome,11nome11sesaee50,sesa,eescajeda,2011-06-11,searcher,3,0,float
w.03,2011,nome,11nome11wesabk06,wesa,bsandercock,2011-06-06,searcher,4,0,float
c.34,2011,nome,11nome11wesate16,wesa,tesson,2011-06-09,searcher,3,,hatch
c.33,2011,nome,11nome11sesate15,sesa,tesson,2011-06-09,searcher,3,4,float
c.36,2011,nome,11nome11sesate22,sesa,tesson,2011-06-16,searcher,4,10,float
e.31,2011,nome,11nome11sesaee49,sesa,eescajeda,2011-06-11,searcher,3,,hatch
c.21,2012,nome,12nome12sesadh14,sesa,dhodkinson,2012-06-05,searcher,4,4,float
c.28,2014,nome,14nomesesa128,sesa,dhodkinson,2014-06-05,searcher,4,,lay
c.22,2013,nome,13nome13sesa325,sesa,triecke,2013-06-05,searcher,4,4,float
c.33,2012,nome,12nome12sesamh42,sesa,mharing,2012-06-08,searcher,4,1,float
c.02,2011,nome,11nome11sesadl03,sesa,dlank,2011-06-05,searcher,4,9,float
c.29,2012,nome,12nome12sesamh36,sesa,mharing,2012-06-07,searcher,5,0,float
5.08,2014,made,14madelb14sesa,sesa,lbachellier,2014-06-20,searcher,4,13,float
5.09,2014,made,14madelb15sesa,sesa,lbachellier,2014-06-20,searcher,4,13,float
1.11,2014,made,14madetk25sesa,sesa,tkydd,2014-06-25,searcher,4,12,float
4.1,2014,made,14madefs22sesa,sesa,fsmith,2014-06-20,searcher,4,0,float
5.12,2014,made,14madelb22sesa,sesa,lbachellier,2014-06-25,searcher,4,,hatch
4.14,2014,made,14madefs27sesa,sesa,fsmith,2014-06-21,searcher,4,10,float
5.11,2014,made,14madelb19sesa,sesa,lbachellier,2014-06-25,searcher,4,11,float
1.19,2014,made,14madetk41sesa,sesa,tkydd,2014-07-02,searcher,4,,hatch
c.44,2012,nome,12nome12sesasf35,sesa,sfranks,2012-06-16,searcher,4,7,float
e.62,2011,nome,11nome11wesate10,wesa,eescajeda,2011-05-31,searcher,4,,lay
e.22,2012,nome,12nome12sesawe15,sesa,wenglish,2012-06-04,searcher,4,1,float
w.35,2011,nome,11nome11wesate20,wesa,tesson,2011-06-11,searcher,4,11,float
w.26,2011,nome,11nome11wesamw28,wesa,mwilson,2011-06-06,searcher,4,12,float
w.25,2012,nome,12nome12wesamh24,wesa,mharing,2012-06-05,searcher,4,2,float
e.27,2012,nome,12nome12wesaek08,wesa,ekwon,2012-06-06,searcher,4,0,float
e.57,2011,nome,11nome11wesate01,wesa,tesson,2011-05-25,searcher,4,3,float
w.02,2011,nome,11nome11wesabk04,wesa,bsandercock,2011-05-28,searcher,4,0,float
w.31,2011,nome,11nome11wesasf05,wesa,sfranks,2011-05-25,searcher,4,1,float
c.30,2012,nome,12nome12wesadh19,wesa,dhodkinson,2012-06-07,searcher,3,8,float
w.13,2011,nome,11nome11wesaek02,wesa,ekwon,2011-05-27,searcher,4,,lay
w.14,2011,nome,11nome11wesaek03,wesa,ekwon,2011-05-27,searcher,4,3,float
e.50,2011,nome,11nome11sesamw10,sesa,mwilson,2011-05-29,searcher,4,,lay
c.41,2011,nome,11nome11wesawe13,wesa,wenglish,2011-05-30,searcher,4,0,float
e.30,2012,nome,12nome12wesasf19,wesa,sfranks,2012-06-07,searcher,4,2,float
e.12,2011,nome,11nome11sesaee16,sesa,eescajeda,2011-05-30,searcher,4,2,float
e.37,2011,nome,11nome11sesaee63,sesa,eescajeda,2011-06-17,searcher,4,8,float
w.21,2011,nome,11nome11sesamw07,sesa,mwilson,2011-05-28,searcher,3,1,float
w.22,2011,nome,11nome11sesamw11,sesa,mwilson,2011-05-30,searcher,4,2,float
c.10,2011,nome,11nome11sesaee29,sesa,eescajeda,2011-06-02,searcher,4,8,float
w.04,2011,nome,11nome11sesabk07,sesa,bsandercock,2011-06-06,searcher,4,5,float
w.21,2013,nome,13nome13sesa314,sesa,triecke,2013-06-04,searcher,4,,lay
w.24,2011,nome,11nome11wesamw25,wesa,mwilson,2011-06-05,searcher,4,2,float
w.34,2011,nome,11nome11wesate06,wesa,bsandercock,2011-05-28,searcher,4,,lay
w.05,2012,nome,12nome12wesabks01,wesa,bksandercock,2012-05-29,searcher,4,4,float
w.03,2013,nome,13nome13wesa003,wesa,dborden,2013-06-01,searcher,4,2,float
e.06,2011,nome,11nome11wesaee03,wesa,eescajeda,2011-05-25,searcher,2,,hatch
e.21,2011,nome,11nome11wesaee34,wesa,eescajeda,2011-06-04,searcher,4,10,float
e.19,2012,nome,12nome12wesawe18,wesa,wenglish,2012-06-05,searcher,4,,lay
c.10,2013,nome,13nome13wesa008,wesa,dborden,2013-06-02,searcher,4,,lay
c.46,2011,nome,11nome11wesawe22,wesa,wenglish,2011-06-06,searcher,4,9,float
c.19,2011,nome,11nome11wesaek09,wesa,bsandercock,2011-05-31,searcher,4,8,float
c.05,2011,nome,11nome11sesaee07,sesa,bsandercock,2011-05-27,searcher,4,0,float
c.27,2011,nome,11nome11sesamw22,sesa,mwilson,2011-06-02,searcher,4,6,float
w.10,2011,nome,11nome11sesaee46,sesa,eescajeda,2011-06-10,searcher,4,12,float
e.43,2011,nome,11nome11sesaek19,sesa,ekwon,2011-06-14,searcher,3,15,float
e.33,2011,nome,11nome11sesaee51,sesa,eescajeda,2011-06-13,searcher,4,12,float
w.38,2012,nome,12nome12sesasf27,sesa,sfranks,2012-06-12,searcher,4,4,float
w.09,2013,nome,13nome13sesa310,sesa,triecke,2013-06-02,searcher,4,,lay
,2012,nome,12nome12rnphmh61,rnph,mharing,2012-06-17,searcher,4,5,float
2.03,2012,barr,12barramgp601,amgp,mmcconnell,2012-06-04,searcher,4,0,float
5.01,2012,barr,12barramgp502,amgp,pherzog,2012-06-06,searcher,4,,lay
2.05,2012,barr,12barramgp402,amgp,bverheijen,2012-06-10,searcher,4,,lay
2.01,2012,barr,12barramgp600,amgp,mmcconnell,2012-06-04,searcher,4,0,float
5.16,2005,barr,05barramgp421,amgp,ashling,2005-06-28,single,4,1,float
2.12,2005,barr,05barramgp326,amgp,selvidge,2005-06-24,single,4,,lay
106,2010,cari,10carisesa106,sesa,skendall,2010-06-07,incidental,4,0,float
105,2010,cari,10carisesa105,sesa,skendall,2010-06-07,incidental,4,0,float
113,2013,cari,13cari113sesa,sesa,sfreeman,2013-06-17,incidental,4,-1,float
201,2010,cari,10carisesa201,sesa,sfreeman,2010-06-07,incidental,4,0,float
704,2011,cari,11cari704sesa,sesa,rchurchwell,2011-06-10,searcher,4,0,float
504,2010,cari,10carisesa504,sesa,ecorp,2010-06-09,incidental,4,0,float
518,2012,cari,12cari518sesa,sesa,lkoloski,2012-06-21,incidental,4,0,float
508,2010,cari,10carisesa508,sesa,ecorp,2010-06-13,incidental,4,0,float
809,2010,cari,10carisesa809,sesa,hcraig,2010-06-13,incidental,4,5,float
704,2010,cari,10carisesa704,sesa,cwoodworth,2010-06-14,incidental,4,2,float
812,2010,cari,10carisesa812,sesa,hcraig,2010-06-17,incidental,4,5,float
818,2010,cari,10carisesa818,sesa,hcraig,2010-06-19,incidental,4,11,float
218,2010,cari,10carisesa218,sesa,sfreeman,2010-06-17,incidental,4,8,float
609,2010,cari,10carisesa609,sesa,bharrington,2010-06-17,incidental,4,5,float
814,2010,cari,10carisesa814,sesa,hcraig,2010-06-17,incidental,4,14,float
414,2010,cari,10carisesa414,sesa,sbrown,2010-06-20,incidental,4,14,float
410,2010,cari,10carisesa410,sesa,sbrown,2010-06-18,incidental,4,8,float
614,2010,cari,10carisesa614,sesa,bharrington,2010-06-21,incidental,3,11,float
613,2010,cari,10carisesa613,sesa,bharrington,2010-06-21,incidental,4,13,float
605,2011,cari,11cari605sesa,sesa,rburner,2011-06-07,searcher,4,4,float
821,2010,cari,10carisesa821,sesa,hcraig,2010-06-22,incidental,4,5,float
,2011,eaba,11eabartm03,rutu,,2011-06-26,searcher,4,1,float
,2013,eaba,13eabarul03,rutu,,2013-07-05,searcher,4,12,float
1.21,2012,eaba,12eabarum03,rutu,mmccloskey,2012-07-05,searcher,4,16,float
,2011,eaba,11eabarth05,rutu,,2011-07-08,searcher,4,12,float
,2014,coat,14coatgpss02,amgp,sshulte,2014-06-19,searcher,4,7.9,float
,2014,coat,14coatgpss03,amgp,sshulte,2014-06-20,searcher,4,,float
2.33,2012,eaba,12eabaruk02,rutu,kward,2012-07-05,searcher,3,4,float
2.33,2012,eaba,12eabaruk03,rutu,kward,2012-07-05,searcher,4,9.5,float
11.07,2007,barr,07barramgp702,amgp,coutsoubos,2007-06-22,single,4,10,float
,2013,barr,13barramgp040,amgp,jcunningham,2013-06-06,bander,4,3,float
,2013,barr,13barramgp043,amgp,pherzog,2013-06-10,searcher,3,5,float
1.29,2006,barr,06barrlbdo458,lbdo,lebouard,2006-06-29,rope,4,3,float
1.28,2006,barr,06barrlbdo457,lbdo,lebouard,2006-06-29,rope,3,5,float
14.22,2006,barr,06barramgp240,amgp,lebouard,2006-06-20,single,4,,lay
2.02,2008,barr,08barramgp200,amgp,dpavlik,2008-06-07,single,4,1,float
5.24,2006,barr,06barramgp291,amgp,lebouard,2006-06-18,rope,3,12,float
4.22,2006,barr,06barramgp229,amgp,lebouard,2006-06-19,single,4,7,float
11.04,2006,barr,06barramgp288,amgp,lebouard,2006-06-27,rope,4,3,float
6.13,2007,barr,07barramgp124,amgp,rankin,2007-06-19,single,4,5,float
6.02,2008,barr,08barramgp103,amgp,phsu,2008-06-11,single,4,5,float
10.01,2009,barr,09barramgp900,amgp,ekistler,2009-06-07,single,4,0,float
6.01,2007,barr,07barramgp501,amgp,choi,2007-06-11,single,4,,lay
11.33,2008,barr,08barramgp152,amgp,phsu,2008-06-26,rope,4,5,float
3.14,2006,barr,06barrlbdo653,lbdo,lebouard,2006-07-10,single,4,5,float
3.12,2006,barr,06barrlbdo902,lbdo,trask,2006-07-12,bander,4,12,float
5.14,2006,barr,06barramgp259,amgp,lebouard,2006-06-25,rope,4,1,float
2.08,2008,barr,08barramgp205,amgp,dpavlik,2008-06-11,single,4,4,float
1.22,2008,barr,08barramgp350,amgp,ganx,2008-06-30,rope,4,15,float
1.09,2008,barr,08barramgp322,amgp,ganx,2008-06-19,single,4,,lay
2.12,2008,barr,08barramgp108,amgp,phsu,2008-06-13,single,4,,lay
8.16,2008,barr,08barramgp316,amgp,ganx,2008-06-18,single,4,,lay
1.04,2009,barr,09barramgp513,amgp,cgovernali,2009-06-11,single,4,,lay
3.05,2010,barr,10barramgp506,amgp,adoll,2010-06-16,bander,4,4,float
4.3,2009,barr,09barramgp560,amgp,cgovernali,2009-06-22,single,2,4,float
4.23,2011,barr,11barramgp525,amgp,pherzog,2011-06-20,searcher,4,5,float
,2013,barr,13barramgp094,amgp,rlanctot,2013-06-30,bander,4,0,float
17.45,2011,barr,11barramgp005,amgp,rlanctot,2011-06-25,bander,4,0,float
,2010,chur,10churdu14c,dunl,frousseu,2010-06-22,searcher,4,,
,2010,chur,10churdu01c,dunl,frousseu,2010-06-08,searcher,4,,
,2010,chur,10churdu02c,dunl,frousseu,2010-06-11,searcher,4,,
,2010,chur,10churdu01u,dunl,frousseu,2010-06-09,searcher,4,,
,2010,chur,10churdu04c,dunl,frousseu,2010-06-25,searcher,4,,
2.28,2011,chur,11chur11du28,dunl,lmckinnon,2011-06-28,searcher,4,,float
,2010,chur,10churdu06c,dunl,frousseu,2010-07-02,searcher,4,,
,2010,chur,10churdu09c,dunl,frousseu,2010-06-17,searcher,4,,
,2010,chur,10churdu02u,dunl,frousseu,2010-06-11,searcher,4,,
,2010,chur,10churdu07c,dunl,frousseu,2010-06-15,searcher,3,,
,2013,chur,13chur13du105,dunl,canderson,2013-06-11,searcher,4,0,float
,2010,chur,10churdu11c,dunl,frousseu,2010-06-19,searcher,4,,
,2010,chur,10churdu08c,dunl,frousseu,2010-06-15,searcher,3,,
,2012,chur,12chur12du19d,dunl,clahoda,2012-07-02,searcher,,,hatch
2.1,2011,chur,11chur11du10,dunl,clishman,2011-06-15,searcher,4,,float
,2014,chur,14chur14du103,dunl,gholmes,2014-06-11,searcher,3,3,float
2.31,2011,chur,11chur11du31,dunl,lmckinnon,2011-07-01,searcher,4,,hatch
,2010,chur,10churdu10c,dunl,frousseu,2010-06-18,searcher,4,,
,2010,chur,10churdu13c,dunl,frousseu,2010-06-22,searcher,4,,
2.03,2011,chur,11chur11du03,dunl,clishman,2011-06-12,searcher,4,,lay
,2010,chur,10churdu15c,dunl,frousseu,2010-06-23,searcher,4,,
2.3,2011,chur,11chur11du30,dunl,lmckinnon,2011-06-30,searcher,1,,float
,2010,chur,10churdu16c,dunl,frousseu,2010-06-23,searcher,4,,
2.04,2011,chur,11chur11du04,dunl,clishman,2011-06-12,searcher,4,,float
,2010,chur,10churdu17c,dunl,frousseu,2010-06-24,searcher,4,,
2.06,2011,chur,11chur11du06,dunl,clishman,2011-06-13,searcher,4,,float
,2010,chur,10churdu18c,dunl,frousseu,2010-06-13,searcher,4,,
,2014,chur,14chur14du03,dunl,lkoloski,2014-06-11,searcher,4,0,float
,2010,chur,10churdu04u,dunl,frousseu,2010-06-14,searcher,3,,
,2010,chur,10churdu06u,dunl,frousseu,2010-06-14,searcher,4,,
,2011,bylo,11byloamgpjo03,amgp,jotis,2011-06-20,incidental,4,4,float
,2011,bylo,11byloamgpjo02,amgp,jotis,2011-06-20,incidental,4,3,float
,2011,bylo,11byloamgpec15,amgp,echalifour,2011-07-10,incidental,4,,hatch
,2011,bylo,11byloamgpjl18,amgp,jflamarre,2011-07-11,incidental,4,,
,2011,bylo,11byloamgpec18,amgp,echalifour,2011-07-10,incidental,4,19,float
,2011,bylo,11byloamgpec04,amgp,echalifour,2011-07-01,transect,4,8,float
,2011,bylo,11byloamgpec19,amgp,echalifour,2011-07-12,incidental,4,,hatch
,2012,bylo,12byloamgper03,amgp,ereed,2012-07-12,incidental,4,,float
,2011,bylo,11byloamgppb01,amgp,pbouchard,2011-06-18,incidental,4,17,float
,2011,bylo,11byloamgpjl21,amgp,jflamarre,2011-07-16,incidental,4,17,float
,2012,bylo,12byloamgppr02,amgp,proyerboutin,2012-06-24,incidental,4,1,float
13.05,2009,barr,09barramgp906,amgp,ekistler,2009-06-09,single,4,6,float
4.03,2010,barr,10barramgp016,amgp,rlanctot,2010-06-28,bander,4,,lay
3.15,2010,barr,10barramgp304,amgp,abankert,2010-06-18,single,4,0,float
5.1,2009,barr,09barramgp770,amgp,fchevreux,2009-07-01,single,3,7,float
4.19,2008,barr,08barramgp265,amgp,dpavlik,2008-07-01,single,4,6,float
7.17,2010,barr,10barramgp120,amgp,bhill,2010-06-21,bander,4,5,float
3.67,2010,barr,10barramgp230,amgp,rdugan,2010-06-28,rope,4,2,float
,2012,chur,12chur12amgp03w,amgp,ajohnson,2012-06-19,searcher,4,,hatch
,2013,chur,13chur13amgp05w,amgp,ajohnson,2013-06-24,searcher,4,,
,2013,chur,13chur13amgp02d,amgp,lkoloski,2013-06-13,searcher,4,8,float
,2013,chur,13chur13amgp04d,amgp,cbrunner,2013-06-28,searcher,4,,hatch
8.02,2004,barr,04barrdunl201,dunl,selvidge,2004-06-11,single,4,0,float
8.05,2004,barr,04barrdunl202,dunl,selvidge,2004-06-14,single,4,0,float
8.09,2004,barr,04barrdunl212,dunl,selvidge,2004-06-17,rope,4,5,float
6.25,2005,barr,05barrdunl522,dunl,norwood,2005-06-23,bander,4,12,float
8.06,2004,barr,04barrdunl401,dunl,juillerat,2004-06-15,rope,4,4,float
1.03,2004,barr,04barrdunl307,dunl,norwood,2004-06-15,rope,4,8,float
18.09,2006,barr,06barrdunl704,dunl,naves,2006-06-14,single,4,3,float
10.15,2004,barr,04barrdunl318,dunl,norwood,2004-06-22,single,4,12,float
6.12,2004,barr,04barrdunl413,dunl,juillerat,2004-06-21,single,4,12,float
5.03,2005,barr,05barrdunl106,dunl,taylor,2005-06-15,single,4,,lay
9.05,2004,barr,04barrdunl036,dunl,lanctot,2004-07-04,bander,4,12,float
6.14,2005,barr,05barrdunl512,dunl,norwood,2005-06-19,rope,4,11,float
8.05,2007,barr,07barrdunl211,dunl,d.taylor,2007-06-13,single,4,2,float
4.15,2006,barr,06barrdunl318,dunl,fontaine,2006-06-16,single,4,7,float
2.05,2005,barr,05barrdunl306,dunl,selvidge,2005-06-16,single,4,0,float
3.14,2004,barr,04barrdunl406,dunl,juillerat,2004-06-16,rope,4,6,float
2.02,2005,barr,05barrdunl301,dunl,selvidge,2005-06-13,single,4,2,float
2.03,2005,barr,05barrdunl402,dunl,ashling,2005-06-14,single,4,2,float
14.27,2006,barr,06barrdunl344,dunl,fontaine,2006-06-21,single,4,3,float
10.02,2004,barr,04barrdunl106,dunl,taylor,2004-06-16,rope,4,,hatch
8.1,2005,barr,05barrdunl111,dunl,taylor,2005-06-16,single,4,5,float
10.05,2004,barr,04barrdunl207,dunl,selvidge,2004-06-17,rope,4,5,float
3.01,2004,barr,04barrdunl100,dunl,taylor,2004-06-11,single,4,2,float
6.03,2004,barr,04barrdunl308,dunl,norwood,2004-06-16,rope,4,4,float
5.01,2005,barr,05barrdunl100,dunl,taylor,2005-06-08,single,4,,lay
4.06,2005,barr,05barrdunl323,dunl,selvidge,2005-06-22,single,4,10,float
6.04,2006,barr,06barrdunl311,dunl,fontaine,2006-06-15,single,4,3,float
5.05,2007,barr,07barrdunl116,dunl,rankin,2007-06-16,single,4,4,float
6.02,2004,barr,04barrdunl304,dunl,norwood,2004-06-14,single,4,4,float
5.29,2012,barr,12barrdunl533,dunl,pherzog,2012-06-13,searcher,4,3,float
6.07,2008,barr,08barrdunl009,dunl,rlanctot,2008-06-13,bander,4,1,float
5.03,2004,barr,04barrdunl204,dunl,selvidge,2004-06-15,rope,4,0,float
6.01,2004,barr,04barrdunl303,dunl,norwood,2004-06-14,single,4,0,float
5.07,2005,barr,05barrdunl510,dunl,norwood,2005-06-17,single,4,1,float
10.07,2004,barr,04barrdunl209,dunl,selvidge,2004-06-17,rope,4,0,float
8.22,2005,barr,05barrdunl410,dunl,ashling,2005-06-19,rope,4,6,float
10.08,2004,barr,04barrdunl210,dunl,selvidge,2004-06-17,single,4,1,float
8.12,2005,barr,05barrdunl311,dunl,selvidge,2005-06-17,single,4,3,float
14.12,2006,barr,06barrdunl216,dunl,lebouard,2006-06-16,single,4,1,float
8.01,2007,barr,07barrdunl101,dunl,rankin,2007-06-11,single,4,0,float
13.09,2006,barr,06barrdunl748,dunl,naves,2006-06-25,bander,4,4,float
8.11,2004,barr,04barrdunl214,dunl,selvidge,2004-06-17,single,4,,lay
2.01,2005,barr,05barrdunl400,dunl,ashling,2005-06-09,single,4,,lay
12.01,2005,barr,05barrdunl000,dunl,lanctot,2005-06-11,single,4,3,float
12.05,2005,barr,05barrdunl600,dunl,thomas,2005-06-13,single,4,,float
12.06,2005,barr,05barrdunl004,dunl,lanctot,2005-06-13,single,4,6,float
12.07,2005,barr,05barrdunl601,dunl,thomas,2005-06-14,single,4,,float
8.24,2005,barr,05barrdunl319,dunl,selvidge,2005-06-20,rope,4,4,float
8.03,2005,barr,05barrdunl304,dunl,selvidge,2005-06-14,single,4,,lay
10.2,2007,barr,07barrdunl256,dunl,d.taylor,2007-06-29,rope,4,5,float
5.09,2005,barr,05barrdunl518,dunl,norwood,2005-06-20,rope,4,3,float
10.03,2005,barr,05barrdunl507,dunl,norwood,2005-06-16,single,4,1,float
10.01,2005,barr,05barrdunl500,dunl,norwood,2005-06-10,single,4,,lay
1.04,2005,barr,05barrdunl414,dunl,ashling,2005-06-25,rope,4,9,float
10.06,2005,barr,05barrdunl202,dunl,coutsoubos,2005-06-19,single,4,3,float
6.14,2007,barr,07barrdunl125,dunl,rankin,2007-06-19,single,4,4,float
12.13,2005,barr,05barrdunl603,dunl,thomas,2005-06-17,single,4,,float
1.07,2005,barr,05barrdunl415,dunl,ashling,2005-06-25,rope,4,4,float
2.22,2005,barr,05barrdunl527,dunl,norwood,2005-06-25,rope,4,10,float
1.03,2005,barr,05barrdunl606,dunl,thomas,2005-06-22,single,4,10,float
4.02,2005,barr,05barrdunl118,dunl,taylor,2005-06-20,rope,4,,hatch
12.12,2005,barr,05barrdunl104,dunl,taylor,2005-06-14,single,4,3,float
12.11,2005,barr,05barrdunl103,dunl,taylor,2005-06-14,single,4,6,float
12.1,2005,barr,05barrdunl102,dunl,taylor,2005-06-14,single,4,,float
2.14,2003,barr,03barrdunl508,dunl,lanctot,2003-06-15,bander,4,3,float
2.26,2005,barr,05barrdunl014,dunl,lanctot,2005-06-27,bander,4,18,float
,2013,iglo,13igloamgp003,amgp,nlecomte,2013-06-27,searcher,3,18,float
,2013,iglo,13igloamgp002,amgp,nlecomte,2013-06-26,searcher,4,12,float
,2013,iglo,13igloamgp044,amgp,nlecomte,2013-07-10,searcher,4,19,float
,2014,iglo,14igloamgp.14.001,amgp,mcfrenette,2014-06-27,searcher,4,9,float
,2014,iglo,14igloamgp.14.053,amgp,mtrottierpaquet,2014-06-28,searcher,4,11,float
,2014,iglo,14igloamgp.14.151,amgp,nlecomte,2014-06-25,searcher,4,9,float
,2014,iglo,14igloamgp.14.003,amgp,mcfrenette,2014-07-09,searcher,4,16,float
,2014,iglo,14igloamgp.14.052,amgp,mtrottierpaquet,2014-06-27,searcher,4,11,float
,2014,iglo,14igloamgp.14.154,amgp,nlecomte,2014-07-06,searcher,4,16,float
,2014,iglo,14igloamgp.14.055,amgp,mtrottierpaquet,2014-07-03,searcher,4,8,float
1.03,2012,barr,12barramgp524,amgp,pherzog,2012-06-12,searcher,4,,lay
14.11,2012,barr,12barramgp223,amgp,bhill,2012-06-20,bander,4,0,float
1.57,2012,barr,12barramgp256,amgp,pherzog,2012-06-26,searcher,4,7,float
13.25,2011,barr,11barrrutu410,rutu,abankert,2011-06-10,searcher,4,3,float
4.15,2011,barr,11barramgp515,amgp,pherzog,2011-06-16,searcher,4,11,float
4.05,2012,barr,12barramgp005,amgp,rlanctot,2012-06-29,bander,4,,lay
6.07,2012,barr,12barramgp227,amgp,bhill,2012-06-24,bander,4,,lay
3.29,2012,barr,12barramgp552,amgp,pherzog,2012-06-17,searcher,4,,lay
6.01,2011,barr,11barramgp255,amgp,bhill,2011-07-03,bander,4,5,float
9.29,2011,barr,11barramgp157,amgp,jcunningham,2011-06-22,searcher,4,,lay
5.03,2011,barr,11barramgp565,amgp,pherzog,2011-06-29,searcher,4,6,float
4.21,2011,barr,11barramgp220,amgp,bhill,2011-06-17,bander,4,0,float
12.15,2005,barr,05barrdunl605,dunl,thomas,2005-06-19,single,4,,float
3.15,2003,barr,03barrdunl207,dunl,burle,2003-06-26,single,4,,lay
5.2,2004,barr,04barrdunl025,dunl,lanctot,2004-06-26,bander,4,13,float
3.21,2003,barr,03barrdunl012,dunl,thomas,2003-07-02,bander,4,7,float
1.15,2003,barr,03barrdunl323,dunl,trask,2003-06-27,single,4,5,float
6.2,2004,barr,04barrdunl322,dunl,norwood,2004-06-23,single,4,14,float
5.04,2005,barr,05barrdunl107,dunl,taylor,2005-06-15,single,4,3,float
3.1,2003,barr,03barrdunl312,dunl,trask,2003-06-20,single,4,2,float
6.01,2008,barr,08barrdunl102,dunl,phsu,2008-06-11,single,4,1,float
3.12,2003,barr,03barrdunl104,dunl,denega,2003-06-24,single,4,,lay
1.03,2003,barr,03barrdunl306,dunl,trask,2003-06-16,single,4,6,float
1.01,2003,barr,03barrdunl300,dunl,trask,2003-06-10,single,4,0,float
1.05,2003,barr,03barrdunl305,dunl,trask,2003-06-16,single,4,2,float
1.07,2006,barr,06barrdunl234,dunl,lebouard,2006-06-19,single,4,4,float
1.16,2007,barr,07barrdunl536,dunl,choi,2007-06-26,rope,4,13,float
1.17,2008,barr,08barrdunl331,dunl,ganx,2008-06-23,single,4,4,float
3.05,2003,barr,03barrdunl507,dunl,lanctot,2003-06-14,bander,4,3,float
6.27,2004,barr,04barrdunl113,dunl,taylor,2004-06-25,bander,4,16,float
5.02,2005,barr,05barrdunl105,dunl,taylor,2005-06-15,single,4,2,float
3.02,2003,barr,03barrdunl101,dunl,denega,2003-06-09,single,4,0,float
3.04,2003,barr,03barrdunl201,dunl,burle,2003-06-11,single,4,3,float
2.1,2003,barr,03barrdunl202,dunl,burle,2003-06-13,bander,4,0,float
1.12,2003,barr,03barrdunl319,dunl,trask,2003-06-25,single,4,7,float
1.01,2004,barr,04barrdunl305,dunl,norwood,2004-06-15,rope,4,3,float
2.2,2003,barr,03barrdunl003,dunl,thomas,2003-06-19,single,4,,lay
3.22,2003,barr,03barrdunl013,dunl,lanctot,2003-07-02,bander,4,,hatch
1.152,2013,ikpi,13ikpi13amgp002,amgp,jliebezeit,2013-06-11,searcher,3,,
1.154,2013,ikpi,13ikpi13amgp004,amgp,epayne,2013-06-25,searcher,4,,
2.26,2003,barr,03barrsesa007,sesa,thomas,2003-06-27,single,4,13,float
10.27,2004,barr,04barrsesa250,sesa,selvidge,2004-07-02,single,4,,hatch
16.17,2006,barr,06barrsesa107,sesa,coutsoubos,2006-06-23,single,4,7,float
9.01,2004,barr,04barrsesa248,sesa,selvidge,2004-07-02,bander,3,,hatch
2.01,2003,barr,03barrsesa501,sesa,lanctot,2003-06-09,bander,4,0,float
2.03,2003,barr,03barrsesa503,sesa,lanctot,2003-06-11,bander,4,0,float
2.06,2003,barr,03barrsesa506,sesa,lanctot,2003-06-12,bander,4,,lay
2.02,2003,barr,03barrsesa502,sesa,lanctot,2003-06-11,bander,4,,lay
,2013,barr,13barramgp005,amgp,pherzog,2013-06-07,searcher,4,6,float
,2014,chur,14chur14amgp01,amgp,nmacdonald,2014-06-10,searcher,4,3,float
,2014,chur,14chur14amgp04d,amgp,gholmes,2014-06-24,searcher,4,3,float
,2014,chur,14chur14amgp04w,amgp,jperz,2014-07-07,searcher,4,,float
1.22,2012,chur,12chur12whim22,whim,lmckinnon,2012-06-18,searcher,3,,lay
,2014,barr,14barramgp138,amgp,ssheedy,2014-06-24,searcher,4,2,float
,2014,barr,14barrrutu052,rutu,asterling,2014-06-10,searcher,4,2,float
,2014,barr,14barramgp006,amgp,asterling,2014-06-13,searcher,4,0,float
,2014,barr,14barramgp435,amgp,jmarin,2014-07-03,rope,4,5,float
,2014,barr,14barramgp057,amgp,jmarin,2014-06-13,searcher,4,,lay
,2014,chur,14chur14du02,dunl,lkoloski,2014-06-10,searcher,4,0,float
,2014,chur,14chur14du08,dunl,lkoloski,2014-06-17,searcher,4,-1,float
,2014,chur,14chur14du09,dunl,lkoloski,2014-06-21,searcher,3,12,float
,2014,chur,14chur14du107,dunl,gholmes,2014-06-20,searcher,4,11,float
,2014,chur,14chur14du11,dunl,lkoloski,2014-06-28,searcher,2,10,float
6.17,2006,barr,06barrdunl004,dunl,lanctot,2006-06-21,bander,4,4,float
5.06,2007,barr,07barrdunl117,dunl,rankin,2007-06-16,single,4,5,float
4.04,2008,barr,08barrdunl110,dunl,phsu,2008-06-14,single,4,2,float
12.24,2006,barr,06barrdunl237,dunl,lebouard,2006-06-20,single,4,6,float
9.02,2006,barr,06barrdunl702,dunl,naves,2006-06-13,single,4,,lay
18.06,2006,barr,06barrdunl504,dunl,kboadway,2006-06-14,single,4,3,float
18.11,2006,barr,06barrdunl601,dunl,krueper,2006-06-17,single,4,4,float
18.16,2006,barr,06barrdunl508,dunl,boadways,2006-06-19,single,4,10,float
18.19,2006,barr,06barrdunl511,dunl,boadways,2006-06-20,single,4,4,float
18.13,2006,barr,06barrdunl402,dunl,boadways,2006-06-17,single,4,10,float
18.25,2006,barr,06barrdunl515,dunl,boadways,2006-06-22,single,4,,float
12.21,2006,barr,06barrdunl724,dunl,naves,2006-06-19,single,4,5,float
12.12,2006,barr,06barrdunl221,dunl,lebouard,2006-06-16,single,4,3,float
w.40,2012,nome,12nome12sesawe32,sesa,wenglish,2012-06-13,searcher,4,6,float
c.28,2013,nome,13nome13sesa331,sesa,triecke,2013-06-06,searcher,4,,lay
w.12,2013,nome,13nome13sesa313,sesa,triecke,2013-06-04,searcher,4,0,float
w.08,2013,nome,13nome13wesa309,wesa,triecke,2013-06-02,searcher,4,,lay
w.30,2014,nome,14nomewesa136,wesa,dhodkinson,2014-06-09,searcher,4,,lay
w.13,2014,nome,14nomewesa213,wesa,sfranks,2014-05-28,searcher,4,1,float
e.06,2013,nome,13nome13wesa307,wesa,triecke,2013-06-01,searcher,4,,lay
e.33,2013,nome,13nome13sesa112,sesa,ebkwon,2013-06-06,searcher,4,1,float
w.24,2013,nome,13nome13sesa223,sesa,sfranks,2013-06-06,searcher,4,3,float
w.22,2013,nome,13nome13wesa116,wesa,ebkwon,2013-06-10,searcher,4,6,float
e.47,2013,nome,13nome13sesa226,sesa,sfranks,2013-06-07,searcher,4,,lay
w.22,2014,nome,14nomesesa226,sesa,sfranks,2014-06-08,searcher,4,0,float
w.18,2013,nome,13nome13sesa017,sesa,dborden,2013-06-08,searcher,4,,lay
c.35,2013,nome,13nome13sesa228,sesa,sfranks,2013-06-08,searcher,4,4,float
c.15,2013,nome,13nome13wesa318,wesa,triecke,2013-06-05,searcher,4,3,float
c.33,2013,nome,13nome13sesa404,sesa,wenglish,2013-06-07,searcher,4,3,float
e.44,2013,nome,13nome13sesa020,sesa,dborden,2013-06-14,searcher,4,4,float
w.26,2013,nome,13nome13sesa345,sesa,triecke,2013-06-14,searcher,4,7,float
c.47,2013,nome,13nome13sesa126,sesa,ebkwon,2013-06-20,searcher,3,2,float
e.13,2013,nome,13nome13wesa209,wesa,sfranks,2013-06-02,searcher,4,2,float
e.20,2013,nome,13nome13sesa010,sesa,dborden,2013-06-04,searcher,4,1,float
w.24,2014,nome,14nomesesa228,sesa,sfranks,2014-06-08,searcher,4,,lay
w.28,2013,nome,13nome13sesa125,sesa,ebkwon,2013-06-18,searcher,4,,lay
c.29,2013,nome,13nome13sesa332,sesa,triecke,2013-06-06,searcher,4,,lay
e.16,2013,nome,13nome13wesa212,wesa,sfranks,2013-06-04,searcher,3,,lay
c.31,2013,nome,13nome13sesa111,sesa,ebkwon,2013-06-06,searcher,4,2,float
w.39,2014,nome,14nomewesa145,wesa,dhodkinson,2014-06-10,searcher,4,,lay
e.01,2013,nome,13nome13wesa301,wesa,triecke,2013-05-31,searcher,4,,lay
e.31,2013,nome,13nome13sesa014,sesa,dborden,2013-06-06,searcher,4,1,float
e.15,2013,nome,13nome13sesa211,sesa,sfranks,2013-06-02,searcher,4,0,float
c.38,2013,nome,13nome13wesa019,wesa,dborden,2013-06-12,searcher,4,1,float
c.32,2013,nome,13nome13wesa403,wesa,wenglish,2013-06-07,searcher,3,0,float
c.11,2013,nome,13nome13wesa105,wesa,ebkwon,2013-06-04,searcher,4,,lay
c.16,2013,nome,13nome13sesa319,sesa,triecke,2013-06-05,searcher,4,0,float
c.03,2013,nome,13nome13wesa202,wesa,sfranks,2013-06-01,searcher,4,,lay
c.25,2013,nome,13nome13sesa328,sesa,triecke,2013-06-06,searcher,4,1,float
c.26,2013,nome,13nome13sesa329,sesa,triecke,2013-06-06,searcher,4,2,float
e.24,2013,nome,13nome13sesa217,sesa,sfranks,2013-06-05,searcher,4,5,float
e.50,2013,nome,13nome13sesa129,sesa,ebkwon,2013-06-22,searcher,2,,
e.22,2013,nome,13nome13sesa012,sesa,dborden,2013-06-05,searcher,4,5,float
e.28,2013,nome,13nome13sesa220,sesa,sfranks,2013-06-05,searcher,4,,lay
c.21,2013,nome,13nome13sesa324,sesa,triecke,2013-06-05,searcher,4,2,float
c.43,2013,nome,13nome13sesa347,sesa,triecke,2013-06-16,searcher,4,,lay
e.48,2013,nome,13nome13sesa227,sesa,sfranks,2013-06-07,searcher,3,,lay
e.46,2013,nome,13nome13sesa123,sesa,ebkwon,2013-06-17,searcher,4,2,float
e.47,2014,nome,14nomesesa031,sesa,ekwon,2014-06-15,searcher,3,3,float
e.21,2014,nome,14nomesesa124,sesa,dhodkinson,2014-06-02,searcher,4,,lay
e.26,2014,nome,14nomesesa013,sesa,ekwon,2014-06-03,searcher,4,,lay
e.30,2014,nome,14nomesesa312,sesa,eweiser,2014-06-05,searcher,4,,lay
c.27,2014,nome,14nomesesa126,sesa,dhodkinson,2014-06-04,searcher,4,2,float
c.17,2013,nome,13nome13sesa320,sesa,triecke,2013-06-05,searcher,4,,lay
e.45,2013,nome,13nome13sesa122,sesa,ebkwon,2013-06-16,searcher,4,,hatch
e.39,2014,nome,14nomesesa234,sesa,sfranks,2014-06-09,searcher,4,0,float
e.03,2014,nome,14nomewesa203,wesa,sfranks,2014-05-25,searcher,4,5,float
c.25,2014,nome,14nomesesa221,sesa,sfranks,2014-06-04,searcher,4,5,float
e.52,2014,nome,14nomewesa158,wesa,dhodkinson,2014-06-16,searcher,3,2,float
,2013,chur,13chur13du201,dunl,fsanders,2013-06-15,searcher,4,6,float
,2014,chur,14chur14du102,dunl,gholmes,2014-06-09,searcher,4,0,float
,2013,chur,13chur13du106,dunl,canderson,2013-06-14,searcher,4,,hatch
,2013,chur,13chur13du14,dunl,lkoloski,2013-06-16,searcher,4,0,float
,2014,chur,14chur14du101,dunl,gholmes,2014-06-08,searcher,3,1,float
,2013,chur,13chur13du203,dunl,fsanders,2013-06-16,searcher,2,2,float
,2014,chur,14chur14du104,dunl,gholmes,2014-06-16,searcher,4,0,float
,2013,chur,13chur13du205,dunl,fsanders,2013-06-18,searcher,4,0,float
,2013,chur,13chur13du208,dunl,fsanders,2013-06-20,searcher,3,6,float
,2013,chur,13chur13du107,dunl,canderson,2013-06-15,searcher,4,9,float
,2014,chur,14chur14du12,dunl,lkoloski,2014-07-02,searcher,3,12,float
,2013,chur,13chur13du202,dunl,fsanders,2013-06-15,searcher,4,0,float
,2014,chur,14chur14dunl02l,dunl,tmankis,2014-06-17,searcher,3,3,float
,2013,chur,13chur13du08,dunl,ajohnson,2013-06-09,searcher,4,0,float
,2013,chur,13chur13du12,dunl,lkoloski,2013-06-12,searcher,4,0,float
,2013,chur,13chur13du15,dunl,lkoloski,2013-06-16,searcher,4,0,float
,2013,chur,13chur13du206,dunl,fsanders,2013-06-18,searcher,4,5,float
,2013,chur,13chur13du102,dunl,canderson,2013-06-10,searcher,4,0,float
,2013,chur,13chur13du10,dunl,lkoloski,2013-06-10,searcher,4,,lay
16.18,2006,barr,06barrsesa164,sesa,morgan,2006-06-24,single,4,10,float
11.01,2007,barr,07barrsesa600,sesa,brissette,2007-06-11,single,4,3,float
16.08,2006,barr,06barrsesa153,sesa,morgan,2006-06-17,single,4,2,float
17.02,2006,barr,06barrsesa161,sesa,morgan,2006-06-21,single,4,10,float
10.01,2008,barr,08barrsesa202,sesa,dpavlik,2008-06-10,single,4,,lay
16.15,2006,barr,06barrsesa160,sesa,morgan,2006-06-20,single,4,5,float
16.2,2006,barr,06barrsesa109,sesa,coutsoubos,2006-06-26,single,4,11,float
8.21,2005,barr,05barrsesa317,sesa,selvidge,2005-06-19,rope,4,6,float
6.04,2005,barr,05barrsesa302,sesa,selvidge,2005-06-14,single,4,0,float
8.16,2007,barr,07barrsesa520,sesa,choi,2007-06-20,single,4,10,float
6.23,2005,barr,05barrbasa519,basa,norwood,2005-06-22,single,4,,lay
10.14,2005,barr,05barrsesa524,sesa,norwood,2005-06-23,single,4,8,float
10.08,2005,barr,05barrsesa204,sesa,coutsoubos,2005-06-21,single,4,11,float
10.05,2005,barr,05barrsesa509,sesa,norwood,2005-06-16,single,4,3,float
11.03,2005,barr,05barrsesa538,sesa,norwood,2005-07-02,bander,4,,
10.13,2005,barr,05barrsesa523,sesa,norwood,2005-06-23,single,4,5,float
2.07,2005,barr,05barrsesa604,sesa,thomas,2005-06-19,single,4,6,float
5.07,2006,barr,06barrsesa249,sesa,lebouard,2006-06-22,single,4,8,float
4.03,2007,barr,07barrsesa002,sesa,lanctot,2007-06-26,rope,4,12,float
2.04,2005,barr,05barrsesa602,sesa,thomas,2005-06-15,single,4,1,float
6.03,2005,barr,05barrsesa504,sesa,norwood,2005-06-13,single,4,4,float
6.13,2005,barr,05barrsesa113,sesa,taylor,2005-06-19,rope,4,6,float
8.22,2007,barr,07barrsesa330,sesa,bhaase,2007-06-24,single,4,13,float
6.01,2005,barr,05barrsesa502,sesa,norwood,2005-06-13,single,4,0,float
2.1,2005,barr,05barrsesa609,sesa,thomas,2005-06-22,single,4,6,float
12.09,2005,barr,05barrsesa005,sesa,lanctot,2005-06-14,single,4,0,float
9.11,2005,barr,05barrsesa017,sesa,lanctot,2005-06-29,bander,4,17,float
6.11,2005,barr,05barrsesa310,sesa,selvidge,2005-06-17,single,4,4,float
6.22,2005,barr,05barrsesa516,sesa,norwood,2005-06-19,rope,4,5,float
7.35,2012,barr,12barrsesa517,sesa,pherzog,2012-06-11,searcher,4,4,float
13.35,2011,barr,11barrsesa115,sesa,jcunningham,2011-06-13,searcher,4,5,float
10.33,2011,barr,11barrsesa518,sesa,pherzog,2011-06-17,searcher,4,,lay
13.39,2011,barr,11barrsesa209,sesa,bhill,2011-06-13,bander,4,9,float
9.23,2011,barr,11barrsesa529,sesa,pherzog,2011-06-21,searcher,4,3,float
3.03,2012,barr,12barrsesa513,sesa,pherzog,2012-06-10,searcher,4,3,float
13.17,2011,barr,11barrsesa103,sesa,jcunningham,2011-06-09,searcher,3,10,float
13.09,2011,barr,11barrsesa403,sesa,abankert,2011-06-07,searcher,4,3,float
7.21,2012,barr,12barrsesa509,sesa,pherzog,2012-06-07,searcher,4,3,float
5.03,2012,barr,12barrsesa201,sesa,bhill,2012-06-07,bander,4,,lay
10.03,2011,barr,11barrsesa412,sesa,abankert,2011-06-13,searcher,4,,lay
8.29,2011,barr,11barrsesa241,sesa,bhill,2011-06-27,bander,4,8,float
11.31,2011,barr,11barrwesa554,wesa,pherzog,2011-06-24,searcher,4,2,float
7.49,2012,barr,12barrsesa207,sesa,bhill,2012-06-12,bander,4,3,float
13.23,2012,barr,12barrsesa427,sesa,bverheijen,2012-06-15,searcher,4,9,float
7.19,2012,barr,12barrsesa508,sesa,pherzog,2012-06-07,searcher,4,,lay
,2013,barr,13barrsesa088,sesa,vloverti,2013-06-13,bander,4,3,float
8.43,2012,barr,12barrwesa628,wesa,mmcconnell,2012-06-13,searcher,4,8,float
,2013,barr,13barrwesa214,wesa,kgrond,2013-06-25,bander,4,2,float
13.11,2012,barr,12barrsesa309,sesa,kgrond,2012-06-14,bander,4,12,float
,2013,barr,13barrsesa119,sesa,pherzog,2013-06-09,searcher,4,3,float
13.25,2012,barr,12barrsesa428,sesa,bverheijen,2012-06-15,searcher,4,,lay
24.19,2012,barr,12barrsesa464,sesa,bverheijen,2012-06-22,searcher,4,8,float
,2014,barr,14barrsesa016,sesa,ssheedy,2014-06-16,searcher,4,8,float
7.43,2012,barr,12barrsesa410,sesa,bverheijen,2012-06-12,searcher,4,2,float
7.47,2012,barr,12barrsesa412,sesa,bverheijen,2012-06-12,searcher,4,2,float
,2013,barr,13barrsesa124,sesa,pherzog,2013-06-12,searcher,4,3,float
24.57,2012,barr,12barrsesa267,sesa,pherzog,2012-06-28,rope,4,,hatch
24.17,2012,barr,12barrsesa463,sesa,bverheijen,2012-06-22,searcher,4,9,float
24.25,2012,barr,12barrwesa316,wesa,kgrond,2012-06-22,bander,4,,lay
13.45,2012,barr,12barrsesa556,sesa,pherzog,2012-06-18,searcher,4,11,float
c.17,2011,nome,11nome11wesaek06,wesa,ekwon,2011-05-29,searcher,4,,lay
e.61,2011,nome,11nome11wesate09,wesa,tesson,2011-05-31,searcher,4,8,float
e.20,2012,nome,12nome12wesasf13,wesa,sfranks,2012-06-05,searcher,4,10,float
e.05,2013,nome,13nome13wesa306,wesa,triecke,2013-06-01,searcher,4,1,float
e.33,2014,nome,14nomewesa017,wesa,ekwon,2014-06-05,searcher,4,2,float
e.55,2014,nome,14nomewesa050,wesa,ekwon,2014-06-18,searcher,3,4,float
,2009,nome,09nome09nome17,wesa,,2009-06-02,,4,,float
,2009,nome,09nome09nome30,wesa,,2009-06-07,,4,,float
57,2010,nome,10nome10wesanh12,wesa,nhentze,2010-06-10,searcher,4,11,float
e.37,2013,nome,13nome13wesa334,wesa,triecke,2013-06-07,searcher,4,6,float
e.04,2012,nome,12nome12wesawe01,wesa,wenglish,2012-05-29,searcher,4,,lay
,2009,nome,09nome09nome13,wesa,,2009-06-01,,4,,float
,2009,nome,09nome09nome24,sesa,,2009-06-05,,4,,float
w.33,2011,nome,11nome11wesate05,wesa,tesson,2011-05-27,searcher,4,2,float
w.05,2013,nome,13nome13wesa005,wesa,dborden,2013-06-01,searcher,4,,lay
,2009,nome,09nome09nome29,wesa,,2009-06-05,,4,,hatch
w.05,2014,nome,14nomewesa003,wesa,ekwon,2014-05-25,searcher,4,3,float
w.33,2012,nome,12nome12sesaek12,sesa,ekwon,2012-06-07,searcher,3,1,float
,2009,nome,09nome09nome26,wesa,,2009-06-05,,3,,hatch
46,2010,nome,10nome10wesaij07,wesa,ijong,2010-06-06,searcher,4,12,float
,2009,nome,09nome09nome4,wesa,,2009-05-30,,4,,hatch
,2009,nome,09nome09nome43,wesa,,2009-06-11,,4,,float
,2009,nome,09nome09nome21,wesa,,2009-06-04,,3,,
,2009,nome,09nome09nome20,wesa,,2009-06-04,,3,,
60,2010,nome,10nome10wesanh14,wesa,nhentze,2010-06-10,searcher,4,4,float
,2009,nome,09nome09nome34,wesa,,2009-06-07,,4,,float
,2009,nome,09nome09nome27,wesa,,2009-06-05,,4,,hatch
w.14,2013,nome,13nome13wesa107,wesa,ebkwon,2013-06-05,searcher,4,6,float
w.04,2014,nome,14nomewesa301,wesa,eweiser,2014-05-25,searcher,4,2,float
,2009,nome,09nome09nome44,wesa,,2009-06-12,,4,,hatch
2,2010,nome,10nome10wesabs02,wesa,bschwarz,2010-05-24,searcher,4,4,float
w.05,2011,nome,11nome11wesaee05,wesa,eescajeda,2011-05-27,searcher,4,2,float
,2009,nome,09nome09nome45,wesa,,2009-06-13,,4,,float
,2009,nome,09nome09nome10,wesa,,2009-05-31,,4,,float
,2009,nome,09nome09nome41,sesa,,2009-06-11,,4,,float
,2009,nome,09nome09nome42,wesa,,2009-06-11,,3,,hatch
e.39,2011,nome,11nome11sesaee75,sesa,eescajeda,2011-06-30,searcher,4,,hatch
,2009,nome,09nome09nome48,wesa,,2009-06-15,,3,,float
4.17,2011,cakr,11cakrsesa304,sesa,lpadegimas,2011-06-03,searcher,4,8,float
1.13,2012,cakr,12cakrsesa113,sesa,mvanderheyden,2012-06-10,searcher,4,,lay
3.06,2011,cakr,11cakrsesa105,sesa,mvanderheyden,2011-06-05,searcher,3,6,float
3.09,2011,cakr,11cakrsesa108,sesa,mvanderheyden,2011-06-05,searcher,4,5,float
1.27,2012,cakr,12cakrsesa307,sesa,svissault,2012-06-13,searcher,4,3,float
4.12,2011,cakr,11cakrsesa308,sesa,lpadegimas,2011-06-05,searcher,4,3,float
6.05,2011,cakr,11cakrsesa214,sesa,ssapora,2011-06-17,bander,3,14,float
5.06,2011,cakr,11cakrsesa314,sesa,lpadegimas,2011-06-12,searcher,3,12,float
4.09,2011,cakr,11cakrwesa104,wesa,mvanderheyden,2011-06-04,searcher,4,2,float
3.22,2012,cakr,12cakrwesa116,wesa,mvanderheyden,2012-06-11,searcher,3,5,float
1.18,2012,cakr,12cakrsesa227,sesa,edastous,2012-06-11,searcher,4,0,float
3.1,2011,cakr,11cakrsesa204,sesa,ssapora,2011-06-05,bander,3,5,float
3.37,2012,cakr,12cakrsesa311,sesa,svissault,2012-06-14,searcher,4,5,float
4.23,2011,cakr,11cakrsesa117,sesa,mvanderheyden,2011-06-17,searcher,4,0,float
3.16,2012,cakr,12cakrsesa216,sesa,edastous,2012-06-09,searcher,4,0,float
4.13,2011,cakr,11cakrsesa110,sesa,mvanderheyden,2011-06-07,searcher,4,3,float
4.14,2011,cakr,11cakrwesa110,wesa,mvanderheyden,2011-06-07,searcher,2,10,float
3.02,2012,cakr,12cakrsesa102,sesa,mvanderheyden,2012-06-06,searcher,4,,lay
3.29,2012,cakr,12cakrsesa411,sesa,rgates,2012-06-12,incidental,4,2,float
4.1,2011,cakr,11cakrsesa202,sesa,ssapora,2011-06-04,bander,4,,lay
5.05,2011,cakr,11cakrsesa113,sesa,mvanderheyden,2011-06-11,searcher,4,1,float
,2014,cakr,14cakrsesa123,sesa,jeschenroeder,2014-06-16,rope,4,5,float
3.2,2011,cakr,11cakrwesa413,wesa,rgates,2011-06-20,bander,2,8,float
7.02,2011,cakr,11cakrwesa416,wesa,rgates,2011-06-20,bander,4,,hatch
3.21,2011,cakr,11cakrsesa414,sesa,rgates,2011-06-20,bander,4,4,float
4.25,2011,cakr,11cakrwesa121,wesa,mvanderheyden,2011-06-25,searcher,3,1,float
7.03,2011,cakr,11cakrwesa119,wesa,mvanderheyden,2011-06-22,searcher,3,6,float
,2013,cakr,13cakrsesa066,sesa,rhunnewell,2013-06-07,searcher,4,3,float
,2014,cakr,14cakrsesa074,sesa,mboldenow,2014-06-10,searcher,4,,
4.11,2011,cakr,11cakrwesa307,wesa,ssapora,2011-06-04,bander,4,7,float
3.13,2012,cakr,12cakrwesa213,wesa,edastous,2012-06-08,searcher,4,,lay
,2013,cakr,13cakrwesa124,wesa,mboldenow,2013-06-19,searcher,3,2,float
,2013,cakr,13cakrsesa075,sesa,rhunnewell,2013-06-18,rope,4,2,float
4.06,2011,cakr,11cakrwesa100,wesa,mvanderheyden,2011-06-01,searcher,4,12,float
,2014,cakr,14cakrwesa004,wesa,mmcconnell,2014-05-27,searcher,4,3,float
3.03,2012,cakr,12cakrwesa104,wesa,mvanderheyden,2012-06-06,searcher,3,4,float
4.04,2011,cakr,11cakrsesa400,sesa,rgates,2011-06-01,bander,4,1,float
4.19,2011,cakr,11cakrsesa115,sesa,mvanderheyden,2011-06-12,searcher,4,11,float
3.16,2011,cakr,11cakrsesa404,sesa,rgates,2011-06-11,bander,4,3,float
1.19,2012,cakr,12cakrsesa228,sesa,edastous,2012-06-11,searcher,4,,lay
6.11,2011,cakr,11cakrsesa218,sesa,ssapora,2011-06-17,rope,3,12,float
6.07,2011,cakr,11cakrsesa215,sesa,ssapora,2011-06-17,bander,4,,hatch
6.13,2012,cakr,12cakrsesa237,sesa,edastous,2012-06-14,searcher,4,6,float
6.06,2011,cakr,11cakrsesa317,sesa,lpadegimas,2011-06-17,searcher,4,13,float
6.01,2011,cakr,11cakrsesa411,sesa,rgates,2011-06-17,bander,4,15,float
3.07,2011,cakr,11cakrsesa106,sesa,mvanderheyden,2011-06-05,searcher,3,,hatch
1.26,2012,cakr,12cakrsesa415,sesa,rgates,2012-06-12,incidental,4,1,float
3.08,2011,cakr,11cakrsesa107,sesa,mvanderheyden,2011-06-05,searcher,4,,lay
3.19,2011,cakr,11cakrsesa116,sesa,mvanderheyden,2011-06-15,searcher,4,11,float
,2013,cakr,13cakrsesa105,sesa,flin,2013-06-18,searcher,3,1,float
1.14,2012,cakr,12cakrsesa114,sesa,mvanderheyden,2012-06-10,searcher,4,,lay
6.05,2012,cakr,12cakrsesa303,sesa,svissault,2012-06-10,searcher,4,3,float
6.08,2011,cakr,11cakrsesa318,sesa,lpadegimas,2011-06-17,rope,3,4,float
3.36,2012,cakr,12cakrsesa310,sesa,svissault,2012-06-14,searcher,4,3,float
4.15,2011,cakr,11cakrsesa310,sesa,lpadegimas,2011-06-09,searcher,4,1,float
,2013,cakr,13cakrsesa104,sesa,flin,2013-06-17,searcher,4,2,float
6.04,2011,cakr,11cakrsesa213,sesa,ssapora,2011-06-17,bander,3,8,float
4.16,2011,cakr,11cakrsesa111,sesa,mvanderheyden,2011-06-09,searcher,4,2,float
3.05,2012,cakr,12cakrsesa203,sesa,edastous,2012-06-06,searcher,2,5,float
6.15,2011,cakr,11cakrsesa222,sesa,ssapora,2011-06-24,bander,4,,lay
3.39,2012,cakr,12cakrsesa128,sesa,mvanderheyden,2012-06-14,searcher,4,4,float
3.18,2012,cakr,12cakrsesa218,sesa,edastous,2012-06-09,searcher,4,,lay
3.12,2012,cakr,12cakrwesa406,wesa,rgates,2012-06-08,searcher,3,5,float
1.2,2012,cakr,12cakrsesa229,sesa,edastous,2012-06-11,searcher,4,3,float
,2013,cakr,13cakrsesa052,sesa,flin,2013-06-06,searcher,4,2,float
1.05,2012,cakr,12cakrsesa301,sesa,svissault,2012-06-07,searcher,4,,lay
,2013,cakr,13cakrwesa043,wesa,flin,2013-06-03,searcher,4,,lay
3.1,2012,cakr,12cakrsesa208,sesa,edastous,2012-06-07,searcher,3,2,float
,2013,cakr,13cakrsesa016,sesa,mboldenow,2013-06-12,searcher,3,12,float
3.38,2012,cakr,12cakrwesa312,wesa,svissault,2012-06-14,searcher,4,5,float
,2013,cakr,13cakrsesa087,sesa,flin,2013-06-13,searcher,3,5,float
5.07,2012,cakr,12cakrsesa247,sesa,edastous,2012-06-17,searcher,4,8,float
5.08,2012,cakr,12cakrsesa248,sesa,edastous,2012-06-17,searcher,3,7,float
3.11,2012,cakr,12cakrwesa209,wesa,edastous,2012-06-07,searcher,4,,lay
3.15,2012,cakr,12cakrwesa215,wesa,edastous,2012-06-09,searcher,4,,lay
3.17,2012,cakr,12cakrsesa217,sesa,edastous,2012-06-09,searcher,4,,lay
1.12,2012,cakr,12cakrsesa112,sesa,mvanderheyden,2012-06-10,searcher,4,,lay
1.11,2012,cakr,12cakrwesa111,wesa,mvanderheyden,2012-06-10,searcher,3,,lay
1.41,2012,cakr,12cakrsesa251,sesa,edastous,2012-06-20,rope,4,4,float
3.5,2012,cakr,12cakrwesa609,wesa,blewis,2012-06-20,incidental,3,3,float
1.4,2012,cakr,12cakrsesa607,sesa,blewis,2012-06-19,bander,4,9,float
1.29,2012,cakr,12cakrwesa309,wesa,svissault,2012-06-13,searcher,3,,lay
3.44,2012,cakr,12cakrsesa246,sesa,edastous,2012-06-16,searcher,4,4,float
,2013,cakr,13cakrwesa128,wesa,jkardiak,2013-06-20,searcher,4,5,float
,2013,cakr,13cakrwesa127,wesa,jkardiak,2013-06-20,searcher,3,3,float
6.23,2012,cakr,12cakrsesa612,sesa,blewis,2012-06-22,searcher,4,0,float
3.48,2012,cakr,12cakrwesa503,wesa,ataylor,2012-06-19,bander,3,,lay
3.49,2012,cakr,12cakrwesa608,wesa,blewis,2012-06-20,incidental,3,4,float
,2013,cakr,13cakrwesa053,wesa,flin,2013-06-07,searcher,4,3,float
3.51,2012,cakr,12cakrsesa610,sesa,blewis,2012-06-21,rope,3,4,float
,2013,cakr,13cakrsesa044,sesa,flin,2013-06-03,searcher,2,,lay
,2014,cakr,14cakrsesa106,sesa,jhughey,2014-06-12,searcher,3,2,float
,2013,cakr,13cakrsesa039,sesa,jkardiak,2013-06-10,searcher,4,,hatch
,2013,cakr,13cakrsesa099,sesa,jkardiak,2013-06-17,rope,3,,hatch
,2013,cakr,13cakrsesa098,sesa,jkardiak,2013-06-17,rope,3,0,float
,2013,cakr,13cakrwesa042,wesa,flin,2013-06-03,searcher,4,,lay
,2013,cakr,13cakrwesa013,wesa,mboldenow,2013-06-10,searcher,4,3,float
,2014,cakr,14cakrwesa024,wesa,jhughey,2014-05-30,searcher,4,1,float
,2013,cakr,13cakrwesa040,wesa,jkardiak,2013-06-10,searcher,4,3,float
,2013,cakr,13cakrwesa067,wesa,rhunnewell,2013-06-07,searcher,3,2,float
,2013,cakr,13cakrwesa063,wesa,rhunnewell,2013-06-07,searcher,3,,hatch
,2014,cakr,14cakrsesa011,sesa,mmcconnell,2014-06-02,searcher,4,1,float
,2013,cakr,13cakrwesa101,wesa,flin,2013-06-17,searcher,3,2,float
,2013,cakr,13cakrwesa096,wesa,jkardiak,2013-06-17,searcher,3,2,float
,2014,cakr,14cakrsesa089,sesa,mmcconnell,2014-06-09,searcher,3,0,float
,2014,cakr,14cakrsesa087,sesa,mmcconnell,2014-06-08,bander,4,,hatch
,2014,cakr,14cakrwesa005,wesa,mmcconnell,2014-05-28,searcher,3,5,float
,2014,cakr,14cakrwesa066,wesa,mboldenow,2014-05-30,searcher,4,2,float
,2013,cakr,13cakrsesa110,sesa,flin,2013-06-20,searcher,3,3,float
,2014,cakr,14cakrsesa050,sesa,jeschenroeder,2014-06-08,searcher,3,3,float
3.04,2012,cakr,12cakrwesa105,wesa,mvanderheyden,2012-06-06,searcher,4,,lay
3.07,2012,cakr,12cakrwesa205,wesa,edastous,2012-06-07,searcher,4,,lay
,2014,cakr,14cakrwesa071,wesa,mboldenow,2014-06-06,searcher,4,3,float
3.08,2012,cakr,12cakrwesa206,wesa,edastous,2012-06-07,searcher,3,,lay
3.4,2012,cakr,12cakrsesa500,sesa,ataylor,2012-06-15,searcher,4,5,float
3.41,2012,cakr,12cakrsesa501,sesa,ataylor,2012-06-15,searcher,4,6,float
3.19,2012,cakr,12cakrwesa222,wesa,edastous,2012-06-10,searcher,3,1,float
3.14,2012,cakr,12cakrwesa214,wesa,edastous,2012-06-09,searcher,3,2,float
1.17,2012,cakr,12cakrwesa226,wesa,edastous,2012-06-11,searcher,4,,lay
,2014,cakr,14cakrwesa065,wesa,mboldenow,2014-05-30,searcher,4,,hatch
1.38,2012,cakr,12cakrwesa315,wesa,svissault,2012-06-18,searcher,2,8,float
1.1,2012,cakr,12cakrsesa110,sesa,mvanderheyden,2012-06-10,searcher,4,,lay
6.26,2012,cakr,12cakrsesa317,sesa,svissault,2012-06-23,rope,4,12,float
3.24,2012,cakr,12cakrsesa118,sesa,mvanderheyden,2012-06-11,searcher,4,0,float
3.47,2012,cakr,12cakrwesa250,wesa,edastous,2012-06-18,searcher,3,,lay
3.46,2012,cakr,12cakrsesa314,sesa,svissault,2012-06-17,searcher,3,,lay
3.21,2012,cakr,12cakrwesa103,wesa,mvanderheyden,2012-06-10,searcher,4,,lay
3.3,2012,cakr,12cakrsesa231,sesa,edastous,2012-06-13,searcher,4,1,float
3.26,2012,cakr,12cakrsesa120,sesa,mvanderheyden,2012-06-11,searcher,4,0,float
,2014,cakr,14cakrsesa027,sesa,jhughey,2014-06-02,searcher,4,,hatch
3.23,2012,cakr,12cakrsesa117,sesa,mvanderheyden,2012-06-11,searcher,4,0,float
3.52,2012,cakr,12cakrwesa611,wesa,blewis,2012-06-21,rope,3,0,float
3.31,2012,cakr,12cakrwesa232,wesa,edastous,2012-06-13,searcher,4,,lay
3.32,2012,cakr,12cakrwesa233,wesa,edastous,2012-06-13,searcher,4,1,float
,2013,cakr,13cakrwesa131,wesa,jkardiak,2013-06-18,searcher,3,2,float
,2013,cakr,13cakrwesa111,wesa,tfarrugia,2013-06-17,searcher,3,8,float
,2013,cakr,13cakrwesa071,wesa,rhunnewell,2013-06-17,searcher,3,2,float
,2013,cakr,13cakrwesa079,wesa,rhunnewell,2013-06-21,searcher,4,2,float
,2013,cakr,13cakrwesa156,wesa,flin,2013-06-23,searcher,3,3,float
,2014,cakr,14cakrsesa046,sesa,jeschenroeder,2014-06-05,searcher,4,3,float
,2014,cakr,14cakrsesa021,sesa,mmcconnell,2014-06-05,searcher,4,4,float
,2014,cakr,14cakrsesa034,sesa,jhughey,2014-06-06,searcher,4,3,float
,2014,cakr,14cakrsesa070,sesa,mboldenow,2014-06-04,searcher,4,,
,2014,cakr,14cakrsesa051,sesa,jeschenroeder,2014-06-08,searcher,4,5,float
,2014,cakr,14cakrwesa061,wesa,mboldenow,2014-05-28,searcher,4,,
,2014,cakr,14cakrwesa068,wesa,mboldenow,2014-06-03,searcher,4,,
,2014,cakr,14cakrwesa010,wesa,mmcconnell,2014-06-01,searcher,3,,
,2014,cakr,14cakrwesa045,wesa,jeschenroeder,2014-06-04,searcher,4,,hatch
,2014,cakr,14cakrwesa031,wesa,jhughey,2014-06-05,searcher,4,1,float
,2014,cakr,14cakrwesa044,wesa,jeschenroeder,2014-06-04,searcher,4,2,float
,2014,cakr,14cakrsesa040,sesa,jhughey,2014-06-11,searcher,4,1,float
,2014,cakr,14cakrwesa029,wesa,jhughey,2014-06-04,searcher,4,,
,2014,barr,14barrsesa009,sesa,asterling,2014-06-13,searcher,4,0,float
,2014,barr,14barrwesa176,wesa,jcunningham,2014-06-16,bander,2,16,float
,2014,barr,14barrsesa035,sesa,jmarin,2014-06-22,searcher,4,13,float
,2014,barr,14barrsesa025,sesa,ssheedy,2014-06-19,searcher,4,15,float
,2014,barr,14barrsesa419,sesa,asterling,2014-07-02,rope,3,6,float
,2014,barr,14barrsesa813,sesa,vloverti,2014-06-13,searcher,4,10,float
,2014,barr,14barrsesa433,sesa,jmarin,2014-07-03,rope,2,3,float
,2014,barr,14barrsesa065,sesa,asterling,2014-06-16,searcher,4,7,float
,2014,barr,14barrsesa001,sesa,ssheedy,2014-06-11,searcher,4,,lay
,2013,barr,13barrsesa116,sesa,kgrond,2013-06-13,searcher,4,3,float
,2013,barr,13barrsesa211,sesa,kgrond,2013-06-20,bander,4,11,float
,2013,barr,13barrsesa126,sesa,pherzog,2013-06-12,searcher,4,,lay
,2013,barr,13barrsesa168,sesa,dkesler,2013-06-21,searcher,4,10,float
,2013,barr,13barrsesa295,sesa,pherzog,2013-06-23,searcher,4,7,float
14.09,2012,barr,12barrwesa457,wesa,bverheijen,2012-06-20,searcher,4,,lay
14.57,2012,barr,12barrwesa274,wesa,dsaalfeld,2012-06-28,rope,4,9,float
,2013,barr,13barrsesa103,sesa,jcunningham,2013-06-16,searcher,4,4,float
,2013,barr,13barrsesa001,sesa,pherzog,2013-06-06,searcher,3,0,float
,2014,barr,14barrsesa319,sesa,ssheedy,2014-06-29,rope,4,3,float
,2013,barr,13barrwesa047,wesa,pherzog,2013-06-10,searcher,4,3,float
,2013,barr,13barrsesa061,sesa,pherzog,2013-06-13,searcher,4,,lay
,2013,barr,13barrsesa062,sesa,lrensel,2013-06-14,searcher,4,3,float
,2014,barr,14barrsesa056,sesa,asterling,2014-06-12,searcher,4,0,float
,2013,barr,13barrsesa069,sesa,pherzog,2013-06-17,searcher,4,5,float
2.55,2012,barr,12barrsesa568,sesa,pherzog,2012-06-19,searcher,4,3,float
14.17,2012,barr,12barrsesa587,sesa,pherzog,2012-06-22,searcher,4,10,float
2.11,2012,barr,12barrsesa610,sesa,mmcconnell,2012-06-11,searcher,4,3,float
1.41,2012,barr,12barrsesa224,sesa,bhill,2012-06-22,bander,4,10,float
2.19,2012,barr,12barrsesa415,sesa,bverheijen,2012-06-13,searcher,4,2,float
2.07,2012,barr,12barrsesa403,sesa,bverheijen,2012-06-10,searcher,4,1,float
8.53,2012,barr,12barrsesa429,sesa,bverheijen,2012-06-15,searcher,4,11,float
,2013,barr,13barrsesa048,sesa,pherzog,2013-06-10,searcher,4,3,float
4.63,2011,barr,11barrsesa471,sesa,abankert,2011-06-28,rope,3,4,float
4.39,2011,barr,11barrwesa548,wesa,pherzog,2011-06-23,searcher,4,,lay
4.41,2011,barr,11barrsesa549,sesa,pherzog,2011-06-23,searcher,4,3,float
1.03,2011,barr,11barrsesa102,sesa,jcunningham,2011-06-07,searcher,4,2,float
1.09,2011,barr,11barrsesa116,sesa,jcunningham,2011-06-14,searcher,4,0,float
,2014,barr,14barrsesa037,sesa,jmarin,2014-06-22,searcher,4,7,float
,2013,barr,13barrsesa178,sesa,kgrond,2013-06-16,bander,4,2,float
16.25,2011,barr,11barrsesa304,sesa,jzamudio,2011-06-14,searcher,4,4,float
13.01,2011,barr,11barrsesa400,sesa,abankert,2011-06-02,searcher,4,0,float
13.19,2012,barr,12barrsesa425,sesa,bverheijen,2012-06-15,searcher,4,5,float
1.01,2011,barr,11barrsesa101,sesa,jcunningham,2011-06-07,searcher,4,1,float
16.09,2011,barr,11barrsesa406,sesa,abankert,2011-06-10,searcher,4,6,float
,2013,barr,13barrsesa072,sesa,pherzog,2013-06-17,searcher,4,11,float
,2014,barr,14barrsesa060,sesa,ssheedy,2014-06-15,searcher,4,2,float
,2014,barr,14barrsesa090,sesa,jmarin,2014-06-20,searcher,4,6,float
16.07,2011,barr,11barrsesa105,sesa,jcunningham,2011-06-09,searcher,4,7,float
9.45,2012,barr,12barrsesa660,sesa,mmcconnell,2012-06-20,searcher,4,14,float
,2014,barr,14barrsesa193,sesa,wenglish,2014-06-12,bander,4,0,float
8.31,2012,barr,12barrsesa408,sesa,bverheijen,2012-06-12,searcher,4,2,float
8.07,2012,barr,12barrsesa400,sesa,bverheijen,2012-06-08,searcher,4,0,float
8.15,2012,barr,12barrsesa606,sesa,mmcconnell,2012-06-10,searcher,4,0,float
9.41,2012,barr,12barrsesa658,sesa,mmcconnell,2012-06-20,searcher,4,10,float
,2013,barr,13barrsesa002,sesa,pherzog,2013-06-06,searcher,3,0,float
,2014,barr,14barrsesa070,sesa,jmarin,2014-06-17,searcher,4,8,float
15.47,2012,barr,12barrsesa688,sesa,mmcconnell,2012-06-27,rope,4,19,float
8.41,2012,barr,12barrsesa627,sesa,mmcconnell,2012-06-13,searcher,4,,lay
8.27,2012,barr,12barrsesa406,sesa,bverheijen,2012-06-12,searcher,4,,lay
9.25,2012,barr,12barrwesa565,wesa,pherzog,2012-06-18,searcher,4,8,float
,2013,barr,13barrsesa249,sesa,bkaselow,2013-06-21,searcher,4,11,float
,2013,barr,13barrwesa262,wesa,pherzog,2013-06-21,searcher,4,2,float
,2013,barr,13barrwesa288,wesa,bkaselow,2013-06-23,searcher,4,4,float
,2013,barr,13barrsesa054,sesa,pherzog,2013-06-13,searcher,4,,lay
,2014,barr,14barrsesa075,sesa,ssheedy,2014-06-18,searcher,4,14,float
5.65,2012,barr,12barrsesa459,sesa,bverheijen,2012-06-21,searcher,4,9,float
6.01,2012,barr,12barrwesa595,wesa,pherzog,2012-06-24,searcher,3,,lay
5.39,2012,barr,12barrsesa547,sesa,pherzog,2012-06-17,searcher,3,0,float
3.77,2012,barr,12barrsesa001,sesa,rlanctot,2012-06-26,bander,3,1,float
6.05,2012,barr,12barrwesa597,wesa,pherzog,2012-06-24,searcher,3,,lay
,2013,barr,13barrwesa263,wesa,pherzog,2013-06-21,searcher,4,4,float
,2013,barr,13barrsesa412,sesa,amould,2013-06-28,rope,4,11,float
,2013,barr,13barrwesa385,wesa,rlanctot,2013-06-27,bander,4,12,float
,2013,barr,13barrsesa090,sesa,rlanctot,2013-06-24,bander,4,11,float
,2014,barr,14barrsesa123,sesa,jmarin,2014-06-19,searcher,4,5,float
,2013,barr,13barrsesa361,sesa,amould,2013-06-29,bander,4,6,float
,2013,barr,13barrsesa187,sesa,vloverti,2013-06-14,bander,4,6,float
,2014,barr,14barrsesa019,sesa,asterling,2014-06-17,searcher,4,4,float
,2013,barr,13barrsesa177,sesa,kgrond,2013-06-16,bander,4,3,float
,2013,barr,13barrsesa084,sesa,vloverti,2013-06-13,bander,4,,lay
,2013,barr,13barrsesa185,sesa,vloverti,2013-06-13,bander,4,0,float
,2013,barr,13barrsesa191,sesa,vloverti,2013-06-14,bander,3,,
,2013,barr,13barrsesa186,sesa,vloverti,2013-06-14,bander,4,11,float
,2013,barr,13barrsesa086,sesa,vloverti,2013-06-13,bander,4,5,float
,2013,barr,13barrsesa070,sesa,pherzog,2013-06-17,searcher,4,8,float
,2013,barr,13barrwesa275,wesa,pherzog,2013-06-26,rope,3,3,float
,2014,barr,14barrsesa330,sesa,jmarin,2014-06-26,searcher,2,11,float
,2014,barr,14barrsesa121,sesa,asterling,2014-06-18,searcher,2,0,float
,2014,barr,14barrsesa125,sesa,jmarin,2014-06-19,searcher,4,3,float
,2014,barr,14barrsesa130,sesa,asterling,2014-06-22,searcher,4,3,float
,2013,barr,13barrsesa422,sesa,amould,2013-07-01,rope,4,11,float
,2013,barr,13barrwesa221,wesa,fstetler,2013-06-19,searcher,4,2,float
,2013,barr,13barrwesa220,wesa,fstetler,2013-06-19,searcher,4,2,float
,2014,barr,14barrsesa103,sesa,jmarin,2014-06-12,searcher,4,,lay
,2014,barr,14barrsesa053,sesa,asterling,2014-06-11,searcher,4,0,float
,2014,barr,14barrsesa116,sesa,ssheedy,2014-06-17,searcher,4,0,float
,2014,barr,14barrsesa107,sesa,asterling,2014-06-15,searcher,4,1,float
,2014,barr,14barrwesa181,wesa,jcunningham,2014-06-24,bander,4,2,float
,2014,barr,14barrsesa183,sesa,jcunningham,2014-06-26,bander,3,,lay
,2014,barr,14barrsesa045,sesa,jmarin,2014-06-25,searcher,4,15,float
,2011,made,11madelp-41-2011,sesa,lpirie,2011-06-23,searcher,4,,
1.6,2012,made,12madekb-17,sesa,kbeckmann,2012-06-15,searcher,4,,
,2013,barr,13barrdunl053,dunl,pherzog,2013-06-13,searcher,4,3,float
,2014,barr,14barrdunl032,dunl,ssheedy,2014-06-19,searcher,4,4,float
,2013,barr,13barrdunl015,dunl,pherzog,2013-06-14,searcher,4,,lay
,2013,barr,13barrdunl018,dunl,pherzog,2013-06-14,searcher,4,4,float
,2014,barr,14barrdunl012,dunl,ssheedy,2014-06-16,searcher,4,7,float
,2013,barr,13barrdunl372,dunl,rlanctot,2013-06-26,bander,4,5,float
,2014,barr,14barrdunl003,dunl,ssheedy,2014-06-12,searcher,4,0,float
6.03,2011,cakr,11cakrdunl209,dunl,ssapora,2011-06-08,bander,4,8,float
3.09,2012,cakr,12cakrdunl207,dunl,edastous,2012-06-07,searcher,4,0,float
5.03,2012,cakr,12cakrdunl220,dunl,edastous,2012-06-10,searcher,4,,lay
3.17,2011,cakr,11cakrdunl405,dunl,rgates,2011-06-11,bander,4,,lay
1.02,2012,cakr,12cakrdunl100,dunl,mvanderheyden,2012-06-03,searcher,4,0,float
4.02,2011,cakr,11cakrdunl302,dunl,lpadegimas,2011-06-02,searcher,4,1,float
,2014,cakr,14cakrdunl064,dunl,mboldenow,2014-05-30,searcher,4,,
4.08,2011,cakr,11cakrdunl103,dunl,mvanderheyden,2011-06-04,searcher,4,3,float
3.45,2012,cakr,12cakrdunl313,dunl,svissault,2012-06-17,searcher,4,2,float
,2013,cakr,13cakrdunl065,dunl,rhunnewell,2013-06-07,searcher,4,2,float
1.15,2012,cakr,12cakrdunl115,dunl,mvanderheyden,2012-06-10,searcher,4,,lay
3.04,2011,cakr,11cakrdunl305,dunl,lpadegimas,2011-06-03,searcher,4,,lay
,2013,cakr,13cakrdunl103,dunl,flin,2013-06-17,searcher,4,,hatch
,2014,cakr,14cakrdunl041,dunl,jeschenroeder,2014-05-28,searcher,4,2,float
,2013,cakr,13cakrdunl074,dunl,rhunnewell,2013-06-17,searcher,4,,lay
,2014,cakr,14cakrdunl069,dunl,mboldenow,2014-06-04,searcher,3,,
,2014,cakr,14cakrdunl113,dunl,jhughey,2014-06-16,rope,3,3,float
,2014,cakr,14cakrdunl017,dunl,mmcconnell,2014-06-04,searcher,4,2,float
,2014,cakr,14cakrdunl082,dunl,mmcconnell,2014-06-06,searcher,4,3,float
,2014,cakr,14cakrdunl013,dunl,mmcconnell,2014-06-02,searcher,4,2,float
,2014,cakr,14cakrdunl130,dunl,mboldenow,2014-06-28,rope,4,0,float
,2013,cakr,13cakrdunl107,dunl,flin,2013-06-19,rope,3,1,float
,2014,cakr,14cakrdunl103,dunl,jhughey,2014-06-12,searcher,3,4,float
3.02,2011,cakr,11cakrdunl102,dunl,mvanderheyden,2011-06-02,searcher,4,3,float
6.03,2012,cakr,12cakrdunl302,dunl,svissault,2012-06-10,searcher,4,1,float
4.24,2011,cakr,11cakrdunl417,dunl,rgates,2011-06-21,bander,4,0,float
1.23,2012,cakr,12cakrdunl121,dunl,mvanderheyden,2012-06-12,searcher,4,5,float
3.2,2012,cakr,12cakrdunl223,dunl,edastous,2012-06-10,searcher,4,0,float
,2014,cakr,14cakrdunl026,dunl,jhughey,2014-06-02,searcher,4,1,float
3.34,2012,cakr,12cakrdunl234,dunl,edastous,2012-06-13,searcher,4,0,float
1.16,2012,cakr,12cakrdunl225,dunl,edastous,2012-06-11,searcher,4,,lay
1.3,2012,cakr,12cakrdunl127,dunl,mvanderheyden,2012-06-14,searcher,4,0,float
,2013,cakr,13cakrdunl014,dunl,mboldenow,2013-06-10,searcher,4,2,float
,2014,cakr,14cakrdunl008,dunl,mmcconnell,2014-05-31,searcher,3,,
,2014,barr,14barrdunl240,dunl,wenglish,2014-06-30,bander,4,,hatch
641,2013,cari,13cari641dunl,dunl,idavies,2013-06-19,incidental,4,5,float
,2013,barr,13barrdunl020,dunl,pherzog,2013-06-14,searcher,4,3,float
,2013,barr,13barrdunl019,dunl,pherzog,2013-06-14,searcher,4,12,float
,2013,barr,13barrdunl203,dunl,pherzog,2013-06-19,searcher,4,12,float
,2013,barr,13barrdunl158,dunl,pherzog,2013-06-16,searcher,4,6,float
,2013,barr,13barrdunl138,dunl,bkaselow,2013-06-14,searcher,4,3,float
,2013,barr,13barrdunl154,dunl,pherzog,2013-06-16,searcher,4,5,float
1.03,2012,made,12madefs-01,sepl,fsmith,2012-06-09,searcher,3,11.5,float
1.04,2014,made,14madetk13sepl,sepl,tkydd,2014-06-15,searcher,4,,lay
3.04,2014,made,14madeca15sepl,sepl,canderson,2014-06-17,searcher,4,6,float
1.03,2013,made,13madekb06sepl,sepl,kbeckmann,2013-06-14,searcher,4,,lay
4.02,2014,made,14madefs04sepl,sepl,fsmith,2014-06-11,searcher,4,,lay
,2013,burn,13burnseplmp05,sepl,mpeck,2013-06-19,searcher,4,,
,2013,burn,13burndunlmp03,dunl,mpeck,2013-06-15,searcher,4,13,float
,2013,burn,13burnseplmb01,sepl,mburrell,2013-06-11,searcher,4,12,float
,2014,barr,14barrdunl373,dunl,asterling,2014-07-03,rope,4,8,float
,2014,barr,14barrdunl443,dunl,asterling,2014-07-10,bander,4,13,float
4.1,2005,barr,05barrdunl541,dunl,norwood,2005-07-12,bander,3,13,float
16.12,2006,barr,06barrdunl157,dunl,morgan,2006-06-17,single,4,4,float
17.01,2006,barr,06barrdunl106,dunl,coutsoubos,2006-06-20,single,4,6,float
17.03,2006,barr,06barrdunl162,dunl,morgan,2006-06-21,single,4,11,float
9.01,2006,barr,06barrdunl701,dunl,naves,2006-06-13,single,4,3,float
6.02,2006,barr,06barrdunl206,dunl,lebouard,2006-06-14,single,4,2,float
12.13,2006,barr,06barrsesa218,sesa,lebouard,2006-06-16,single,4,4,float
12.15,2006,barr,06barrdunl220,dunl,lebouard,2006-06-16,single,4,2,float
11.1,2007,barr,07barrdunl614,dunl,brissette,2007-06-24,single,4,11,float
12.03,2006,barr,06barrdunl205,dunl,lebouard,2006-06-13,single,4,2,float
8.03,2008,barr,08barrdunl903,dunl,abrissette,2008-06-11,bander,4,2,float
8.29,2007,barr,07barrdunl262,dunl,d.taylor,2007-07-02,bander,4,,hatch
9.39,2010,barr,10barrdunl332,dunl,abankert,2010-06-24,single,4,11,float
1.03,2006,barr,06barrdunl210,dunl,lebouard,2006-06-15,single,4,1,float
4.01,2008,barr,08barrdunl201,dunl,dpavlik,2008-06-09,single,4,2,float
7.39,2010,barr,10barrdunl010,dunl,rlanctot,2010-06-25,bander,4,11,float
4.18,2006,barr,06barrdunl718,dunl,naves,2006-06-17,single,4,3,float
4.04,2006,barr,06barrdunl302,dunl,fontaine,2006-06-13,single,4,,lay
12.04,2006,barr,06barrdunl304,dunl,fontaine,2006-06-14,single,4,3,float
6.07,2006,barr,06barrdunl226,dunl,lebouard,2006-06-17,single,4,0,float
6.08,2007,barr,07barrdunl217,dunl,d.taylor,2007-06-15,single,4,5,float
6.06,2008,barr,08barrdunl008,dunl,rlanctot,2008-06-13,bander,4,1,float
9.22,2006,barr,06barrdunl732,dunl,naves,2006-06-20,single,4,2,float
8.04,2007,barr,07barrdunl210,dunl,d.taylor,2007-06-13,single,4,2,float
14.04,2009,barr,09barrdunl951,dunl,ekistler,2009-06-25,rope,4,11,float
12.02,2006,barr,06barrdunl100,dunl,coutsoubos,2006-06-11,single,4,,lay
8.04,2006,barr,06barrdunl056,dunl,naves,2006-07-06,single,4,15,float
9.18,2006,barr,06barrdunl331,dunl,fontaine,2006-06-19,single,4,7,float
9.25,2006,barr,06barrdunl247,dunl,lebouard,2006-06-21,single,4,4,float
8.02,2006,barr,06barrdunl053,dunl,naves,2006-07-03,single,4,14,float
5.14,2007,barr,07barrdunl143,dunl,rankin,2007-06-26,rope,4,15,float
4.02,2008,barr,08barrdunl207,dunl,dpavlik,2008-06-12,single,4,2,float
,2011,bylo,11bylobbplec04,bbpl,echalifour,2011-07-12,incidental,4,19,float
,2011,bylo,11bylobbplec05,bbpl,echalifour,2011-07-17,incidental,4,,hatch
4.06,2006,barr,06barrdunl212,dunl,lebouard,2006-06-15,single,4,2,float
5.09,2011,barr,11barrdunl480,dunl,abankert,2011-07-01,rope,4,11,float
5.04,2006,barr,06barrdunl733,dunl,naves,2006-06-21,single,4,6,float
3.01,2007,barr,07barrdunl200,dunl,d.taylor,2007-06-11,single,4,1,float
4.09,2006,barr,06barrdunl215,dunl,lebouard,2006-06-15,single,4,2,float
7.07,2006,barr,06barrdunl643,dunl,fontaine,2006-06-30,rope,4,2,float
20.1,2009,barr,09barrdunl309a,dunl,nburrell,2009-06-11,single,4,2,float
22.26,2009,barr,09barrdunl309b,dunl,rgates,2009-06-21,single,4,2,float
9.07,2007,barr,07barrdunl108,dunl,rankin,2007-06-14,single,4,2,float
8.08,2007,barr,07barrdunl107,dunl,rankin,2007-06-14,single,4,3,float
9.15,2010,barr,10barrdunl611,dunl,myang,2010-06-19,single,4,7,float
8.05,2008,barr,08barrdunl905,dunl,abrissette,2008-06-11,bander,4,3,float
13.06,2009,barr,09barrdunl506,dunl,cgovernali,2009-06-10,single,4,1,float
22.15,2009,barr,09barrdunl060a,dunl,pmickelson,2009-06-16,rope,4,5,float
11.16,2007,barr,07barrdunl710,dunl,coutsoubos,2007-06-26,bander,4,13,float
12.11,2007,barr,07barrdunl705,dunl,coutsoubos,2007-06-23,bander,4,,hatch
9.13,2007,barr,07barrdunl509,dunl,choi,2007-06-15,single,4,3,float
11.04,2008,barr,08barrdunl136,dunl,phsu,2008-06-23,single,4,12,float
4.28,2008,barr,08barrdunl274,dunl,dpavlik,2008-07-01,rope,4,4,float
4.15,2008,barr,08barrdunl019,dunl,rlanctot,2008-06-27,bander,4,2,float
4.27,2008,barr,08barrdunl273,dunl,dpavlik,2008-07-01,rope,4,11,float
7.11,2008,barr,08barrdunl027,dunl,rlanctot,2008-07-03,bander,4,4,float
4.1,2008,barr,08barrdunl133,dunl,phsu,2008-06-22,single,4,2,float
6.23,2007,barr,07barrdunl000,dunl,lanctot,2007-06-23,bander,4,12,float
14.19,2010,barr,10barrdunl510,dunl,adoll,2010-06-18,single,4,2,float
20.15,2011,barr,11barrdunl604,dunl,adoll,2011-06-12,searcher,4,4,float
14.09,2010,barr,10barrdunl504,dunl,adoll,2010-06-15,single,4,3,float
14.35,2010,barr,10barrdunl518,dunl,adoll,2010-06-22,single,4,12,float
13.33,2010,barr,10barrdunl116,dunl,bhill,2010-06-18,single,4,1,float
14.37,2010,barr,10barrdunl521,dunl,adoll,2010-06-26,single,4,13,float
15.11,2010,barr,10barrdunl405,dunl,ehsu,2010-06-18,single,4,3,float
10.09,2011,barr,11barrdunl509,dunl,pherzog,2011-06-14,searcher,4,,
7.19,2010,barr,10barrdunl700,dunl,loring,2010-06-21,bander,4,2,float
11.23,2011,barr,11barrdunl438,dunl,abankert,2011-06-23,searcher,4,10,float
7.15,2010,barr,10barrdunl314,dunl,abankert,2010-06-19,single,4,4,float
14.25,2010,barr,10barrdunl513,dunl,adoll,2010-06-20,single,4,6,float
14.05,2010,barr,10barrdunl502,dunl,adoll,2010-06-15,single,4,2,float
,2013,chur,13chur13du11,dunl,lkoloski,2013-06-12,searcher,4,,lay
,2013,chur,13chur13du103,dunl,canderson,2013-06-11,searcher,4,2,float
,2012,chur,12chur12du04d,dunl,lmckinnon,2012-06-10,searcher,4,1,float
,2013,chur,13chur13du16,dunl,lkoloski,2013-06-18,searcher,4,8,float
,2014,chur,14chur14du05,dunl,lkoloski,2014-06-13,searcher,2,,lay
,2014,chur,14chur14dunl01w,dunl,jperz,2014-06-18,searcher,3,5,float
,2012,chur,12chur12du09d,dunl,lmckinnon,2012-06-16,searcher,4,15,float
,2012,chur,12chur12du14d,dunl,fsanders,2012-06-21,searcher,4,5,float
,2012,chur,12chur12du01w,dunl,jperz,2012-06-10,searcher,4,10,float
,2012,chur,12chur12du03w,dunl,ajohnson,2012-06-10,searcher,4,7,float
,2012,chur,12chur12du12d,dunl,lmckinnon,2012-06-19,searcher,4,6,float
,2013,chur,13chur13du05,dunl,lkoloski,2013-06-07,searcher,4,0,float
,2012,chur,12chur12du11d,dunl,lmckinnon,2012-06-18,searcher,3,17,float
,2013,chur,13chur13du207,dunl,fsanders,2013-06-19,searcher,4,0,float
,2014,chur,14chur14du105,dunl,gholmes,2014-06-16,searcher,4,8,float
,2014,chur,14chur14du01,dunl,lkoloski,2014-06-01,searcher,4,,lay
,2013,chur,13chur13du101,dunl,canderson,2013-06-08,searcher,4,0,float
,2013,chur,13chur13du04,dunl,lkoloski,2013-06-07,searcher,4,0,float
,2013,chur,13chur13du09,dunl,lkoloski,2013-06-10,searcher,4,3,float
,2013,chur,13chur13du03,dunl,lkoloski,2013-06-07,searcher,4,2,float
,2013,chur,13chur13du02,dunl,jperz,2013-06-06,searcher,4,7,float
,2013,chur,13chur13du06,dunl,canderson,2013-06-09,searcher,4,4,float
,2013,chur,13chur13du108,dunl,canderson,2013-06-15,searcher,4,6,float
,2013,chur,13chur13du109,dunl,canderson,2013-06-19,searcher,4,12,float
2.11,2011,chur,11chur11du11,dunl,enol,2011-06-16,searcher,4,,float
2.16,2011,chur,11chur11du16,dunl,lmckinnon,2011-06-19,searcher,4,,
2.01,2011,chur,11chur11du01,dunl,edastous,2011-06-10,searcher,4,,hatch
2.19,2011,chur,11chur11du19,dunl,lmckinnon,2011-06-20,searcher,4,,hatch
2.15,2011,chur,11chur11du15,dunl,clishman,2011-06-17,searcher,4,,float
2.18,2011,chur,11chur11du18,dunl,lmckinnon,2011-06-20,searcher,4,,hatch
,2012,chur,12chur12du02w,dunl,ajohnson,2012-06-11,searcher,4,18,float
,2013,chur,13chur13du07,dunl,lkoloski,2013-06-09,searcher,4,0,float
2.07,2011,chur,11chur11du07,dunl,Cornell,2011-06-13,searcher,4,,hatch
2.27,2011,chur,11chur11du27,dunl,Cornell,2011-06-27,searcher,4,,float
,2012,chur,12chur12du07d,dunl,lmckinnon,2012-06-12,searcher,4,0,float
2.24,2011,chur,11chur11du24,dunl,Cornell,2011-06-23,searcher,4,,hatch
2.21,2011,chur,11chur11du21,dunl,Cornell,2011-06-21,searcher,4,,hatch
13.31,2010,barr,10barrdunl115,dunl,bhill,2010-06-17,single,4,2,float
,2008,barr,08barrdunl406b,dunl,rgates,2008-06-22,single,4,6,float
,2008,barr,08barrdunl406a,dunl,rgates,2008-06-15,single,4,3,float
,2008,barr,08barrdunl804a,dunl,jaldabe,2008-06-12,single,4,1,float
,2008,barr,08barrdunl804b,dunl,jlamarre,2008-06-25,single,4,,lay
20.23,2011,barr,11barrdunl607,dunl,adoll,2011-06-15,bander,4,,
6.05,2008,barr,08barrdunl007,dunl,rlanctot,2008-06-13,bander,4,2,float
7.27,2010,barr,10barrdunl124,dunl,bhill,2010-06-23,bander,3,4,float
11.33,2011,barr,11barrdunl236,dunl,bhill,2011-06-24,bander,4,10,float
6.08,2008,barr,08barrdunl109,dunl,phsu,2008-06-14,single,4,3,float
2.14,2008,barr,08barrdunl214,dunl,dpavlik,2008-06-14,single,4,3,float
,2008,barr,08barrdunl714a,dunl,jlamarre,2008-06-14,single,4,,float
20.01,2009,barr,09barrdunl300a,dunl,nburrell,2009-06-08,single,4,2,float
,2008,barr,08barrdunl602a,dunl,bhill,2008-06-09,single,4,7,float
,2008,barr,08barrdunl602b,dunl,jlamarre,2008-06-30,single,4,2,float
,2008,barr,08barrdunl708b,dunl,rgates,2008-07-02,single,4,1,float
,2008,barr,08barrdunl710a,dunl,jlamarre,2008-06-12,single,4,2,float
,2008,barr,08barrdunl407a,dunl,rgates,2008-06-15,single,4,3,float
,2008,barr,08barrdunl505b,dunl,jlamarre,2008-06-26,single,4,2,float
20.03,2009,barr,09barrdunl302a,dunl,nburrell,2009-06-09,single,4,2,float
17.33,2011,barr,11barrdunl440,dunl,abankert,2011-06-24,searcher,4,13,float
8.47,2012,barr,12barrdunl535,dunl,pherzog,2012-06-14,searcher,4,5,float
,2013,barr,13barrdunl217,dunl,pherzog,2013-06-26,rope,4,,hatch
13.14,2009,barr,09barrdunl527,dunl,cgovernali,2009-06-13,single,4,1,float
5.03,2010,barr,10barrdunl311,dunl,abankert,2010-06-19,single,4,0,float
4.05,2009,barr,09barrdunl909,dunl,ekistler,2009-06-10,single,4,2,float
4.22,2009,barr,09barrdunl550,dunl,cgovernali,2009-06-18,single,4,17,float
4.43,2011,barr,11barrdunl321,dunl,jzamudio,2011-06-24,searcher,4,10,float
3.09,2010,barr,10barrdunl604,dunl,myang,2010-06-17,single,4,1,float
,2014,barr,14barrdunl029,dunl,ssheedy,2014-06-19,searcher,4,5,float
4.18,2009,barr,09barrdunl537,dunl,cgovernali,2009-06-14,single,4,0,float
1.05,2009,barr,09barrdunl918,dunl,ekistler,2009-06-13,single,4,3,float
4.13,2011,barr,11barrdunl514,dunl,pherzog,2011-06-16,searcher,4,11,float
1.05,2012,barr,12barrdunl525,dunl,pherzog,2012-06-12,searcher,4,4,float
3.03,2010,barr,10barrdunl303,dunl,abankert,2010-06-15,single,4,,lay
1.01,2009,barr,09barrdunl502,dunl,cgovernali,2009-06-07,single,4,,lay
1.11,2009,barr,09barrdunl548,dunl,cgovernali,2009-06-18,single,4,11,float
20.36,2009,barr,09barrdunl317b,dunl,nburrell,2009-06-26,single,4,0,float
1.19,2009,barr,09barrdunl583,dunl,cgovernali,2009-06-25,rope,4,,hatch
13.15,2010,barr,10barrdunl107,dunl,bhill,2010-06-15,single,4,,lay
15.07,2010,barr,10barrdunl403,dunl,ehsu,2010-06-16,single,4,,lay
5.26,2010,barr,10barrdunl354,dunl,abankert,2010-06-30,rope,4,12,float
4.11,2010,barr,10barrdunl642,dunl,myang,2010-07-06,single,4,,hatch
1.07,2010,barr,10barrdunl213,dunl,rdugan,2010-06-23,single,4,5,float
12.17,2010,barr,10barrdunl234,dunl,rdugan,2010-06-29,rope,4,2,float
16.45,2011,barr,11barrdunl614,dunl,adoll,2011-06-18,bander,4,5,float
5.06,2010,barr,10barrdunl121,dunl,bhill,2010-06-21,bander,4,6,float
3.29,2010,barr,10barrdunl338,dunl,abankert,2010-06-25,single,4,10,float
9.07,2011,barr,11barrdunl517,dunl,pherzog,2011-06-17,searcher,4,2,float
9.05,2011,barr,11barrdunl306,dunl,jzamudio,2011-06-16,searcher,4,,lay
7.41,2010,barr,10barrbasa011,basa,rlanctot,2010-06-25,bander,4,6,float
7.25,2010,barr,10barrdunl206,dunl,rdugan,2010-06-21,single,4,2,float
7.43,2010,barr,10barrdunl012,dunl,rlanctot,2010-06-26,bander,4,10,float
10.25,2011,barr,11barrdunl215,dunl,bhill,2011-06-16,bander,4,,
9.47,2011,barr,11barrdunl227,dunl,bhill,2011-06-22,bander,4,7,float
5.01,2010,barr,10barrdunl608,dunl,myang,2010-06-18,single,4,1,float
3.11,2012,barr,12barrdunl526,dunl,pherzog,2012-06-13,searcher,4,3,float
9.23,2010,barr,10barrdunl325,dunl,abankert,2010-06-21,single,4,3,float
13.55,2011,barr,11barrdunl221,dunl,bhill,2011-06-18,bander,4,0,float
16.15,2010,barr,10barrdunl361,dunl,abankert,2010-07-02,single,4,3,float
7.05,2010,barr,10barrdunl606,dunl,myang,2010-06-18,single,4,0,float
10.23,2011,barr,11barrdunl214,dunl,bhill,2011-06-16,bander,3,3,float
5.07,2012,barr,12barrdunl511,dunl,pherzog,2012-06-10,searcher,4,3,float
,2013,barr,13barrdunl089,dunl,rlanctot,2013-06-23,bander,4,11,float
5.16,2010,barr,10barrdunl329,dunl,abankert,2010-06-23,single,4,4,float
11.41,2010,barr,10barrdunl001,dunl,rlanctot,2010-06-22,bander,4,,lay
10.19,2011,barr,11barrdunl213,dunl,bhill,2011-06-15,bander,4,5,float
16.63,2011,barr,11barrdunl141,dunl,jcunningham,2011-06-20,searcher,4,2,float
16.55,2011,barr,11barrdunl002,dunl,rlanctot,2011-06-20,bander,4,0,float
16.19,2011,barr,11barrdunl111,dunl,jcunningham,2011-06-13,searcher,3,3,float
,2014,barr,14barrdunl094,dunl,ssheedy,2014-06-22,searcher,2,8,float
16.35,2011,barr,11barrdunl308,dunl,jzamudio,2011-06-17,searcher,4,13,float
,2013,barr,13barrdunl350,dunl,pherzog,2013-06-24,searcher,4,3,float
13.63,2011,barr,11barrdunl224,dunl,bhill,2011-06-19,bander,4,0,float
16.17,2011,barr,11barrdunl110,dunl,jcunningham,2011-06-13,searcher,3,5,float
8.29,2012,barr,12barrdunl407,dunl,bverheijen,2012-06-12,searcher,4,6,float
17.21,2011,barr,11barrdunl316,dunl,jzamudio,2011-06-22,bander,4,5,float
12.31,2010,barr,10barrdunl641,dunl,myang,2010-07-03,single,4,8,float
,2007,barr,07barrdunl907a,dunl,chiang,2007-06-13,single,4,3,float
,2007,barr,07barrdunl907b,dunl,rankin,2007-06-24,single,4,0,float
,2008,barr,08barrdunl700b,dunl,jlamarre,2008-06-27,single,4,2,float
21.05,2009,barr,09barrdunl604a,dunl,bhill,2009-06-09,single,4,2,float
,2008,barr,08barrdunl700a,dunl,jlamarre,2008-06-09,single,4,,lay
17.07,2009,barr,09barrdunl451,dunl,cgovernali,2009-06-29,single,4,,hatch
9.1,2007,barr,07barrdunl111,dunl,rankin,2007-06-14,single,4,2,float
8.23,2008,barr,08barrdunl123,dunl,phsu,2008-06-19,single,4,2,float
9.18,2007,barr,07barrdunl121,dunl,rankin,2007-06-18,single,4,5,float
11.31,2010,barr,10barrdunl515,dunl,adoll,2010-06-21,bander,4,5,float
10.19,2008,barr,08barrdunl114,dunl,phsu,2008-06-16,single,4,5,float
9.02,2007,barr,07barrdunl100,dunl,rankin,2007-06-11,single,4,3,float
,2007,barr,07barrdunl402a,dunl,gates,2007-06-12,single,4,3,float
,2007,barr,07barrdunl402b,dunl,rankin,2007-06-25,single,4,0,float
21.13,2009,barr,09barrdunl613a,dunl,bhill,2009-06-15,single,4,11,float
,2007,barr,07barrdunl60b,dunl,gates,2007-06-25,single,7,2,float
,2007,barr,07barrdunl300a,dunl,haase,2007-06-11,single,4,2,float
,2007,barr,07barrdunl316a,dunl,haase,2007-06-15,single,4,2,float
,2007,barr,07barrdunl401a,dunl,gates,2007-06-11,single,4,0,float
,2007,barr,07barrdunl401b,dunl,gates,2007-07-11,single,4,20,float
20.02,2009,barr,09barrdunl301a,dunl,nburrell,2009-06-09,single,4,2,float
20.37,2009,barr,09barrdunl301b,dunl,nburrell,2009-06-26,single,2,,lay
,2007,barr,07barrdunl311a,dunl,haase,2007-06-14,single,4,3,float
,2007,barr,07barrdunl311b,dunl,gates,2007-06-28,single,3,2,float
9.3,2007,barr,07barrsesa237,sesa,d.taylor,2007-06-22,single,4,8,float
16.16,2006,barr,06barrsesa163,sesa,morgan,2006-06-22,single,4,5,float
12.08,2007,barr,07barrsesa612,sesa,brissette,2007-06-20,single,3,11,float
11.21,2010,barr,10barrsesa318,sesa,abankert,2010-06-21,single,4,11,float
10.18,2008,barr,08barrsesa814,sesa,jaldabe,2008-06-14,bander,4,5,float
4.35,2009,barr,09barrsesa572,sesa,cgovernali,2009-06-24,rope,4,4,float
11.47,2010,barr,10barrsesa004,sesa,rlanctot,2010-06-22,bander,4,10,float
2.28,2008,barr,08barrsesa137,sesa,phsu,2008-06-24,single,4,7,float
4.07,2009,barr,09barrsesa514,sesa,cgovernali,2009-06-11,single,4,5,float
24.49,2012,barr,12barrsesa263,sesa,pherzog,2012-06-27,rope,4,10,float
9.05,2010,barr,10barrsesa200,sesa,rdugan,2010-06-15,single,4,0,float
9.03,2010,barr,10barrsesa301,sesa,abankert,2010-06-14,single,4,2,float
10.11,2010,barr,10barrwesa368,wesa,abankert,2010-07-06,single,1,12,float
4.09,2010,barr,10barrsesa051,sesa,cruiz,2010-07-06,bander,4,14,float
230,2010,cari,10carisesa230,sesa,sfreeman,2010-06-25,incidental,4,15,float
,2005,bylo,05bylobasang01,basa,ngruyer,2005-06-13,incidental,4,7,float
,2005,bylo,05bylobasamg01,basa,mgrahamsauve,2005-06-20,incidental,4,11,float
,2005,bylo,05bylobasabl02,basa,blaliberte,2005-06-17,systematic search,4,1,float
,2006,bylo,06bylobasalj01,basa,ljolicoeur,2006-06-08,systematic search,4,4,float
,2006,bylo,06bylobasalm13,basa,lmckinnon,2006-07-12,systematic search,4,,hatch
,2006,bylo,06bylobasalm06,basa,lmckinnon,2006-06-17,systematic search,4,2,float
,2006,bylo,06bylobasalj08,basa,ljolicoeur,2006-06-21,systematic search,4,4,float
,2007,bylo,07bylobasajb01,basa,jbety,2007-06-19,systematic search,4,,hatch
,2007,bylo,07bylobasalj01,basa,ljolicoeur,2007-06-17,systematic search,4,,lay
,2007,bylo,07bylobasamad2,basa,mdoiron,2007-06-28,incidental,4,5,float
,2009,bylo,09bylobasamd01,basa,mdoiron,2009-06-17,systematic search,4,4,float
,2007,bylo,07bylobasalj03,basa,ljolicoeur,2007-06-19,systematic search,4,,lay
,2008,bylo,08bylobasalm01,basa,lmckinnon,2008-06-24,systematic search,4,14,float
,2008,bylo,08bylobasaed01,basa,edastous,2008-06-12,systematic search,4,3,float
,2008,bylo,08bylobasamav01,basa,mavaliquette,2008-06-28,incidental,4,,
,2008,bylo,08bylobasamad01,basa,mdoiron,2008-06-20,incidental,4,14,float
,2008,bylo,08bylobasamc01,basa,mcmartin,2008-06-30,incidental,4,,hatch
,2007,bylo,07bylobasalj02,basa,ljolicoeur,2007-06-18,systematic search,4,,lay
9.14,2006,barr,06barrsesa603,sesa,krueper,2006-06-19,bander,4,4,float
9.09,2006,barr,06barrsesa222,sesa,lebouard,2006-06-17,single,4,,lay
11.09,2007,barr,07barrsesa613,sesa,brissette,2007-06-24,single,4,13,float
8.02,2007,barr,07barrsesa500,sesa,choi,2007-06-12,single,4,3,float
9.07,2006,barr,06barrsesa716,sesa,naves,2006-06-16,single,4,3,float
6.02,2007,barr,07barrsesa502,sesa,choi,2007-06-11,single,4,4,float
6.11,2007,barr,07barrsesa915,sesa,chiang,2007-06-19,bander,4,7,float
11.08,2007,barr,07barrsesa703,sesa,coutsoubos,2007-06-22,single,4,,lay
12.14,2006,barr,06barrsesa219,sesa,lebouard,2006-06-16,single,4,2,float
4.14,2006,barr,06barrsesa317,sesa,fontaine,2006-06-16,single,3,3,float
5.05,2006,barr,06barrsesa734,sesa,naves,2006-06-21,single,4,8,float
9.28,2006,barr,06barrsesa352,sesa,fontaine,2006-06-22,single,4,5,float
8.14,2007,barr,07barrsesa122,sesa,rankin,2007-06-18,single,4,10,float
4.24,2006,barr,06barrsesa231,sesa,lebouard,2006-06-19,single,4,4,float
12.17,2006,barr,06barrsesa321,sesa,fontaine,2006-06-17,single,4,,lay
4.25,2006,barr,06barrsesa339,sesa,fontaine,2006-06-20,single,4,8,float
4.11,2006,barr,06barrsesa314,sesa,fontaine,2006-06-16,single,4,3,float
4.21,2006,barr,06barrsesa228,sesa,lebouard,2006-06-19,single,3,9,float
3.03,2007,barr,07barrsesa202,sesa,d.taylor,2007-06-11,single,4,1,float
13.17,2009,barr,09barrsesa719,sesa,fchevreux,2009-06-14,single,4,10,float
13.31,2011,barr,11barrsesa503,sesa,pherzog,2011-06-12,searcher,4,3,float
8.13,2007,barr,07barrsesa221,sesa,d.taylor,2007-06-16,single,4,8,float
9.04,2007,barr,07barrsesa207,sesa,d.taylor,2007-06-13,single,4,4,float
6.15,2007,barr,07barrsesa126,sesa,rankin,2007-06-19,single,4,5,float
8.02,2008,barr,08barrsesa902,sesa,abrissette,2008-06-11,bander,4,3,float
4.1,2006,barr,06barrsesa313,sesa,fontaine,2006-06-16,single,4,3,float
9.01,2010,barr,10barrsesa300,sesa,abankert,2010-06-14,single,4,2,float
1.05,2010,barr,10barrwesa212,wesa,rdugan,2010-06-23,single,4,,lay
13.34,2009,barr,09barrsesa756,sesa,fchevreux,2009-06-26,rope,4,3,float
14.17,2009,barr,09barrsesa973,sesa,ekistler,2009-07-08,bander,3,12,float
10.03,2008,barr,08barrsesa105,sesa,phsu,2008-06-12,single,4,5,float
10.32,2008,barr,08barrsesa234,sesa,dpavlik,2008-06-20,single,4,11,float
11.09,2010,barr,10barrsesa308,sesa,abankert,2010-06-17,single,4,7,float
10.25,2008,barr,08barrsesa118,sesa,phsu,2008-06-19,single,4,12,float
16.17,2009,barr,09barrsesa531,sesa,cgovernali,2009-06-13,single,4,6,float
1.2,2010,cakr,10cakrwesa020,wesa,rgates,2010-06-21,searcher,4,-1,float
5.03,2011,cakr,11cakrsesa112,sesa,mvanderheyden,2011-06-11,searcher,3,8,float
11.14,2008,barr,08barrsesa143,sesa,phsu,2008-06-25,rope,4,12,float
6.24,2007,barr,07barrsesa530,sesa,choi,2007-06-24,single,4,14,float
9.02,2008,barr,08barrsesa156,sesa,phsu,2008-06-29,single,4,11,float
8.18,2008,barr,08barrsesa318,sesa,ganx,2008-06-18,single,3,2,float
11.13,2008,barr,08barrsesa017,sesa,rlanctot,2008-06-25,bander,4,2,float
8.28,2008,barr,08barrbasa909,basa,abrissette,2008-06-24,bander,4,,lay
13.07,2010,barr,10barrsesa103,sesa,bhill,2010-06-14,single,4,,
11.03,2007,barr,07barrsesa700,sesa,coutsoubos,2007-06-15,single,4,5,float
12.03,2007,barr,07barrsesa604,sesa,brissette,2007-06-15,single,4,3,float
13.02,2008,barr,08barrsesa901,sesa,abrissette,2008-06-11,bander,4,3,float
11.11,2007,barr,07barrsesa615,sesa,brissette,2007-06-24,single,4,,lay
10.07,2008,barr,08barrsesa210,sesa,dpavlik,2008-06-13,single,4,4,float
8.07,2008,barr,08barrsesa208,sesa,dpavlik,2008-06-13,single,4,3,float
9.25,2010,barr,10barrsesa209,sesa,rdugan,2010-06-22,single,4,1,float
24.15,2012,barr,12barrsesa462,sesa,bverheijen,2012-06-22,searcher,4,10,float
9.13,2010,barr,10barrsesa610,sesa,myang,2010-06-19,single,4,7,float
13.27,2011,barr,11barrsesa411,sesa,abankert,2011-06-10,searcher,4,8,float
8.04,2008,barr,08barrsesa904,sesa,abrissette,2008-06-11,bander,4,2,float
14.05,2009,barr,09barrsesa755,sesa,fchevreux,2009-06-25,rope,4,16,float
9.04,2008,barr,08barrwesa021,wesa,rlanctot,2008-06-30,bander,3,2,float
14.03,2009,barr,09barrsesa754,sesa,fchevreux,2009-06-25,rope,4,11,float
3.09,2007,barr,07barrsesa114,sesa,rankin,2007-06-15,single,3,6,float
1.12,2008,barr,08barrsesa125,sesa,phsu,2008-06-20,single,4,12,float
,2014,barr,14barrsesa203,sesa,wenglish,2014-06-17,bander,4,10,float
,2013,barr,13barrsesa189,sesa,vloverti,2013-06-14,bander,4,4,float
9.03,2007,barr,07barrsesa206,sesa,d.taylor,2007-06-13,single,4,7,float
9.19,2010,barr,10barrsesa323,sesa,abankert,2010-06-21,single,4,9,float
1.21,2009,barr,09barrsesa584,sesa,cgovernali,2009-06-25,rope,4,4,float
4.34,2009,barr,09barrsesa748,sesa,fchevreux,2009-06-23,single,4,3,float
4.39,2009,barr,09barrsesa576,sesa,cgovernali,2009-06-24,rope,3,0,float
2.32,2008,barr,08barrsesa820,sesa,jaldabe,2008-06-25,rope,4,11,float
9.07,2010,barr,10barrsesa306,sesa,abankert,2010-06-17,single,4,4,float
8.23,2007,barr,07barrsesa331,sesa,bhaase,2007-06-24,single,4,2,float
8.32,2008,barr,08barrsesa154,sesa,phsu,2008-06-27,single,4,14,float
13.05,2011,barr,11barrsesa401,sesa,abankert,2011-06-06,searcher,4,2,float
13.15,2009,barr,09barrsesa528,sesa,cgovernali,2009-06-13,single,4,11,float
8.26,2007,barr,07barrsesa332,sesa,bhaase,2007-06-25,rope,3,7,float
,2010,barr,10barrsesa150,sesa,bhill,2010-07-06,bander,,,
5.34,2010,barr,10barrsesa356,sesa,abankert,2010-07-01,rope,3,9,float
7.73,2010,barr,10barrsesa523,sesa,adoll,2010-06-30,bander,4,2,float
10.31,2011,barr,11barrsesa516,sesa,pherzog,2011-06-17,searcher,4,3,float
3.06,2007,barr,07barrsesa214,sesa,d.taylor,2007-06-14,single,4,3,float
3.15,2007,barr,07barrsesa227,sesa,d.taylor,2007-06-18,single,4,2,float
1.14,2009,barr,09barrsesa938,sesa,ekistler,2009-06-20,single,4,1,float
13.03,2008,barr,08barrsesa906,sesa,abrissette,2008-06-12,bander,4,3,float
10.09,2008,barr,08barrsesa053,sesa,jcoffey,2008-06-13,bander,4,1,float
17.02,2009,barr,09barrsesa751,sesa,fchevreux,2009-06-24,rope,4,14,float
2.15,2008,barr,08barrsesa055,sesa,jcoffey,2008-06-14,bander,4,0,float
4.15,2009,barr,09barrsesa920,sesa,ekistler,2009-06-13,single,4,4,float
3.47,2010,barr,10barrsesa226,sesa,rdugan,2010-06-27,rope,4,11,float
3.08,2008,barr,08barrwesa831,wesa,dpavlik,2008-06-26,rope,4,11,float
3.07,2008,barr,08barrwesa830,wesa,dpavlik,2008-06-26,rope,2,11,float
4.13,2009,barr,09barrsesa713,sesa,fchevreux,2009-06-12,single,4,3,float
4.23,2009,barr,09barrsesa551,sesa,cgovernali,2009-06-18,single,4,10,float
3.13,2010,barr,10barrsesa309,sesa,abankert,2010-06-18,single,4,2,float
1.17,2009,barr,09barrwesa749,wesa,fchevreux,2009-06-23,single,4,15,float
4.37,2009,barr,09barrsesa574,sesa,cgovernali,2009-06-24,rope,4,15,float
3.07,2010,barr,10barrsesa603,sesa,myang,2010-06-17,single,4,5,float
4.01,2011,barr,11barrsesa203,sesa,bhill,2011-06-09,bander,4,8,float
16.03,2011,barr,11barrsesa201,sesa,bhill,2011-06-05,bander,4,0,float
11.03,2010,barr,10barrsesa600,sesa,myang,2010-06-16,single,4,2,float
9.21,2010,barr,10barrsesa324,sesa,abankert,2010-06-21,single,4,9,float
11.15,2010,barr,10barrsesa315,sesa,abankert,2010-06-21,single,4,9,float
9.09,2010,barr,10barrsesa204,sesa,rdugan,2010-06-18,single,4,1,float
13.79,2011,barr,11barrsesa541,sesa,pherzog,2011-06-22,searcher,4,5,float
9.31,2010,barr,10barrsesa007,sesa,rlanctot,2010-06-23,bander,4,8,float
11.07,2008,barr,08barrsesa014,sesa,rlanctot,2008-06-23,bander,4,10,float
13.1,2009,barr,09barrsesa706,sesa,fchevreux,2009-06-11,single,4,3,float
9.27,2010,barr,10barrsesa006,sesa,rlanctot,2010-06-22,bander,4,10,float
1.03,2009,barr,09barrsesa512,sesa,cgovernali,2009-06-11,single,4,1,float
16.33,2009,barr,09barrsesa744,sesa,fchevreux,2009-06-22,single,4,14,float
1.01,2010,cakr,10cakrsesa001,sesa,rgates,2010-06-10,searcher,4,1,float
2.22,2010,cakr,10cakrwesa122,wesa,sbuckell,2010-06-23,rope,4,4,float
,2013,barr,13barrsesa190,sesa,vloverti,2013-06-14,bander,4,0,float
14.25,2011,barr,11barrwesa183,wesa,pherzog,2011-06-26,searcher,3,,
9.01,2012,barr,12barrsesa432,sesa,bverheijen,2012-06-15,searcher,4,4,float
16.29,2011,barr,11barrsesa511,sesa,pherzog,2011-06-15,searcher,4,3,float
13.61,2011,barr,11barrsesa223,sesa,bhill,2011-06-19,bander,4,9,float
13.49,2011,barr,11barrsesa123,sesa,jcunningham,2011-06-16,searcher,4,6,float
13.29,2011,barr,11barrsesa207,sesa,bhill,2011-06-11,bander,4,6,float
3.43,2010,barr,10barrwesa225,wesa,rdugan,2010-06-27,rope,3,0,float
10.41,2011,barr,11barrsesa138,sesa,jcunningham,2011-06-19,searcher,4,10,float
c.39,2011,nome,11nome11wesawe10,wesa,wenglish,2011-05-28,searcher,4,5,float
,2009,nome,09nome09nome12,wesa,,2009-06-01,,4,,float
29,2010,nome,10nome10wesanh08,wesa,nhentze,2010-06-02,searcher,4,12,float
,2008,nome,08nome08nome15,wesa,,2008-06-04,,4,,float
,2009,nome,09nome09nome11,wesa,,2009-06-01,,4,,hatch
,2009,nome,09nome09nome14,wesa,,2009-06-01,,4,,float
,2008,nome,08nome08nome16,wesa,,2008-06-04,,4,,float
,2008,nome,08nome08nome17,wesa,,2008-06-04,,4,,float
1,2010,nome,10nome10wesabs01,wesa,bschwarz,2010-05-23,searcher,4,4,float
w.40,2011,nome,11nome11wesawe07,wesa,wenglish,2011-05-28,searcher,4,4,float
,2009,nome,09nome09nome2,wesa,,2009-05-30,,4,,hatch
,2008,nome,08nome08nome21,wesa,,2008-06-05,,4,,float
,2008,nome,08nome08nome7,wesa,,2008-06-04,,4,,float
,2008,nome,08nome08nome9,wesa,,2008-06-04,,4,,float
e.58,2011,nome,11nome11wesate02,wesa,tesson,2011-05-25,searcher,4,0,float
,2008,nome,08nome08nome19,wesa,,2008-06-04,,4,,float
e.02,2011,nome,11nome11wesabk02,wesa,bsandercock,2011-05-23,searcher,4,,lay
6,2010,nome,10nome10wesabs04,wesa,bschwarz,2010-05-26,searcher,4,2,float
,2008,nome,08nome08nome24,wesa,,2008-06-06,,4,,float
e.33,2012,nome,12nome12wesaek14,wesa,ekwon,2012-06-09,searcher,4,15,float
,2008,nome,08nome08nome27,wesa,,2008-06-07,,3,,float
,2008,nome,08nome08nome1,wesa,,2008-06-03,,4,,float
,2008,nome,08nome08nome20,wesa,,2008-06-05,,3,,float
,2008,nome,08nome08nome23,wesa,,2008-06-05,,4,,float
,2008,nome,08nome08nome5,wesa,,2008-06-03,,3,,float
,2008,nome,08nome08nome31,wesa,,2008-06-07,,4,,float
,2008,nome,08nome08nome34,wesa,,2008-06-07,,4,,float
,2008,nome,08nome08nome13,wesa,,2008-06-04,,4,,float
,2008,nome,08nome08nome2,wesa,,2008-06-03,,2,,float
,2009,nome,09nome09nome19,wesa,,2009-06-03,,4,,float
,2008,nome,08nome08nome6,wesa,,2008-06-03,,4,,float
c.09,2012,nome,12nome12wesabks04,wesa,bksandercock,2012-05-30,searcher,4,2,float
e.09,2013,nome,13nome13wesa205,wesa,sfranks,2013-06-02,searcher,4,3,float
e.07,2011,nome,11nome11wesaee09,wesa,eescajeda,2011-05-28,searcher,4,3,float
9,2010,nome,10nome10wesanh05,wesa,nhentze,2010-05-29,searcher,4,2,float
,2009,nome,09nome09nome8,wesa,,2009-05-31,,4,,float
,2008,nome,08nome08nome12,wesa,,2008-06-04,,4,,float
5,2010,nome,10nome10wesabs03,wesa,bschwarz,2010-05-26,searcher,4,3,float
e.09,2011,nome,11nome11wesaee11,wesa,eescajeda,2011-05-28,searcher,4,4,float
,2009,nome,09nome09nome32,wesa,,2009-06-07,,4,,float
,2008,nome,08nome08nome36,wesa,,2008-06-07,,4,,float
,2009,nome,09nome09nome40,wesa,,2009-06-11,,4,,float
4.36,2009,barr,09barrsesa573,sesa,cgovernali,2009-06-24,rope,4,12,float
7.28,2009,barr,09barrwesa596,wesa,cgovernali,2009-06-28,single,2,11,float
13.19,2009,barr,09barrsesa927,sesa,ekistler,2009-06-16,single,4,1,float
13.57,2012,barr,12barrsesa447,sesa,bverheijen,2012-06-19,searcher,4,10,float
13.35,2009,barr,09barrsesa957,sesa,ekistler,2009-06-26,rope,4,11,float
7.03,2010,barr,10barrsesa202,sesa,rdugan,2010-06-17,single,4,2,float
3.11,2010,barr,10barrsesa605,sesa,myang,2010-06-17,single,4,2,float
11.49,2010,barr,10barrsesa005,sesa,rlanctot,2010-06-22,bander,4,9,float
12.19,2010,barr,10barrsesa235,sesa,rdugan,2010-06-29,rope,4,12,float
8.57,2012,barr,12barrsesa431,sesa,bverheijen,2012-06-15,searcher,4,8,float
,2010,barr,10barrsesa250,sesa,rdugan,2010-07-03,single,,,
10.24,2009,barr,09barrsesa570,sesa,cgovernali,2009-06-23,single,4,,lay
13.03,2010,barr,10barrsesa101,sesa,bhill,2010-06-14,single,4,3,float
11.05,2010,barr,10barrsesa601,sesa,myang,2010-06-16,single,4,3,float
3.23,2010,barr,10barrsesa620,sesa,myang,2010-06-24,single,4,12,float
9.33,2010,barr,10barrsesa008,sesa,rlanctot,2010-06-23,bander,4,9,float
7.37,2010,barr,10barrwesa125,wesa,bhill,2010-06-24,bander,4,,lay
16.69,2011,barr,11barrsesa144,sesa,jcunningham,2011-06-20,searcher,4,12,float
9.45,2010,barr,10barrwesa221,wesa,rdugan,2010-06-25,single,2,4,float
9.49,2010,barr,10barrwesa131,wesa,bhill,2010-06-27,bander,4,3,float
2.09,2010,cakr,10cakrsesa109,sesa,sbuckell,2010-06-27,searcher,4,2,float
1.12,2010,cakr,10cakrsesa012,sesa,rgates,2010-06-14,searcher,4,4,float
1.26,2010,cakr,10cakrwesa026,wesa,rgates,2010-06-22,searcher,3,6,float
1.19,2010,cakr,10cakrwesa019,wesa,rgates,2010-06-20,searcher,4,5,float
2.08,2010,cakr,10cakrsesa108,sesa,sbuckell,2010-06-14,rope,4,2,float
9.05,2007,barr,07barrdunl208,dunl,d.taylor,2007-06-13,single,4,0,float
3.12,2007,barr,07barrdunl224,dunl,d.taylor,2007-06-18,single,4,7,float
6.05,2007,barr,07barrdunl506,dunl,choi,2007-06-14,single,4,3,float
10.03,2007,barr,07barrdunl917,dunl,chiang,2007-06-23,single,4,14,float
12.01,2008,barr,08barrdunl346,dunl,ganx,2008-06-26,rope,2,,hatch
4.05,2007,barr,07barrdunl004,dunl,lanctot,2007-06-26,rope,4,13,float
3.1,2007,barr,07barrdunl115,dunl,rankin,2007-06-15,single,4,2,float
2.2,2008,barr,08barrdunl116,dunl,phsu,2008-06-17,single,4,6,float
,2008,barr,08barrdunl503b,dunl,jchoi,2008-06-20,single,4,4,float
,2008,barr,08barrdunl503a,dunl,jchoi,2008-06-07,single,4,1,float
8.1,2008,barr,08barrdunl060,dunl,jcoffey,2008-06-16,bander,4,7,float
1.11,2008,barr,08barrdunl124,dunl,phsu,2008-06-20,single,4,10,float
4.09,2009,barr,09barrdunl516,dunl,cgovernali,2009-06-11,single,5,4,float
4.53,2011,barr,11barrdunl620,dunl,adoll,2011-06-28,bander,4,,hatch
2.11,2008,barr,08barrdunl303,dunl,ganx,2008-06-12,single,4,3,float
13.21,2010,barr,10barrdunl110,dunl,bhill,2010-06-16,single,4,3,float
,2008,barr,08barrdunl408a,dunl,rgates,2008-06-16,single,4,3,float
,2007,barr,07barrdunl53a,dunl,ataylor,2007-06-11,single,3,10,float
,2007,barr,07barrdunl53b,dunl,gates,2007-06-26,single,2,3,float
,2008,barr,08barrdunl704a,dunl,jlamarre,2008-06-10,single,4,4,float
,2007,barr,07barrdunl909a,dunl,chiang,2007-06-14,single,4,4,float
,2007,barr,07barrdunl59a,dunl,ataylor,2007-06-15,single,4,5,float
,2007,barr,07barrdunl59b,dunl,gates,2007-06-26,single,4,0,float
,2007,barr,07barrdunl55a,dunl,ataylor,2007-06-12,single,4,2,float
,2007,barr,07barrdunl902a,dunl,chiang,2007-06-11,single,4,1,float
,2007,barr,07barrdunl902b,dunl,gates,2007-06-24,single,4,0,float
,2007,barr,07barrdunl908a,dunl,chiang,2007-06-13,single,4,6,float
,2007,barr,07barrdunl908b,dunl,gates,2007-06-27,single,4,7,float
,2007,barr,07barrdunl51a,dunl,ataylor,2007-06-08,single,4,,lay
,2007,barr,07barrdunl51b,dunl,gates,2007-07-06,single,4,2,float
,2007,barr,07barrdunl404a,dunl,gates,2007-06-12,single,4,2,float
,2007,barr,07barrdunl404b,dunl,gates,2007-06-28,single,3,5,float
,2007,barr,07barrdunl312a,dunl,haase,2007-06-15,single,4,5,float
,2007,barr,07barrdunl312b,dunl,gates,2007-07-02,single,4,11,float
,2007,barr,07barrdunl913a,dunl,chiang,2007-06-15,single,4,1,float
,2007,barr,07barrdunl913b,dunl,gates,2007-06-27,single,4,2,float
3.05,2007,barr,07barrdunl504,dunl,choi,2007-06-13,single,4,3,float
2.09,2008,barr,08barrdunl301,dunl,ganx,2008-06-12,single,4,2,float
3.08,2007,barr,07barrdunl113,dunl,rankin,2007-06-15,single,4,5,float
9.08,2007,barr,07barrdunl109,dunl,rankin,2007-06-14,single,4,3,float
,2007,barr,07barrdunl301a,dunl,haase,2007-06-12,single,4,2,float
,2007,barr,07barrdunl301b,dunl,gates,2007-06-26,single,4,0,float
5.02,2007,barr,07barrdunl204,dunl,d.taylor,2007-06-12,single,4,,lay
4.22,2008,barr,08barrdunl268,dunl,dpavlik,2008-07-01,rope,4,,hatch
6.06,2007,barr,07barrdunl507,dunl,choi,2007-06-14,single,4,3,float
1.07,2007,barr,07barrdunl325,dunl,haase,2007-06-22,single,4,14,float
3.21,2007,barr,07barrdunl130,dunl,rankin,2007-06-20,single,4,11,float
4.03,2009,barr,09barrdunl702,dunl,fchevreux,2009-06-09,single,4,2,float
5.01,2007,barr,07barrdunl203,dunl,d.taylor,2007-06-12,single,4,0,float
9.01,2011,barr,11barrdunl107,dunl,jcunningham,2011-06-12,searcher,4,2,float
,2013,barr,13barrdunl109,dunl,kgrond,2013-06-07,searcher,4,,lay
5.09,2007,barr,07barrdunl516,dunl,choi,2007-06-18,single,4,5,float
12.21,2011,barr,11barrdunl060,dunl,ssaalfeld,2011-06-29,rope,4,12,float
2.04,2008,barr,08barrdunl802,dunl,jaldabe,2008-06-10,bander,4,,lay
6.17,2007,barr,07barrdunl321,dunl,haase,2007-06-19,bander,4,,lay
7.06,2007,barr,07barrdunl152,dunl,rankin,2007-06-29,single,4,4,float
,2008,barr,08barrdunl705b,dunl,jlamarre,2008-06-25,single,4,4,float
,2008,barr,08barrdunl705a,dunl,jlamarre,2008-06-11,single,4,1,float
19.03,2009,barr,09barrdunl103a,dunl,syezerinac,2009-06-09,single,4,1,float
19.16,2009,barr,09barrdunl103b,dunl,nburrell,2009-06-28,single,4,,lay
,2008,barr,08barrdunl505a,dunl,jchoi,2008-06-10,single,4,,lay
,2008,barr,08barrdunl505c,dunl,jlamarre,2008-06-27,single,4,4,float
6.04,2008,barr,08barrdunl006,dunl,rlanctot,2008-06-13,bander,4,0,float
2.05,2008,barr,08barrdunl001,dunl,rlanctot,2008-06-10,bander,4,0,float
2.18,2008,barr,08barrdunl115,dunl,phsu,2008-06-17,single,4,5,float
,2008,barr,08barrdunl506a,dunl,jchoi,2008-06-11,single,4,0,float
,2008,barr,08barrdunl506b,dunl,rgates,2008-07-02,single,4,1,float
,2008,barr,08barrdunl504b,dunl,jlamarre,2008-07-03,single,3,1,float
,2008,barr,08barrdunl504a,dunl,jchoi,2008-06-09,single,4,,lay
,2008,barr,08barrdunl000b,dunl,rgates,2008-07-03,single,4,0,float
,2008,barr,08barrdunl000a,dunl,rlanctot,2008-06-09,single,4,,lay
,2008,barr,08barrdunl002a,dunl,rlanctot,2008-06-12,single,4,0,float
,2008,barr,08barrdunl715a,dunl,jlamarre,2008-06-18,single,4,6,float
2.31,2008,barr,08barrdunl140,dunl,phsu,2008-06-24,single,4,13,float
21.04,2009,barr,09barrdunl603a,dunl,bhill,2009-06-09,single,4,2,float
21.01,2009,barr,09barrdunl600a,dunl,bhill,2009-06-08,single,4,4,float
19.08,2009,barr,09barrdunl108a,dunl,syezerinac,2009-06-10,single,4,2,float
20.21,2009,barr,09barrdunl108b,dunl,nburrell,2009-06-18,single,4,,lay
21.08,2009,barr,09barrdunl607a,dunl,bhill,2009-06-10,single,4,3,float
20.28,2009,barr,09barrdunl607b,dunl,nburrell,2009-06-22,single,4,0,float
14.27,2010,barr,10barrdunl514,dunl,adoll,2010-06-20,single,4,4,float
20.2,2009,barr,09barrdunl319,dunl,nburrell,2009-06-18,single,3,4,float
22.32,2009,barr,09barrdunl600c,dunl,rgates,2009-07-04,single,4,17,float
19.17,2009,barr,09barrdunl330,dunl,nburrell,2009-06-28,single,4,5,float
19.22,2009,barr,09barrdunl600b,dunl,nburrell,2009-07-06,single,4,11,float
21.12,2009,barr,09barrdunl612a,dunl,bhill,2009-06-14,single,4,5,float
22.29,2009,barr,09barrdunl612b,dunl,rgates,2009-06-24,single,3,0,float
19.02,2009,barr,09barrdunl102a,dunl,syezerinac,2009-06-09,single,4,2,float
20.23,2009,barr,09barrdunl102b,dunl,nburrell,2009-06-20,single,3,,lay
21.02,2009,barr,09barrdunl601a,dunl,bhill,2009-06-08,single,4,,lay
4.29,2009,barr,09barrdunl559,dunl,cgovernali,2009-06-22,single,4,4,float
10.36,2009,barr,09barrdunl763,dunl,fchevreux,2009-06-29,single,4,2,float
21.14,2009,barr,09barrdunl614a,dunl,bhill,2009-06-16,single,4,7,float
21.03,2009,barr,09barrdunl602a,dunl,bhill,2009-06-08,single,4,2,float
20.14,2009,barr,09barrdunl313a,dunl,nburrell,2009-06-12,single,4,2,float
20.29,2009,barr,09barrdunl313b,dunl,nburrell,2009-06-23,single,4,,lay
,2008,barr,08barrdunl709b,dunl,jlamarre,2008-06-18,single,4,,lay
,2008,barr,08barrdunl711a,dunl,jlamarre,2008-06-12,single,4,4,float
,2008,barr,08barrdunl803a,dunl,jaldabe,2008-06-12,single,4,0,float
,2008,barr,08barrdunl803b,dunl,jlamarre,2008-06-25,single,4,2,float
,2008,barr,08barrdunl713b,dunl,jlamarre,2008-06-27,single,4,1,float
,2008,barr,08barrdunl713a,dunl,jlamarre,2008-06-14,single,4,2,float
,2008,barr,08barrdunl714b,dunl,jlamarre,2008-06-27,single,4,,lay
,2008,barr,08barrdunl701a,dunl,jlamarre,2008-06-09,single,4,1,float
,2008,barr,08barrdunl003a,dunl,rlanctot,2008-06-12,single,4,1,float
,2008,barr,08barrdunl712a,dunl,jlamarre,2008-06-12,single,4,2,float
,2008,barr,08barrdunl805a,dunl,jaldabe,2008-06-12,single,4,0,float
,2008,barr,08barrdunl004a,dunl,rlanctot,2008-06-12,single,4,0,float
16.13,2009,barr,09barrdunl915,dunl,ekistler,2009-06-12,single,4,5,float
17.17,2009,barr,09barrdunl915b,dunl,bhill,2009-07-02,single,4,,lay
11.25,2008,barr,08barrdunl341,dunl,ganx,2008-06-25,rope,4,13,float
1.18,2008,barr,08barrdunl141,dunl,phsu,2008-06-24,single,4,5,float
20.13,2009,barr,09barrdunl312a,dunl,nburrell,2009-06-12,single,4,3,float
22.01,2009,barr,09barrdunl100a,dunl,syezerinac,2009-06-07,single,4,,lay
13.35,2010,barr,10barrdunl117,dunl,bhill,2010-06-18,single,4,1,float
9.11,2010,barr,10barrdunl609,dunl,myang,2010-06-19,single,4,2,float
4.12,2008,barr,08barrdunl240,dunl,dpavlik,2008-06-23,single,4,0,float
10.01,2011,barr,11barrdunl108,dunl,jcunningham,2011-06-12,searcher,4,0,float
7.07,2010,barr,10barrdunl607,dunl,myang,2010-06-18,single,4,2,float
1.27,2008,barr,08barrdunl160,dunl,phsu,2008-06-30,single,4,12,float
,2008,barr,08barrdunl703b,dunl,jlamarre,2008-06-20,single,3,1,float
,2008,barr,08barrdunl703a,dunl,jlamarre,2008-06-10,single,4,2,float
,2008,barr,08barrdunl509b,dunl,jchoi,2008-06-20,single,4,,float
,2008,barr,08barrdunl509a,dunl,jchoi,2008-06-12,single,4,3,float
,2008,barr,08barrdunl600b,dunl,jlamarre,2008-06-24,single,4,5,float
,2008,barr,08barrdunl603b,dunl,jlamarre,2008-06-24,single,4,3,float
,2008,barr,08barrdunl800b,dunl,rgates,2008-06-22,single,4,1,float
22.27,2009,barr,09barrdunl300b,dunl,pmickelson,2009-06-22,single,4,5,float
8.29,2008,barr,08barrdunl907,dunl,abrissette,2008-06-24,bander,4,11,float
13.04,2009,barr,09barrdunl905,dunl,ekistler,2009-06-09,single,4,,lay
5.01,2009,barr,09barrdunl580,dunl,cgovernali,2009-06-25,rope,4,11,float
20.16,2009,barr,09barrdunl315a,dunl,nburrell,2009-06-13,single,4,2,float
10.37,2009,barr,09barrdunl762,dunl,fchevreux,2009-06-29,single,4,11,float
4.07,2008,barr,08barrdunl217,dunl,dpavlik,2008-06-16,single,4,2,float
4.08,2008,barr,08barrdunl231,dunl,dpavlik,2008-06-19,single,4,7,float
4.2,2008,barr,08barrdunl266,dunl,dpavlik,2008-07-01,rope,4,12,float
12.04,2008,barr,08barrdunl023,dunl,rlanctot,2008-06-30,bander,4,,hatch
5.12,2010,barr,10barrdunl615,dunl,myang,2010-06-22,single,4,5,float
14.03,2010,barr,10barrdunl501,dunl,adoll,2010-06-14,single,4,4,float
3.04,2008,barr,08barrdunl827,dunl,dpavlik,2008-06-26,rope,4,12,float
4.38,2009,barr,09barrdunl575,dunl,cgovernali,2009-06-24,rope,4,22,float
19.2,2009,barr,09barrdunl311c,dunl,nburrell,2009-07-03,single,4,14,float
20.32,2009,barr,09barrdunl324a,dunl,nburrell,2009-06-24,single,4,13,float
4.05,2011,cakr,11cakrdunl300,dunl,lpadegimas,2011-06-01,searcher,4,2,float
3.01,2012,cakr,12cakrdunl300,dunl,svissault,2012-06-04,searcher,4,4,float
1.13,2010,cakr,10cakrdunl013,dunl,rgates,2010-06-14,searcher,4,13,float
,2014,cakr,14cakrdunl022,dunl,jhughey,2014-05-27,searcher,4,,
1.05,2010,cakr,10cakrdunl005,dunl,rgates,2010-06-13,searcher,4,11,float
1.06,2012,cakr,12cakrdunl210,dunl,edastous,2012-06-08,searcher,4,0,float
3.18,2011,cakr,11cakrdunl406,dunl,rgates,2011-06-12,bander,3,,lay
,2013,cakr,13cakrdunl046,dunl,flin,2013-06-04,searcher,4,,hatch
1.17,2010,cakr,10cakrdunl017,dunl,rgates,2010-06-14,searcher,4,9,float
4.03,2011,cakr,11cakrdunl303,dunl,lpadegimas,2011-06-02,searcher,4,1,float
2.01,2010,cakr,10cakrdunl101,dunl,rgates,2010-06-12,searcher,4,8,float
3.01,2011,cakr,11cakrdunl101,dunl,mvanderheyden,2011-06-02,searcher,4,2,float
1.03,2012,cakr,12cakrdunl101,dunl,mvanderheyden,2012-06-04,searcher,4,0,float
,2013,cakr,13cakrdunl047,dunl,flin,2013-06-04,searcher,4,,hatch
2.05,2010,cakr,10cakrdunl105,dunl,sbuckell,2010-06-13,searcher,4,11,float
2.02,2010,cakr,10cakrdunl002,dunl,rgates,2010-06-13,searcher,4,1,float
1.04,2010,cakr,10cakrdunl004,dunl,rgates,2010-06-13,searcher,4,7,float
1.15,2010,cakr,10cakrdunl015,dunl,rgates,2010-06-14,searcher,4,2,float
6.31,2012,cakr,12cakrdunl109,dunl,mvanderheyden,2012-06-07,searcher,4,1,float
,2014,cakr,14cakrdunl016,dunl,mmcconnell,2014-06-02,searcher,3,,
3.12,2011,cakr,11cakrdunl403,dunl,rgates,2011-06-09,bander,4,1,float
,2013,cakr,13cakrdunl058,dunl,flin,2013-06-09,searcher,4,6,float
1.04,2012,cakr,12cakrdunl201,dunl,edastous,2012-06-06,searcher,4,,lay
1.1,2010,cakr,10cakrdunl010,dunl,rgates,2010-06-14,searcher,4,3,float
1.22,2010,cakr,10cakrdunl022,dunl,rgates,2010-06-22,searcher,4,1,float
1.24,2010,cakr,10cakrdunl024,dunl,rgates,2010-06-22,searcher,4,14,float
1.27,2010,cakr,10cakrdunl027,dunl,rgates,2010-06-24,searcher,4,14,float
,2011,ikpi,11ikpi11jpd043,dunl,jliebezeit,2011-06-16,rope,4,,lay
1.067,2012,ikpi,12ikpi12bcc067,dunl,crutt,2012-06-17,searcher,4,1,float
1.072,2012,ikpi,12ikpi12bcc072,dunl,mmudge,2012-06-18,rope,4,5,float
,2011,ikpi,11ikpi11jpd042,dunl,jliebezeit,2011-06-16,incidental,4,5,float
,2011,ikpi,11ikpi11jpd082,dunl,jliebezeit,2011-06-20,searcher,4,5,float
,2011,ikpi,11ikpi11jpd074,dunl,kpietrzak,2011-06-19,rope,4,4,float
,2011,ikpi,11ikpi11jpd106,dunl,jdiener,2011-06-26,rope,4,9,float
,2011,ikpi,11ikpi11jpd112,dunl,kpietrzak,2011-06-26,rope,4,9,float
,2011,ikpi,11ikpi11jpd108,dunl,kpietrzak,2011-06-26,rope,4,12,float
,2011,ikpi,11ikpi11jpd071,dunl,kpietrzak,2011-06-18,rope,4,3,float
1.028,2012,ikpi,12ikpi12bcc028,dunl,bcurry,2012-06-20,rope,4,5,float
1.096,2012,ikpi,12ikpi12bcc096,dunl,crutt,2012-06-22,bander,4,1,float
1.068,2012,ikpi,12ikpi12bcc068,dunl,mmudge,2012-06-18,rope,4,2,float
5.07,2014,ikpi,14ikpi14rlh034,dunl,rhammond,2014-06-28,searcher,4,19,float
1.35,2013,ikpi,13ikpi13anc035,dunl,jliebezeit,2013-06-13,rope,4,4,float
1.093,2012,ikpi,12ikpi12bcc093,dunl,mmudge,2012-06-20,rope,4,5,float
1.051,2012,ikpi,12ikpi12bcc051,dunl,bcurry,2012-06-15,rope,3,6,float
1.131,2013,ikpi,13ikpi13anc131,dunl,epayne,2013-06-27,rope,4,4,float
415,2010,cari,10caridunl415,dunl,sbrown,2010-06-21,incidental,4,10,float
219,2010,cari,10caridunl219,dunl,sfreeman,2010-06-17,incidental,4,3,float
129,2011,cari,11cari129dunl,dunl,sfreeman,2011-06-18,searcher,4,2,float
,2011,ikpi,11ikpi11jpd087,sesa,jwright,2011-06-20,searcher,4,,lay
,2011,ikpi,11ikpi11jpd097,sesa,jdiener,2011-06-24,incidental,4,8,float
1.084,2012,ikpi,12ikpi12bcc084,sesa,mmudge,2012-06-19,rope,4,5,float
1.03,2012,ikpi,12ikpi12bcc030,sesa,bcurry,2012-06-14,rope,4,0,float
1.024,2012,ikpi,12ikpi12bcc024,sesa,crutt,2012-06-13,rope,4,2,float
1.21,2014,ikpi,14ikpi14mdd011,sesa,mdodds,2014-06-15,searcher,4,10,float
1.045,2012,ikpi,12ikpi12bcc045,sesa,bcurry,2012-06-15,rope,4,3,float
1.094,2012,ikpi,12ikpi12bcc094,sesa,crutt,2012-06-21,bander,4,2,float
1.34,2013,ikpi,13ikpi13anc034,sesa,jliebezeit,2013-06-13,rope,4,4,float
1.101,2012,ikpi,12ikpi12bcc101,sesa,mmudge,2012-06-24,bander,4,0,float
1.11,2014,ikpi,14ikpi14mdd006,sesa,mdodds,2014-06-12,rope,4,7,float
6.03,2014,ikpi,14ikpi14rlh002,sesa,rhammond,2014-06-10,searcher,3,6,float
1.015,2012,ikpi,12ikpi12bcc015,sesa,bcurry,2012-06-12,rope,4,0,float
1.035,2012,ikpi,12ikpi12bcc035,sesa,mmudge,2012-06-14,rope,4,,lay
1.081,2012,ikpi,12ikpi12bcc081,sesa,mmudge,2012-06-19,rope,3,13,float
1.117,2012,ikpi,12ikpi12bcc117,sesa,crutt,2012-06-25,searcher,4,11,float
1.3,2013,ikpi,13ikpi13anc030,sesa,acook,2013-06-13,rope,4,3,float
1.32,2013,ikpi,13ikpi13anc032,sesa,acook,2013-06-13,rope,4,2,float
6.39,2014,ikpi,14ikpi14rlh020,sesa,rhammond,2014-06-22,searcher,3,6,float
1.41,2013,ikpi,13ikpi13anc041,sesa,epayne,2013-06-14,rope,4,5,float
1.36,2013,ikpi,13ikpi13anc036,sesa,jliebezeit,2013-06-13,rope,4,2,float
1.13,2013,ikpi,13ikpi13anc013,sesa,ojames,2013-06-12,rope,4,,lay
1.85,2013,ikpi,13ikpi13anc085,sesa,epayne,2013-06-17,rope,4,7,float
1.4,2013,ikpi,13ikpi13anc040,sesa,epayne,2013-06-14,rope,4,,lay
1.58,2013,ikpi,13ikpi13anc058,sesa,epayne,2013-06-15,rope,4,2,float
1.103,2013,ikpi,13ikpi13anc103,sesa,acook,2013-06-19,rope,4,7,float
1.123,2013,ikpi,13ikpi13anc123,sesa,ojames,2013-06-24,searcher,4,6,float
1.106,2013,ikpi,13ikpi13anc106,sesa,acook,2013-06-19,rope,4,8,float
6.15,2014,ikpi,14ikpi14rlh008,sesa,rhammond,2014-06-16,searcher,4,6,float
1.24,2013,ikpi,13ikpi13anc024,sesa,acook,2013-06-13,rope,4,3,float
1.091,2012,ikpi,12ikpi12bcc091,sesa,mmudge,2012-06-20,rope,4,4,float
3.51,2014,ikpi,14ikpi14rlh052,sesa,rhammond,2014-07-09,searcher,3,,
1.11,2012,ikpi,12ikpi12bcc110,sesa,kpietrzak,2012-06-24,rope,4,12,float
,2011,ikpi,11ikpi11jpd023,sesa,jliebezeit,2011-06-14,rope,4,,lay
,2011,ikpi,11ikpi11jpd052,sesa,lgoodrick,2011-06-16,rope,3,,
1.071,2012,ikpi,12ikpi12bcc071,sesa,crutt,2012-06-18,bander,4,2,float
,2011,ikpi,11ikpi11jpd057,sesa,lgoodrick,2011-06-16,rope,4,6,float
1.25,2013,ikpi,13ikpi13anc025,sesa,acook,2013-06-13,rope,4,,lay
,2011,ikpi,11ikpi11jpd065,sesa,kpietrzak,2011-06-18,rope,4,3,float
1.23,2014,ikpi,14ikpi14mdd012,sesa,mdodds,2014-06-15,searcher,4,4,float
1.15,2013,ikpi,13ikpi13anc150,sesa,epayne,2013-07-05,searcher,4,,hatch
,2011,ikpi,11ikpi11jpd095,sesa,jdiener,2011-06-22,incidental,4,7,float
,2011,ikpi,11ikpi11jpd066,sesa,kpietrzak,2011-06-18,rope,4,2,float
,2011,ikpi,11ikpi11jpd031,sesa,jliebezeit,2011-06-15,rope,3,,lay
1.09,2012,ikpi,12ikpi12bcc090,sesa,mmudge,2012-06-20,rope,4,2,float
,2011,ikpi,11ikpi11jpd062,sesa,jdiener,2011-06-17,incidental,2,8,float
,2011,ikpi,11ikpi11jpd083,sesa,ncook,2011-06-20,incidental,4,3,float
,2011,ikpi,11ikpi11jpd046,sesa,jliebezeit,2011-06-16,rope,3,12,float
1.036,2012,ikpi,12ikpi12bcc036,sesa,bcurry,2012-06-14,rope,4,0,float
,2011,ikpi,11ikpi11jpd116,sesa,kpietrzak,2011-06-26,rope,4,12,float
1.61,2013,ikpi,13ikpi13anc061,sesa,epayne,2013-06-15,rope,4,5,float
,2011,ikpi,11ikpi11jpd100,sesa,lgoodrick,2011-06-25,incidental,4,10,float
505,2010,cari,10carisesa505,sesa,ecorp,2010-06-11,incidental,4,14,float
509,2013,cari,13cari509sesa,sesa,rchurchwell,2013-06-14,incidental,4,-1,float
205,2010,cari,10carisesa205,sesa,sfreeman,2010-06-11,incidental,4,2,float
508,2011,cari,11cari508sesa,sesa,ecorp,2011-06-11,searcher,4,0,float
206,2010,cari,10carisesa206,sesa,sfreeman,2010-06-13,incidental,4,0,float
207,2010,cari,10carisesa207,sesa,sfreeman,2010-06-13,incidental,4,2,float
307,2010,cari,10carisesa307,sesa,mmcgarvey,2010-06-17,incidental,4,8,float
408,2010,cari,10carisesa408,sesa,sbrown,2010-06-17,incidental,4,8,float
608,2010,cari,10carisesa608,sesa,bharrington,2010-06-17,incidental,4,8,float
716,2010,cari,10carisesa716,sesa,cwoodworth,2010-06-23,incidental,4,1,float
713,2011,cari,11cari713sesa,sesa,rchurchwell,2011-06-13,searcher,4,0,float
715,2010,cari,10carisesa715,sesa,cwoodworth,2010-06-23,incidental,4,13,float
615,2010,cari,10carisesa615,sesa,bharrington,2010-06-21,incidental,2,13,float
229,2010,cari,10caribasa229,basa,sfreeman,2010-06-24,incidental,4,6,float
835,2010,cari,10carisesa835,sesa,hcraig,2010-07-01,incidental,3,13,float
513,2010,cari,10carisesa513,sesa,ecorp,2010-06-16,incidental,4,1,float
110,2011,cari,11cari110sesa,sesa,sfreeman,2011-06-12,searcher,4,-2,float
711,2011,cari,11cari711sesa,sesa,rchurchwell,2011-06-13,searcher,3,10,float
210,2011,cari,11cari210sesa,sesa,bwinn,2011-06-13,searcher,3,8,float
512,2013,cari,13cari512sesa,sesa,rchurchwell,2013-06-15,incidental,4,0,float
404,2010,cari,10carisesa404,sesa,sbrown,2010-06-08,incidental,4,3,float
103,2011,cari,11cari103sesa,sesa,sfreeman,2011-06-09,searcher,4,2,float
402,2010,cari,10carisesa402,sesa,sbrown,2010-06-09,incidental,4,-2,float
104,2010,cari,10carisesa104,sesa,skendall,2010-06-07,incidental,4,0,float
608,2011,cari,11cari608sesa,sesa,rburner,2011-06-09,searcher,4,0,float
101,2010,cari,10carisesa101,sesa,skendall,2010-06-06,incidental,4,-1,float
301,2010,cari,10carisesa301,sesa,mmcgarvey,2010-06-08,incidental,4,4,float
213,2012,cari,12cari213sesa,sesa,bwinn,2012-06-21,incidental,4,3,float
502,2012,cari,12cari502sesa,sesa,lkoloski,2012-06-10,incidental,4,0,float
606,2010,cari,10carisesa606,sesa,bharrington,2010-06-15,incidental,4,8,float
308,2010,cari,10carisesa308,sesa,mmcgarvey,2010-06-17,incidental,4,8,float
413,2010,cari,10carisesa413,sesa,sbrown,2010-06-20,incidental,4,10,float
406,2010,cari,10carisesa406,sesa,sbrown,2010-06-14,rope,4,3,float
711,2010,cari,10carisesa711,sesa,cwoodworth,2010-06-19,incidental,4,11,float
824,2010,cari,10carisesa824,sesa,hcraig,2010-06-22,incidental,4,14,float
822,2010,cari,10carisesa822,sesa,hcraig,2010-06-22,incidental,4,8,float
730,2011,cari,11cari730sesa,sesa,rchurchwell,2011-06-18,searcher,4,0,float
235,2010,cari,10carisesa235,sesa,sfreeman,2010-06-29,incidental,4,18,float
116,2010,cari,10carisesa116,sesa,skendall,2010-06-27,incidental,4,12,float
112,2010,cari,10carisesa112,sesa,skendall,2010-06-26,incidental,4,13,float
724,2010,cari,10carisesa724,sesa,cwoodworth,2010-07-01,incidental,4,16,float
,2014,barr,14barrdunl402,dunl,rlanctot,2014-07-02,bander,4,7,float
,2014,barr,14barrdunl073,dunl,jmarin,2014-06-17,searcher,4,,lay
682,2014,cari,14cari682dunl,dunl,idavies,2014-06-19,incidental,4,6,float
,2010,made,10madesepl002,sepl,ejones,2010-06-11,searcher,4,,hatch
1.01,2013,made,13madekb04sepl,sepl,kbeckmann,2013-06-14,searcher,4,,lay
,2010,made,10madesepl004,sepl,ctrevor,2010-06-14,searcher,4,,hatch
,2010,made,10madesepl001,sepl,knuyaviak,2010-06-10,searcher,4,,hatch
,2010,made,10madestsa001,stsa,lpirie,2010-06-10,searcher,4,10,float
,2010,made,10madesepl003,sepl,ejones,2010-06-11,searcher,4,,hatch
,2011,made,11madelp-01-2011,sepl,lpirie,2011-06-04,searcher,5,,hatch
,2011,made,11madelp-04-2011,sepl,lpirie,2011-06-06,searcher,4,,lay
,2011,made,11madess-08-2011,sepl,sskinner,2011-06-23,searcher,3,,
4.05,2014,made,14madefs11sepl,sepl,fsmith,2014-06-12,searcher,4,,lay
,2014,barr,14barrdunl105,dunl,ssheedy,2014-06-13,searcher,4,0,float
,2014,barr,14barrdunl104,dunl,ssheedy,2014-06-13,searcher,4,0,float
,2014,barr,14barrdunl110,dunl,asterling,2014-06-15,searcher,4,0,float
,2014,barr,14barrdunl144,dunl,asterling,2014-06-25,searcher,4,12,float
,2014,barr,14barrdunl039,dunl,jmarin,2014-06-22,searcher,4,15,float
,2014,barr,14barrdunl356,dunl,jmarin,2014-06-29,rope,4,14,float
,2014,barr,14barrdunl101,dunl,jmarin,2014-06-11,searcher,4,,lay
,2014,barr,14barrdunl268,dunl,jmarin,2014-06-24,searcher,4,15,float
,2014,barr,14barrdunl198,dunl,wenglish,2014-06-14,bander,4,2,float
,2014,barr,14barrdunl261,dunl,jmarin,2014-06-17,searcher,4,5,float
,2014,barr,14barrdunl260,dunl,jmarin,2014-06-17,searcher,4,5,float
,2014,barr,14barrdunl196,dunl,wenglish,2014-06-14,bander,4,7,float
,2014,barr,14barrdunl114,dunl,ssheedy,2014-06-17,searcher,4,7,float
,2014,barr,14barrdunl120,dunl,asterling,2014-06-18,searcher,3,3,float
,2014,barr,14barrdunl054,dunl,asterling,2014-06-11,searcher,4,,lay
13.31,2012,barr,12barrdunl312,dunl,kgrond,2012-06-17,bander,4,7,float
20.25,2011,barr,11barrdunl608,dunl,adoll,2011-06-16,bander,4,0,float
20.11,2011,barr,11barrdunl300,dunl,jzamudio,2011-06-12,searcher,4,,
20.27,2011,barr,11barrdunl609,dunl,adoll,2011-06-16,bander,4,3,float
4.17,2011,barr,11barrdunl218,dunl,bhill,2011-06-17,bander,4,,
4.19,2011,barr,11barrdunl219,dunl,bhill,2011-06-17,bander,4,2,float
1.11,2011,barr,11barrdunl127,dunl,jcunningham,2011-06-17,searcher,4,0,float
10.05,2011,barr,11barrdunl507,dunl,pherzog,2011-06-14,searcher,4,3,float
20.17,2011,barr,11barrdunl302,dunl,jzamudio,2011-06-13,searcher,4,,
17.07,2011,barr,11barrdunl534,dunl,pherzog,2011-06-22,searcher,4,13,float
1.07,2011,barr,11barrdunl506,dunl,pherzog,2011-06-13,searcher,4,,lay
1.33,2011,barr,11barrdunl545,dunl,pherzog,2011-06-23,searcher,4,5,float
1.11,2012,barr,12barrdunl540,dunl,pherzog,2012-06-15,searcher,4,4,float
,2013,barr,13barrdunl006,dunl,bkaselow,2013-06-10,searcher,4,3,float
1.01,2012,barr,12barrdunl523,dunl,pherzog,2012-06-12,searcher,4,,lay
2.13,2012,barr,12barrdunl522,dunl,pherzog,2012-06-12,searcher,4,3,float
,2013,barr,13barrdunl140,dunl,bkaselow,2013-06-14,searcher,4,3,float
5.37,2012,barr,12barrdunl632,dunl,mmcconnell,2012-06-15,searcher,3,2,float
2.43,2012,barr,12barrdunl437,dunl,bverheijen,2012-06-17,searcher,4,9,float
,2014,barr,14barrdunl007,dunl,asterling,2014-06-13,searcher,4,3,float
,2013,barr,13barrdunl172,dunl,kgrond,2013-06-16,searcher,4,3,float
3.01,2012,barr,12barrdunl512,dunl,pherzog,2012-06-10,searcher,4,3,float
,2013,barr,13barrdunl128,dunl,pherzog,2013-06-12,searcher,4,3,float
10.11,2012,barr,12barrdunl206,dunl,bhill,2012-06-12,bander,4,,
14.13,2012,barr,12barrdunl663,dunl,mmcconnell,2012-06-21,searcher,4,5,float
13.43,2012,barr,12barrdunl313,dunl,kgrond,2012-06-18,bander,4,11,float
7.41,2012,barr,12barrbasa409,basa,bverheijen,2012-06-12,searcher,4,4,float
2.29,2012,barr,12barrdunl630,dunl,mmcconnell,2012-06-14,searcher,4,0,float
2.31,2012,barr,12barrdunl212,dunl,bhill,2012-06-14,bander,4,0,float
2.09,2012,barr,12barrdunl203,dunl,bhill,2012-06-10,bander,4,0,float
1.25,2011,barr,11barrdunl147,dunl,jcunningham,2011-06-21,searcher,4,3,float
1.05,2011,barr,11barrdunl502,dunl,pherzog,2011-06-09,searcher,4,3,float
1.07,2012,barr,12barrdunl413,dunl,bverheijen,2012-06-13,searcher,4,4,float
1.23,2011,barr,11barrdunl146,dunl,jcunningham,2011-06-21,searcher,4,1,float
8.19,2012,barr,12barrdunl519,dunl,pherzog,2012-06-11,searcher,4,2,float
11.41,2011,barr,11barrdunl057,dunl,dkesler,2011-06-26,searcher,4,10,float
3.09,2012,barr,12barrdunl613,dunl,mmcconnell,2012-06-12,searcher,4,4,float
9.51,2011,barr,11barrdunl234,dunl,bhill,2011-06-23,bander,4,10,float
8.01,2011,barr,11barrdunl551,dunl,pherzog,2011-06-24,searcher,4,5,float
3.07,2012,barr,12barrdunl615,dunl,mmcconnell,2012-06-12,searcher,4,,lay
9.71,2011,barr,11barrdunl235,dunl,bhill,2011-06-24,bander,4,,lay
14.37,2011,barr,11barrdunl187,dunl,jcunningham,2011-06-28,rope,4,,lay
10.29,2011,barr,11barrdunl217,dunl,bhill,2011-06-16,bander,4,7,float
10.57,2011,barr,11barrdunl226,dunl,bhill,2011-06-22,bander,4,0,float
,2013,barr,13barrdunl137,dunl,bkaselow,2013-06-14,searcher,4,5,float
3.15,2012,barr,12barrdunl418,dunl,bverheijen,2012-06-14,searcher,4,2,float
9.11,2011,barr,11barrdunl131,dunl,jcunningham,2011-06-19,searcher,4,0,float
10.55,2011,barr,11barrdunl533,dunl,pherzog,2011-06-21,searcher,4,5,float
5.13,2012,barr,12barrdunl611,dunl,mmcconnell,2012-06-12,searcher,4,2,float
,2014,barr,14barrdunl108,dunl,asterling,2014-06-15,searcher,4,0,float
15.63,2012,barr,12barrdunl694,dunl,mmcconnell,2012-06-27,rope,4,10,float
5.27,2012,barr,12barrdunl532,dunl,pherzog,2012-06-13,searcher,4,2,float
5.23,2012,barr,12barrdunl530,dunl,pherzog,2012-06-13,searcher,4,2,float
3.05,2012,barr,12barrdunl514,dunl,pherzog,2012-06-10,searcher,4,,lay
5.21,2012,barr,12barrdunl529,dunl,pherzog,2012-06-13,searcher,4,,lay
5.05,2012,barr,12barrdunl510,dunl,pherzog,2012-06-10,searcher,4,2,float
5.11,2012,barr,12barrdunl405,dunl,bverheijen,2012-06-11,searcher,4,2,float
,2014,barr,14barrdunl327,dunl,jmarin,2014-06-26,searcher,4,5,float
5.15,2012,barr,12barrdunl612,dunl,mmcconnell,2012-06-12,searcher,4,1,float
3.27,2012,barr,12barrdunl551,dunl,pherzog,2012-06-17,searcher,4,2,float
,2013,barr,13barrdunl123,dunl,pherzog,2013-06-09,searcher,4,,lay
,2014,barr,14barrsesa705,sesa,kgrond,2014-06-13,searcher,4,0,float
,2013,barr,13barrdunl184,dunl,kgrond,2013-06-18,bander,4,13,float
,2013,barr,13barrdunl057,dunl,pherzog,2013-06-13,searcher,4,3,float
13.37,2012,barr,12barrdunl639,dunl,mmcconnell,2012-06-17,searcher,4,3,float
24.65,2012,barr,12barrdunl811,dunl,bverheijen,2012-07-05,searcher,4,14,float
,2013,barr,13barrdunl163,dunl,fstetler,2013-06-12,bander,4,11,float
24.37,2012,barr,12barrdunl479,dunl,bverheijen,2012-06-26,searcher,4,10,float
,2013,barr,13barrdunl162,dunl,fstetler,2013-06-12,bander,4,7,float
24.31,2012,barr,12barrbasa250,basa,pherzog,2012-06-25,searcher,4,7,float
,2013,barr,13barrdunl130,dunl,pherzog,2013-06-12,searcher,4,4,float
,2013,barr,13barrdunl164,dunl,fstetler,2013-06-12,bander,4,2,float
,2013,barr,13barrdunl161,dunl,fstetler,2013-06-12,bander,4,3,float
,2013,barr,13barrdunl127,dunl,pherzog,2013-06-12,searcher,4,2,float
4.39,2012,barr,12barrdunl111,dunl,jcunningham,2012-07-06,bander,4,14,float
,2014,barr,14barrdunl197,dunl,wenglish,2014-06-14,bander,4,2,float
,2013,barr,13barrdunl003,dunl,pherzog,2013-06-06,searcher,4,2,float
,2013,barr,13barrdunl101,dunl,jcunningham,2013-06-09,bander,4,1,float
,2013,barr,13barrdunl083,dunl,vloverti,2013-06-10,bander,4,2,float
,2013,barr,13barrdunl058,dunl,pherzog,2013-06-13,searcher,4,2,float
,2014,barr,14barrdunl388,dunl,asterling,2014-06-30,rope,4,,hatch
,2014,barr,14barrdunl400,dunl,jmarin,2014-07-03,rope,4,8,float
,2013,barr,13barrdunl041,dunl,pherzog,2013-06-10,searcher,4,3,float
,2013,barr,13barrdunl044,dunl,pherzog,2013-06-10,searcher,4,2,float
,2014,barr,14barrdunl252,dunl,mallen,2014-06-27,other,4,0,float
,2013,barr,13barrdunl113,dunl,kgrond,2013-06-10,bander,4,,lay
,2013,barr,13barrdunl065,dunl,pherzog,2013-06-17,searcher,4,4,float
,2014,barr,14barrdunl401,dunl,rlanctot,2014-07-02,bander,,,
,2014,barr,14barrdunl072,dunl,ssheedy,2014-06-18,searcher,4,8,float
,2013,barr,13barrdunl219,dunl,lrensel,2013-06-18,searcher,4,,lay
,2013,barr,13barrdunl347,dunl,pherzog,2013-06-24,searcher,4,10,float
1.67,2013,made,13madeab23sesa,sesa,abuckley,2013-06-22,searcher,4,6,float
1.38,2013,made,13madefs22sesa,sesa,fsmith,2013-06-22,searcher,4,8,float
,2009,nome,09nome09nome50,wesa,,2009-06-16,,4,,
,2013,iglo,13iglosesa022,sesa,nlecomte,2013-06-29,rope,4,4,float
,2013,iglo,13iglobasa025,basa,mgiroux,2013-07-04,searcher,2,5,float
,2013,iglo,13iglosesa024,sesa,mgiroux,2013-07-03,searcher,3,3,float
,2013,iglo,13iglosesa008,sesa,nlecomte,2013-07-07,rope,4,8,float
,2013,iglo,13iglosesa026,sesa,nlecomte,2013-07-08,rope,4,15,float
,2013,iglo,13iglosesa009,sesa,nlecomte,2013-07-07,rope,4,11,float
,2014,iglo,14iglosesa.14.102,sesa,magiroux,2014-07-27,searcher,4,2,float
,2014,cakr,14cakrwesa015,wesa,mmcconnell,2014-06-02,searcher,4,1,float
,2014,cakr,14cakrsesa028,sesa,jhughey,2014-06-02,searcher,3,3,float
,2014,cakr,14cakrwesa007,wesa,mmcconnell,2014-05-30,searcher,3,,
,2014,cakr,14cakrwesa075,wesa,mboldenow,2014-06-11,bander,4,3,float
,2014,cakr,14cakrwesa057,wesa,jeschenroeder,2014-06-12,searcher,3,3,float
,2014,cakr,14cakrsesa092,sesa,mmcconnell,2014-06-10,searcher,4,3,float
,2014,cakr,14cakrwesa055,wesa,jeschenroeder,2014-06-12,searcher,3,3,float
,2014,cakr,14cakrwesa084,wesa,mmcconnell,2014-06-07,searcher,3,,
,2014,cakr,14cakrsesa078,sesa,mboldenow,2014-06-16,searcher,4,2,float
,2014,cakr,14cakrwesa037,wesa,jhughey,2014-06-08,searcher,3,1,float
,2014,cakr,14cakrwesa036,wesa,jhughey,2014-06-08,searcher,4,,
,2014,cakr,14cakrwesa091,wesa,mmcconnell,2014-06-10,searcher,4,,
,2014,cakr,14cakrsesa126,sesa,jeschenroeder,2014-06-18,rope,2,6,float
,2014,cakr,14cakrwesa056,wesa,jeschenroeder,2014-06-12,searcher,4,3,float
,2014,cakr,14cakrsesa151,sesa,jhughey,2014-06-22,searcher,4,15,float
,2014,cakr,14cakrwesa098,wesa,mmcconnell,2014-06-11,searcher,4,4,float
,2014,cakr,14cakrwesa052,wesa,jeschenroeder,2014-06-08,searcher,4,3,float
,2014,cakr,14cakrwesa122,wesa,jeschenroeder,2014-06-15,rope,4,5,float
,2014,cakr,14cakrwesa033,wesa,jhughey,2014-06-06,searcher,3,,
,2014,cakr,14cakrwesa140,wesa,mmcconnell,2014-06-16,bander,3,,hatch
,2014,cakr,14cakrwesa107,wesa,jhughey,2014-06-12,searcher,3,1,float
,2014,cakr,14cakrwesa167,wesa,mmcconnell,2014-06-23,searcher,3,3,float
,2014,chur,14chur14lesa01d,lesa,gholmes,2014-06-16,searcher,4,5,float
1.05,2011,colv,11colvdunl024,dunl,dpavlik,2011-06-07,searcher,4,2,float
1.08,2013,colv,13colvdunl117,dunl,bwilkinson,2013-06-12,searcher,4,,lay
1.02,2012,colv,12colvdunl112,dunl,bwilkinson,2012-06-09,searcher,4,,lay
2.09,2012,colv,12colvdunl172,dunl,bwilkinson,2012-06-17,searcher,4,6,float
3.02,2013,colv,13colvdunl080,dunl,scarvey,2013-06-21,searcher,4,6,float
2.25,2014,colv,14colvdunl291,dunl,tdonnelly,2014-06-20,searcher,4,10,float
1.49,2014,colv,14colvdunl1125,dunl,lburlingame,2014-06-14,searcher,4,1,float
1.27,2013,colv,13colvdunl142,dunl,bwilkinson,2013-06-15,searcher,4,2,float
1.69,2014,colv,14colvdunl079,dunl,agottesman,2014-06-16,searcher,4,4,float
3.05,2014,colv,14colvdunl1221,dunl,tdonnelly,2014-07-05,searcher,3,6,float
301,2011,cari,11cari301sesa,sesa,ohicks,2011-06-04,searcher,4,0,float
124,2012,cari,12cari124sesa,sesa,sfreeman,2012-06-23,incidental,4,4,float
205,2011,cari,11cari205sesa,sesa,bwinn,2011-06-10,searcher,4,10,float
506,2012,cari,12cari506sesa,sesa,lkoloski,2012-06-11,incidental,3,0,float
709,2011,cari,11cari709sesa,sesa,rchurchwell,2011-06-12,searcher,4,3,float
128,2011,cari,11cari128sesa,sesa,sfreeman,2011-06-18,searcher,4,2,float
107,2014,cari,14cari107sesa,sesa,sfreeman,2014-06-11,incidental,4,1,float
642,2012,cari,12cari642sesa,sesa,akneidel,2012-06-27,incidental,3,8,float
139,2011,cari,11cari139sesa,sesa,sfreeman,2011-06-21,searcher,4,-1,float
139,2014,cari,14cari139sesa,sesa,sfreeman,2014-06-17,incidental,3,-1,float
124,2011,cari,11cari124sesa,sesa,sfreeman,2011-06-16,searcher,4,5,float
649,2012,cari,12cari649sesa,sesa,akneidel,2012-06-29,rope,3,-1,float
411,2013,cari,13cari411sesa,sesa,bhiggins,2013-06-15,incidental,4,3,float
125,2011,cari,11cari125sesa,sesa,sfreeman,2011-06-17,searcher,3,4,float
737,2011,cari,11cari737sesa,sesa,rchurchwell,2011-06-21,searcher,4,-1,float
303,2011,cari,11cari303sesa,sesa,ohicks,2011-06-09,searcher,4,3,float
117,2012,cari,12cari117sesa,sesa,sfreeman,2012-06-21,incidental,4,0,float
306,2011,cari,11cari306sesa,sesa,ohicks,2011-06-16,searcher,4,-1,float
725,2011,cari,11cari725sesa,sesa,rchurchwell,2011-06-16,searcher,4,-1,float
517,2011,cari,11cari517sesa,sesa,ecorp,2011-06-16,searcher,3,0,float
604,2013,cari,13cari604sesa,sesa,idavies,2013-06-08,incidental,4,3,float
617,2013,cari,13cari617sesa,sesa,idavies,2013-06-12,incidental,4,-1,float
406,2013,cari,13cari406sesa,sesa,bhiggins,2013-06-14,incidental,4,1,float
618,2013,cari,13cari618sesa,sesa,idavies,2013-06-13,incidental,4,-2,float
208,2013,cari,13cari208sesa,sesa,hhelling,2013-06-15,incidental,4,0,float
402,2013,cari,13cari402sesa,sesa,bhiggins,2013-06-02,incidental,5,0,float
114,2013,cari,13cari114sesa,sesa,sfreeman,2013-06-17,incidental,4,2,float
329,2014,cari,14cari329sesa,sesa,emagnuson,2014-06-21,incidental,4,10,float
407,2013,cari,13cari407sesa,sesa,bhiggins,2013-06-15,incidental,4,0,float
613,2013,cari,13cari613sesa,sesa,idavies,2013-06-12,incidental,4,-2,float
212,2012,cari,12cari212sesa,sesa,bwinn,2012-06-19,incidental,4,0,float
613,2014,cari,14cari613sesa,sesa,idavies,2014-06-10,incidental,4,-1,float
738,2012,cari,12cari738sesa,sesa,idavies,2012-06-20,incidental,4,8,float
315,2014,cari,14cari315sesa,sesa,emagnuson,2014-06-15,incidental,4,9,float
113,2014,cari,14cari113sesa,sesa,sfreeman,2014-06-12,incidental,4,5,float
301,2013,cari,13cari301sesa,sesa,abradley,2013-06-12,incidental,4,-3,float
304,2013,cari,13cari304sesa,sesa,abradley,2013-06-14,incidental,4,4,float
403,2013,cari,13cari403sesa,sesa,bhiggins,2013-06-12,incidental,4,-1,float
501,2013,cari,13cari501sesa,sesa,rchurchwell,2013-06-11,incidental,4,-2,float
612,2014,cari,14cari612sesa,sesa,idavies,2014-06-10,incidental,4,3,float
611,2013,cari,13cari611sesa,sesa,idavies,2013-06-12,incidental,4,-1,float
628,2013,cari,13cari628sesa,sesa,idavies,2013-06-15,incidental,3,3,float
108,2013,cari,13cari108sesa,sesa,sfreeman,2013-06-15,incidental,4,-3,float
635,2013,cari,13cari635sesa,sesa,idavies,2013-06-16,incidental,4,-2,float
103,2013,cari,13cari103sesa,sesa,sfreeman,2013-06-13,incidental,4,0,float
414,2013,cari,13cari414sesa,sesa,bhiggins,2013-06-15,incidental,4,-1,float
610,2014,cari,14cari610sesa,sesa,idavies,2014-06-09,incidental,4,-3,float
1.13,2011,colv,11colvsesa038,sesa,dpavlik,2011-06-11,searcher,4,8,float
1.02,2011,colv,11colvsesa005,sesa,dpavlik,2011-06-01,searcher,3,,lay
1.22,2011,colv,11colvsesa751,sesa,epalm,2011-06-13,searcher,4,12,float
1.07,2011,colv,11colvsesa118,sesa,bwilkinson,2011-06-08,searcher,4,5,float
2.24,2012,colv,12colvsesa815,sesa,msmith,2012-06-26,searcher,4,13,float
1.23,2011,colv,11colvsesa757,sesa,epalm,2011-06-13,searcher,4,5,float
1.12,2012,colv,12colvsesa042,sesa,dpavlik,2012-06-11,searcher,4,1,float
w.29,2013,nome,13nome13sesa356,sesa,triecke,2013-06-19,searcher,4,2,float
c.09,2013,nome,13nome13sesa009,sesa,dborden,2013-06-02,searcher,4,1,float
w.19,2013,nome,13nome13sesa016,sesa,dborden,2013-06-08,searcher,4,,lay
w.01,2012,nome,12nome12sesaek01,sesa,ekwon,2012-05-29,searcher,3,6,float
w.28,2012,nome,12nome12sesamh28,sesa,mharing,2012-06-05,searcher,4,3,float
w.02,2014,nome,14nomewesa002,wesa,ekwon,2014-05-22,searcher,4,5,float
w.04,2013,nome,13nome13wesa004,wesa,dborden,2013-06-01,searcher,4,,lay
w.20,2012,nome,12nome12wesadh11,wesa,dhodkinson,2012-06-04,searcher,3,5,float
w.32,2012,nome,12nome12sesaek11,sesa,ekwon,2012-06-06,searcher,3,10,float
c.27,2012,nome,12nome12sesasf16,sesa,sfranks,2012-06-06,searcher,4,,lay
c.05,2012,nome,12nome12sesawe06,sesa,wenglish,2012-05-30,searcher,4,0,float
e.13,2012,nome,12nome12sesadh07,sesa,dhodkinson,2012-06-01,searcher,4,2,float
c.25,2012,nome,12nome12sesadh12,sesa,dhodkinson,2012-06-05,searcher,4,8,float
e.03,2012,nome,12nome12wesamh03,wesa,mharing,2012-05-29,searcher,4,,lay
e.08,2013,nome,13nome13wesa104,wesa,ebkwon,2013-06-02,searcher,4,,lay
w.27,2012,nome,12nome12wesamh26,wesa,mharing,2012-06-05,searcher,3,11,float
w.07,2013,nome,13nome13wesa308,wesa,triecke,2013-06-02,searcher,4,,lay
c.23,2012,nome,12nome12sesawe19,sesa,wenglish,2012-06-05,searcher,4,,lay
e.37,2012,nome,12nome12sesadh26,sesa,dhodkinson,2012-06-11,searcher,4,,float
e.27,2013,nome,13nome13sesa219,sesa,sfranks,2013-06-05,searcher,4,6,float
e.36,2012,nome,12nome12sesadh25,sesa,dhodkinson,2012-06-11,searcher,4,5,float
w.09,2012,nome,12nome12wesamh07,wesa,mharing,2012-05-30,searcher,4,4,float
w.16,2012,nome,12nome12wesamh15,wesa,mharing,2012-06-02,searcher,4,5,float
c.03,2012,nome,12nome12wesamh05,wesa,mharing,2012-05-29,searcher,4,,lay
w.21,2012,nome,12nome12sesamh20,sesa,mharing,2012-06-04,searcher,3,3,float
c.36,2013,nome,13nome13sesa229,sesa,sfranks,2013-06-08,searcher,4,10,float
w.15,2012,nome,12nome12wesawe04,wesa,wenglish,2012-05-30,searcher,4,9,float
w.20,2013,nome,13nome13wesa015,wesa,dborden,2013-06-08,searcher,4,11,float
e.01,2012,nome,12nome12wesasf01,wesa,sfranks,2012-05-28,searcher,4,,lay
c.19,2012,nome,12nome12wesadh09,wesa,dhodkinson,2012-06-02,searcher,4,2,float
c.06,2014,nome,14nomewesa205,wesa,sfranks,2014-05-26,searcher,4,4,float
c.04,2013,nome,13nome13wesa101,wesa,ebkwon,2013-06-01,searcher,4,0,float
c.18,2012,nome,12nome12sesabks08,sesa,bksandercock,2012-06-01,searcher,4,2,float
c.10,2012,nome,12nome12sesabks05,sesa,bksandercock,2012-05-30,searcher,4,5,float
e.24,2012,nome,12nome12wesadh17,wesa,dhodkinson,2012-06-05,searcher,4,4,float
w.23,2012,nome,12nome12wesamh19,wesa,mharing,2012-06-04,searcher,4,1,float
w.13,2013,nome,13nome13sesa108,sesa,ebkwon,2013-06-05,searcher,4,3,float
w.15,2014,nome,14nomesesa307,sesa,eweiser,2014-06-03,searcher,4,1,float
w.11,2012,nome,12nome12wesamh09,wesa,mharing,2012-05-30,searcher,4,5,float
c.35,2012,nome,12nome12sesamh40,sesa,mharing,2012-06-08,searcher,4,7,float
c.32,2012,nome,12nome12sesamh41,sesa,mharing,2012-06-08,searcher,4,6,float
e.34,2013,nome,13nome13sesa113,sesa,ebkwon,2013-06-06,searcher,4,2,float
w.24,2012,nome,12nome12sesaek07,sesa,ekwon,2012-06-05,searcher,4,,lay
w.30,2012,nome,12nome12wesadh18,wesa,dhodkinson,2012-06-06,searcher,4,2,float
w.14,2012,nome,12nome12wesaek05,wesa,ekwon,2012-06-03,searcher,1,3,float
e.16,2012,nome,12nome12sesasf10,sesa,sfranks,2012-06-03,searcher,4,2,float
e.29,2014,nome,14nomesesa311,sesa,eweiser,2014-06-05,searcher,4,1,float
e.25,2012,nome,12nome12sesamh33,sesa,mharing,2012-06-06,searcher,4,1,float
e.18,2013,nome,13nome13sesa214,sesa,sfranks,2013-06-04,searcher,4,0,float
e.36,2014,nome,14nomewesa233,wesa,sfranks,2014-06-09,searcher,4,1,float
e.05,2014,nome,14nomewesa204,wesa,sfranks,2014-05-25,searcher,3,8,float
e.46,2012,nome,12nome12wesasf39,wesa,sfranks,2012-06-17,searcher,3,14,float
c.31,2012,nome,12nome12sesamh43,sesa,mharing,2012-06-08,searcher,4,4,float
c.39,2013,nome,13nome13sesa344,sesa,triecke,2013-06-13,searcher,3,,
c.17,2012,nome,12nome12sesabks07,sesa,bksandercock,2012-06-01,searcher,4,,lay
c.38,2012,nome,12nome12wesawe26,wesa,wenglish,2012-06-09,searcher,4,8,float
e.44,2012,nome,12nome12sesamh56,sesa,mharing,2012-06-15,searcher,2,3,float
e.48,2012,nome,12nome12sesawe45,sesa,wenglish,2012-06-19,searcher,4,8,float
c.43,2012,nome,12nome12sesasf33,sesa,sfranks,2012-06-15,searcher,4,5,float
w.06,2013,nome,13nome13wesa006,wesa,dborden,2013-06-01,searcher,4,,lay
e.11,2012,nome,12nome12wesasf07,wesa,sfranks,2012-06-01,searcher,4,3,float
c.04,2012,nome,12nome12wesasf05,wesa,sfranks,2012-05-30,searcher,3,3,float
c.06,2013,nome,13nome13wesa204,wesa,sfranks,2013-06-01,searcher,4,,lay
w.12,2012,nome,12nome12wesamh14,wesa,mharing,2012-06-01,searcher,3,5,float
c.13,2012,nome,12nome12wesawe09,wesa,wenglish,2012-06-01,searcher,4,,lay
c.06,2012,nome,12nome12sesawe07,sesa,wenglish,2012-05-30,searcher,4,5,float
w.31,2012,nome,12nome12wesaek10,wesa,ekwon,2012-06-06,searcher,4,10,float
e.26,2012,nome,12nome12wesamh32,wesa,mharing,2012-06-06,searcher,4,,lay
e.02,2012,nome,12nome12sesamh02,sesa,mharing,2012-05-29,searcher,4,,lay
w.41,2012,nome,12nome12sesasf29,sesa,sfranks,2012-06-13,searcher,4,13,float
c.41,2012,nome,12nome12sesadh29,sesa,dhodkinson,2012-06-15,searcher,4,11,float
c.40,2014,nome,14nomesesa150,sesa,dhodkinson,2014-06-12,searcher,4,,lay
e.50,2012,nome,12nome12wesawe38,wesa,wenglish,2012-06-17,searcher,3,,lay
c.26,2012,nome,12nome12sesasf15,sesa,sfranks,2012-06-05,searcher,4,,lay
c.20,2012,nome,12nome12sesamh17,sesa,mharing,2012-06-03,searcher,4,4,float
c.42,2012,nome,12nome12wesadh30,wesa,dhodkinson,2012-06-15,searcher,3,13,float
w.34,2012,nome,12nome12wesaek13,wesa,ekwon,2012-06-09,searcher,3,11,float
w.13,2012,nome,12nome12wesaek06,wesa,ekwon,2012-06-03,searcher,3,3,float
c.36,2012,nome,12nome12sesadh20,sesa,dhodkinson,2012-06-08,searcher,4,5,float
e.51,2013,nome,13nome13sesa132,sesa,ebkwon,2013-06-29,searcher,4,14,float
c.48,2013,nome,13nome13sesa436,sesa,wenglish,2013-06-22,searcher,4,6,float
c.24,2012,nome,12nome12wesawe20,wesa,wenglish,2012-06-05,searcher,3,7,float
c.45,2013,nome,13nome13wesa030,wesa,dborden,2013-06-19,searcher,4,13,float
w.35,2012,nome,12nome12sesadh23,sesa,dhodkinson,2012-06-09,searcher,4,3,float
e.40,2012,nome,12nome12wesadh28,wesa,dhodkinson,2012-06-12,searcher,4,8,float
w.16,2013,nome,13nome13wesa315,wesa,triecke,2013-06-04,searcher,3,,lay
w.14,2014,nome,14nomewesa121,wesa,dhodkinson,2014-05-29,searcher,4,0,float
e.48,2014,nome,14nomesesa032,sesa,ekwon,2014-06-15,searcher,3,2,float
2.23,2014,colv,14colvsesa403,sesa,dward,2014-06-24,searcher,4,4,float
122,2011,cari,11cari122dunl,dunl,sfreeman,2011-06-16,searcher,4,2,float
710,2010,cari,10caridunl710,dunl,cwoodworth,2010-06-18,incidental,4,2,float
512,2010,cari,10caridunl512,dunl,ecorp,2010-06-16,incidental,4,2,float
604,2010,cari,10caridunl604,dunl,bharrington,2010-06-13,incidental,4,3,float
514,2010,cari,10caridunl514,dunl,ecorp,2010-06-20,incidental,4,,hatch
217,2010,cari,10caridunl217,dunl,sfreeman,2010-06-16,incidental,4,2,float
523,2011,cari,11cari523dunl,dunl,ecorp,2011-06-17,searcher,4,0,float
733,2012,cari,12cari733dunl,dunl,idavies,2012-06-18,incidental,4,2,float
206,2014,cari,14cari206dunl,dunl,cmontgomerie,2014-06-12,incidental,4,0,float
615,2013,cari,13cari615dunl,dunl,idavies,2013-06-12,incidental,4,-1,float
705,2011,cari,11cari705dunl,dunl,rchurchwell,2011-06-11,searcher,4,3,float
716,2011,cari,11cari716dunl,dunl,rchurchwell,2011-06-14,searcher,4,2,float
406,2012,cari,12cari406dunl,dunl,epierce,2012-06-14,incidental,4,8,float
201,2013,cari,13cari201dunl,dunl,hhelling,2013-06-10,incidental,3,2,float
515,2011,cari,11cari515dunl,dunl,ecorp,2011-06-15,searcher,4,0,float
213,2013,cari,13cari213dunl,dunl,hhelling,2013-06-18,incidental,4,5,float
213,2010,cari,10caridunl213,dunl,sfreeman,2010-06-14,incidental,4,2,float
607,2010,cari,10caridunl607,dunl,bharrington,2010-06-16,incidental,4,7,float
806,2012,cari,12cari806dunl,dunl,mlafaver,2012-06-14,searcher,4,0,float
522,2010,cari,10caridunl522,dunl,ecorp,2010-06-28,incidental,4,12,float
1.06,2005,barr,05barrlbdo012,lbdo,lanctot,2005-06-25,rope,4,,lay
5.19,2005,barr,05barrlbdo619,lbdo,thomas,2005-07-08,bander,3,0,float
7.03,2005,barr,05barrlbdo341,lbdo,selvidge,2005-06-28,single,4,4,float
,2014,barr,14barrlbdo437,lbdo,jmarin,2014-07-05,rope,3,8,float
6.32,2008,barr,08barrlbdo247,lbdo,dpavlik,2008-06-27,rope,4,9,float
10.02,2005,barr,05barrdunl506,dunl,norwood,2005-06-16,single,4,,lay
6.08,2006,barr,06barrdunl227,dunl,lebouard,2006-06-17,single,4,1,float
10.15,2011,barr,11barrdunl211,dunl,bhill,2011-06-15,bander,4,,
5.16,2013,chau,13chaudunlmlm001,dunl,kwp,2013-06-07,rope,4,5,float
5.27,2013,chau,13chaudunldvs002,dunl,dvs,2013-06-28,searcher,4,5,float
1.03,2013,chau,13chaudunlkwp003,dunl,kwp,2013-06-10,searcher,4,1,float
5.23,2013,chau,13chaudunlmlm009,dunl,kwp,2013-06-09,rope,4,4,float
1.01,2013,chau,13chaudunlkwp005,dunl,kwp,2013-06-11,rope,4,4,float
5.19,2013,chau,13chaudunlmlm002,dunl,kwp,2013-06-07,rope,4,1,float
5.18,2013,chau,13chaudunlkwp014,dunl,kwp,2013-06-16,bander,4,14,float
5.07,2013,chau,13chaudunlmlm004,dunl,mlm,2013-06-08,rope,4,4,float
5.22,2013,chau,13chaudunlmlm010,dunl,kwp,2013-06-11,rope,4,3,float
5.03,2013,chau,13chaudunlavs001,dunl,avs,2013-06-16,searcher,4,10,float
2.02,2014,chau,14chaudunllfg002,dunl,lgoodrick,2014-06-11,searcher,4,,lay
1.04,2013,chau,13chaudunlmlm017,dunl,mlm,2013-06-18,searcher,4,6,float
5.15,2013,chau,13chaudunlmlm008,dunl,aog,2013-06-10,searcher,4,11,float
5.21,2013,chau,13chaudunlmlm018,dunl,mlm,2013-06-18,searcher,3,2,float
1.02,2013,chau,13chaudunlkwp002,dunl,kwp,2013-06-07,searcher,4,2,float
4.06,2014,chau,14chaudunljpd001,dunl,jdiener,2014-06-11,searcher,4,,lay
2.07,2014,chau,14chaudunljpd004,dunl,jdiener,2014-06-14,searcher,4,8,float
5.13,2013,chau,13chaudunlmlm006,dunl,mlm,2013-06-09,rope,4,,lay
4.12,2014,chau,14chaudunlmai011,dunl,amatsyna,2014-06-19,searcher,4,5,float
5.2,2013,chau,13chaudunlkwp015,dunl,kwp,2013-06-19,searcher,4,4,float
4.01,2014,chau,14chaudunlmai002,dunl,amatsyna,2014-06-11,searcher,4,4,float
4.23,2014,chau,14chaudunlmel012,dunl,ematsyna,2014-06-25,searcher,4,3,float
2.01,2014,chau,14chaudunllfg001,dunl,lgoodrick,2014-06-11,searcher,4,,lay
3.3,2012,eaba,12eabarua01,rutu,akprimeau,2012-07-06,searcher,4,7,float
,2014,coat,14coatssss06,sesa,sshulte,2014-06-26,searcher,4,9,float
,2014,coat,14coatssss03,sesa,sshulte,2014-06-21,searcher,4,0.5,float
,2014,coat,14coatsssf02,sesa,sflemming,2014-06-17,searcher,4,3.4,float
,2014,coat,14coatsssf07,sesa,sflemming,2014-07-06,searcher,4,14.6,float
,2014,coat,14coatssbw03,sesa,bwinn,2014-06-23,searcher,4,3.4,float
,2014,coat,14coatsssn03,sesa,sneima,2014-06-22,searcher,4,,lay
,2014,coat,14coatsskr03,sesa,kreischke,2014-06-28,searcher,4,10.5,float
,2014,coat,14coatsssf03,sesa,sflemming,2014-07-05,searcher,4,14.6,float
,1998,nome,98nome49,wesa,,1998-05-31,,4,,float
,1999,nome,99nome198,wesa,,1999-05-30,,4,,hatch
,2013,chur,13chur13whim31,whim,ajohnson,2013-06-19,searcher,4,17,float
c.38,2011,nome,11nome11wesawe08,wesa,wenglish,2011-05-28,searcher,3,,lay
25,2010,nome,10nome10wesabs10,wesa,bschwarz,2010-06-01,searcher,4,5,float
c.01,2014,nome,14nomewesa101,wesa,dhodkinson,2014-05-22,searcher,4,2,float
,2012,bylo,12byloamgppr08,amgp,proyerboutin,2012-07-04,incidental,4,18,float
e.11,2014,nome,14nomewesa005,wesa,ekwon,2014-05-28,searcher,3,8,float
16.19,2006,barr,06barrdunl108,dunl,coutsoubos,2006-06-26,single,4,13,float
2.23,2011,chur,11chur11du23,dunl,lmckinnon,2011-06-22,searcher,4,,hatch
1.014,2012,ikpi,12ikpi12bcc014,sesa,bcurry,2012-06-12,rope,4,0,float
1.54,2013,ikpi,13ikpi13anc054,rnph,epayne,2013-06-15,rope,4,,lay
,2011,made,11madess-06-2011,sepl,sskinner,2011-06-20,searcher,4,12,float
,2013,chur,13chur13whim29,whim,fsanders,2013-06-18,searcher,4,14,float
,2013,chur,13chur13hugo05d,hugo,lkoloski,2013-06-10,searcher,4,,
,2014,chur,14DB03,sepl,,2014-07-11,,3,,
,2013,chur,13DBBLUFFS01,sepl,,2013-06-22,,4,,
,2013,cakr,13cakrwesa113,wesa,tfarrugia,2013-06-21,searcher,3,3,float
,2014,chur,14MP04,sepl,,2014-06-21,,4,,
,2014,chur,14PR01,sepl,,2014-06-25,,4,,
,2014,chur,14BB01,sepl,,2014-06-13,,4,,
,2013,chur,13PB04,sepl,,2013-06-27,,4,,
,2014,chur,14DB01,sepl,,2014-06-13,,4,,
,2013,chur,13PR01,sepl,,2013-06-04,,4,,
,2013,chur,13LL02,sepl,,2013-06-11,,4,,
,2013,chur,13TL01,sepl,,2013-06-13,,4,,
,2013,chur,13MP05R,sepl,,2013-06-22,,3,,
,2014,chur,14PB02,sepl,,2014-06-19,,4,,
,2013,chur,13GB02,sepl,,2013-06-15,,4,,
,2013,chur,13MP03,sepl,,2013-06-11,,4,,
,2013,chur,13MP06,sepl,,2013-06-14,,4,,
,2013,chur,13HP02,sepl,,2013-06-18,,4,,
,2014,chur,14MP01,sepl,,2014-06-12,,1,,
,2013,chur,13PB01,sepl,,2013-06-23,,4,,
,2013,chur,13BB01,sepl,,2013-06-24,,4,,
,2014,chur,14BC01,sepl,,2014-06-23,,4,,
,2014,chur,14BC02,sepl,,2014-08-02,,,,
,2013,chur,13PB02,sepl,,2013-06-23,,4,,
,2013,chur,13LL05,sepl,,2013-06-22,,3,,
,2014,chur,14PB04,sepl,,2014-07-02,,3,,
,2013,chur,13MP01R,sepl,,2013-06-18,,4,,
,2014,chur,14EP02,sepl,,2014-06-20,,4,,
,2014,chur,14LL03,sepl,,2014-06-19,,3,,
,2014,chur,14GB01,sepl,,2014-06-24,,4,,
,2014,chur,14GB02,sepl,,2014-06-25,,4,,
,2014,chur,14EP03,sepl,,2014-06-20,,3,,
,2014,chur,14LL04,sepl,,2014-06-28,,4,,
,2014,chur,14DB02,sepl,,2014-06-27,,3,,
,2014,chur,14MP05,sepl,,2014-06-28,,4,,
,2014,chur,14GB03,sepl,,2014-06-25,,4,,
,2014,chur,14PB03,sepl,,2014-06-19,,4,,
,2014,chur,14CD01,sepl,,2014-07-05,,4,,
,1999,nome,99nome39,wesa,,1999-06-02,,3,,hatch
,1998,nome,98nome46,wesa,,1998-05-31,,4,,hatch
,1998,nome,98nome43,wesa,,1998-05-30,,4,,hatch
,1995,nome,95nome207,wesa,,1995-05-27,,4,,lay
,1998,nome,98nome53,wesa,,1998-05-31,,4,,hatch
,1997,nome,97nome37,wesa,,1997-05-25,,4,,
,1998,nome,98nome105,wesa,,1998-06-07,,4,,float
,1997,nome,97nome110,wesa,,1997-05-23,,4,,
,1998,nome,98nome7,sesa,,1998-07-02,,3,,hatch
,1995,nome,95nome124,sesa,,1995-06-09,,4,,hatch
1.5,2012,chur,12chur12whim50,whim,ajohnson,2012-07-04,searcher,3,14,float
,2014,chur,14chur14sbdo01l,sbdo,tmankis,2014-06-14,searcher,3,0,float
829,2010,cari,10carisesa829,sesa,hcraig,2010-06-27,incidental,4,15,float
827,2010,cari,10carirutu827,rutu,hcraig,2010-06-24,incidental,4,-2,float
,2008,barr,08barrdunl400b,dunl,jlamarre,2008-06-22,single,4,,lay
,2008,barr,08barrdunl706a,dunl,jlamarre,2008-06-11,single,4,2,float
,2008,barr,08barrdunl706b,dunl,jlamarre,2008-07-04,single,3,7,float
,2008,barr,08barrdunl708a,dunl,jlamarre,2008-06-11,single,4,2,float
,2008,barr,08barrdunl404a,dunl,rgates,2008-06-15,single,4,4,float
12.02,2007,barr,07barrsesa603,sesa,brissette,2007-06-15,single,4,6,float
1.06,2007,barr,07barrsesa129,sesa,rankin,2007-06-20,single,4,12,float
2.06,2010,cakr,10cakrsesa106,sesa,rgates,2010-06-14,searcher,4,4,float
5.32,2010,barr,10barrwesa633,wesa,myang,2010-07-01,rope,4,10,float
,2007,barr,07barrdunl901a,dunl,chiang,2007-06-08,single,4,,lay
,2007,barr,07barrdunl901b,dunl,gates,2007-06-30,single,4,12,float
,2008,barr,08barrdunl707b,dunl,jlamarre,2008-06-23,single,4,3,float
,2008,barr,08barrdunl605a,dunl,bhill,2008-06-13,single,4,1,float
,2008,barr,08barrdunl709a,dunl,jlamarre,2008-06-11,single,4,4,float
20.27,2009,barr,09barrdunl312b,dunl,nburrell,2009-06-22,single,4,2,float
603,2010,cari,10carisesa603,sesa,bharrington,2010-06-12,incidental,4,8,float
1.05,2014,made,14madetk15sepl,sepl,tkydd,2014-06-19,searcher,4,14,float
e.02,2013,nome,13nome13wesa302,wesa,triecke,2013-05-31,searcher,4,,lay
,2007,barr,07barrdunl60a,dunl,ataylor,2007-06-17,single,4,,float
,1999,nome,99nome74,wesa,,1999-06-08,,4,,hatch
,2008,barr,08barrdunl051b,dunl,jlamarre,2008-06-30,single,4,1,float
,2008,barr,08barrdunl603a,dunl,bhill,2008-06-10,single,4,0,float
,2008,barr,08barrdunl800a,dunl,jaldabe,2008-06-09,single,4,,lay
,2008,barr,08barrdunl400a,dunl,rgates,2008-06-08,single,4,,lay
,2008,barr,08barrdunl051a,dunl,bhill,2008-06-07,single,4,0,float
,2008,barr,08barrdunl600a,dunl,bhill,2008-06-07,single,4,,lay
,1999,nome,99nome199,wesa,,1999-05-29,,4,,hatch
,1998,nome,98nome61,wesa,,1998-06-03,,4,,hatch
