Year,Site,Date,Jdate,Start_time,End_time,Hours,Count_type,Species,Count,Num_observers,Nests_or_dens,Team_count,Observer
2012,cakr,2004-06-12,156,10:35:00,17:00:00,6.42,est,glgu,84,1,0,n,lpadegimas
2014,ikpi,2005-07-14,186,09:15:00,13:40:00,4.42,exact,ltja,1,1,0,n,mdodds
2013,prba,2021-06-13,172,09:30:00,15:30:00,6,exact,arte,1,1,0,n,chelms
2013,bylo,2019-08-13,231,18:00:00,19:00:00,1,exact,glgu,1,1,0,n,dleandribreton
2013,bylo,2019-08-13,231,18:00:00,19:00:00,1,exact,sacr,3,1,0,n,dleandribreton
2013,bylo,2018-08-13,230,18:30:00,19:00:00,0.5,exact,glgu,1,1,0,n,dleandribreton
2013,bylo,2018-08-13,230,18:30:00,19:00:00,0.5,exact,sacr,2,1,0,n,dleandribreton
2013,bylo,2017-08-13,229,18:30:00,19:30:00,1,exact,glgu,4,1,0,n,dleandribreton
2013,bylo,2017-08-13,229,18:30:00,19:30:00,1,exact,sacr,4,1,0,n,dleandribreton
2013,bylo,2016-08-13,228,12:00:00,13:30:00,1.5,exact,glgu,6,1,0,n,dleandribreton
2013,bylo,2016-08-13,228,12:00:00,13:30:00,1.5,exact,sacr,1,1,0,n,dleandribreton
2013,bylo,2015-08-13,227,17:00:00,19:00:00,2,exact,cora,1,1,0,n,dleandribreton
2013,bylo,2015-08-13,227,17:00:00,19:00:00,2,exact,glgu,4,1,0,n,dleandribreton
2013,bylo,2015-08-13,227,17:00:00,19:00:00,2,exact,sacr,1,1,0,n,dleandribreton
2013,bylo,2014-08-13,226,10:00:00,12:00:00,2,exact,glgu,1,1,0,n,dleandribreton
2013,bylo,2014-08-13,226,10:00:00,12:00:00,2,exact,gyrf,1,1,0,n,dleandribreton
2013,bylo,2014-08-13,226,10:00:00,12:00:00,2,exact,sacr,2,1,0,n,dleandribreton
2013,bylo,2013-08-13,225,18:30:00,20:30:00,2,exact,cora,1,1,0,n,dleandribreton
2013,bylo,2013-08-13,225,18:30:00,20:30:00,2,exact,glgu,2,1,0,n,dleandribreton
2013,bylo,2013-08-13,225,18:30:00,20:30:00,2,exact,sacr,4,1,0,n,dleandribreton
2013,bylo,2012-08-13,224,10:00:00,16:30:00,6.5,exact,glgu,1,1,0,n,dleandribreton
2013,bylo,2012-08-13,224,10:00:00,16:30:00,6.5,exact,sacr,2,1,0,n,dleandribreton
2013,bylo,2011-08-13,223,18:00:00,20:00:00,2,exact,arfo,1,1,0,n,dleandribreton
2013,bylo,2011-08-13,223,18:00:00,20:00:00,2,exact,glgu,1,1,0,n,dleandribreton
2013,bylo,2011-08-13,223,18:00:00,20:00:00,2,exact,sacr,2,1,0,n,dleandribreton
2013,bylo,2010-08-13,222,10:00:00,17:00:00,7,exact,arfo,1,1,0,n,dleandribreton
2013,bylo,2010-08-13,222,10:00:00,17:00:00,7,exact,glgu,3,1,0,n,dleandribreton
2013,bylo,2010-08-13,222,10:00:00,17:00:00,7,exact,sacr,2,1,0,n,dleandribreton
2013,bylo,2009-08-13,221,17:30:00,19:30:00,2,exact,glgu,4,1,0,n,dleandribreton
2013,bylo,2009-08-13,221,17:30:00,19:30:00,2,exact,pobe,1,1,0,n,dleandribreton
2013,bylo,2009-08-13,221,17:30:00,19:30:00,2,exact,sacr,2,1,0,n,dleandribreton
2013,bylo,2008-08-13,220,17:00:00,19:00:00,2,exact,cora,1,1,0,n,dleandribreton
2013,bylo,2008-08-13,220,17:00:00,19:00:00,2,exact,glgu,3,1,0,n,dleandribreton
2013,bylo,2008-08-13,220,17:00:00,19:00:00,2,exact,sacr,2,1,0,n,dleandribreton
2013,bylo,2007-08-13,219,09:30:00,19:00:00,9.5,exact,arfo,1,1,0,n,dleandribreton
2013,bylo,2007-08-13,219,09:30:00,19:00:00,9.5,exact,cora,4,1,0,n,dleandribreton
2013,bylo,2007-08-13,219,09:30:00,19:00:00,9.5,exact,glgu,8,1,0,n,dleandribreton
2013,bylo,2007-08-13,219,09:30:00,19:00:00,9.5,exact,sacr,5,1,0,n,dleandribreton
2013,bylo,2006-08-13,218,17:00:00,19:30:00,2.5,exact,arfo,1,1,0,n,dleandribreton
2013,bylo,2006-08-13,218,17:00:00,19:30:00,2.5,exact,cora,4,1,0,n,dleandribreton
2013,bylo,2006-08-13,218,17:00:00,19:30:00,2.5,exact,glgu,7,1,0,n,dleandribreton
2013,bylo,2006-08-13,218,17:00:00,19:30:00,2.5,exact,pobe,1,1,0,n,dleandribreton
2013,bylo,2006-08-13,218,17:00:00,19:30:00,2.5,exact,sacr,2,1,0,n,dleandribreton
2014,barr,2005-08-14,217,15:30:00,16:40:00,1.17,exact,glgu,1,1,0,n,jcunningham
2014,barr,2005-08-14,217,15:30:00,16:40:00,1.17,exact,poja,5,1,0,n,jcunningham
2014,barr,2005-08-14,217,15:30:00,16:40:00,1.17,exact,paja,1,1,0,n,jcunningham
2014,barr,2005-08-14,217,15:30:00,16:40:00,1.17,exact,snow,2,1,0,n,jcunningham
2014,barr,2005-08-14,217,14:00:00,15:20:00,1.33,exact,glgu,3,1,0,n,jcunningham
2014,barr,2005-08-14,217,14:00:00,15:20:00,1.33,exact,poja,7,1,0,n,jcunningham
2014,barr,2005-08-14,217,14:00:00,15:20:00,1.33,exact,paja,2,1,0,n,jcunningham
2014,barr,2005-08-14,217,14:00:00,15:20:00,1.33,exact,snow,2,1,0,n,jcunningham
2014,barr,2005-08-14,217,11:30:00,13:10:00,1.67,exact,poja,19,1,0,n,mballvanzee
2014,barr,2005-08-14,217,11:30:00,13:10:00,1.67,exact,paja,7,1,0,n,mballvanzee
2014,barr,2005-08-14,217,11:30:00,13:10:00,1.67,exact,snow,4,1,0,n,mballvanzee
2014,barr,2005-08-14,217,11:44:00,13:29:00,1.75,exact,glgu,5,1,0,n,wenglish
2014,barr,2005-08-14,217,11:44:00,13:29:00,1.75,exact,poja,3,1,0,n,wenglish
2014,barr,2005-08-14,217,11:44:00,13:29:00,1.75,exact,paja,2,1,0,n,wenglish
2014,barr,2005-08-14,217,11:30:00,13:25:00,1.92,exact,glgu,1,1,0,n,jmarin
2014,barr,2005-08-14,217,11:30:00,13:25:00,1.92,est,poja,17,1,0,n,jmarin
2014,barr,2005-08-14,217,11:30:00,13:25:00,1.92,exact,snow,2,1,0,n,jmarin
2014,barr,2005-08-14,217,11:09:00,13:09:00,2,exact,glgu,10,1,0,n,ssheedy
2014,barr,2005-08-14,217,11:09:00,13:09:00,2,exact,poja,15,1,0,n,ssheedy
2014,barr,2005-08-14,217,11:09:00,13:09:00,2,exact,paja,1,1,0,n,ssheedy
2014,barr,2005-08-14,217,11:09:00,13:09:00,2,exact,snow,5,1,0,n,ssheedy
2013,bylo,2005-08-13,217,10:00:00,21:00:00,11,exact,cora,2,1,0,n,dleandribreton
2013,bylo,2005-08-13,217,10:00:00,21:00:00,11,exact,glgu,6,1,0,n,dleandribreton
2013,bylo,2005-08-13,217,10:00:00,21:00:00,11,exact,sacr,4,1,0,n,dleandribreton
2013,bylo,2004-08-13,216,10:00:00,16:00:00,6,exact,cora,2,1,0,n,dleandribreton
2013,bylo,2004-08-13,216,10:00:00,16:00:00,6,exact,glgu,4,1,0,n,dleandribreton
2013,bylo,2004-08-13,216,10:00:00,16:00:00,6,exact,sacr,2,1,0,n,dleandribreton
2013,bylo,2003-08-13,215,10:30:00,18:00:00,7.5,exact,cora,2,2,0,y,dleandribreton
2013,bylo,2003-08-13,215,10:30:00,18:00:00,7.5,exact,glgu,5,2,0,y,dleandribreton
2013,bylo,2003-08-13,215,10:30:00,18:00:00,7.5,exact,pefa,1,2,0,y,dleandribreton
2013,bylo,2003-08-13,215,10:30:00,18:00:00,7.5,exact,pobe,3,2,0,y,dleandribreton
2013,bylo,2003-08-13,215,10:30:00,18:00:00,7.5,exact,sacr,4,2,0,y,dleandribreton
2013,bylo,2002-08-13,214,10:00:00,19:00:00,9,exact,cora,1,2,0,y,dleandribreton
2013,bylo,2002-08-13,214,10:00:00,19:00:00,9,exact,glgu,5,2,0,y,dleandribreton
2013,bylo,2002-08-13,214,10:00:00,19:00:00,9,exact,sacr,2,2,0,y,dleandribreton
2013,bylo,2001-08-13,213,16:00:00,19:00:00,3,exact,cora,1,2,0,y,dleandribreton
2013,bylo,2001-08-13,213,16:00:00,19:00:00,3,exact,glgu,9,2,0,y,dleandribreton
2013,bylo,2001-08-13,213,16:00:00,19:00:00,3,exact,sacr,3,2,0,y,dleandribreton
2013,bylo,2031-07-13,212,22:00:00,00:00:00,2,exact,glgu,2,2,0,y,dleandribreton
2013,bylo,2031-07-13,212,22:00:00,00:00:00,2,exact,sacr,4,2,0,y,dleandribreton
2013,bylo,2030-07-13,211,10:00:00,16:00:00,6,exact,cora,3,2,0,y,dleandribreton
2013,bylo,2030-07-13,211,10:00:00,16:00:00,6,exact,glgu,6,2,0,y,dleandribreton
2013,bylo,2030-07-13,211,10:00:00,16:00:00,6,exact,sacr,4,2,0,y,dleandribreton
2014,colv,2029-07-14,210,12:45:00,14:15:00,1.5,exact,glgu,3,1,0,n,agottesman
2014,colv,2029-07-14,210,12:45:00,14:15:00,1.5,exact,paja,4,1,0,n,agottesman
2014,colv,2029-07-14,210,12:45:00,14:15:00,1.5,exact,ltja,4,1,0,n,agottesman
2014,colv,2029-07-14,210,12:45:00,14:15:00,1.5,exact,refo,4,1,0,n,agottesman
2014,colv,2029-07-14,210,12:45:00,14:15:00,1.5,est,agsq,10,1,0,n,agottesman
2014,barr,2029-07-14,210,11:00:00,12:50:00,1.83,est,glgu,10,1,0,n,mballvanzee
2014,barr,2029-07-14,210,11:00:00,12:50:00,1.83,exact,poja,2,1,0,n,mballvanzee
2014,barr,2029-07-14,210,11:00:00,12:50:00,1.83,exact,paja,3,1,0,n,mballvanzee
2014,barr,2029-07-14,210,09:47:00,11:47:00,2,exact,glgu,2,1,0,n,ssheedy
2014,barr,2029-07-14,210,09:47:00,11:47:00,2,exact,poja,13,1,0,n,ssheedy
2014,barr,2029-07-14,210,09:47:00,11:47:00,2,exact,paja,5,1,0,n,ssheedy
2014,barr,2029-07-14,210,10:15:00,12:15:00,2,exact,glgu,3,1,0,n,asterling
2014,barr,2029-07-14,210,10:15:00,12:15:00,2,exact,poja,2,1,0,n,asterling
2014,barr,2029-07-14,210,12:07:00,14:22:00,2.25,exact,glgu,5,1,0,n,ssheedy
2014,barr,2029-07-14,210,12:07:00,14:22:00,2.25,exact,poja,9,1,0,n,ssheedy
2014,barr,2029-07-14,210,12:07:00,14:22:00,2.25,exact,snow,1,1,0,n,ssheedy
2014,barr,2029-07-14,210,09:00:00,12:00:00,3,exact,glgu,4,1,0,n,jmarin
2014,barr,2029-07-14,210,09:00:00,12:00:00,3,exact,poja,7,1,0,n,jmarin
2014,barr,2029-07-14,210,09:00:00,12:00:00,3,exact,paja,4,1,0,n,jmarin
2014,barr,2029-07-14,210,09:00:00,12:00:00,3,exact,snow,2,1,0,n,jmarin
2014,barr,2029-07-14,210,12:00:00,15:00:00,3,exact,glgu,3,1,0,n,jmarin
2014,barr,2029-07-14,210,12:00:00,15:00:00,3,exact,poja,11,1,0,n,jmarin
2014,barr,2029-07-14,210,12:00:00,15:00:00,3,exact,paja,1,1,0,n,jmarin
2014,barr,2029-07-14,210,12:00:00,15:00:00,3,exact,snow,2,1,0,n,jmarin
2013,bylo,2029-07-13,210,10:00:00,16:00:00,6,exact,cora,3,2,0,y,dleandribreton
2013,bylo,2029-07-13,210,10:00:00,16:00:00,6,exact,glgu,3,2,0,y,dleandribreton
2013,bylo,2029-07-13,210,10:00:00,16:00:00,6,exact,sacr,4,2,0,y,dleandribreton
2013,bylo,2028-07-13,209,10:00:00,16:00:00,6,exact,glgu,4,2,0,y,dleandribreton
2013,bylo,2028-07-13,209,10:00:00,16:00:00,6,exact,sacr,3,2,0,y,dleandribreton
2013,bylo,2027-07-13,208,11:30:00,16:00:00,4.5,exact,arfo,1,2,0,y,dleandribreton
2013,bylo,2027-07-13,208,11:30:00,16:00:00,4.5,exact,cora,3,2,0,y,dleandribreton
2013,bylo,2027-07-13,208,11:30:00,16:00:00,4.5,est,glgu,20,2,0,y,dleandribreton
2013,bylo,2027-07-13,208,11:30:00,16:00:00,4.5,exact,ltja,2,2,0,y,dleandribreton
2013,bylo,2027-07-13,208,11:30:00,16:00:00,4.5,exact,paja,3,2,0,y,dleandribreton
2013,bylo,2027-07-13,208,11:30:00,16:00:00,4.5,exact,sacr,5,2,0,y,dleandribreton
2011,barr,2026-07-11,207,12:00:00,13:10:00,1.17,exact,glgu,3,1,0,n,abankert
2011,barr,2026-07-11,207,12:00:00,13:10:00,1.17,exact,poja,3,1,0,n,abankert
2011,barr,2026-07-11,207,10:45:00,11:57:00,1.2,exact,glgu,4,1,0,n,abankert
2011,barr,2026-07-11,207,10:45:00,11:57:00,1.2,exact,paja,1,1,0,n,abankert
2011,barr,2026-07-11,207,10:45:00,11:57:00,1.2,exact,poja,2,1,0,n,abankert
2011,barr,2026-07-11,207,09:00:00,11:30:00,2.5,est,glgu,150,1,0,n,jzamudio
2011,barr,2026-07-11,207,09:00:00,11:30:00,2.5,exact,paja,1,1,0,n,jzamudio
2011,barr,2026-07-11,207,09:00:00,11:30:00,2.5,exact,snow,1,1,0,n,jzamudio
2011,barr,2026-07-11,207,16:35:00,19:15:00,2.67,exact,glgu,4,1,0,n,pherzog
2011,barr,2026-07-11,207,16:35:00,19:15:00,2.67,exact,paja,2,1,0,n,pherzog
2011,barr,2026-07-11,207,12:00:00,15:00:00,3,exact,glgu,3,1,0,n,jzamudio
2011,barr,2026-07-11,207,12:20:00,16:30:00,4.17,exact,glgu,7,1,0,n,pherzog
2011,barr,2026-07-11,207,12:20:00,16:30:00,4.17,exact,ltja,1,1,0,n,pherzog
2011,barr,2026-07-11,207,12:20:00,16:30:00,4.17,exact,paja,1,1,0,n,pherzog
2011,barr,2026-07-11,207,12:20:00,16:30:00,4.17,exact,poja,11,1,0,n,pherzog
2011,barr,2026-07-11,207,12:20:00,16:30:00,4.17,exact,snow,1,1,0,n,pherzog
2013,bylo,2026-07-13,207,09:30:00,18:30:00,9,exact,cora,2,2,0,y,fsenezgagnon
2013,bylo,2026-07-13,207,09:30:00,18:30:00,9,exact,glgu,5,2,0,y,fsenezgagnon
2013,bylo,2026-07-13,207,09:30:00,18:30:00,9,exact,sacr,5,2,0,y,fsenezgagnon
2012,barr,2024-07-12,206,15:01:00,16:29:00,1.47,exact,glgu,1,1,0,n,pherzog
2012,barr,2024-07-12,206,15:01:00,16:29:00,1.47,exact,paja,2,1,0,n,pherzog
2012,barr,2024-07-12,206,15:01:00,16:29:00,1.47,exact,poja,2,1,0,n,pherzog
2012,barr,2024-07-12,206,15:01:00,16:29:00,1.47,exact,snow,2,1,0,n,pherzog
2012,barr,2024-07-12,206,13:25:00,14:55:00,1.5,exact,glgu,5,1,0,n,pherzog
2012,barr,2024-07-12,206,13:25:00,14:55:00,1.5,exact,paja,2,1,0,n,pherzog
2012,barr,2024-07-12,206,13:25:00,14:55:00,1.5,exact,poja,5,1,0,n,pherzog
2012,barr,2024-07-12,206,13:40:00,15:30:00,1.83,est,glgu,60,1,0,n,mmcconell
2012,barr,2024-07-12,206,13:40:00,15:30:00,1.83,exact,paja,1,1,0,n,mmcconell
2012,barr,2024-07-12,206,15:45:00,17:45:00,2,est,glgu,12,1,0,n,mmcconell
2012,barr,2024-07-12,206,15:45:00,17:45:00,2,exact,paja,1,1,0,n,mmcconell
2012,barr,2024-07-12,206,15:45:00,17:45:00,2,exact,snow,1,1,0,n,mmcconell
2012,barr,2024-07-12,206,17:00:00,19:10:00,2.17,exact,glgu,4,1,0,n,jcunningham
2012,barr,2024-07-12,206,17:00:00,19:10:00,2.17,exact,poja,3,1,0,n,jcunningham
2012,barr,2024-07-12,206,17:35:00,20:10:00,2.58,est,glgu,14,1,0,n,pherzog
2012,barr,2024-07-12,206,17:35:00,20:10:00,2.58,exact,poja,2,1,0,n,pherzog
2012,barr,2024-07-12,206,17:35:00,20:10:00,2.58,exact,snow,1,1,0,n,pherzog
2012,chur,2024-07-12,206,08:30:00,13:45:00,5.25,exact,cora,1,1,0,n,jperz
2012,chur,2024-07-12,206,08:30:00,13:45:00,5.25,exact,rlha,1,1,0,n,jperz
2013,bylo,2025-07-13,206,11:00:00,13:00:00,2,exact,cora,1,2,0,y,fsenezgagnon
2013,bylo,2025-07-13,206,11:00:00,13:00:00,2,exact,glgu,5,2,0,y,fsenezgagnon
2013,bylo,2025-07-13,206,11:00:00,13:00:00,2,exact,ltja,3,2,0,y,fsenezgagnon
2013,bylo,2025-07-13,206,11:00:00,13:00:00,2,exact,paja,5,2,0,y,fsenezgagnon
2013,bylo,2025-07-13,206,11:00:00,13:00:00,2,exact,pefa,1,2,0,y,fsenezgagnon
2013,bylo,2025-07-13,206,11:00:00,13:00:00,2,exact,sacr,5,2,0,y,fsenezgagnon
2013,bylo,2025-07-13,206,11:00:00,13:00:00,2,exact,thgu,1,2,0,y,fsenezgagnon
2012,chur,2023-07-12,205,09:30:00,10:30:00,1,exact,paja,4,1,0,n,jperz
2014,colv,2024-07-14,205,12:00:00,13:30:00,1.5,exact,paja,2,1,0,n,lburlingame
2014,colv,2024-07-14,205,12:00:00,13:30:00,1.5,exact,cora,1,1,0,n,lburlingame
2014,colv,2024-07-14,205,12:00:00,13:30:00,1.5,exact,agsq,14,1,0,n,lburlingame
2012,chur,2023-07-12,205,15:00:00,16:45:00,1.75,exact,amcr,1,1,0,n,jperz
2012,chur,2023-07-12,205,15:00:00,16:45:00,1.75,exact,herg,1,1,0,n,jperz
2012,chur,2023-07-12,205,15:00:00,16:45:00,1.75,exact,merl,1,1,0,n,jperz
2012,chur,2023-07-12,205,08:30:00,14:45:00,6.25,exact,paja,3,1,0,n,jperz
2014,chur,2024-07-14,205,09:10:00,15:00:00,5.83,exact,herg,5,2,0,y,lkoloski
2013,bylo,2024-07-13,205,10:00:00,18:45:00,8.75,exact,cora,2,2,0,y,fsenezgagnon
2013,bylo,2024-07-13,205,10:00:00,18:45:00,8.75,exact,glgu,6,2,0,y,fsenezgagnon
2013,bylo,2024-07-13,205,10:00:00,18:45:00,8.75,exact,sacr,6,2,0,y,fsenezgagnon
2014,colv,2023-07-14,204,18:00:00,18:30:00,0.5,exact,glgu,3,1,0,n,agottesman
2014,colv,2023-07-14,204,18:00:00,18:30:00,0.5,exact,refo,1,1,0,n,agottesman
2014,colv,2023-07-14,204,18:00:00,18:30:00,0.5,exact,agsq,8,1,0,n,agottesman
2014,colv,2023-07-14,204,19:00:00,21:40:00,2.67,exact,glgu,3,1,0,n,wkennerley
2014,colv,2023-07-14,204,19:00:00,21:40:00,2.67,exact,paja,3,1,0,n,wkennerley
2014,colv,2023-07-14,204,19:00:00,21:40:00,2.67,exact,cora,1,1,0,n,wkennerley
2014,colv,2023-07-14,204,19:00:00,21:40:00,2.67,exact,refo,1,1,0,n,wkennerley
2014,colv,2023-07-14,204,19:00:00,21:40:00,2.67,exact,agsq,4,1,0,n,wkennerley
2012,chur,2022-07-12,204,08:30:00,16:00:00,7.5,exact,herg,1,1,0,n,jperz
2012,chur,2022-07-12,204,08:30:00,16:00:00,7.5,exact,paja,2,1,0,n,jperz
2014,chur,2023-07-14,204,10:00:00,16:00:00,6,exact,cora,1,2,0,y,lkoloski
2014,chur,2023-07-14,204,10:00:00,16:00:00,6,exact,herg,2,2,0,y,lkoloski
2014,chur,2023-07-14,204,10:00:00,16:00:00,6,exact,paja,2,2,0,y,lkoloski
2013,bylo,2023-07-13,204,09:00:00,17:00:00,8,exact,cora,1,2,0,y,fsenezgagnon
2013,bylo,2023-07-13,204,09:00:00,17:00:00,8,exact,glgu,8,2,0,y,fsenezgagnon
2013,bylo,2023-07-13,204,09:00:00,17:00:00,8,exact,sacr,5,2,0,y,fsenezgagnon
2012,prba,2021-07-12,203,08:45:00,09:20:00,0.58,exact,glgu,1,1,0,n,apham
2012,prba,2021-07-12,203,08:45:00,09:20:00,0.58,exact,snow,3,1,0,n,apham
2012,chur,2021-07-12,203,08:30:00,09:45:00,1.25,exact,herg,2,1,0,n,jperz
2012,chur,2021-07-12,203,08:30:00,09:45:00,1.25,exact,paja,1,1,0,n,jperz
2014,colv,2022-07-14,203,13:30:00,15:00:00,1.5,exact,glgu,2,1,0,n,agottesman
2014,colv,2022-07-14,203,13:30:00,15:00:00,1.5,exact,paja,4,1,0,n,agottesman
2014,colv,2022-07-14,203,13:30:00,15:00:00,1.5,exact,ltja,2,1,0,n,agottesman
2014,colv,2022-07-14,203,13:30:00,15:00:00,1.5,exact,snow,1,1,0,n,agottesman
2014,colv,2022-07-14,203,13:30:00,15:00:00,1.5,exact,pefa,1,1,0,n,agottesman
2014,colv,2022-07-14,203,13:30:00,15:00:00,1.5,exact,agsq,25,1,0,n,agottesman
2014,barr,2022-07-14,203,09:45:00,12:15:00,2.5,exact,glgu,4,1,0,n,asterling
2014,barr,2022-07-14,203,09:45:00,12:15:00,2.5,exact,poja,9,1,0,n,asterling
2014,barr,2022-07-14,203,09:45:00,12:15:00,2.5,exact,paja,3,1,0,n,asterling
2014,barr,2022-07-14,203,09:45:00,12:15:00,2.5,exact,brle,1,1,0,n,asterling
2014,barr,2022-07-14,203,12:30:00,15:00:00,2.5,exact,glgu,11,1,0,n,jmarin
2014,barr,2022-07-14,203,12:30:00,15:00:00,2.5,exact,poja,4,1,0,n,jmarin
2014,barr,2022-07-14,203,12:30:00,15:00:00,2.5,exact,paja,4,1,0,n,jmarin
2014,barr,2022-07-14,203,12:30:00,15:00:00,2.5,est,snow,6,1,0,n,jmarin
2014,barr,2022-07-14,203,12:30:00,15:00:00,2.5,exact,brle,1,1,0,n,jmarin
2014,barr,2022-07-14,203,10:05:00,12:42:00,2.62,exact,glgu,4,1,0,n,wenglish
2014,barr,2022-07-14,203,10:05:00,12:42:00,2.62,exact,poja,12,1,0,n,wenglish
2014,barr,2022-07-14,203,10:05:00,12:42:00,2.62,exact,snow,2,1,0,n,wenglish
2014,barr,2022-07-14,203,09:30:00,12:40:00,3.17,est,glgu,27,1,0,n,jmarin
2014,barr,2022-07-14,203,09:30:00,12:40:00,3.17,est,poja,12,1,0,n,jmarin
2014,barr,2022-07-14,203,09:30:00,12:40:00,3.17,est,paja,10,1,0,n,jmarin
2012,chur,2021-07-12,203,09:45:00,15:00:00,5.25,exact,herg,8,1,0,n,jperz
2012,chur,2021-07-12,203,09:45:00,15:00:00,5.25,exact,paja,5,1,0,n,jperz
2012,chur,2021-07-12,203,09:45:00,15:00:00,5.25,est,sacr,3,1,0,n,jperz
2014,barr,2022-07-14,203,NA,NA,6,exact,glgu,3,1,0,n,asterling
2014,barr,2022-07-14,203,NA,NA,6,exact,poja,8,1,0,n,asterling
2014,barr,2022-07-14,203,NA,NA,6,exact,paja,2,1,0,n,asterling
2014,barr,2022-07-14,203,NA,NA,6,exact,cora,2,1,0,n,asterling
2014,barr,2022-07-14,203,NA,NA,6,exact,snow,2,1,0,n,asterling
2014,barr,2022-07-14,203,09:30:00,13:20:00,3.83,exact,glgu,7,2,0,y,ssheedy
2014,barr,2022-07-14,203,09:30:00,13:20:00,3.83,exact,poja,17,2,0,y,ssheedy
2014,barr,2022-07-14,203,09:30:00,13:20:00,3.83,exact,paja,4,2,0,y,ssheedy
2014,barr,2022-07-14,203,09:30:00,13:20:00,3.83,exact,ltja,1,2,0,y,ssheedy
2014,barr,2022-07-14,203,09:30:00,13:20:00,3.83,exact,snow,1,2,0,y,ssheedy
2014,chur,2022-07-14,203,09:00:00,15:00:00,6,exact,herg,1,2,0,y,lkoloski
2014,chur,2022-07-14,203,09:00:00,15:00:00,6,exact,paja,2,2,0,y,lkoloski
2013,bylo,2022-07-13,203,10:30:00,19:00:00,8.5,exact,arfo,1,2,0,y,fsenezgagnon
2013,bylo,2022-07-13,203,10:30:00,19:00:00,8.5,exact,cora,2,2,0,y,fsenezgagnon
2013,bylo,2022-07-13,203,10:30:00,19:00:00,8.5,exact,glgu,5,2,0,y,fsenezgagnon
2013,bylo,2022-07-13,203,10:30:00,19:00:00,8.5,exact,sacr,4,2,0,y,fsenezgagnon
2014,colv,2021-07-14,202,13:30:00,14:30:00,1,exact,glgu,3,1,0,n,agottesman
2014,colv,2021-07-14,202,13:30:00,14:30:00,1,exact,ltja,1,1,0,n,agottesman
2014,colv,2021-07-14,202,13:30:00,14:30:00,1,exact,agsq,2,1,0,n,agottesman
2014,colv,2021-07-14,202,13:30:00,14:30:00,1,exact,snow,1,1,0,n,agottesman
2014,colv,2021-07-14,202,14:35:00,15:35:00,1,exact,glgu,1,1,0,n,agottesman
2014,colv,2021-07-14,202,14:35:00,15:35:00,1,exact,paja,1,1,0,n,agottesman
2014,colv,2021-07-14,202,14:35:00,15:35:00,1,exact,ltja,1,1,0,n,agottesman
2014,colv,2021-07-14,202,14:35:00,15:35:00,1,exact,rutu,1,1,0,n,agottesman
2014,colv,2021-07-14,202,14:35:00,15:35:00,1,exact,agsq,6,1,0,n,agottesman
2013,iglo,2021-07-13,202,21:00:00,22:50:00,1.83,exact,cora,1,1,0,n,magiroux
2013,iglo,2021-07-13,202,21:00:00,22:50:00,1.83,est,ungu,1,1,0,n,magiroux
2012,chur,2020-07-12,202,08:30:00,16:00:00,7.5,exact,cora,2,1,0,n,jperz
2012,chur,2020-07-12,202,08:30:00,16:00:00,7.5,exact,herg,4,1,0,n,jperz
2012,chur,2020-07-12,202,08:30:00,16:00:00,7.5,exact,paja,2,1,0,n,jperz
2014,chur,2021-07-14,202,13:00:00,17:15:00,4.25,exact,cora,1,2,0,y,lkoloski
2014,chur,2021-07-14,202,13:00:00,17:15:00,4.25,exact,herg,1,2,0,y,lkoloski
2014,chur,2021-07-14,202,13:00:00,17:15:00,4.25,exact,paja,2,2,0,y,lkoloski
2013,bylo,2021-07-13,202,12:00:00,19:00:00,7,exact,cora,1,2,0,y,fsenezgagnon
2013,bylo,2021-07-13,202,12:00:00,19:00:00,7,exact,glgu,20,2,0,y,fsenezgagnon
2013,bylo,2021-07-13,202,12:00:00,19:00:00,7,exact,ltja,4,2,0,y,fsenezgagnon
2013,bylo,2021-07-13,202,12:00:00,19:00:00,7,exact,sacr,8,2,0,y,fsenezgagnon
2014,colv,2020-07-14,201,14:30:00,15:30:00,1,exact,paja,2,1,0,n,agottesman
2014,colv,2020-07-14,201,14:30:00,15:30:00,1,exact,agsq,9,1,0,n,agottesman
2012,prba,2019-07-12,201,08:15:00,09:30:00,1.25,exact,snow,2,1,0,n,jlautenbach
2014,colv,2020-07-14,201,14:00:00,16:30:00,2.5,exact,glgu,4,1,0,n,lburlingame
2014,colv,2020-07-14,201,14:00:00,16:30:00,2.5,exact,paja,2,1,0,n,lburlingame
2014,colv,2020-07-14,201,14:00:00,16:30:00,2.5,exact,agsq,2,1,0,n,lburlingame
2012,chur,2019-07-12,201,08:45:00,15:00:00,6.25,exact,cora,2,1,0,n,jperz
2012,chur,2019-07-12,201,08:45:00,15:00:00,6.25,est,herg,10,1,0,n,jperz
2012,chur,2019-07-12,201,08:45:00,15:00:00,6.25,exact,paja,2,1,0,n,jperz
2013,bylo,2020-07-13,201,10:00:00,17:00:00,7,exact,sacr,2,1,0,n,fsenezgagnon
2014,coat,2020-07-14,201,08:30:00,17:30:00,9,exact,paja,2,3,0,y,crew1
2014,coat,2020-07-14,201,08:00:00,20:00:00,12,exact,herg,2,3,0,y,crew2
2014,colv,2019-07-14,200,13:30:00,14:30:00,1,exact,glgu,4,1,0,n,agottesman
2014,colv,2019-07-14,200,13:30:00,14:30:00,1,exact,paja,4,1,0,n,agottesman
2014,colv,2019-07-14,200,13:30:00,14:30:00,1,exact,agsq,2,1,0,n,agottesman
2011,barr,2019-07-11,200,14:05:00,15:20:00,1.25,exact,paja,1,1,0,n,pherzog
2011,barr,2019-07-11,200,14:05:00,15:20:00,1.25,exact,snow,1,1,0,n,pherzog
2011,barr,2019-07-11,200,13:10:00,14:30:00,1.33,exact,glgu,1,1,0,n,jzamudio
2011,barr,2019-07-11,200,13:10:00,14:30:00,1.33,exact,paja,2,1,0,n,jzamudio
2014,colv,2019-07-14,200,15:00:00,16:30:00,1.5,exact,glgu,3,1,0,n,wkennerley
2014,colv,2019-07-14,200,15:00:00,16:30:00,1.5,exact,paja,2,1,0,n,wkennerley
2014,colv,2019-07-14,200,15:00:00,16:30:00,1.5,exact,agsq,5,1,0,n,wkennerley
2011,barr,2019-07-11,200,15:25:00,16:55:00,1.5,exact,glgu,1,1,0,n,jcunningham
2011,barr,2019-07-11,200,15:25:00,16:55:00,1.5,exact,poja,6,1,0,n,jcunningham
2011,barr,2019-07-11,200,12:15:00,14:05:00,1.83,exact,glgu,4,1,0,n,pherzog
2011,barr,2019-07-11,200,12:15:00,14:05:00,1.83,exact,paja,5,1,0,n,pherzog
2011,barr,2019-07-11,200,12:15:00,14:05:00,1.83,exact,poja,5,1,0,n,pherzog
2013,iglo,2019-07-13,200,17:00:00,19:00:00,2,exact,cora,2,1,0,n,nlecomte
2013,iglo,2019-07-13,200,17:00:00,19:00:00,2,est,herg,4,1,0,n,nlecomte
2013,iglo,2019-07-13,200,17:00:00,19:00:00,2,est,glgu,2,1,0,n,nlecomte
2013,iglo,2019-07-13,200,17:00:00,19:00:00,2,est,ltja,5,1,0,n,nlecomte
2013,cari,2019-07-13,200,11:35:00,13:40:00,2.08,exact,glgu,6,1,0,n,sfreeman
2013,cari,2019-07-13,200,11:35:00,13:40:00,2.08,exact,paja,2,1,0,n,sfreeman
2013,iglo,2019-07-13,200,20:30:00,22:43:00,2.22,exact,arfo,1,1,0,n,nlecomte
2013,iglo,2019-07-13,200,20:30:00,22:43:00,2.22,exact,ltja,3,1,0,n,nlecomte
2013,iglo,2019-07-13,200,20:30:00,22:43:00,2.22,est,ungu,1,1,0,n,nlecomte
2011,barr,2019-07-11,200,12:55:00,15:20:00,2.42,exact,brle,2,1,0,n,jcunningham
2011,barr,2019-07-11,200,12:55:00,15:20:00,2.42,exact,poja,3,1,0,n,jcunningham
2011,barr,2019-07-11,200,07:30:00,10:00:00,2.5,est,glgu,300,1,0,n,jzamudio
2013,bylo,2019-07-13,200,09:00:00,13:00:00,4,exact,glgu,2,1,0,n,fsenezgagnon
2013,bylo,2019-07-13,200,09:00:00,13:00:00,4,exact,sacr,4,1,0,n,fsenezgagnon
2012,chur,2018-07-12,200,08:40:00,16:00:00,7.33,exact,cora,1,1,0,n,jperz
2012,chur,2018-07-12,200,08:40:00,16:00:00,7.33,exact,herg,1,1,0,n,jperz
2012,chur,2018-07-12,200,08:40:00,16:00:00,7.33,exact,paja,4,1,0,n,jperz
2014,chur,2019-07-14,200,09:00:00,15:00:00,6,exact,cora,2,2,0,y,lkoloski
2014,chur,2019-07-14,200,09:00:00,15:00:00,6,exact,paja,3,2,0,y,lkoloski
2014,coat,2019-07-14,200,10:00:00,20:00:00,10,exact,paja,5,3,0,y,crew1
2014,coat,2019-07-14,200,10:00:00,20:00:00,10,est,herg,30,3,0,y,crew1
2014,coat,2019-07-14,200,10:00:00,20:00:00,10,exact,glgu,4,3,0,y,crew1
2014,cari,2019-07-14,200,17:00:00,18:10:00,1.17,exact,glgu,12,1,0,n,idavies
2014,cari,2019-07-14,200,17:00:00,18:10:00,1.17,exact,paja,5,1,0,n,idavies
2014,cari,2019-07-14,200,17:00:00,18:10:00,1.17,exact,sacr,1,1,0,n,idavies
2011,chur,2019-07-11,200,08:30:00,16:15:00,7.75,NA,cora,1,2,0,y,clishman
2012,prba,2017-07-12,199,09:10:00,09:40:00,0.5,exact,glgu,3,1,0,n,jlautenbach
2012,prba,2017-07-12,199,09:10:00,09:40:00,0.5,exact,paja,2,1,0,n,jlautenbach
2012,prba,2017-07-12,199,09:10:00,09:40:00,0.5,exact,snow,4,1,0,n,jlautenbach
2014,colv,2018-07-14,199,14:50:00,15:50:00,1,exact,glgu,4,1,0,n,agottesman
2014,colv,2018-07-14,199,14:50:00,15:50:00,1,exact,agsq,2,1,0,n,agottesman
2013,prba,2018-07-13,199,09:30:00,10:30:00,1,exact,glgu,1,1,0,n,brobinson
2014,colv,2018-07-14,199,13:35:00,14:35:00,1,exact,glgu,3,1,0,n,agottesman
2014,colv,2018-07-14,199,13:35:00,14:35:00,1,exact,paja,1,1,0,n,agottesman
2014,colv,2018-07-14,199,13:35:00,14:35:00,1,exact,agsq,10,1,0,n,agottesman
2012,chur,2017-07-12,199,16:15:00,17:30:00,1.25,exact,merl,2,1,0,n,jperz
2013,prba,2018-07-13,199,11:30:00,12:45:00,1.25,exact,cora,4,1,0,n,brobinson
2013,prba,2018-07-13,199,11:30:00,12:45:00,1.25,exact,glgu,1,1,0,n,brobinson
2013,prba,2018-07-13,199,11:30:00,12:45:00,1.25,exact,ltja,1,1,0,n,brobinson
2013,prba,2018-07-13,199,11:30:00,12:45:00,1.25,exact,paja,1,1,0,n,brobinson
2014,ikpi,2018-07-14,199,11:50:00,13:15:00,1.42,exact,glgu,3,1,0,n,mdodds
2014,ikpi,2018-07-14,199,11:50:00,13:15:00,1.42,exact,paja,3,1,0,n,mdodds
2014,ikpi,2018-07-14,199,11:50:00,13:15:00,1.42,exact,ltja,1,1,0,n,mdodds
2012,chur,2017-07-12,199,08:30:00,10:15:00,1.75,exact,paja,2,1,0,n,jperz
2012,barr,2017-07-12,199,12:00:00,13:45:00,1.75,exact,glgu,4,1,0,n,bhill
2012,barr,2017-07-12,199,12:00:00,13:45:00,1.75,exact,poja,2,1,0,n,bhill
2012,barr,2017-07-12,199,12:00:00,13:45:00,1.75,exact,snow,1,1,0,n,bhill
2012,barr,2017-07-12,199,11:35:00,13:25:00,1.83,est,glgu,60,1,0,n,mmcconell
2012,barr,2017-07-12,199,11:35:00,13:25:00,1.83,exact,poja,1,1,0,n,mmcconell
2012,barr,2017-07-12,199,09:48:00,11:43:00,1.92,exact,glgu,1,1,0,n,bhill
2012,barr,2017-07-12,199,09:48:00,11:43:00,1.92,exact,paja,1,1,0,n,bhill
2012,barr,2017-07-12,199,09:48:00,11:43:00,1.92,exact,poja,1,1,0,n,bhill
2012,barr,2017-07-12,199,09:48:00,11:43:00,1.92,exact,snow,2,1,0,n,bhill
2012,barr,2017-07-12,199,13:40:00,15:45:00,2.08,est,glgu,5,1,0,n,mmcconell
2012,barr,2017-07-12,199,13:40:00,15:45:00,2.08,exact,poja,1,1,0,n,mmcconell
2012,barr,2017-07-12,199,13:40:00,15:45:00,2.08,exact,snow,1,1,0,n,mmcconell
2012,barr,2017-07-12,199,11:45:00,14:10:00,2.42,exact,glgu,5,1,0,n,jcunningham
2012,barr,2017-07-12,199,11:45:00,14:10:00,2.42,exact,poja,2,1,0,n,jcunningham
2012,barr,2017-07-12,199,11:45:00,14:10:00,2.42,exact,snow,1,1,0,n,jcunningham
2012,barr,2017-07-12,199,11:45:00,14:10:00,2.42,exact,unja,8,1,0,n,jcunningham
2014,ikpi,2018-07-14,199,08:45:00,11:50:00,3.08,exact,glgu,4,1,0,n,mdodds
2014,ikpi,2018-07-14,199,08:45:00,11:50:00,3.08,exact,paja,5,1,0,n,mdodds
2012,barr,2017-07-12,199,14:20:00,18:30:00,4.17,exact,glgu,2,1,0,n,jcunningham
2012,barr,2017-07-12,199,14:20:00,18:30:00,4.17,exact,paja,1,1,0,n,jcunningham
2012,barr,2017-07-12,199,14:20:00,18:30:00,4.17,exact,poja,3,1,0,n,jcunningham
2012,barr,2017-07-12,199,14:20:00,18:30:00,4.17,exact,snow,1,1,0,n,jcunningham
2014,iglo,2018-07-14,199,14:30:00,19:45:00,5.25,est,cora,1,1,0,n,mgiroux
2014,iglo,2018-07-14,199,14:30:00,19:45:00,5.25,est,ltja,3,1,0,n,mgiroux
2012,chur,2017-07-12,199,10:15:00,16:00:00,5.75,exact,paja,3,1,0,n,jperz
2013,iglo,2018-07-13,199,10:00:00,16:00:00,6,est,ltja,3,1,0,n,magiroux
2013,bylo,2018-07-13,199,13:00:00,21:00:00,8,exact,glgu,3,1,0,n,fsenezgagnon
2013,bylo,2018-07-13,199,13:00:00,21:00:00,8,exact,sacr,2,1,0,n,fsenezgagnon
2014,chur,2018-07-14,199,09:30:00,16:20:00,6.83,exact,paja,1,2,0,y,lkoloski
2014,coat,2018-07-14,199,08:30:00,17:30:00,9,exact,paja,4,3,0,y,crew1
2014,coat,2018-07-14,199,08:30:00,17:30:00,9,exact,herg,3,3,0,y,crew1
2014,cari,2018-07-14,199,16:00:00,18:00:00,2,exact,glgu,15,1,0,n,idavies
2014,cari,2018-07-14,199,16:00:00,18:00:00,2,exact,paja,5,1,0,n,idavies
2014,cari,2018-07-14,199,16:00:00,18:00:00,2,exact,sacr,1,1,0,n,idavies
2011,chur,2018-07-11,199,09:10:00,16:10:00,7,NA,paja,3,2,0,y,clishman
2011,chur,2018-07-11,199,09:10:00,16:10:00,7,NA,cora,1,2,0,y,clishman
2014,colv,2017-07-14,198,14:00:00,14:30:00,0.5,exact,paja,2,1,0,n,lburlingame
2014,colv,2017-07-14,198,14:00:00,14:30:00,0.5,exact,agsq,1,1,0,n,lburlingame
2014,ikpi,2017-07-14,198,10:40:00,11:15:00,0.58,exact,paja,1,1,0,n,mdodds
2012,prba,2016-07-12,198,09:37:00,10:14:00,0.62,exact,paja,1,1,0,n,apham
2012,prba,2016-07-12,198,09:37:00,10:14:00,0.62,exact,snow,2,1,0,n,apham
2014,colv,2017-07-14,198,13:00:00,14:00:00,1,exact,glgu,4,1,0,n,lburlingame
2014,colv,2017-07-14,198,13:00:00,14:00:00,1,exact,paja,1,1,0,n,lburlingame
2014,colv,2017-07-14,198,13:00:00,14:00:00,1,exact,rutu,1,1,0,n,lburlingame
2014,colv,2017-07-14,198,13:00:00,14:00:00,1,exact,agsq,2,1,0,n,lburlingame
2013,prba,2017-07-13,198,13:00:00,14:30:00,1.5,exact,glgu,1,1,0,n,brobinson
2013,prba,2017-07-13,198,09:45:00,11:30:00,1.75,exact,cora,1,1,0,n,brobinson
2013,prba,2017-07-13,198,09:45:00,11:30:00,1.75,exact,paja,3,1,0,n,brobinson
2014,ikpi,2017-07-14,198,08:25:00,10:39:00,2.23,exact,glgu,2,1,0,n,mdodds
2014,ikpi,2017-07-14,198,08:25:00,10:39:00,2.23,exact,paja,1,1,0,n,mdodds
2014,iglo,2017-07-14,198,17:30:00,19:45:00,2.25,est,arfo,1,1,0,n,mgiroux
2013,iglo,2017-07-13,198,13:00:00,15:45:00,2.75,exact,cora,1,1,0,n,magiroux
2013,iglo,2017-07-13,198,13:00:00,15:45:00,2.75,est,herg,1,1,0,n,magiroux
2013,iglo,2017-07-13,198,20:30:00,23:20:00,2.83,exact,arfo,1,1,0,n,magiroux
2012,chur,2016-07-12,198,12:00:00,15:00:00,3,exact,amcr,1,1,0,n,jperz
2012,chur,2016-07-12,198,12:00:00,15:00:00,3,exact,herg,1,1,0,n,jperz
2012,chur,2016-07-12,198,12:00:00,15:00:00,3,exact,merl,2,1,0,n,jperz
2012,chur,2016-07-12,198,12:00:00,15:00:00,3,exact,paja,2,1,0,n,jperz
2013,bylo,2017-07-13,198,13:00:00,17:00:00,4,exact,cora,1,1,0,n,fsenezgagnon
2013,bylo,2017-07-13,198,13:00:00,17:00:00,4,exact,glgu,4,1,0,n,fsenezgagnon
2013,bylo,2017-07-13,198,13:00:00,17:00:00,4,exact,sacr,4,1,0,n,fsenezgagnon
2014,iglo,2017-07-14,198,10:45:00,16:45:00,6,est,cora,1,1,0,n,mgiroux
2014,iglo,2017-07-14,198,10:45:00,16:45:00,6,est,ungu,11,1,0,n,mgiroux
2014,iglo,2017-07-14,198,10:45:00,16:45:00,6,est,paja,1,1,0,n,mgiroux
2014,coat,2017-07-14,198,09:00:00,18:00:00,9,exact,paja,4,1,0,y,crew1
2014,coat,2017-07-14,198,09:00:00,18:00:00,9,exact,glgu,2,1,0,y,crew1
2014,chur,2017-07-14,198,10:40:00,15:30:00,4.83,exact,paja,1,2,0,y,lkoloski
2014,coat,2017-07-14,198,09:00:00,19:00:00,10,exact,herg,20,2,0,y,crew2
2014,cari,2017-07-14,198,13:00:00,16:00:00,3,exact,glgu,8,1,0,n,idavies
2014,cari,2017-07-14,198,13:00:00,16:00:00,3,exact,paja,4,1,0,n,idavies
2014,cari,2017-07-14,198,13:00:00,16:00:00,3,exact,sacr,1,1,0,n,idavies
2014,cari,2017-07-14,198,13:00:00,16:00:00,3,exact,noha,1,1,0,n,idavies
2011,prba,2016-07-11,197,10:34:00,11:24:00,0.83,exact,glgu,4,1,0,n,skolbe
2013,prba,2016-07-13,197,09:30:00,11:00:00,1.5,exact,cora,1,1,0,n,brobinson
2013,prba,2016-07-13,197,09:30:00,11:00:00,1.5,exact,paja,2,1,0,n,brobinson
2011,ikpi,2016-07-11,197,14:30:00,16:00:00,1.5,est,glgu,6,1,0,n,mmudge
2011,ikpi,2016-07-11,197,14:30:00,16:00:00,1.5,est,paja,4,1,0,n,mmudge
2011,ikpi,2016-07-11,197,14:30:00,16:00:00,1.5,exact,seow,1,1,1,n,mmudge
2013,barr,2016-07-13,197,15:10:00,16:40:00,1.5,exact,glgu,2,1,0,n,jcunningham
2013,barr,2016-07-13,197,15:10:00,16:40:00,1.5,exact,paja,1,1,0,n,jcunningham
2011,prba,2016-07-11,197,08:50:00,10:22:00,1.53,exact,glgu,3,1,0,n,eames
2011,prba,2016-07-11,197,08:50:00,10:22:00,1.53,exact,ltja,1,1,0,n,eames
2011,prba,2016-07-11,197,08:50:00,10:22:00,1.53,exact,snow,3,1,0,n,eames
2012,prba,2015-07-12,197,10:15:00,11:50:00,1.58,exact,cora,1,1,0,n,jlautenbach
2012,prba,2015-07-12,197,10:15:00,11:50:00,1.58,exact,glgu,8,1,0,n,jlautenbach
2012,prba,2015-07-12,197,10:15:00,11:50:00,1.58,exact,ltja,1,1,0,n,jlautenbach
2012,prba,2015-07-12,197,10:15:00,11:50:00,1.58,exact,snow,2,1,0,n,jlautenbach
2012,colv,2015-07-12,197,09:20:00,10:58:00,1.63,exact,agsq,3,1,0,n,dpavlik
2012,colv,2015-07-12,197,09:20:00,10:58:00,1.63,exact,glgu,2,1,0,n,dpavlik
2012,colv,2015-07-12,197,09:20:00,10:58:00,1.63,exact,ltja,2,1,0,n,dpavlik
2012,colv,2015-07-12,197,09:20:00,10:58:00,1.63,exact,paja,2,1,0,n,dpavlik
2012,colv,2015-07-12,197,09:20:00,10:58:00,1.63,exact,snow,1,1,0,n,dpavlik
2012,prba,2015-07-12,197,12:40:00,14:20:00,1.67,exact,glgu,2,1,0,n,jlautenbach
2012,prba,2015-07-12,197,12:40:00,14:20:00,1.67,exact,ltja,1,1,0,n,jlautenbach
2012,prba,2015-07-12,197,12:40:00,14:20:00,1.67,exact,snow,2,1,0,n,jlautenbach
2012,prba,2015-07-12,197,08:10:00,09:50:00,1.67,exact,cora,12,1,0,n,jlautenbach
2012,prba,2015-07-12,197,08:10:00,09:50:00,1.67,exact,glgu,22,1,0,n,jlautenbach
2012,colv,2015-07-12,197,09:31:00,11:29:00,1.97,exact,agsq,6,1,0,n,bwilkinson
2012,colv,2015-07-12,197,09:31:00,11:29:00,1.97,exact,glgu,2,1,0,n,bwilkinson
2012,colv,2015-07-12,197,09:31:00,11:29:00,1.97,exact,paja,1,1,0,n,bwilkinson
2012,colv,2015-07-12,197,09:31:00,11:29:00,1.97,exact,rutu,2,1,0,n,bwilkinson
2012,colv,2015-07-12,197,09:31:00,11:29:00,1.97,exact,snow,1,1,0,n,bwilkinson
2013,barr,2016-07-13,197,10:30:00,13:00:00,2.5,exact,glgu,2,1,0,n,kgrond
2013,barr,2016-07-13,197,10:30:00,13:00:00,2.5,exact,paja,2,1,0,n,kgrond
2014,colv,2016-07-14,197,14:30:00,17:00:00,2.5,exact,glgu,2,1,0,n,wkennerley
2014,colv,2016-07-14,197,14:30:00,17:00:00,2.5,exact,rutu,2,1,0,n,wkennerley
2014,colv,2016-07-14,197,14:30:00,17:00:00,2.5,exact,agsq,11,1,0,n,wkennerley
2013,barr,2016-07-13,197,10:35:00,13:10:00,2.58,exact,cora,1,1,0,n,pherzog
2013,barr,2016-07-13,197,10:35:00,13:10:00,2.58,exact,glgu,6,1,0,n,pherzog
2013,barr,2016-07-13,197,10:35:00,13:10:00,2.58,exact,paja,7,1,1,n,pherzog
2013,barr,2016-07-13,197,10:00:00,13:00:00,3,est,glgu,15,1,0,n,lrensel
2013,barr,2016-07-13,197,10:00:00,13:00:00,3,exact,paja,2,1,0,n,lrensel
2014,colv,2016-07-14,197,14:00:00,17:00:00,3,exact,glgu,3,1,0,n,agottesman
2014,colv,2016-07-14,197,14:00:00,17:00:00,3,exact,paja,2,1,0,n,agottesman
2014,colv,2016-07-14,197,14:00:00,17:00:00,3,exact,rutu,2,1,0,n,agottesman
2014,colv,2016-07-14,197,14:00:00,17:00:00,3,exact,snow,1,1,0,n,agottesman
2014,colv,2016-07-14,197,14:00:00,17:00:00,3,exact,agsq,15,1,0,n,agottesman
2013,barr,2016-07-13,197,13:13:00,16:15:00,3.03,exact,glgu,1,1,0,n,pherzog
2013,barr,2016-07-13,197,13:13:00,16:15:00,3.03,exact,paja,2,1,0,n,pherzog
2013,barr,2016-07-13,197,10:00:00,13:30:00,3.5,exact,glgu,3,1,0,n,bkaselow
2013,barr,2016-07-13,197,10:00:00,13:30:00,3.5,exact,unle,1,1,0,n,bkaselow
2013,iglo,2016-07-13,197,10:00:00,14:00:00,4,est,ltja,13,1,0,n,nlecomte
2013,iglo,2016-07-13,197,10:00:00,14:00:00,4,exact,cora,2,1,0,n,nlecomte
2013,iglo,2016-07-13,197,10:00:00,14:00:00,4,est,herg,14,1,0,n,nlecomte
2013,iglo,2016-07-13,197,10:00:00,14:00:00,4,est,glgu,2,1,0,n,nlecomte
2013,iglo,2016-07-13,197,10:00:00,14:00:00,4,exact,arfo,1,1,0,n,nlecomte
2014,ikpi,2016-07-14,197,11:00:00,17:53:00,6.88,exact,glgu,4,1,0,n,rhammond
2014,ikpi,2016-07-14,197,11:00:00,17:53:00,6.88,exact,paja,2,1,0,n,rhammond
2014,ikpi,2016-07-14,197,11:00:00,17:53:00,6.88,exact,agsq,10,1,0,n,rhammond
2014,ikpi,2016-07-14,197,11:00:00,17:53:00,6.88,exact,brle,1,1,0,n,rhammond
2013,bylo,2016-07-13,197,10:00:00,19:00:00,9,exact,glgu,1,1,0,n,fsenezgagnon
2013,bylo,2016-07-13,197,10:00:00,19:00:00,9,exact,sacr,2,1,0,n,fsenezgagnon
2014,chur,2016-07-14,197,12:00:00,16:00:00,4,exact,paja,3,2,0,y,lkoloski
2014,coat,2016-07-14,197,09:00:00,18:00:00,9,exact,paja,2,3,0,y,crew1
2014,coat,2016-07-14,197,09:00:00,18:00:00,9,est,herg,25,3,0,y,crew1
2014,cari,2016-07-14,197,15:00:00,16:00:00,1,exact,glgu,8,1,0,n,idavies
2014,cari,2016-07-14,197,15:00:00,16:00:00,1,exact,paja,3,1,0,n,idavies
2014,cari,2016-07-14,197,15:00:00,16:00:00,1,exact,ltja,2,1,0,n,idavies
2014,cari,2016-07-14,197,15:00:00,16:00:00,1,exact,rutu,1,1,0,n,idavies
2012,prba,2014-07-12,196,10:50:00,11:45:00,0.92,exact,arfo,1,1,0,n,apham
2012,prba,2014-07-12,196,10:50:00,11:45:00,0.92,exact,glgu,3,1,0,n,apham
2012,prba,2014-07-12,196,10:50:00,11:45:00,0.92,exact,paja,1,1,0,n,apham
2012,prba,2014-07-12,196,13:14:00,14:25:00,1.18,exact,glgu,3,1,0,n,apham
2012,prba,2014-07-12,196,13:14:00,14:25:00,1.18,exact,paja,2,1,0,n,apham
2012,prba,2014-07-12,196,13:14:00,14:25:00,1.18,exact,snow,2,1,0,n,apham
2013,colv,2015-07-13,196,13:05:00,14:20:00,1.25,exact,glgu,6,1,0,n,scarvey
2013,colv,2015-07-13,196,13:05:00,14:20:00,1.25,exact,ltja,2,1,0,n,scarvey
2013,colv,2015-07-13,196,13:05:00,14:20:00,1.25,exact,paja,2,1,0,n,scarvey
2012,prba,2014-07-12,196,08:44:00,10:00:00,1.27,exact,glgu,1,1,0,n,apham
2012,prba,2014-07-12,196,08:44:00,10:00:00,1.27,exact,paja,3,1,0,n,apham
2012,prba,2014-07-12,196,08:44:00,10:00:00,1.27,exact,snow,1,1,0,n,apham
2012,colv,2014-07-12,196,12:33:00,13:50:00,1.28,exact,agsq,7,1,0,n,dpavlik
2012,colv,2014-07-12,196,12:33:00,13:50:00,1.28,exact,ltja,2,1,0,n,dpavlik
2012,colv,2014-07-12,196,12:33:00,13:50:00,1.28,exact,paja,2,1,0,n,dpavlik
2012,colv,2014-07-12,196,12:33:00,13:50:00,1.28,exact,rutu,7,1,0,n,dpavlik
2012,colv,2014-07-12,196,13:33:00,14:55:00,1.37,exact,glgu,3,1,0,n,bwilkinson
2012,colv,2014-07-12,196,13:33:00,14:55:00,1.37,exact,ltja,2,1,0,n,bwilkinson
2012,colv,2014-07-12,196,13:33:00,14:55:00,1.37,exact,paja,1,1,0,n,bwilkinson
2012,colv,2014-07-12,196,13:33:00,14:55:00,1.37,exact,rutu,1,1,0,n,bwilkinson
2012,colv,2014-07-12,196,13:33:00,14:55:00,1.37,exact,snow,1,1,0,n,bwilkinson
2011,ikpi,2015-07-11,196,11:30:00,13:00:00,1.5,est,glgu,4,1,0,n,mmudge
2011,ikpi,2015-07-11,196,11:30:00,13:00:00,1.5,est,ltja,2,1,0,n,mmudge
2011,ikpi,2015-07-11,196,11:30:00,13:00:00,1.5,est,paja,2,1,0,n,mmudge
2011,ikpi,2015-07-11,196,11:30:00,13:00:00,1.5,exact,snow,1,1,0,n,mmudge
2014,colv,2015-07-14,196,09:20:00,10:50:00,1.5,exact,glgu,6,1,0,n,agottesman
2014,colv,2015-07-14,196,09:20:00,10:50:00,1.5,exact,paja,2,1,0,n,agottesman
2014,colv,2015-07-14,196,09:20:00,10:50:00,1.5,exact,rutu,1,1,0,n,agottesman
2014,colv,2015-07-14,196,09:20:00,10:50:00,1.5,exact,agsq,5,1,0,n,agottesman
2014,colv,2015-07-14,196,10:15:00,11:45:00,1.5,exact,paja,2,1,0,n,lburlingame
2014,colv,2015-07-14,196,10:15:00,11:45:00,1.5,exact,ltja,1,1,0,n,lburlingame
2014,colv,2015-07-14,196,10:15:00,11:45:00,1.5,exact,rutu,2,1,0,n,lburlingame
2014,colv,2015-07-14,196,10:15:00,11:45:00,1.5,exact,agsq,11,1,0,n,lburlingame
2013,prba,2015-07-13,196,13:30:00,15:00:00,1.5,exact,cora,3,1,0,n,brobinson
2013,prba,2015-07-13,196,13:30:00,15:00:00,1.5,exact,glgu,3,1,0,n,brobinson
2012,lkri,2014-07-12,196,16:15:00,18:40:00,2.42,exact,ltja,2,1,0,n,apopovkina
2013,prba,2015-07-13,196,10:00:00,12:30:00,2.5,exact,glgu,2,1,0,n,brobinson
2013,prba,2015-07-13,196,10:00:00,12:30:00,2.5,exact,paja,2,1,0,n,brobinson
2013,cari,2015-07-13,196,14:30:00,17:00:00,2.5,exact,glgu,6,1,0,n,bhiggins
2013,cari,2015-07-13,196,14:30:00,17:00:00,2.5,exact,ltja,9,1,0,n,bhiggins
2013,cari,2015-07-13,196,14:30:00,17:00:00,2.5,exact,paja,3,1,0,n,bhiggins
2014,barr,2015-07-14,196,12:45:00,15:45:00,3,exact,glgu,4,1,0,n,ssheedy
2014,barr,2015-07-14,196,12:45:00,15:45:00,3,exact,paja,2,1,0,n,ssheedy
2014,barr,2015-07-14,196,12:45:00,15:45:00,3,exact,ltja,6,1,0,n,ssheedy
2013,bylo,2015-07-13,196,14:00:00,17:00:00,3,exact,sacr,1,1,0,n,fsenezgagnon
2014,ikpi,2015-07-14,196,09:19:00,12:30:00,3.18,exact,glgu,5,1,0,n,pchilton
2014,ikpi,2015-07-14,196,09:19:00,12:30:00,3.18,exact,agsq,3,1,0,n,pchilton
2013,iglo,2015-07-13,196,19:15:00,22:45:00,3.5,exact,snow,1,1,0,n,magiroux
2013,iglo,2015-07-13,196,19:15:00,22:45:00,3.5,est,herg,1,1,0,n,magiroux
2014,barr,2015-07-14,196,09:00:00,12:35:00,3.58,exact,glgu,1,1,0,n,ssheedy
2014,barr,2015-07-14,196,09:00:00,12:35:00,3.58,exact,poja,7,1,0,n,ssheedy
2014,barr,2015-07-14,196,09:00:00,12:35:00,3.58,exact,snow,1,1,0,n,ssheedy
2014,barr,2015-07-14,196,09:00:00,13:00:00,4,NA,glgu,1,1,0,n,jmarin
2014,barr,2015-07-14,196,09:00:00,13:00:00,4,NA,poja,5,1,0,n,jmarin
2014,barr,2015-07-14,196,09:00:00,13:00:00,4,NA,paja,1,1,0,n,jmarin
2014,barr,2015-07-14,196,13:00:00,17:00:00,4,NA,glgu,1,1,0,n,jmarin
2014,barr,2015-07-14,196,13:00:00,17:00:00,4,NA,poja,14,1,0,n,jmarin
2014,barr,2015-07-14,196,13:00:00,17:00:00,4,NA,paja,1,1,0,n,jmarin
2013,iglo,2015-07-13,196,12:00:00,17:00:00,5,est,glgu,3,1,0,n,magiroux
2013,iglo,2015-07-13,196,12:00:00,17:00:00,5,est,herg,1,1,0,n,magiroux
2014,barr,2015-07-14,196,09:25:00,14:35:00,5.17,est,glgu,9,1,0,n,wenglish
2014,barr,2015-07-14,196,09:25:00,14:35:00,5.17,exact,poja,1,1,0,n,wenglish
2014,barr,2015-07-14,196,09:25:00,14:35:00,5.17,exact,paja,2,1,0,n,wenglish
2014,barr,2015-07-14,196,10:15:00,16:30:00,6.25,exact,glgu,2,1,0,n,asterling
2014,barr,2015-07-14,196,10:15:00,16:30:00,6.25,exact,poja,5,1,0,n,asterling
2014,barr,2015-07-14,196,10:15:00,16:30:00,6.25,exact,paja,1,1,0,n,asterling
2014,chur,2015-07-14,196,09:00:00,14:00:00,5,exact,herg,1,2,0,y,lkoloski
2014,chur,2015-07-14,196,09:00:00,14:00:00,5,exact,paja,1,2,0,y,lkoloski
2014,chur,2015-07-14,196,09:00:00,14:00:00,5,exact,sacr,2,2,0,y,lkoloski
2014,coat,2015-07-14,196,10:30:00,18:30:00,8,exact,paja,1,3,0,y,crew1
2014,coat,2015-07-14,196,10:30:00,18:30:00,8,exact,herg,3,3,0,y,crew1
2014,cari,2015-07-14,196,13:00:00,15:30:00,2.5,exact,glgu,7,1,0,n,idavies
2014,cari,2015-07-14,196,13:00:00,15:30:00,2.5,exact,paja,2,1,0,n,idavies
2014,cari,2015-07-14,196,13:00:00,15:30:00,2.5,exact,cora,3,1,0,n,idavies
2014,cari,2015-07-14,196,13:00:00,15:30:00,2.5,exact,rutu,1,1,0,n,idavies
2014,cari,2015-07-14,196,13:00:00,15:30:00,2.5,exact,sacr,1,1,0,n,idavies
2014,cari,2015-07-14,196,13:00:00,15:30:00,2.5,exact,pefa,1,1,0,n,idavies
2011,prba,2014-07-11,195,08:57:00,09:20:00,0.38,exact,glgu,1,1,0,n,eames
2011,prba,2014-07-11,195,08:57:00,09:20:00,0.38,exact,ltja,1,1,0,n,eames
2011,prba,2014-07-11,195,08:20:00,08:45:00,0.42,exact,paja,1,1,0,n,eames
2011,prba,2014-07-11,195,08:20:00,08:45:00,0.42,exact,snow,1,1,0,n,eames
2011,prba,2014-07-11,195,10:30:00,11:00:00,0.5,exact,snow,1,1,0,n,eames
2011,prba,2014-07-11,195,10:15:00,10:45:00,0.5,exact,glgu,1,1,0,n,skolbe
2011,prba,2014-07-11,195,10:15:00,10:45:00,0.5,exact,snow,3,1,0,n,skolbe
2011,ikpi,2014-07-11,195,13:40:00,14:15:00,0.58,est,glgu,1,1,0,n,jwright
2011,ikpi,2014-07-11,195,13:40:00,14:15:00,0.58,est,paja,1,1,0,n,jwright
2013,colv,2014-07-13,195,14:45:00,16:10:00,1.42,exact,agsq,1,1,0,n,scarvey
2013,colv,2014-07-13,195,14:45:00,16:10:00,1.42,exact,glgu,7,1,0,n,scarvey
2013,colv,2014-07-13,195,14:45:00,16:10:00,1.42,exact,paja,2,1,0,n,scarvey
2011,ikpi,2014-07-11,195,12:00:00,13:35:00,1.58,est,agsq,15,1,1,n,jwright
2011,ikpi,2014-07-11,195,12:00:00,13:35:00,1.58,est,glgu,4,1,0,n,jwright
2012,colv,2013-07-12,195,10:10:00,11:55:00,1.75,exact,agsq,3,1,0,n,bwilkinson
2012,colv,2013-07-12,195,10:10:00,11:55:00,1.75,exact,glgu,2,1,0,n,bwilkinson
2012,colv,2013-07-12,195,10:10:00,11:55:00,1.75,exact,paja,1,1,0,n,bwilkinson
2012,colv,2013-07-12,195,10:10:00,11:55:00,1.75,exact,rutu,2,1,0,n,bwilkinson
2012,colv,2013-07-12,195,10:10:00,11:55:00,1.75,exact,snow,1,1,0,n,bwilkinson
2014,colv,2014-07-14,195,14:00:00,16:00:00,2,exact,glgu,3,1,0,n,lburlingame
2014,colv,2014-07-14,195,14:00:00,16:00:00,2,exact,paja,1,1,0,n,lburlingame
2014,colv,2014-07-14,195,14:00:00,16:00:00,2,exact,sacr,3,1,0,n,lburlingame
2014,colv,2014-07-14,195,14:00:00,16:00:00,2,exact,agsq,1,1,0,n,lburlingame
2014,colv,2014-07-14,195,13:30:00,15:30:00,2,exact,glgu,2,1,0,n,agottesman
2014,colv,2014-07-14,195,13:30:00,15:30:00,2,exact,paja,3,1,0,n,agottesman
2014,colv,2014-07-14,195,13:30:00,15:30:00,2,exact,ltja,8,1,0,n,agottesman
2014,colv,2014-07-14,195,13:30:00,15:30:00,2,exact,rutu,3,1,0,n,agottesman
2014,colv,2014-07-14,195,13:30:00,15:30:00,2,exact,agsq,17,1,0,n,agottesman
2012,colv,2013-07-12,195,10:25:00,12:29:00,2.07,exact,agsq,5,1,0,n,dpavlik
2012,colv,2013-07-12,195,10:25:00,12:29:00,2.07,exact,glgu,3,1,0,n,dpavlik
2012,colv,2013-07-12,195,10:25:00,12:29:00,2.07,exact,rutu,2,1,0,n,dpavlik
2013,iglo,2014-07-13,195,13:00:00,15:30:00,2.5,est,herg,1,1,0,n,magiroux
2013,iglo,2014-07-13,195,13:00:00,15:30:00,2.5,exact,cora,1,1,0,n,magiroux
2013,bylo,2014-07-13,195,13:00:00,18:00:00,5,exact,glgu,4,1,0,n,fsenezgagnon
2012,chur,2013-07-12,195,15:35:00,15:40:00,0.08,exact,refo,1,2,0,y,jperz
2012,chur,2013-07-12,195,09:00:00,09:20:00,0.33,exact,cora,1,2,0,y,jperz
2012,chur,2013-07-12,195,09:00:00,09:20:00,0.33,exact,herg,2,2,0,y,jperz
2012,chur,2013-07-12,195,09:00:00,09:20:00,0.33,exact,noha,1,2,0,y,jperz
2012,chur,2013-07-12,195,09:00:00,09:20:00,0.33,exact,paja,2,2,0,y,jperz
2012,chur,2013-07-12,195,13:30:00,14:50:00,1.33,exact,merl,1,2,0,y,jperz
2012,chur,2013-07-12,195,13:30:00,14:50:00,1.33,exact,paja,1,2,0,y,jperz
2014,coat,2014-07-14,195,08:00:00,23:00:00,15,exact,paja,2,3,0,y,crew1
2014,coat,2014-07-14,195,08:00:00,23:00:00,15,exact,herg,5,3,0,y,crew1
2012,nome,2013-07-12,195,NA,NA,6,exact,cora,1,4,0,y,NA
2012,nome,2013-07-12,195,NA,NA,6,exact,glgu,1,4,0,y,NA
2012,nome,2013-07-12,195,NA,NA,6,exact,megu,1,4,0,y,NA
2014,cari,2014-07-14,195,12:00:00,14:00:00,2,exact,glgu,6,1,0,n,idavies
2014,cari,2014-07-14,195,12:00:00,14:00:00,2,exact,paja,2,1,0,n,idavies
2014,cari,2014-07-14,195,12:00:00,14:00:00,2,exact,rutu,2,1,0,n,idavies
2012,prba,2012-07-12,194,09:32:00,10:12:00,0.67,exact,cora,1,1,0,n,apham
2012,prba,2012-07-12,194,09:32:00,10:12:00,0.67,exact,glgu,1,1,0,n,apham
2012,prba,2012-07-12,194,09:32:00,10:12:00,0.67,exact,refo,1,1,0,n,apham
2013,iglo,2013-07-13,194,21:30:00,22:30:00,1,est,ltja,1,1,0,n,magiroux
2013,iglo,2013-07-13,194,21:30:00,22:30:00,1,exact,arfo,1,1,0,n,magiroux
2012,prba,2012-07-12,194,11:22:00,12:25:00,1.05,exact,glgu,1,1,0,n,apham
2012,prba,2012-07-12,194,11:22:00,12:25:00,1.05,exact,refo,1,1,0,n,apham
2012,prba,2012-07-12,194,07:56:00,09:07:00,1.18,exact,cora,12,1,0,n,apham
2012,prba,2012-07-12,194,07:56:00,09:07:00,1.18,exact,glgu,2,1,0,n,apham
2013,colv,2013-07-13,194,14:15:00,15:45:00,1.5,exact,glgu,4,1,0,n,scarvey
2013,colv,2013-07-13,194,14:15:00,15:45:00,1.5,exact,paja,2,1,0,n,scarvey
2013,colv,2013-07-13,194,14:20:00,16:05:00,1.75,exact,agsq,11,1,0,n,rharned
2013,colv,2013-07-13,194,14:20:00,16:05:00,1.75,exact,glgu,2,1,0,n,rharned
2013,colv,2013-07-13,194,14:20:00,16:05:00,1.75,exact,ltja,2,1,0,n,rharned
2013,colv,2013-07-13,194,14:20:00,16:05:00,1.75,exact,paja,2,1,0,n,rharned
2013,colv,2013-07-13,194,14:20:00,16:05:00,1.75,exact,rutu,8,1,0,n,rharned
2011,colv,2013-07-11,194,12:18:00,14:06:00,1.8,exact,agsq,2,1,0,n,bwilkinson
2011,colv,2013-07-11,194,12:18:00,14:06:00,1.8,exact,glgu,5,1,0,n,bwilkinson
2011,colv,2013-07-11,194,12:18:00,14:06:00,1.8,exact,ltja,2,1,0,n,bwilkinson
2011,colv,2013-07-11,194,12:18:00,14:06:00,1.8,exact,paja,1,1,0,n,bwilkinson
2011,colv,2013-07-11,194,12:18:00,14:06:00,1.8,exact,rutu,6,1,0,n,bwilkinson
2011,ikpi,2013-07-11,194,15:30:00,17:30:00,2,est,agsq,4,1,0,n,acook
2011,ikpi,2013-07-11,194,15:30:00,17:30:00,2,est,glgu,6,1,0,n,acook
2011,ikpi,2013-07-11,194,15:30:00,17:30:00,2,est,ltja,2,1,0,n,acook
2011,ikpi,2013-07-11,194,15:30:00,17:30:00,2,est,paja,4,1,0,n,acook
2011,ikpi,2013-07-11,194,15:30:00,17:30:00,2,exact,seow,2,1,0,n,acook
2012,colv,2012-07-12,194,09:47:00,12:00:00,2.22,exact,agsq,11,1,0,n,dpavlik
2012,colv,2012-07-12,194,09:47:00,12:00:00,2.22,exact,ltja,3,1,0,n,dpavlik
2012,colv,2012-07-12,194,09:47:00,12:00:00,2.22,exact,paja,2,1,0,n,dpavlik
2012,colv,2012-07-12,194,09:47:00,12:00:00,2.22,exact,rutu,3,1,0,n,dpavlik
2012,colv,2012-07-12,194,09:47:00,12:00:00,2.22,exact,snow,2,1,0,n,dpavlik
2014,colv,2013-07-14,194,12:30:00,14:45:00,2.25,exact,glgu,1,1,0,n,wkennerley
2014,colv,2013-07-14,194,12:30:00,14:45:00,2.25,exact,paja,3,1,0,n,wkennerley
2014,colv,2013-07-14,194,12:30:00,14:45:00,2.25,exact,ltja,3,1,0,n,wkennerley
2014,colv,2013-07-14,194,12:30:00,14:45:00,2.25,exact,rutu,2,1,0,n,wkennerley
2014,colv,2013-07-14,194,12:30:00,14:45:00,2.25,est,agsq,6,1,0,n,wkennerley
2014,iglo,2013-07-14,194,19:30:00,22:00:00,2.5,exact,cora,1,1,0,n,mtpaquet
2014,iglo,2013-07-14,194,19:30:00,22:00:00,2.5,exact,glgu,1,1,0,n,mtpaquet
2014,iglo,2013-07-14,194,19:30:00,22:00:00,2.5,exact,ungu,2,1,0,n,mtpaquet
2011,colv,2013-07-11,194,11:50:00,14:24:00,2.57,exact,agsq,17,1,0,n,dpavlik
2011,colv,2013-07-11,194,11:50:00,14:24:00,2.57,exact,glgu,5,1,0,n,dpavlik
2011,colv,2013-07-11,194,11:50:00,14:24:00,2.57,exact,ltja,1,1,0,n,dpavlik
2011,colv,2013-07-11,194,11:50:00,14:24:00,2.57,exact,paja,2,1,0,n,dpavlik
2011,colv,2013-07-11,194,11:50:00,14:24:00,2.57,exact,refo,1,1,0,n,dpavlik
2012,colv,2012-07-12,194,11:05:00,14:00:00,2.92,exact,agsq,2,1,0,n,bwilkinson
2012,colv,2012-07-12,194,11:05:00,14:00:00,2.92,exact,glgu,3,1,0,n,bwilkinson
2012,colv,2012-07-12,194,11:05:00,14:00:00,2.92,exact,ltja,2,1,0,n,bwilkinson
2012,colv,2012-07-12,194,11:05:00,14:00:00,2.92,exact,paja,1,1,0,n,bwilkinson
2012,colv,2012-07-12,194,11:05:00,14:00:00,2.92,exact,rutu,1,1,0,n,bwilkinson
2012,colv,2012-07-12,194,11:05:00,14:00:00,2.92,exact,snow,1,1,0,n,bwilkinson
2013,ikpi,2013-07-13,194,11:34:00,14:40:00,3.1,exact,glgu,3,1,0,n,epayne
2013,ikpi,2013-07-13,194,11:34:00,14:40:00,3.1,exact,ltja,1,1,0,n,epayne
2013,ikpi,2013-07-13,194,11:34:00,14:40:00,3.1,exact,paja,3,1,0,n,epayne
2014,ikpi,2013-07-14,194,09:05:00,14:00:00,4.92,exact,glgu,2,1,0,n,rhammond
2014,ikpi,2013-07-14,194,09:05:00,14:00:00,4.92,exact,paja,2,1,0,n,rhammond
2014,ikpi,2013-07-14,194,09:05:00,14:00:00,4.92,exact,agsq,1,1,0,n,rhammond
2014,ikpi,2013-07-14,194,09:05:00,14:00:00,4.92,exact,sagu,1,1,0,n,rhammond
2013,iglo,2013-07-13,194,13:00:00,18:00:00,5,est,ltja,1,1,0,n,magiroux
2014,iglo,2013-07-14,194,11:30:00,17:55:00,6.42,exact,cora,1,1,0,n,mtpaquet
2014,iglo,2013-07-14,194,11:30:00,17:55:00,6.42,est,ltja,13,1,0,n,mtpaquet
2014,coat,2013-07-14,194,08:30:00,18:30:00,10,exact,paja,6,1,0,y,crew1
2014,coat,2013-07-14,194,08:30:00,18:30:00,10,exact,arfo,1,1,0,y,crew1
2013,bylo,2013-07-13,194,10:00:00,22:00:00,12,exact,glgu,2,1,0,n,fsenezgagnon
2013,bylo,2013-07-13,194,10:00:00,22:00:00,12,exact,sacr,1,1,0,n,fsenezgagnon
2014,iglo,2013-07-14,194,11:00:00,23:00:00,12,est,arfo,2,1,0,n,nlecomte
2014,iglo,2013-07-14,194,11:00:00,23:00:00,12,est,cora,6,1,0,n,nlecomte
2014,iglo,2013-07-14,194,11:00:00,23:00:00,12,est,ungu,2,1,0,n,nlecomte
2014,iglo,2013-07-14,194,11:00:00,23:00:00,12,est,ltja,9,1,0,n,nlecomte
2014,iglo,2013-07-14,194,11:00:00,23:00:00,12,est,paja,2,1,0,n,nlecomte
2014,iglo,2013-07-14,194,11:00:00,23:00:00,12,est,sacr,1,1,0,n,nlecomte
2012,chur,2012-07-12,194,17:15:00,18:00:00,0.75,exact,amcr,2,2,0,y,jperz
2012,chur,2012-07-12,194,17:15:00,18:00:00,0.75,exact,merl,2,2,0,y,jperz
2014,chur,2013-07-14,194,16:00:00,17:00:00,1,exact,cora,1,2,0,y,lkoloski
2014,colv,2013-07-14,194,12:30:00,14:00:00,1.5,exact,glgu,2,2,0,y,agottesman
2014,colv,2013-07-14,194,12:30:00,14:00:00,1.5,exact,paja,1,2,0,y,agottesman
2014,colv,2013-07-14,194,12:30:00,14:00:00,1.5,exact,ltja,1,2,0,y,agottesman
2014,chur,2013-07-14,194,14:00:00,16:00:00,2,exact,cora,1,2,0,y,lkoloski
2014,chur,2013-07-14,194,14:00:00,16:00:00,2,exact,noha,1,2,0,y,lkoloski
2014,chur,2013-07-14,194,14:00:00,16:00:00,2,exact,sacr,2,2,0,y,lkoloski
2012,nome,2012-07-12,194,21:00:00,23:00:00,2,exact,agsq,1,2,0,y,NA
2012,nome,2012-07-12,194,21:00:00,23:00:00,2,exact,cora,8,2,0,y,NA
2012,chur,2012-07-12,194,13:30:00,16:00:00,2.5,exact,herg,1,2,0,y,jperz
2014,iglo,2013-07-14,194,11:00:00,14:00:00,3,est,cora,2,2,0,y,mcfrenette
2014,iglo,2013-07-14,194,11:00:00,14:00:00,3,est,ltja,9,2,0,y,mcfrenette
2012,chur,2012-07-12,194,08:45:00,12:30:00,3.75,exact,cora,2,2,0,y,jperz
2012,chur,2012-07-12,194,08:45:00,12:30:00,3.75,exact,paja,3,2,0,y,jperz
2012,chur,2012-07-12,194,08:45:00,12:30:00,3.75,exact,rlha,1,2,0,y,jperz
2014,coat,2013-07-14,194,08:30:00,18:30:00,10,exact,herg,20,2,0,y,crew2
2014,coat,2013-07-14,194,08:30:00,18:30:00,10,exact,glgu,1,2,0,y,crew2
2014,cari,2013-07-14,194,11:00:00,13:30:00,2.5,exact,glgu,8,1,0,n,idavies
2014,cari,2013-07-14,194,11:00:00,13:30:00,2.5,exact,paja,3,1,0,n,idavies
2014,cari,2013-07-14,194,11:00:00,13:30:00,2.5,exact,sacr,2,1,0,n,idavies
2014,cari,2013-07-14,194,11:00:00,13:30:00,2.5,exact,snow,1,1,0,n,idavies
2012,ikpi,2012-07-12,194,15:35:00,16:35:00,1,exact,glgu,1,1,0,n,mmudge
2012,ikpi,2012-07-12,194,15:35:00,16:35:00,1,exact,seow,2,1,0,n,mmudge
2011,prba,2012-07-11,193,11:09:00,12:10:00,1.02,exact,glgu,2,1,0,n,skolbe
2013,prba,2012-07-13,193,10:30:00,11:45:00,1.25,exact,cora,1,1,0,n,brobinson
2013,prba,2012-07-13,193,10:30:00,11:45:00,1.25,exact,glgu,4,1,0,n,brobinson
2013,prba,2012-07-13,193,10:30:00,11:45:00,1.25,exact,paja,1,1,0,n,brobinson
2011,barr,2012-07-11,193,13:06:00,14:21:00,1.25,exact,ltja,3,1,0,n,abankert
2011,barr,2012-07-11,193,13:06:00,14:21:00,1.25,exact,paja,3,1,0,n,abankert
2011,barr,2012-07-11,193,13:06:00,14:21:00,1.25,exact,poja,3,1,0,n,abankert
2011,barr,2012-07-11,193,13:06:00,14:21:00,1.25,exact,snow,1,1,0,n,abankert
2011,barr,2012-07-11,193,09:40:00,10:58:00,1.3,exact,glgu,5,1,0,n,abankert
2011,barr,2012-07-11,193,09:40:00,10:58:00,1.3,exact,ltja,3,1,0,n,abankert
2011,barr,2012-07-11,193,09:40:00,10:58:00,1.3,exact,poja,3,1,0,n,abankert
2013,prba,2012-07-13,193,13:20:00,14:40:00,1.33,exact,glgu,2,1,0,n,brobinson
2013,prba,2012-07-13,193,13:20:00,14:40:00,1.33,exact,noha,1,1,0,n,brobinson
2011,barr,2012-07-11,193,11:23:00,12:45:00,1.37,exact,glgu,13,1,0,n,abankert
2011,barr,2012-07-11,193,11:23:00,12:45:00,1.37,exact,paja,1,1,0,n,abankert
2011,barr,2012-07-11,193,11:23:00,12:45:00,1.37,exact,poja,4,1,0,n,abankert
2011,barr,2012-07-11,193,11:23:00,12:45:00,1.37,exact,rutu,1,1,0,n,abankert
2012,prba,2011-07-12,193,10:15:00,11:40:00,1.42,exact,glgu,8,1,0,n,jlautenbach
2012,prba,2011-07-12,193,10:15:00,11:40:00,1.42,exact,paja,1,1,0,n,jlautenbach
2012,prba,2011-07-12,193,10:15:00,11:40:00,1.42,exact,snow,2,1,0,n,jlautenbach
2011,colv,2012-07-11,193,11:24:00,12:55:00,1.52,exact,glgu,1,1,0,n,dpavlik
2011,colv,2012-07-11,193,11:24:00,12:55:00,1.52,exact,rutu,4,1,0,n,dpavlik
2011,colv,2012-07-11,193,11:24:00,12:55:00,1.52,exact,snow,1,1,0,n,dpavlik
2011,colv,2012-07-11,193,11:22:00,12:57:00,1.58,exact,agsq,7,1,0,n,bwilkinson
2011,colv,2012-07-11,193,11:22:00,12:57:00,1.58,exact,glgu,4,1,0,n,bwilkinson
2011,colv,2012-07-11,193,11:22:00,12:57:00,1.58,exact,paja,2,1,0,n,bwilkinson
2011,colv,2012-07-11,193,11:22:00,12:57:00,1.58,exact,rutu,4,1,0,n,bwilkinson
2011,prba,2012-07-11,193,09:10:00,11:03:00,1.88,exact,cora,1,1,0,n,eames
2011,prba,2012-07-11,193,09:10:00,11:03:00,1.88,exact,glgu,2,1,0,n,eames
2012,prba,2011-07-12,193,08:00:00,10:00:00,2,exact,cora,1,1,0,n,jlautenbach
2012,prba,2011-07-12,193,08:00:00,10:00:00,2,exact,paja,1,1,0,n,jlautenbach
2012,prba,2011-07-12,193,08:00:00,10:00:00,2,exact,snow,3,1,0,n,jlautenbach
2013,colv,2012-07-13,193,17:15:00,19:20:00,2.08,exact,agsq,2,1,0,n,scarvey
2013,colv,2012-07-13,193,17:15:00,19:20:00,2.08,exact,glgu,4,1,0,n,scarvey
2013,colv,2012-07-13,193,17:15:00,19:20:00,2.08,exact,paja,4,1,0,n,scarvey
2011,barr,2012-07-11,193,10:20:00,12:30:00,2.17,exact,glgu,8,1,0,n,jzamudio
2011,barr,2012-07-11,193,10:20:00,12:30:00,2.17,exact,pefa,1,1,0,n,jzamudio
2011,barr,2012-07-11,193,10:20:00,12:30:00,2.17,exact,poja,3,1,0,n,jzamudio
2013,colv,2012-07-13,193,17:00:00,19:15:00,2.25,exact,agsq,5,1,0,n,rharned
2013,colv,2012-07-13,193,17:00:00,19:15:00,2.25,exact,glgu,5,1,0,n,rharned
2013,colv,2012-07-13,193,17:00:00,19:15:00,2.25,exact,ltja,11,1,0,n,rharned
2013,colv,2012-07-13,193,17:00:00,19:15:00,2.25,exact,paja,3,1,0,n,rharned
2013,colv,2012-07-13,193,17:00:00,19:15:00,2.25,exact,rutu,4,1,0,n,rharned
2014,colv,2012-07-14,193,13:30:00,16:00:00,2.5,exact,glgu,3,1,0,n,agottesman
2014,colv,2012-07-14,193,13:30:00,16:00:00,2.5,exact,paja,5,1,0,n,agottesman
2014,colv,2012-07-14,193,13:30:00,16:00:00,2.5,exact,ltja,2,1,0,n,agottesman
2014,colv,2012-07-14,193,13:30:00,16:00:00,2.5,exact,rutu,5,1,0,n,agottesman
2014,colv,2012-07-14,193,13:30:00,16:00:00,2.5,exact,refo,1,1,0,n,agottesman
2014,colv,2012-07-14,193,13:30:00,16:00:00,2.5,exact,agsq,17,1,0,n,agottesman
2011,barr,2012-07-11,193,07:30:00,10:00:00,2.5,est,glgu,200,1,0,n,jzamudio
2011,barr,2012-07-11,193,07:30:00,10:00:00,2.5,exact,paja,1,1,0,n,jzamudio
2011,barr,2012-07-11,193,07:30:00,10:00:00,2.5,exact,poja,1,1,0,n,jzamudio
2012,colv,2011-07-12,193,10:26:00,13:12:00,2.77,exact,glgu,4,1,0,n,dpavlik
2012,colv,2011-07-12,193,10:26:00,13:12:00,2.77,exact,ltja,4,1,0,n,dpavlik
2012,colv,2011-07-12,193,10:26:00,13:12:00,2.77,exact,paja,2,1,0,n,dpavlik
2012,colv,2011-07-12,193,10:26:00,13:12:00,2.77,exact,rutu,6,1,0,n,dpavlik
2012,colv,2011-07-12,193,10:26:00,13:12:00,2.77,exact,snow,1,1,0,n,dpavlik
2011,barr,2012-07-11,193,13:00:00,16:15:00,3.25,exact,glgu,1,1,0,n,jzamudio
2011,barr,2012-07-11,193,13:00:00,16:15:00,3.25,exact,poja,2,1,0,n,jzamudio
2012,colv,2011-07-12,193,10:40:00,13:56:00,3.27,exact,agsq,4,1,0,n,bwilkinson
2012,colv,2011-07-12,193,10:40:00,13:56:00,3.27,exact,glgu,2,1,0,n,bwilkinson
2012,colv,2011-07-12,193,10:40:00,13:56:00,3.27,exact,ltja,1,1,0,n,bwilkinson
2012,colv,2011-07-12,193,10:40:00,13:56:00,3.27,exact,paja,2,1,0,n,bwilkinson
2012,colv,2011-07-12,193,10:40:00,13:56:00,3.27,exact,rutu,1,1,0,n,bwilkinson
2012,colv,2011-07-12,193,10:40:00,13:56:00,3.27,exact,snow,1,1,0,n,bwilkinson
2013,cari,2012-07-13,193,12:30:00,17:30:00,5,exact,agsq,4,1,0,n,bhiggins
2013,cari,2012-07-13,193,12:30:00,17:30:00,5,exact,glgu,5,1,0,n,bhiggins
2013,cari,2012-07-13,193,12:30:00,17:30:00,5,exact,ltja,9,1,0,n,bhiggins
2013,cari,2012-07-13,193,12:30:00,17:30:00,5,exact,paja,5,1,0,n,bhiggins
2013,cari,2012-07-13,193,12:30:00,17:30:00,5,exact,rutu,1,1,0,n,bhiggins
2014,ikpi,2012-07-14,193,08:20:00,14:00:00,5.67,exact,glgu,3,1,0,n,pchilton
2014,ikpi,2012-07-14,193,08:20:00,14:00:00,5.67,exact,paja,8,1,0,n,pchilton
2014,ikpi,2012-07-14,193,08:20:00,14:00:00,5.67,exact,ltja,1,1,0,n,pchilton
2014,ikpi,2012-07-14,193,08:20:00,14:00:00,5.67,exact,agsq,2,1,0,n,pchilton
2013,cari,2012-07-13,193,11:30:00,17:20:00,5.83,exact,agsq,1,1,0,n,idavies
2013,cari,2012-07-13,193,11:30:00,17:20:00,5.83,exact,glgu,9,1,0,n,idavies
2013,cari,2012-07-13,193,11:30:00,17:20:00,5.83,exact,ltja,14,1,0,n,idavies
2013,cari,2012-07-13,193,11:30:00,17:20:00,5.83,exact,paja,5,1,0,n,idavies
2013,cari,2012-07-13,193,11:30:00,17:20:00,5.83,exact,stwe,1,1,0,n,idavies
2013,bylo,2012-07-13,193,09:30:00,18:30:00,9,exact,arfo,1,1,0,n,fsenezgagnon
2013,bylo,2012-07-13,193,09:30:00,18:30:00,9,exact,glgu,4,1,0,n,fsenezgagnon
2012,chur,2011-07-12,193,08:40:00,09:30:00,0.83,exact,cora,2,2,0,y,jperz
2012,chur,2011-07-12,193,08:40:00,09:30:00,0.83,exact,herg,8,2,0,y,jperz
2012,chur,2011-07-12,193,15:00:00,16:00:00,1,exact,paja,1,2,0,y,jperz
2012,chur,2011-07-12,193,09:40:00,11:20:00,1.67,exact,cora,1,2,0,y,jperz
2012,chur,2011-07-12,193,09:40:00,11:20:00,1.67,exact,paja,2,2,0,y,jperz
2014,colv,2012-07-14,193,14:00:00,16:00:00,2,exact,glgu,4,2,0,y,lburlingame
2014,colv,2012-07-14,193,14:00:00,16:00:00,2,exact,paja,7,2,0,y,lburlingame
2014,colv,2012-07-14,193,14:00:00,16:00:00,2,exact,ltja,2,2,0,y,lburlingame
2012,chur,2011-07-12,193,12:00:00,14:10:00,2.17,exact,merl,2,2,0,y,jperz
2012,chur,2011-07-12,193,12:00:00,14:10:00,2.17,exact,paja,1,2,0,y,jperz
2012,nome,2011-07-12,193,11:00:00,14:00:00,3,exact,agsq,1,5,0,y,NA
2012,nome,2011-07-12,193,11:00:00,14:00:00,3,exact,cora,3,5,0,y,NA
2012,nome,2011-07-12,193,11:00:00,14:00:00,3,exact,glgu,4,5,0,y,NA
2012,nome,2011-07-12,193,11:00:00,14:00:00,3,exact,megu,1,5,0,y,NA
2012,nome,2011-07-12,193,11:00:00,14:00:00,3,exact,tuvo,11,5,0,y,NA
2014,cari,2012-07-14,193,11:00:00,15:00:00,4,exact,glgu,7,1,0,n,idavies
2014,cari,2012-07-14,193,11:00:00,15:00:00,4,exact,paja,6,1,0,n,idavies
2014,cari,2012-07-14,193,11:00:00,15:00:00,4,exact,cora,1,1,0,n,idavies
2014,cari,2012-07-14,193,11:00:00,15:00:00,4,exact,rutu,1,1,0,n,idavies
2014,cari,2012-07-14,193,11:00:00,15:00:00,4,exact,snow,2,1,0,n,idavies
2014,cari,2012-07-14,193,11:00:00,15:00:00,4,exact,pefa,1,1,0,n,idavies
2012,prba,2010-07-12,192,08:50:00,09:20:00,0.5,exact,glgu,1,1,0,n,apham
2012,prba,2010-07-12,192,08:50:00,09:20:00,0.5,exact,snow,1,1,0,n,apham
2012,prba,2010-07-12,192,10:15:00,11:08:00,0.88,exact,cora,2,1,0,n,apham
2012,prba,2010-07-12,192,10:15:00,11:08:00,0.88,exact,glgu,5,1,0,n,apham
2011,prba,2011-07-11,192,11:30:00,12:32:00,1.03,exact,glgu,2,1,0,n,eames
2011,prba,2011-07-11,192,10:08:00,11:12:00,1.07,exact,glgu,2,1,0,n,eames
2011,prba,2011-07-11,192,10:08:00,11:12:00,1.07,exact,ltja,1,1,0,n,eames
2011,prba,2011-07-11,192,10:08:00,11:12:00,1.07,exact,paja,1,1,0,n,eames
2012,colv,2010-07-12,192,10:50:00,11:58:00,1.13,exact,agsq,6,1,0,n,dpavlik
2012,colv,2010-07-12,192,10:50:00,11:58:00,1.13,exact,glgu,2,1,0,n,dpavlik
2012,colv,2010-07-12,192,10:50:00,11:58:00,1.13,exact,ltja,2,1,0,n,dpavlik
2012,colv,2010-07-12,192,10:50:00,11:58:00,1.13,exact,paja,3,1,0,n,dpavlik
2012,colv,2010-07-12,192,10:50:00,11:58:00,1.13,exact,rutu,8,1,0,n,dpavlik
2012,colv,2010-07-12,192,10:50:00,11:58:00,1.13,exact,snow,1,1,0,n,dpavlik
2012,prba,2010-07-12,192,12:00:00,13:10:00,1.17,exact,cora,2,1,0,n,apham
2012,prba,2010-07-12,192,12:00:00,13:10:00,1.17,exact,glgu,4,1,0,n,apham
2012,prba,2010-07-12,192,12:00:00,13:10:00,1.17,exact,ltja,1,1,0,n,apham
2011,ikpi,2011-07-11,192,13:50:00,15:02:00,1.2,est,glgu,2,1,0,n,jwright
2011,ikpi,2011-07-11,192,13:50:00,15:02:00,1.2,est,ltja,4,1,0,n,jwright
2011,ikpi,2011-07-11,192,13:50:00,15:02:00,1.2,exact,snow,1,1,0,n,jwright
2013,prba,2011-07-13,192,12:30:00,13:45:00,1.25,exact,glgu,1,1,0,n,brobinson
2013,prba,2011-07-13,192,12:30:00,13:45:00,1.25,exact,ltja,3,1,0,n,brobinson
2013,prba,2011-07-13,192,12:30:00,13:45:00,1.25,exact,sacr,2,1,0,n,brobinson
2013,prba,2011-07-13,192,12:30:00,13:45:00,1.25,exact,snow,1,1,0,n,brobinson
2013,prba,2011-07-13,192,10:00:00,11:30:00,1.5,exact,glgu,1,1,0,n,brobinson
2013,prba,2011-07-13,192,10:00:00,11:30:00,1.5,exact,goea,1,1,0,n,brobinson
2013,prba,2011-07-13,192,10:00:00,11:30:00,1.5,exact,paja,3,1,0,n,brobinson
2013,iglo,2011-07-13,192,21:00:00,22:45:00,1.75,est,ltja,2,1,0,n,magiroux
2014,ikpi,2011-07-14,192,08:00:00,10:00:00,2,exact,glgu,3,1,0,n,mdodds
2014,ikpi,2011-07-14,192,08:00:00,10:00:00,2,exact,paja,4,1,0,n,mdodds
2012,barr,2010-07-12,192,13:00:00,15:00:00,2,exact,brle,1,1,0,n,pherzog
2012,barr,2010-07-12,192,13:00:00,15:00:00,2,exact,poja,2,1,0,n,pherzog
2012,barr,2010-07-12,192,13:00:00,15:00:00,2,exact,snow,2,1,0,n,pherzog
2011,ikpi,2011-07-11,192,11:38:00,13:40:00,2.03,est,glgu,1,1,0,n,jwright
2011,ikpi,2011-07-11,192,11:38:00,13:40:00,2.03,exact,paja,1,1,0,n,jwright
2011,ikpi,2011-07-11,192,11:38:00,13:40:00,2.03,exact,seow,1,1,0,n,jwright
2011,colv,2011-07-11,192,11:21:00,13:27:00,2.1,exact,agsq,3,1,0,n,bwilkinson
2011,colv,2011-07-11,192,11:21:00,13:27:00,2.1,exact,glgu,3,1,0,n,bwilkinson
2011,colv,2011-07-11,192,11:21:00,13:27:00,2.1,exact,ltja,1,1,0,n,bwilkinson
2011,colv,2011-07-11,192,11:21:00,13:27:00,2.1,exact,paja,1,1,0,n,bwilkinson
2011,colv,2011-07-11,192,11:21:00,13:27:00,2.1,exact,rutu,2,1,0,n,bwilkinson
2012,barr,2010-07-12,192,15:20:00,17:45:00,2.42,exact,brle,2,1,0,n,mmcconell
2012,barr,2010-07-12,192,15:20:00,17:45:00,2.42,exact,glgu,3,1,0,n,mmcconell
2012,barr,2010-07-12,192,15:20:00,17:45:00,2.42,exact,paja,1,1,0,n,mmcconell
2013,colv,2011-07-13,192,17:00:00,19:30:00,2.5,exact,glgu,10,1,0,n,scarvey
2014,colv,2011-07-14,192,13:00:00,15:30:00,2.5,exact,glgu,7,1,0,n,agottesman
2014,colv,2011-07-14,192,13:00:00,15:30:00,2.5,exact,paja,4,1,0,n,agottesman
2014,colv,2011-07-14,192,13:00:00,15:30:00,2.5,exact,cora,1,1,0,n,agottesman
2014,colv,2011-07-14,192,13:00:00,15:30:00,2.5,exact,rutu,3,1,0,n,agottesman
2014,colv,2011-07-14,192,13:00:00,15:30:00,2.5,exact,agsq,2,1,0,n,agottesman
2014,colv,2011-07-14,192,13:00:00,15:30:00,2.5,exact,glgu,4,1,0,n,wkennerley
2014,colv,2011-07-14,192,13:00:00,15:30:00,2.5,exact,paja,4,1,0,n,wkennerley
2014,colv,2011-07-14,192,13:00:00,15:30:00,2.5,exact,ltja,1,1,0,n,wkennerley
2014,colv,2011-07-14,192,13:00:00,15:30:00,2.5,exact,cora,1,1,0,n,wkennerley
2014,colv,2011-07-14,192,13:00:00,15:30:00,2.5,exact,rutu,1,1,0,n,wkennerley
2014,colv,2011-07-14,192,13:00:00,15:30:00,2.5,exact,snow,1,1,0,n,wkennerley
2014,colv,2011-07-14,192,13:00:00,15:30:00,2.5,exact,agsq,7,1,0,n,wkennerley
2014,ikpi,2011-07-14,192,10:00:00,12:35:00,2.58,exact,glgu,2,1,0,n,mdodds
2014,ikpi,2011-07-14,192,10:00:00,12:35:00,2.58,exact,paja,1,1,0,n,mdodds
2012,colv,2010-07-12,192,11:04:00,14:10:00,3.1,exact,agsq,3,1,0,n,bwilkinson
2012,colv,2010-07-12,192,11:04:00,14:10:00,3.1,exact,glgu,3,1,0,n,bwilkinson
2012,colv,2010-07-12,192,11:04:00,14:10:00,3.1,exact,ltja,2,1,0,n,bwilkinson
2012,colv,2010-07-12,192,11:04:00,14:10:00,3.1,exact,paja,2,1,0,n,bwilkinson
2012,barr,2010-07-12,192,09:45:00,12:55:00,3.17,exact,glgu,4,1,0,n,pherzog
2012,barr,2010-07-12,192,09:45:00,12:55:00,3.17,exact,paja,2,1,0,n,pherzog
2012,barr,2010-07-12,192,12:00:00,15:15:00,3.25,exact,brle,1,1,0,n,mmcconell
2012,barr,2010-07-12,192,12:00:00,15:15:00,3.25,est,glgu,5,1,0,n,mmcconell
2012,barr,2010-07-12,192,12:00:00,15:15:00,3.25,exact,paja,2,1,0,n,mmcconell
2012,barr,2010-07-12,192,12:00:00,15:15:00,3.25,exact,poja,3,1,0,n,mmcconell
2011,colv,2011-07-11,192,14:11:00,17:48:00,3.62,exact,agsq,1,1,0,n,bwilkinson
2011,colv,2011-07-11,192,14:11:00,17:48:00,3.62,exact,glgu,4,1,0,n,bwilkinson
2011,colv,2011-07-11,192,14:11:00,17:48:00,3.62,exact,ltja,2,1,0,n,bwilkinson
2011,colv,2011-07-11,192,14:11:00,17:48:00,3.62,exact,paja,2,1,0,n,bwilkinson
2011,colv,2011-07-11,192,14:11:00,17:48:00,3.62,exact,rutu,4,1,0,n,bwilkinson
2012,cari,2010-07-12,192,10:07:00,13:59:00,3.87,exact,agsq,2,1,0,n,asoto
2012,cari,2010-07-12,192,10:07:00,13:59:00,3.87,exact,arfo,2,1,0,n,asoto
2012,cari,2010-07-12,192,10:07:00,13:59:00,3.87,exact,glgu,7,1,0,n,asoto
2012,cari,2010-07-12,192,10:07:00,13:59:00,3.87,exact,rutu,6,1,0,n,asoto
2012,cari,2010-07-12,192,10:07:00,13:59:00,3.87,exact,snow,4,1,0,n,asoto
2013,bylo,2011-07-13,192,11:00:00,17:00:00,6,exact,cora,1,1,0,n,fsenezgagnon
2013,bylo,2011-07-13,192,11:00:00,17:00:00,6,exact,glgu,2,1,0,n,fsenezgagnon
2013,bylo,2011-07-13,192,11:00:00,17:00:00,6,exact,sacr,2,1,0,n,fsenezgagnon
2012,chau,2010-07-12,192,11:00:00,17:30:00,6.5,exact,agsq,2,1,1,n,mboldenow
2012,chau,2010-07-12,192,11:00:00,17:30:00,6.5,exact,glgu,4,1,0,n,mboldenow
2012,chau,2010-07-12,192,11:00:00,17:30:00,6.5,exact,ltja,1,1,0,n,mboldenow
2012,chau,2010-07-12,192,11:00:00,17:30:00,6.5,est,ungu,35,1,0,n,mboldenow
2012,chau,2010-07-12,192,11:00:00,17:30:00,6.5,exact,vegu,6,1,0,n,mboldenow
2014,chur,2011-07-14,192,09:00:00,11:15:00,2.25,exact,cora,1,2,0,y,lkoloski
2014,chur,2011-07-14,192,09:00:00,11:15:00,2.25,exact,paja,1,2,0,y,lkoloski
2012,chur,2010-07-12,192,08:45:00,15:00:00,6.25,exact,herg,1,2,0,y,jperz
2012,chur,2010-07-12,192,08:45:00,15:00:00,6.25,exact,paja,7,2,0,y,jperz
2014,coat,2011-07-14,192,09:00:00,14:30:00,5.5,exact,paja,2,3,0,y,crew1
2014,coat,2011-07-14,192,09:00:00,14:30:00,5.5,exact,herg,5,3,0,y,crew1
2012,nome,2010-07-12,192,10:00:00,16:30:00,6.5,exact,cora,1,3,0,y,NA
2012,nome,2010-07-12,192,10:00:00,16:30:00,6.5,exact,glgu,3,3,0,y,NA
2012,nome,2010-07-12,192,10:00:00,16:30:00,6.5,exact,paja,1,3,0,y,NA
2012,nome,2010-07-12,192,10:00:00,16:30:00,6.5,exact,sacr,3,3,0,y,NA
2012,nome,2010-07-12,192,10:00:00,16:30:00,6.5,exact,tuvo,14,3,0,y,NA
2014,cari,2011-07-14,192,11:00:00,14:30:00,3.5,exact,glgu,7,1,0,n,idavies
2014,cari,2011-07-14,192,11:00:00,14:30:00,3.5,exact,paja,4,1,0,n,idavies
2014,cari,2011-07-14,192,11:00:00,14:30:00,3.5,exact,sacr,1,1,0,n,idavies
2014,cari,2011-07-14,192,11:00:00,14:30:00,3.5,exact,snow,1,1,0,n,idavies
2012,ikpi,2010-07-12,192,14:46:00,15:13:00,0.45,exact,glgu,1,1,0,n,mmudge
2012,ikpi,2010-07-12,192,14:46:00,15:13:00,0.45,exact,ltja,1,1,0,n,mmudge
2013,prba,2010-07-13,191,13:30:00,14:00:00,0.5,exact,glgu,12,1,0,n,brobinson
2013,prba,2010-07-13,191,13:30:00,14:00:00,0.5,exact,paja,2,1,0,n,brobinson
2013,iglo,2010-07-13,191,20:00:00,21:00:00,1,est,ltja,1,1,0,n,magiroux
2012,prba,2009-07-12,191,10:40:00,11:50:00,1.17,exact,arfo,1,1,0,n,jlautenbach
2012,prba,2009-07-12,191,10:40:00,11:50:00,1.17,exact,cora,1,1,0,n,jlautenbach
2012,prba,2009-07-12,191,10:40:00,11:50:00,1.17,exact,glgu,2,1,0,n,jlautenbach
2012,prba,2009-07-12,191,10:40:00,11:50:00,1.17,exact,paja,2,1,0,n,jlautenbach
2012,prba,2009-07-12,191,10:40:00,11:50:00,1.17,exact,snow,1,1,0,n,jlautenbach
2012,colv,2009-07-12,191,16:35:00,18:05:00,1.5,exact,agsq,2,1,0,n,bwilkinson
2012,colv,2009-07-12,191,16:35:00,18:05:00,1.5,exact,glgu,1,1,0,n,bwilkinson
2012,colv,2009-07-12,191,16:35:00,18:05:00,1.5,exact,paja,2,1,0,n,bwilkinson
2012,colv,2009-07-12,191,16:35:00,18:05:00,1.5,exact,rutu,1,1,0,n,bwilkinson
2012,colv,2009-07-12,191,16:35:00,18:05:00,1.5,exact,snow,1,1,0,n,bwilkinson
2013,prba,2010-07-13,191,11:00:00,12:30:00,1.5,exact,cora,2,1,0,n,brobinson
2013,prba,2010-07-13,191,11:00:00,12:30:00,1.5,exact,glgu,10,1,0,n,brobinson
2013,prba,2010-07-13,191,11:00:00,12:30:00,1.5,exact,paja,4,1,0,n,brobinson
2011,colv,2010-07-11,191,10:49:00,12:24:00,1.58,exact,agsq,5,1,0,n,dpavlik
2011,colv,2010-07-11,191,10:49:00,12:24:00,1.58,exact,glgu,2,1,0,n,dpavlik
2011,colv,2010-07-11,191,10:49:00,12:24:00,1.58,exact,ltja,5,1,0,n,dpavlik
2011,colv,2010-07-11,191,10:49:00,12:24:00,1.58,exact,paja,2,1,0,n,dpavlik
2011,colv,2010-07-11,191,10:49:00,12:24:00,1.58,exact,pefa,1,1,0,n,dpavlik
2011,colv,2010-07-11,191,10:49:00,12:24:00,1.58,exact,snow,1,1,0,n,dpavlik
2012,prba,2009-07-12,191,13:00:00,14:50:00,1.83,exact,glgu,4,1,0,n,jlautenbach
2012,prba,2009-07-12,191,13:00:00,14:50:00,1.83,exact,paja,2,1,0,n,jlautenbach
2011,colv,2010-07-11,191,10:52:00,13:11:00,2.32,exact,agsq,1,1,0,n,bwilkinson
2011,colv,2010-07-11,191,10:52:00,13:11:00,2.32,exact,glgu,6,1,0,n,bwilkinson
2011,colv,2010-07-11,191,10:52:00,13:11:00,2.32,exact,ltja,3,1,0,n,bwilkinson
2011,colv,2010-07-11,191,10:52:00,13:11:00,2.32,exact,paja,1,1,0,n,bwilkinson
2011,colv,2010-07-11,191,10:52:00,13:11:00,2.32,exact,rutu,6,1,0,n,bwilkinson
2012,prba,2009-07-12,191,08:00:00,10:20:00,2.33,exact,glgu,4,1,0,n,jlautenbach
2012,prba,2009-07-12,191,08:00:00,10:20:00,2.33,exact,unle,1,1,0,n,jlautenbach
2012,prba,2009-07-12,191,08:00:00,10:20:00,2.33,exact,ltja,3,1,0,n,jlautenbach
2012,prba,2009-07-12,191,08:00:00,10:20:00,2.33,exact,paja,2,1,0,n,jlautenbach
2012,prba,2009-07-12,191,08:00:00,10:20:00,2.33,exact,pefa,1,1,0,n,jlautenbach
2012,prba,2009-07-12,191,08:00:00,10:20:00,2.33,exact,snow,3,1,0,n,jlautenbach
2013,colv,2010-07-13,191,11:10:00,13:30:00,2.33,exact,agsq,13,1,0,n,scarvey
2013,colv,2010-07-13,191,11:10:00,13:30:00,2.33,exact,glgu,5,1,0,n,scarvey
2013,colv,2010-07-13,191,11:10:00,13:30:00,2.33,exact,ltja,11,1,0,n,scarvey
2013,colv,2010-07-13,191,11:10:00,13:30:00,2.33,exact,paja,2,1,0,n,scarvey
2013,colv,2010-07-13,191,11:10:00,13:30:00,2.33,exact,rutu,2,1,0,n,scarvey
2012,colv,2009-07-12,191,15:31:00,17:59:00,2.47,exact,glgu,2,1,0,n,dpavlik
2012,colv,2009-07-12,191,15:31:00,17:59:00,2.47,exact,ltja,2,1,0,n,dpavlik
2012,colv,2009-07-12,191,15:31:00,17:59:00,2.47,exact,paja,2,1,0,n,dpavlik
2012,colv,2009-07-12,191,15:31:00,17:59:00,2.47,exact,rutu,2,1,0,n,dpavlik
2012,colv,2009-07-12,191,15:31:00,17:59:00,2.47,exact,snow,1,1,0,n,dpavlik
2014,colv,2010-07-14,191,12:00:00,14:30:00,2.5,exact,glgu,5,1,0,n,agottesman
2014,colv,2010-07-14,191,12:00:00,14:30:00,2.5,exact,paja,10,1,0,n,agottesman
2014,colv,2010-07-14,191,12:00:00,14:30:00,2.5,exact,ltja,3,1,0,n,agottesman
2014,colv,2010-07-14,191,12:00:00,14:30:00,2.5,exact,cora,1,1,0,n,agottesman
2014,colv,2010-07-14,191,12:00:00,14:30:00,2.5,exact,rutu,1,1,0,n,agottesman
2014,colv,2010-07-14,191,12:00:00,14:30:00,2.5,exact,snow,1,1,0,n,agottesman
2014,colv,2010-07-14,191,12:00:00,14:30:00,2.5,exact,refo,1,1,0,n,agottesman
2014,colv,2010-07-14,191,12:00:00,14:30:00,2.5,exact,agsq,14,1,0,n,agottesman
2014,ikpi,2010-07-14,191,15:05:00,17:57:00,2.87,exact,glgu,2,1,0,n,rhammond
2014,ikpi,2010-07-14,191,15:05:00,17:57:00,2.87,exact,paja,1,1,0,n,rhammond
2013,ikpi,2010-07-13,191,15:45:00,18:45:00,3,exact,agsq,1,1,0,n,epayne
2013,ikpi,2010-07-13,191,15:45:00,18:45:00,3,exact,glgu,3,1,0,n,epayne
2013,ikpi,2010-07-13,191,15:45:00,18:45:00,3,exact,paja,3,1,0,n,epayne
2013,ikpi,2010-07-13,191,15:45:00,18:45:00,3,exact,unja,1,1,0,n,epayne
2012,lkri,2009-07-12,191,15:00:00,19:00:00,4,exact,ltja,6,1,0,n,apopovkina
2012,chau,2009-07-12,191,10:00:00,14:00:00,4,exact,glgu,8,1,0,n,mboldenow
2012,chau,2009-07-12,191,10:00:00,14:00:00,4,exact,vegu,2,1,0,n,mboldenow
2013,iglo,2010-07-13,191,13:00:00,17:00:00,4,exact,refo,1,1,0,n,magiroux
2013,iglo,2010-07-13,191,13:00:00,17:00:00,4,est,herg,3,1,0,n,magiroux
2011,cari,2010-07-11,191,10:30:00,16:00:00,5.5,exact,agsq,1,1,0,n,ecorp
2011,cari,2010-07-11,191,10:30:00,16:00:00,5.5,exact,arfo,2,1,0,n,ecorp
2011,cari,2010-07-11,191,10:30:00,16:00:00,5.5,exact,glgu,6,1,0,n,ecorp
2011,cari,2010-07-11,191,10:30:00,16:00:00,5.5,exact,paja,21,1,0,n,ecorp
2011,cari,2010-07-11,191,10:30:00,16:00:00,5.5,exact,rutu,3,1,0,n,ecorp
2011,cari,2010-07-11,191,10:30:00,16:00:00,5.5,exact,snow,2,1,0,n,ecorp
2014,iglo,2010-07-14,191,11:00:00,17:00:00,6,est,ungu,6,1,0,n,mcfrenette
2014,iglo,2010-07-14,191,11:00:00,17:00:00,6,est,ltja,4,1,0,n,mcfrenette
2014,iglo,2010-07-14,191,11:00:00,17:00:00,6,est,paja,1,1,0,n,mcfrenette
2011,ikpi,2010-07-11,191,11:00:00,17:45:00,6.75,exact,agsq,1,1,0,n,acook
2011,ikpi,2010-07-11,191,11:00:00,17:45:00,6.75,exact,brle,3,1,0,n,acook
2011,ikpi,2010-07-11,191,11:00:00,17:45:00,6.75,exact,cora,1,1,0,n,acook
2011,ikpi,2010-07-11,191,11:00:00,17:45:00,6.75,est,glgu,5,1,0,n,acook
2011,ikpi,2010-07-11,191,11:00:00,17:45:00,6.75,est,paja,4,1,0,n,acook
2014,iglo,2010-07-14,191,11:00:00,18:00:00,7,est,cora,2,1,0,n,mtpaquet
2014,iglo,2010-07-14,191,11:00:00,18:00:00,7,est,ltja,4,1,0,n,mtpaquet
2013,bylo,2010-07-13,191,09:00:00,22:00:00,13,exact,glgu,4,1,0,n,fsenezgagnon
2013,bylo,2010-07-13,191,09:00:00,22:00:00,13,exact,sacr,5,1,0,n,fsenezgagnon
2014,colv,2010-07-14,191,12:30:00,15:00:00,2.5,exact,glgu,6,2,0,y,lburlingame
2014,colv,2010-07-14,191,12:30:00,15:00:00,2.5,exact,paja,4,2,0,y,lburlingame
2014,colv,2010-07-14,191,12:30:00,15:00:00,2.5,exact,ltja,2,2,0,y,lburlingame
2014,colv,2010-07-14,191,12:30:00,15:00:00,2.5,exact,agsq,4,2,0,y,lburlingame
2014,chur,2010-07-14,191,08:50:00,11:30:00,2.67,exact,cora,2,2,0,y,lkoloski
2014,chur,2010-07-14,191,08:50:00,11:30:00,2.67,exact,paja,3,2,0,y,lkoloski
2012,chur,2009-07-12,191,08:30:00,16:30:00,8,exact,paja,3,2,0,y,jperz
2012,nome,2009-07-12,191,10:00:00,16:30:00,6.5,exact,cora,3,3,0,y,NA
2012,nome,2009-07-12,191,10:00:00,16:30:00,6.5,exact,glgu,2,3,0,y,NA
2012,nome,2009-07-12,191,10:00:00,16:30:00,6.5,exact,paja,3,3,0,y,NA
2012,nome,2009-07-12,191,10:00:00,16:30:00,6.5,exact,sacr,13,3,0,y,NA
2012,nome,2009-07-12,191,10:00:00,16:30:00,6.5,exact,tuvo,12,3,0,y,NA
2014,coat,2010-07-14,191,09:30:00,18:30:00,9,exact,paja,2,3,0,y,crew1
2014,coat,2010-07-14,191,09:30:00,18:30:00,9,exact,herg,15,3,0,y,crew1
2014,cari,2010-07-14,191,12:00:00,15:00:00,3,exact,glgu,8,1,0,n,idavies
2014,cari,2010-07-14,191,12:00:00,15:00:00,3,exact,paja,6,1,0,n,idavies
2014,cari,2010-07-14,191,12:00:00,15:00:00,3,exact,snow,1,1,0,n,idavies
2012,ikpi,2009-07-12,191,14:30:00,16:20:00,1.83,est,glgu,3,1,0,n,kpietrzak
2012,ikpi,2009-07-12,191,14:30:00,16:20:00,1.83,est,paja,3,1,0,n,kpietrzak
2012,ikpi,2009-07-12,191,14:30:00,16:20:00,1.83,est,ltja,1,1,0,n,kpietrzak
2012,ikpi,2009-07-12,191,14:30:00,16:20:00,1.83,est,agsq,2,1,0,n,kpietrzak
2012,ikpi,2009-07-12,191,14:30:00,16:20:00,1.83,exact,brle,1,1,0,n,kpietrzak
2011,chur,2010-07-11,191,07:10:00,15:15:00,8.08,NA,paja,3,3,0,y,edastous
2011,chur,2010-07-11,191,07:10:00,15:15:00,8.08,NA,cora,2,3,0,y,edastous
2012,cakr,2008-07-12,190,15:25:00,16:25:00,1,exact,cora,1,1,0,n,edastous
2012,cakr,2008-07-12,190,15:25:00,16:25:00,1,exact,glgu,3,1,0,n,edastous
2012,cakr,2008-07-12,190,15:25:00,16:25:00,1,exact,paja,1,1,0,n,edastous
2012,cakr,2008-07-12,190,15:25:00,16:25:00,1,exact,sacr,8,1,0,n,edastous
2011,prba,2009-07-11,190,10:20:00,11:25:00,1.08,exact,glgu,2,1,0,n,skolbe
2011,prba,2009-07-11,190,10:20:00,11:25:00,1.08,exact,ltja,1,1,0,n,skolbe
2011,prba,2009-07-11,190,10:20:00,11:25:00,1.08,exact,paja,1,1,0,n,skolbe
2011,prba,2009-07-11,190,10:20:00,11:25:00,1.08,exact,sacr,2,1,0,n,skolbe
2011,prba,2009-07-11,190,10:20:00,11:25:00,1.08,exact,snow,2,1,0,n,skolbe
2013,colv,2009-07-13,190,16:40:00,17:50:00,1.17,exact,agsq,3,1,0,n,bwilkinson
2013,colv,2009-07-13,190,16:40:00,17:50:00,1.17,exact,glgu,2,1,0,n,bwilkinson
2013,colv,2009-07-13,190,16:40:00,17:50:00,1.17,exact,ltja,9,1,0,n,bwilkinson
2013,colv,2009-07-13,190,16:40:00,17:50:00,1.17,exact,paja,2,1,0,n,bwilkinson
2013,colv,2009-07-13,190,16:40:00,17:50:00,1.17,exact,rutu,2,1,0,n,bwilkinson
2011,prba,2009-07-11,190,08:53:00,10:03:00,1.17,exact,cora,2,1,0,n,eames
2011,prba,2009-07-11,190,08:53:00,10:03:00,1.17,exact,snow,1,1,0,n,eames
2014,chur,2009-07-14,190,14:30:00,15:50:00,1.33,exact,cora,1,1,0,y,jperz
2014,chur,2009-07-14,190,14:30:00,15:50:00,1.33,exact,sacr,2,1,0,y,jperz
2011,ikpi,2009-07-11,190,10:45:00,12:07:00,1.37,est,agsq,4,1,0,n,kpietrzak
2011,ikpi,2009-07-11,190,10:45:00,12:07:00,1.37,est,glgu,1,1,0,n,kpietrzak
2011,ikpi,2009-07-11,190,10:45:00,12:07:00,1.37,est,ltja,1,1,0,n,kpietrzak
2011,ikpi,2009-07-11,190,10:45:00,12:07:00,1.37,est,paja,3,1,0,n,kpietrzak
2011,ikpi,2009-07-11,190,10:45:00,12:07:00,1.37,exact,pefa,1,1,0,n,kpietrzak
2013,barr,2009-07-13,190,12:30:00,14:15:00,1.75,est,glgu,10,1,0,n,lrensel
2013,barr,2009-07-13,190,12:30:00,14:15:00,1.75,exact,paja,2,1,0,n,lrensel
2012,cakr,2008-07-12,190,18:35:00,20:35:00,2,exact,glgu,2,1,0,n,svissault
2012,cakr,2008-07-12,190,18:35:00,20:35:00,2,exact,paja,7,1,0,n,svissault
2012,cakr,2008-07-12,190,18:35:00,20:35:00,2,exact,sacr,2,1,0,n,svissault
2014,chur,2009-07-14,190,11:40:00,13:50:00,2.17,exact,merl,2,1,0,y,jperz
2014,chur,2009-07-14,190,11:40:00,13:50:00,2.17,exact,paja,1,1,0,y,jperz
2013,barr,2009-07-13,190,17:34:00,19:45:00,2.18,exact,cora,1,1,0,n,bkaselow
2013,barr,2009-07-13,190,17:34:00,19:45:00,2.18,exact,glgu,13,1,0,n,bkaselow
2013,barr,2009-07-13,190,17:34:00,19:45:00,2.18,exact,glgu,14,1,0,n,bkaselow
2013,barr,2009-07-13,190,17:34:00,19:45:00,2.18,exact,ltja,12,1,0,n,bkaselow
2013,barr,2009-07-13,190,17:34:00,19:45:00,2.18,exact,ltja,8,1,0,n,bkaselow
2013,barr,2009-07-13,190,17:34:00,19:45:00,2.18,exact,paja,12,1,0,n,bkaselow
2013,barr,2009-07-13,190,17:34:00,19:45:00,2.18,exact,paja,17,1,0,n,bkaselow
2011,ikpi,2009-07-11,190,12:43:00,14:55:00,2.2,est,agsq,6,1,0,n,kpietrzak
2011,ikpi,2009-07-11,190,12:43:00,14:55:00,2.2,exact,cora,1,1,0,n,kpietrzak
2011,ikpi,2009-07-11,190,12:43:00,14:55:00,2.2,est,glgu,3,1,0,n,kpietrzak
2011,ikpi,2009-07-11,190,12:43:00,14:55:00,2.2,est,ltja,2,1,0,n,kpietrzak
2011,ikpi,2009-07-11,190,12:43:00,14:55:00,2.2,exact,snow,1,1,0,n,kpietrzak
2011,colv,2009-07-11,190,11:39:00,13:53:00,2.23,exact,agsq,2,1,0,n,bwilkinson
2011,colv,2009-07-11,190,11:39:00,13:53:00,2.23,exact,glgu,5,1,0,n,bwilkinson
2011,colv,2009-07-11,190,11:39:00,13:53:00,2.23,exact,paja,2,1,0,n,bwilkinson
2011,colv,2009-07-11,190,11:39:00,13:53:00,2.23,exact,rutu,3,1,0,n,bwilkinson
2011,colv,2009-07-11,190,11:24:00,13:49:00,2.42,exact,glgu,4,1,0,n,dpavlik
2011,colv,2009-07-11,190,11:24:00,13:49:00,2.42,exact,ltja,2,1,0,n,dpavlik
2011,colv,2009-07-11,190,11:24:00,13:49:00,2.42,exact,paja,2,1,0,n,dpavlik
2011,colv,2009-07-11,190,11:24:00,13:49:00,2.42,exact,rutu,4,1,0,n,dpavlik
2011,colv,2009-07-11,190,11:24:00,13:49:00,2.42,exact,snow,1,1,0,n,dpavlik
2013,barr,2009-07-13,190,10:00:00,12:30:00,2.5,est,glgu,10,1,0,n,lrensel
2013,barr,2009-07-13,190,10:00:00,12:30:00,2.5,exact,ltja,1,1,0,n,lrensel
2013,colv,2009-07-13,190,17:00:00,19:50:00,2.83,exact,agsq,3,1,0,n,scarvey
2013,colv,2009-07-13,190,17:00:00,19:50:00,2.83,exact,glgu,6,1,0,n,scarvey
2013,colv,2009-07-13,190,17:00:00,19:50:00,2.83,exact,ltja,3,1,0,n,scarvey
2013,colv,2009-07-13,190,17:00:00,19:50:00,2.83,exact,paja,4,1,0,n,scarvey
2013,colv,2009-07-13,190,17:00:00,19:50:00,2.83,exact,rutu,1,1,0,n,scarvey
2013,iglo,2009-07-13,190,11:45:00,14:45:00,3,exact,cora,1,1,0,n,magiroux
2013,iglo,2009-07-13,190,11:45:00,14:45:00,3,est,ltja,3,1,0,n,magiroux
2013,iglo,2009-07-13,190,11:45:00,14:45:00,3,est,ungu,2,1,0,n,magiroux
2012,colv,2008-07-12,190,09:38:00,12:46:00,3.13,exact,agsq,3,1,0,n,bwilkinson
2012,colv,2008-07-12,190,09:38:00,12:46:00,3.13,exact,glgu,4,1,0,n,bwilkinson
2012,colv,2008-07-12,190,09:38:00,12:46:00,3.13,exact,ltja,2,1,0,n,bwilkinson
2012,colv,2008-07-12,190,09:38:00,12:46:00,3.13,exact,paja,3,1,0,n,bwilkinson
2012,colv,2008-07-12,190,09:38:00,12:46:00,3.13,exact,rutu,2,1,0,n,bwilkinson
2013,iglo,2009-07-13,190,15:45:00,19:00:00,3.25,exact,cora,1,1,0,n,magiroux
2013,iglo,2009-07-13,190,15:45:00,19:00:00,3.25,est,herg,2,1,0,n,magiroux
2014,ikpi,2009-07-14,190,08:09:00,13:35:00,5.43,exact,glgu,1,1,0,n,pchilton
2014,ikpi,2009-07-14,190,08:09:00,13:35:00,5.43,exact,paja,5,1,0,n,pchilton
2014,ikpi,2009-07-14,190,08:09:00,13:35:00,5.43,exact,ltja,1,1,0,n,pchilton
2014,ikpi,2009-07-14,190,08:09:00,13:35:00,5.43,exact,agsq,1,1,0,n,pchilton
2014,ikpi,2009-07-14,190,08:09:00,13:35:00,5.43,exact,sagu,3,1,0,n,pchilton
2014,coat,2009-07-14,190,08:00:00,14:00:00,6,exact,arfo,1,1,0,y,crew2
2014,iglo,2009-07-14,190,11:15:00,18:15:00,7,est,ungu,1,1,0,n,mgiroux
2014,iglo,2009-07-14,190,11:15:00,18:15:00,7,est,ltja,1,1,0,n,mgiroux
2014,iglo,2009-07-14,190,11:15:00,18:15:00,7,est,snow,1,1,0,n,mgiroux
2013,bylo,2009-07-13,190,10:00:00,19:00:00,9,exact,glgu,6,1,0,n,fsenezgagnon
2013,bylo,2009-07-13,190,10:00:00,19:00:00,9,exact,sacr,2,1,0,n,fsenezgagnon
2013,barr,2009-07-13,190,10:15:00,19:30:00,9.25,exact,paja,5,1,0,n,jcunningham
2013,iglo,2009-07-13,190,11:00:00,22:00:00,11,est,herg,10,1,0,n,nlecomte
2013,iglo,2009-07-13,190,11:00:00,22:00:00,11,exact,snow,1,1,0,n,nlecomte
2013,iglo,2009-07-13,190,11:00:00,22:00:00,11,exact,paja,4,1,0,n,nlecomte
2013,iglo,2009-07-13,190,11:00:00,22:00:00,11,est,glgu,5,1,0,n,nlecomte
2013,iglo,2009-07-13,190,11:00:00,22:00:00,11,exact,cora,4,1,0,n,nlecomte
2014,chur,2009-07-14,190,09:00:00,10:00:00,1,exact,cora,2,2,0,y,lkoloski
2014,chur,2009-07-14,190,09:00:00,10:00:00,1,exact,herg,2,2,0,y,lkoloski
2014,chur,2009-07-14,190,09:00:00,10:00:00,1,exact,sacr,2,2,0,y,lkoloski
2012,chur,2008-07-12,190,08:30:00,10:15:00,1.75,exact,cora,2,2,0,y,jperz
2012,chur,2008-07-12,190,08:30:00,10:15:00,1.75,exact,herg,4,2,0,y,jperz
2012,chur,2008-07-12,190,08:30:00,10:15:00,1.75,est,sacr,3,2,0,y,jperz
2012,chur,2008-07-12,190,14:30:00,16:20:00,1.83,exact,paja,2,2,0,y,jperz
2012,chur,2008-07-12,190,10:30:00,13:40:00,3.17,exact,cora,2,2,0,y,jperz
2012,chur,2008-07-12,190,10:30:00,13:40:00,3.17,est,herg,37,2,0,y,jperz
2012,chur,2008-07-12,190,10:30:00,13:40:00,3.17,exact,paja,6,2,0,y,jperz
2014,chur,2009-07-14,190,12:30:00,17:00:00,4.5,exact,cora,2,2,0,y,lkoloski
2014,chur,2009-07-14,190,12:30:00,17:00:00,4.5,exact,paja,2,2,0,y,lkoloski
2014,chur,2009-07-14,190,12:30:00,17:00:00,4.5,exact,sacr,2,2,0,y,lkoloski
2014,coat,2009-07-14,190,08:00:00,15:00:00,7,exact,paja,1,2,0,y,crew1
2014,coat,2009-07-14,190,08:00:00,15:00:00,7,exact,herg,4,2,0,y,crew1
2014,colv,2009-07-14,190,13:00:00,20:00:00,7,exact,glgu,10,2,0,y,agottesman
2014,colv,2009-07-14,190,13:00:00,20:00:00,7,exact,paja,10,2,0,y,agottesman
2014,colv,2009-07-14,190,13:00:00,20:00:00,7,exact,ltja,5,2,0,y,agottesman
2014,colv,2009-07-14,190,13:00:00,20:00:00,7,exact,rutu,1,2,0,y,agottesman
2014,colv,2009-07-14,190,13:00:00,20:00:00,7,exact,agsq,8,2,0,y,agottesman
2014,colv,2009-07-14,190,13:00:00,20:00:00,7,exact,glgu,3,2,0,y,lburlingame
2014,colv,2009-07-14,190,13:00:00,20:00:00,7,exact,paja,5,2,0,y,lburlingame
2014,colv,2009-07-14,190,13:00:00,20:00:00,7,exact,rutu,3,2,0,y,lburlingame
2014,colv,2009-07-14,190,13:00:00,20:00:00,7,exact,snow,1,2,0,y,lburlingame
2014,colv,2009-07-14,190,13:00:00,20:00:00,7,exact,refo,1,2,0,y,lburlingame
2014,colv,2009-07-14,190,13:00:00,20:00:00,7,exact,brbe,1,2,0,y,lburlingame
2014,colv,2009-07-14,190,13:00:00,20:00:00,7,exact,agsq,6,2,0,y,lburlingame
2014,cari,2009-07-14,190,11:00:00,15:00:00,4,exact,glgu,10,1,0,n,idavies
2014,cari,2009-07-14,190,11:00:00,15:00:00,4,exact,paja,4,1,0,n,idavies
2014,cari,2009-07-14,190,11:00:00,15:00:00,4,exact,sacr,1,1,0,n,idavies
2014,cari,2009-07-14,190,11:00:00,15:00:00,4,exact,snow,1,1,0,n,idavies
2012,ikpi,2008-07-12,190,11:35:00,12:40:00,1.08,est,glgu,4,1,0,y,mmudge
2012,ikpi,2008-07-12,190,11:35:00,12:40:00,1.08,est,paja,3,1,0,n,mmudge
2012,ikpi,2008-07-12,190,11:35:00,12:40:00,1.08,est,agsq,9,1,0,y,mmudge
2013,nome,2009-07-13,190,13:00:00,17:00:00,4,exact,herg,1,3,0,y,NA
2013,nome,2009-07-13,190,13:00:00,17:00:00,4,exact,rlha,1,3,0,y,NA
2013,nome,2009-07-13,190,13:00:00,17:00:00,4,exact,megu,1,3,0,y,NA
2013,nome,2009-07-13,190,13:00:00,17:00:00,4,exact,paja,1,3,0,y,NA
2013,nome,2009-07-13,190,13:00:00,17:00:00,4,exact,sacr,1,3,0,y,NA
2012,prba,2007-07-12,189,14:35:00,15:10:00,0.58,exact,glgu,3,1,0,n,jlautenbach
2012,prba,2007-07-12,189,14:35:00,15:10:00,0.58,exact,ltja,3,1,0,n,jlautenbach
2012,prba,2007-07-12,189,14:35:00,15:10:00,0.58,exact,snow,1,1,0,n,jlautenbach
2013,iglo,2008-07-13,189,21:00:00,21:45:00,0.75,est,herg,2,1,0,n,magiroux
2013,iglo,2008-07-13,189,21:00:00,21:45:00,0.75,est,ltja,1,1,0,n,magiroux
2012,prba,2007-07-12,189,07:45:00,08:40:00,0.92,exact,cora,3,1,0,n,jlautenbach
2012,prba,2007-07-12,189,12:30:00,13:45:00,1.25,exact,cora,2,1,0,n,jlautenbach
2012,prba,2007-07-12,189,12:30:00,13:45:00,1.25,exact,glgu,10,1,0,n,jlautenbach
2012,prba,2007-07-12,189,12:30:00,13:45:00,1.25,exact,ltja,2,1,0,n,jlautenbach
2012,prba,2007-07-12,189,12:30:00,13:45:00,1.25,exact,paja,7,1,0,n,jlautenbach
2012,prba,2007-07-12,189,12:30:00,13:45:00,1.25,exact,snow,2,1,0,n,jlautenbach
2011,prba,2008-07-11,189,16:15:00,17:34:00,1.32,exact,snow,2,1,0,n,eames
2012,prba,2007-07-12,189,09:30:00,11:00:00,1.5,exact,cora,1,1,0,n,jlautenbach
2012,prba,2007-07-12,189,09:30:00,11:00:00,1.5,exact,glgu,8,1,0,n,jlautenbach
2012,prba,2007-07-12,189,09:30:00,11:00:00,1.5,exact,paja,1,1,0,n,jlautenbach
2012,prba,2007-07-12,189,09:30:00,11:00:00,1.5,exact,snow,4,1,0,n,jlautenbach
2011,prba,2008-07-11,189,14:35:00,16:12:00,1.62,exact,cora,2,1,0,n,skolbe
2011,prba,2008-07-11,189,14:35:00,16:12:00,1.62,exact,ltja,1,1,0,n,skolbe
2011,prba,2008-07-11,189,14:35:00,16:12:00,1.62,exact,paja,2,1,0,n,skolbe
2011,prba,2008-07-11,189,14:35:00,16:12:00,1.62,exact,snow,5,1,0,n,skolbe
2013,colv,2008-07-13,189,11:30:00,13:30:00,2,exact,agsq,5,1,0,n,scarvey
2013,colv,2008-07-13,189,11:30:00,13:30:00,2,exact,glgu,6,1,0,n,scarvey
2013,colv,2008-07-13,189,11:30:00,13:30:00,2,exact,ltja,2,1,0,n,scarvey
2013,colv,2008-07-13,189,11:30:00,13:30:00,2,exact,paja,3,1,0,n,scarvey
2013,colv,2008-07-13,189,11:30:00,13:30:00,2,exact,rutu,6,1,0,n,scarvey
2013,colv,2008-07-13,189,11:30:00,13:30:00,2,exact,sacr,2,1,0,n,scarvey
2011,ikpi,2008-07-11,189,14:30:00,16:30:00,2,est,agsq,1,1,0,n,mmudge
2011,ikpi,2008-07-11,189,14:30:00,16:30:00,2,est,glgu,5,1,0,n,mmudge
2011,colv,2008-07-11,189,11:31:00,13:40:00,2.15,exact,agsq,7,1,0,n,dpavlik
2011,colv,2008-07-11,189,11:31:00,13:40:00,2.15,exact,glgu,3,1,0,n,dpavlik
2011,colv,2008-07-11,189,11:31:00,13:40:00,2.15,exact,paja,4,1,0,n,dpavlik
2011,colv,2008-07-11,189,11:31:00,13:40:00,2.15,exact,rutu,3,1,0,n,dpavlik
2014,barr,2008-07-14,189,12:15:00,14:45:00,2.5,exact,glgu,1,1,0,n,kkalasz
2014,barr,2008-07-14,189,12:15:00,14:45:00,2.5,exact,poja,2,1,0,n,kkalasz
2014,barr,2008-07-14,189,12:15:00,14:45:00,2.5,exact,paja,1,1,0,n,kkalasz
2014,barr,2008-07-14,189,14:50:00,17:35:00,2.75,NA,poja,11,1,0,n,ssheedy
2014,barr,2008-07-14,189,14:50:00,17:35:00,2.75,NA,snow,1,1,0,n,ssheedy
2011,colv,2008-07-11,189,11:43:00,14:57:00,3.23,exact,agsq,1,1,0,n,bwilkinson
2011,colv,2008-07-11,189,11:43:00,14:57:00,3.23,exact,glgu,4,1,0,n,bwilkinson
2011,colv,2008-07-11,189,11:43:00,14:57:00,3.23,exact,ltja,1,1,0,n,bwilkinson
2011,colv,2008-07-11,189,11:43:00,14:57:00,3.23,exact,paja,3,1,0,n,bwilkinson
2011,colv,2008-07-11,189,11:43:00,14:57:00,3.23,exact,rutu,5,1,0,n,bwilkinson
2011,colv,2008-07-11,189,11:43:00,14:57:00,3.23,exact,snow,1,1,0,n,bwilkinson
2012,cari,2007-07-12,189,12:12:00,15:37:00,3.42,exact,brle,1,1,0,n,asoto
2012,cari,2007-07-12,189,12:12:00,15:37:00,3.42,exact,glgu,7,1,0,n,asoto
2012,cari,2007-07-12,189,12:12:00,15:37:00,3.42,exact,paja,2,1,0,n,asoto
2012,cari,2007-07-12,189,12:12:00,15:37:00,3.42,exact,rutu,1,1,0,n,asoto
2012,cari,2007-07-12,189,12:12:00,15:37:00,3.42,exact,snow,3,1,0,n,asoto
2014,barr,2008-07-14,189,09:30:00,13:00:00,3.5,est,glgu,2,1,0,n,jmarin
2014,barr,2008-07-14,189,09:30:00,13:00:00,3.5,est,poja,10,1,0,n,jmarin
2014,barr,2008-07-14,189,09:30:00,13:00:00,3.5,exact,snow,2,1,0,n,jmarin
2013,colv,2008-07-13,189,11:30:00,15:00:00,3.5,exact,agsq,1,1,0,n,bwilkinson
2013,colv,2008-07-13,189,11:30:00,15:00:00,3.5,exact,glgu,4,1,0,n,bwilkinson
2013,colv,2008-07-13,189,11:30:00,15:00:00,3.5,exact,ltja,3,1,0,n,bwilkinson
2013,colv,2008-07-13,189,11:30:00,15:00:00,3.5,exact,paja,3,1,0,n,bwilkinson
2013,colv,2008-07-13,189,11:30:00,15:00:00,3.5,exact,rutu,1,1,0,n,bwilkinson
2013,ikpi,2008-07-13,189,11:30:00,15:30:00,4,est,agsq,2,1,0,n,ojames
2013,ikpi,2008-07-13,189,11:30:00,15:30:00,4,est,glgu,5,1,0,n,ojames
2013,ikpi,2008-07-13,189,11:30:00,15:30:00,4,est,ltja,1,1,0,n,ojames
2013,ikpi,2008-07-13,189,11:30:00,15:30:00,4,est,paja,4,1,0,n,ojames
2013,cari,2008-07-13,189,12:00:00,16:00:00,4,exact,glgu,3,1,0,n,bhiggins
2013,cari,2008-07-13,189,12:00:00,16:00:00,4,exact,ltja,1,1,0,n,bhiggins
2013,cari,2008-07-13,189,12:00:00,16:00:00,4,exact,paja,5,1,0,n,bhiggins
2014,barr,2008-07-14,189,14:00:00,18:00:00,4,est,glgu,10,1,0,n,jmarin
2014,barr,2008-07-14,189,14:00:00,18:00:00,4,est,poja,5,1,0,n,jmarin
2014,barr,2008-07-14,189,14:00:00,18:00:00,4,est,paja,4,1,0,n,jmarin
2014,barr,2008-07-14,189,14:00:00,18:00:00,4,exact,snow,1,1,0,n,jmarin
2014,barr,2008-07-14,189,14:00:00,18:00:00,4,exact,brle,1,1,0,n,jmarin
2013,iglo,2008-07-13,189,13:00:00,17:00:00,4,est,glgu,2,1,0,n,magiroux
2013,iglo,2008-07-13,189,13:00:00,17:00:00,4,est,herg,1,1,0,n,magiroux
2013,iglo,2008-07-13,189,13:00:00,17:00:00,4,est,ltja,1,1,0,n,magiroux
2014,barr,2008-07-14,189,10:06:00,14:36:00,4.5,NA,glgu,4,1,0,n,ssheedy
2014,barr,2008-07-14,189,10:06:00,14:36:00,4.5,NA,poja,6,1,0,n,ssheedy
2014,barr,2008-07-14,189,10:06:00,14:36:00,4.5,NA,paja,1,1,0,n,ssheedy
2014,barr,2008-07-14,189,10:06:00,14:36:00,4.5,NA,snow,1,1,0,n,ssheedy
2014,ikpi,2008-07-14,189,08:20:00,13:55:00,5.58,exact,glgu,4,1,0,n,mdodds
2014,ikpi,2008-07-14,189,08:20:00,13:55:00,5.58,exact,paja,6,1,0,n,mdodds
2013,bylo,2008-07-13,189,09:00:00,16:00:00,7,exact,arfo,1,1,0,n,fsenezgagnon
2013,bylo,2008-07-13,189,09:00:00,16:00:00,7,exact,glgu,2,1,0,n,fsenezgagnon
2013,bylo,2008-07-13,189,09:00:00,16:00:00,7,exact,sacr,2,1,0,n,fsenezgagnon
2014,barr,2008-07-14,189,10:00:00,17:00:00,7,NA,glgu,8,1,0,n,asterling
2014,barr,2008-07-14,189,10:00:00,17:00:00,7,NA,poja,1,1,0,n,asterling
2014,barr,2008-07-14,189,10:00:00,17:00:00,7,NA,paja,2,1,0,n,asterling
2014,iglo,2008-07-14,189,11:00:00,20:00:00,9,exact,cora,1,1,0,n,mtpaquet
2014,iglo,2008-07-14,189,11:00:00,20:00:00,9,est,ungu,4,1,0,n,mtpaquet
2014,iglo,2008-07-14,189,11:00:00,20:00:00,9,exact,ltja,1,1,0,n,mtpaquet
2014,chur,2008-07-14,189,15:20:00,17:15:00,1.92,exact,cora,2,2,0,y,lkoloski
2014,chur,2008-07-14,189,15:20:00,17:15:00,1.92,exact,herg,2,2,0,y,lkoloski
2014,chur,2008-07-14,189,11:30:00,14:30:00,3,exact,paja,2,2,0,y,lkoloski
2013,made,2008-07-13,189,12:30:00,17:00:00,4.5,exact,paja,1,2,0,y,kbeckmann
2013,made,2008-07-13,189,12:30:00,18:00:00,5.5,exact,cora,1,2,0,y,lbachellier
2013,made,2008-07-13,189,12:30:00,18:00:00,5.5,est,paja,2,2,0,y,lbachellier
2013,made,2008-07-13,189,12:30:00,18:00:00,5.5,est,sacr,2,2,0,y,lbachellier
2012,chur,2007-07-12,189,08:20:00,14:15:00,5.92,exact,cora,2,2,0,y,jperz
2012,chur,2007-07-12,189,08:20:00,14:15:00,5.92,exact,paja,4,2,0,y,jperz
2012,nome,2007-07-12,189,08:00:00,09:30:00,1.5,exact,cora,1,3,0,y,NA
2012,nome,2007-07-12,189,08:00:00,09:30:00,1.5,exact,sacr,7,3,0,y,NA
2012,nome,2007-07-12,189,08:00:00,09:30:00,1.5,exact,seow,1,3,0,y,NA
2012,nome,2007-07-12,189,08:00:00,09:30:00,1.5,exact,tuvo,2,3,0,y,NA
2014,coat,2008-07-14,189,10:00:00,18:00:00,8,exact,herg,2,3,0,y,crew1
2014,coat,2008-07-14,189,10:00:00,18:00:00,8,exact,arfo,1,3,0,y,crew1
2011,nome,2008-07-11,189,10:00:00,18:00:00,8,exact,agsq,1,5,0,y,wenglish
2011,nome,2008-07-11,189,10:00:00,18:00:00,8,exact,cora,1,5,0,y,wenglish
2011,nome,2008-07-11,189,10:00:00,18:00:00,8,exact,glgu,1,5,0,y,wenglish
2011,nome,2008-07-11,189,10:00:00,18:00:00,8,exact,paja,2,5,0,y,wenglish
2014,cari,2008-07-14,189,11:00:00,16:00:00,5,exact,glgu,12,1,0,n,idavies
2014,cari,2008-07-14,189,11:00:00,16:00:00,5,exact,paja,3,1,0,n,idavies
2014,cari,2008-07-14,189,11:00:00,16:00:00,5,exact,ltja,3,1,0,n,idavies
2014,cari,2008-07-14,189,11:00:00,16:00:00,5,exact,sacr,2,1,0,n,idavies
2014,cari,2008-07-14,189,11:00:00,16:00:00,5,exact,snow,4,1,0,n,idavies
2014,cari,2008-07-14,189,11:00:00,16:00:00,5,exact,noha,1,1,0,n,idavies
2014,cari,2008-07-14,189,11:00:00,16:00:00,5,exact,seow,1,1,0,n,idavies
2012,ikpi,2007-07-12,189,14:43:00,17:19:00,2.6,exact,paja,1,1,0,n,kpietrzak
2012,ikpi,2007-07-12,189,14:43:00,17:19:00,2.6,exact,ltja,1,1,0,n,kpietrzak
2012,ikpi,2007-07-12,189,14:43:00,17:19:00,2.6,exact,agsq,1,1,0,n,kpietrzak
2013,nome,2008-07-13,189,10:00:00,12:00:00,2,exact,tuvo,1,3,0,y,NA
2013,nome,2008-07-13,189,10:00:00,12:00:00,2,exact,cora,1,3,0,y,NA
2013,nome,2008-07-13,189,10:00:00,12:00:00,2,exact,paja,1,3,0,y,NA
2011,chur,2008-07-11,189,08:10:00,17:00:00,8.83,NA,paja,2,3,0,y,edastous
2011,chur,2008-07-11,189,08:10:00,17:00:00,8.83,NA,cora,1,3,0,y,edastous
2011,chur,2008-07-11,189,08:10:00,17:00:00,8.83,NA,unra,1,3,0,y,edastous
2012,cakr,2006-07-12,188,10:10:00,10:30:00,0.33,exact,bltu,8,1,0,n,edastous
2012,cakr,2006-07-12,188,10:10:00,10:30:00,0.33,exact,glgu,7,1,0,n,edastous
2012,prba,2006-07-12,188,08:12:00,08:45:00,0.55,exact,cora,1,1,0,n,apham
2012,prba,2006-07-12,188,08:12:00,08:45:00,0.55,exact,glgu,1,1,0,n,apham
2011,prba,2007-07-11,188,15:51:00,16:41:00,0.83,exact,cora,1,1,0,n,skolbe
2011,prba,2007-07-11,188,15:51:00,16:41:00,0.83,exact,snow,2,1,0,n,skolbe
2013,prba,2007-07-13,188,10:30:00,11:30:00,1,exact,glgu,1,1,0,n,brobinson
2013,prba,2007-07-13,188,10:30:00,11:30:00,1,exact,paja,2,1,0,n,brobinson
2012,prba,2006-07-12,188,10:25:00,11:36:00,1.18,exact,glgu,4,1,0,n,apham
2012,prba,2006-07-12,188,10:25:00,11:36:00,1.18,exact,ltja,1,1,0,n,apham
2012,prba,2006-07-12,188,10:25:00,11:36:00,1.18,exact,paja,1,1,0,n,apham
2011,prba,2007-07-11,188,09:55:00,11:10:00,1.25,exact,glgu,1,1,0,n,skolbe
2011,prba,2007-07-11,188,09:55:00,11:10:00,1.25,exact,ltja,1,1,0,n,skolbe
2011,prba,2007-07-11,188,09:55:00,11:10:00,1.25,exact,snow,1,1,0,n,skolbe
2011,prba,2007-07-11,188,14:15:00,15:40:00,1.42,exact,glgu,2,1,0,n,eames
2011,prba,2007-07-11,188,14:15:00,15:40:00,1.42,exact,ltja,2,1,0,n,eames
2011,prba,2007-07-11,188,08:15:00,09:45:00,1.5,exact,ltja,2,1,0,n,eames
2011,prba,2007-07-11,188,08:15:00,09:45:00,1.5,exact,paja,2,1,0,n,eames
2011,prba,2007-07-11,188,08:15:00,09:45:00,1.5,exact,snow,1,1,0,n,eames
2011,ikpi,2007-07-11,188,13:38:00,15:10:00,1.53,est,agsq,2,1,0,n,jwright
2011,ikpi,2007-07-11,188,13:38:00,15:10:00,1.53,exact,cora,1,1,0,n,jwright
2011,ikpi,2007-07-11,188,13:38:00,15:10:00,1.53,est,glgu,3,1,0,n,jwright
2011,ikpi,2007-07-11,188,13:38:00,15:10:00,1.53,est,ltja,6,1,0,n,jwright
2011,ikpi,2007-07-11,188,13:38:00,15:10:00,1.53,est,paja,4,1,0,n,jwright
2012,cakr,2006-07-12,188,10:35:00,12:25:00,1.83,est,glgu,25,1,0,n,edastous
2012,cakr,2006-07-12,188,10:35:00,12:25:00,1.83,exact,paja,4,1,1,n,edastous
2012,cakr,2006-07-12,188,10:35:00,12:25:00,1.83,exact,sacr,5,1,0,n,edastous
2013,iglo,2007-07-13,188,19:30:00,21:50:00,2.33,est,ltja,2,1,0,n,magiroux
2011,ikpi,2007-07-11,188,11:00:00,13:20:00,2.33,est,glgu,1,1,0,n,jwright
2011,ikpi,2007-07-11,188,11:00:00,13:20:00,2.33,est,paja,2,1,0,n,jwright
2011,ikpi,2007-07-11,188,11:00:00,13:20:00,2.33,exact,seow,1,1,0,n,jwright
2011,colv,2007-07-11,188,10:51:00,13:12:00,2.35,exact,agsq,4,1,0,n,bwilkinson
2011,colv,2007-07-11,188,10:51:00,13:12:00,2.35,exact,glgu,7,1,0,n,bwilkinson
2011,colv,2007-07-11,188,10:51:00,13:12:00,2.35,exact,paja,3,1,0,n,bwilkinson
2011,colv,2007-07-11,188,10:51:00,13:12:00,2.35,exact,pefa,1,1,0,n,bwilkinson
2011,colv,2007-07-11,188,10:51:00,13:12:00,2.35,exact,rutu,2,1,0,n,bwilkinson
2011,colv,2007-07-11,188,10:54:00,13:15:00,2.35,exact,glgu,5,1,0,n,dpavlik
2011,colv,2007-07-11,188,10:54:00,13:15:00,2.35,exact,ltja,3,1,0,n,dpavlik
2011,colv,2007-07-11,188,10:54:00,13:15:00,2.35,exact,paja,3,1,0,n,dpavlik
2011,colv,2007-07-11,188,10:54:00,13:15:00,2.35,exact,rutu,3,1,0,n,dpavlik
2011,colv,2007-07-11,188,10:54:00,13:15:00,2.35,exact,snow,1,1,0,n,dpavlik
2014,ikpi,2007-07-14,188,11:11:00,13:40:00,2.48,exact,glgu,1,1,0,n,rhammond
2014,ikpi,2007-07-14,188,11:11:00,13:40:00,2.48,exact,paja,3,1,0,n,rhammond
2013,ikpi,2007-07-13,188,12:30:00,15:15:00,2.75,exact,glgu,3,1,0,n,epayne
2013,ikpi,2007-07-13,188,12:30:00,15:15:00,2.75,exact,ltja,2,1,0,n,epayne
2013,ikpi,2007-07-13,188,12:30:00,15:15:00,2.75,exact,paja,4,1,0,n,epayne
2012,colv,2006-07-12,188,10:00:00,13:00:00,3,est,agsq,5,1,0,n,msmith
2012,colv,2006-07-12,188,10:00:00,13:00:00,3,est,glgu,5,1,0,n,msmith
2012,colv,2006-07-12,188,10:00:00,13:00:00,3,est,ltja,14,1,0,n,msmith
2012,colv,2006-07-12,188,10:00:00,13:00:00,3,est,paja,2,1,0,n,msmith
2014,ikpi,2007-07-14,188,07:58:00,11:10:00,3.2,exact,glgu,2,1,0,n,rhammond
2014,ikpi,2007-07-14,188,07:58:00,11:10:00,3.2,exact,paja,1,1,0,n,rhammond
2014,ikpi,2007-07-14,188,07:58:00,11:10:00,3.2,exact,ltja,2,1,0,n,rhammond
2014,ikpi,2007-07-14,188,07:58:00,11:10:00,3.2,exact,agsq,1,1,0,n,rhammond
2012,colv,2006-07-12,188,09:57:00,13:14:00,3.28,exact,agsq,3,1,0,n,bwilkinson
2012,colv,2006-07-12,188,09:57:00,13:14:00,3.28,exact,glgu,3,1,0,n,bwilkinson
2012,colv,2006-07-12,188,09:57:00,13:14:00,3.28,exact,ltja,1,1,0,n,bwilkinson
2012,colv,2006-07-12,188,09:57:00,13:14:00,3.28,exact,paja,3,1,0,n,bwilkinson
2012,colv,2006-07-12,188,09:57:00,13:14:00,3.28,exact,rutu,2,1,0,n,bwilkinson
2012,colv,2006-07-12,188,09:57:00,13:14:00,3.28,exact,sacr,1,1,0,n,bwilkinson
2013,chau,2007-07-13,188,12:20:00,16:03:00,3.72,est,glgu,5,1,0,n,agleizer
2013,chau,2007-07-13,188,12:20:00,16:03:00,3.72,est,poja,1,1,0,n,agleizer
2013,chau,2007-07-13,188,12:20:00,16:03:00,3.72,est,sacr,1,1,0,n,agleizer
2013,chau,2007-07-13,188,12:20:00,16:03:00,3.72,est,vegu,23,1,1,n,agleizer
2013,made,2007-07-13,188,11:30:00,16:00:00,4.5,exact,cora,1,1,0,n,abuckley
2013,made,2007-07-13,188,11:30:00,16:00:00,4.5,est,glgu,5,1,0,n,abuckley
2013,made,2007-07-13,188,11:30:00,16:00:00,4.5,exact,gyrf,2,1,1,n,abuckley
2013,made,2007-07-13,188,11:30:00,16:00:00,4.5,exact,paja,2,1,0,n,abuckley
2013,made,2007-07-13,188,11:30:00,16:00:00,4.5,est,sacr,10,1,0,n,abuckley
2014,colv,2007-07-14,188,12:00:00,16:30:00,4.5,exact,glgu,5,1,0,n,lburlingame
2014,colv,2007-07-14,188,12:00:00,16:30:00,4.5,exact,paja,6,1,0,n,lburlingame
2014,colv,2007-07-14,188,12:00:00,16:30:00,4.5,exact,ltja,2,1,0,n,lburlingame
2014,colv,2007-07-14,188,12:00:00,16:30:00,4.5,exact,rutu,3,1,0,n,lburlingame
2014,colv,2007-07-14,188,12:00:00,16:30:00,4.5,exact,refo,1,1,0,n,lburlingame
2014,colv,2007-07-14,188,12:00:00,16:30:00,4.5,exact,agsq,10,1,0,n,lburlingame
2012,nome,2006-07-12,188,11:00:00,16:30:00,5.5,exact,cora,3,1,0,y,NA
2012,nome,2006-07-12,188,11:00:00,16:30:00,5.5,exact,paja,3,1,0,y,NA
2014,iglo,2007-07-14,188,12:30:00,19:00:00,6.5,est,cora,1,1,0,n,mcfrenette
2014,iglo,2007-07-14,188,12:30:00,19:00:00,6.5,est,ungu,2,1,0,n,mcfrenette
2011,cari,2007-07-11,188,10:50:00,17:30:00,6.67,exact,arfo,1,1,0,n,sfreeman
2011,cari,2007-07-11,188,10:50:00,17:30:00,6.67,exact,glgu,6,1,0,n,sfreeman
2011,cari,2007-07-11,188,10:50:00,17:30:00,6.67,exact,paja,7,1,0,n,sfreeman
2011,cari,2007-07-11,188,10:50:00,17:30:00,6.67,exact,poja,3,1,0,n,sfreeman
2011,cari,2007-07-11,188,10:50:00,17:30:00,6.67,exact,snow,1,1,0,n,sfreeman
2013,iglo,2007-07-13,188,10:45:00,17:30:00,6.75,exact,cora,1,1,0,n,magiroux
2013,iglo,2007-07-13,188,10:45:00,17:30:00,6.75,est,glgu,1,1,0,n,magiroux
2013,iglo,2007-07-13,188,10:45:00,17:30:00,6.75,est,herg,1,1,0,n,magiroux
2012,chau,2006-07-12,188,11:40:00,18:40:00,7,exact,glgu,7,1,0,n,mboldenow
2012,chau,2006-07-12,188,11:40:00,18:40:00,7,exact,ltja,23,1,0,n,mboldenow
2012,chau,2006-07-12,188,11:40:00,18:40:00,7,exact,ungu,22,1,0,n,mboldenow
2012,chau,2006-07-12,188,11:40:00,18:40:00,7,est,unja,40,1,0,n,mboldenow
2012,chau,2006-07-12,188,11:40:00,18:40:00,7,exact,vegu,7,1,0,n,mboldenow
2013,bylo,2007-07-13,188,11:00:00,19:00:00,8,exact,glgu,1,1,0,n,fsenezgagnon
2013,bylo,2007-07-13,188,11:00:00,19:00:00,8,exact,sacr,2,1,0,n,fsenezgagnon
2014,chur,2007-07-14,188,08:50:00,09:20:00,0.5,exact,cora,3,2,0,y,jperz
2014,chur,2007-07-14,188,08:50:00,09:20:00,0.5,exact,herg,1,2,0,y,jperz
2014,chur,2007-07-14,188,08:50:00,09:20:00,0.5,exact,paja,2,2,0,y,jperz
2014,chur,2007-07-14,188,14:40:00,17:00:00,2.33,exact,cora,2,2,0,y,jperz
2014,chur,2007-07-14,188,14:40:00,17:00:00,2.33,exact,paja,2,2,0,y,jperz
2014,chur,2007-07-14,188,09:25:00,12:00:00,2.58,exact,cora,1,2,0,y,jperz
2014,chur,2007-07-14,188,09:25:00,12:00:00,2.58,exact,herg,7,2,0,y,jperz
2014,chur,2007-07-14,188,09:25:00,12:00:00,2.58,exact,sacr,3,2,0,y,jperz
2011,made,2007-07-11,188,17:00:00,20:00:00,3,exact,arte,2,2,0,y,lpirie
2011,made,2007-07-11,188,17:00:00,20:00:00,3,exact,cora,1,2,0,y,lpirie
2011,made,2007-07-11,188,17:00:00,20:00:00,3,est,glgu,2,2,0,y,lpirie
2011,made,2007-07-11,188,17:00:00,20:00:00,3,est,paja,2,2,0,y,lpirie
2011,made,2007-07-11,188,17:00:00,20:00:00,3,exact,pefa,1,2,0,y,lpirie
2014,chur,2007-07-14,188,13:30:00,16:45:00,3.25,exact,cora,1,2,0,y,lkoloski
2014,chur,2007-07-14,188,13:30:00,16:45:00,3.25,exact,paja,1,2,0,y,lkoloski
2014,chur,2007-07-14,188,08:40:00,12:20:00,3.67,exact,cora,1,2,0,y,lkoloski
2014,chur,2007-07-14,188,08:40:00,12:20:00,3.67,exact,herg,1,2,0,y,lkoloski
2014,chur,2007-07-14,188,08:40:00,12:20:00,3.67,exact,paja,2,2,0,y,lkoloski
2013,made,2007-07-13,188,12:00:00,16:00:00,4,est,sacr,9,2,0,y,kbeckmann
2014,colv,2007-07-14,188,12:00:00,16:00:00,4,exact,glgu,7,2,0,y,agottesman
2014,colv,2007-07-14,188,12:00:00,16:00:00,4,exact,paja,11,2,0,y,agottesman
2014,colv,2007-07-14,188,12:00:00,16:00:00,4,exact,ltja,18,2,0,y,agottesman
2014,colv,2007-07-14,188,12:00:00,16:00:00,4,exact,rutu,1,2,0,y,agottesman
2014,colv,2007-07-14,188,12:00:00,16:00:00,4,exact,snow,1,2,0,y,agottesman
2011,made,2007-07-11,188,12:00:00,17:00:00,5,exact,glgu,1,2,0,y,lpirie
2011,made,2007-07-11,188,12:00:00,17:00:00,5,exact,ltja,2,2,0,y,lpirie
2012,chur,2006-07-12,188,02:00:00,15:30:00,13.5,exact,herg,1,2,0,y,jperz
2011,nome,2007-07-11,188,10:30:00,18:00:00,7.5,exact,agsq,2,5,0,y,wenglish
2011,nome,2007-07-11,188,10:30:00,18:00:00,7.5,exact,cora,3,5,0,y,wenglish
2011,nome,2007-07-11,188,10:30:00,18:00:00,7.5,exact,paja,1,5,0,y,wenglish
2014,cari,2007-07-14,188,11:30:00,14:30:00,3,exact,glgu,45,1,0,n,idavies
2014,cari,2007-07-14,188,11:30:00,14:30:00,3,exact,poja,1,1,0,n,idavies
2014,cari,2007-07-14,188,11:30:00,14:30:00,3,exact,paja,4,1,0,n,idavies
2014,cari,2007-07-14,188,11:30:00,14:30:00,3,exact,ltja,3,1,0,n,idavies
2014,cari,2007-07-14,188,11:30:00,14:30:00,3,exact,rutu,1,1,0,n,idavies
2014,cari,2007-07-14,188,11:30:00,14:30:00,3,exact,sacr,2,1,0,n,idavies
2014,cari,2007-07-14,188,11:30:00,14:30:00,3,exact,snow,2,1,0,n,idavies
2014,cari,2007-07-14,188,11:30:00,14:30:00,3,exact,seow,1,1,0,n,idavies
2013,nome,2007-07-13,188,11:00:00,18:00:00,7,exact,noha,1,3,0,y,NA
2013,nome,2007-07-13,188,11:00:00,18:00:00,7,exact,tuvo,1,3,0,y,NA
2013,nome,2007-07-13,188,11:00:00,18:00:00,7,exact,cora,1,3,0,y,NA
2013,nome,2007-07-13,188,11:00:00,18:00:00,7,exact,paja,1,3,0,y,NA
2013,nome,2007-07-13,188,11:00:00,18:00:00,7,exact,refo,1,3,0,y,NA
2011,chur,2007-07-11,188,08:45:00,11:25:00,2.67,NA,cora,1,2,0,y,edastous
2014,chau,2006-07-14,187,11:47:00,12:26:00,0.65,exact,sacr,2,1,0,n,ematsyna
2014,chau,2006-07-14,187,11:47:00,12:26:00,0.65,exact,vegu,3,1,0,n,ematsyna
2012,prba,2005-07-12,187,10:30:00,11:45:00,1.25,exact,cora,3,1,0,n,jlautenbach
2012,prba,2005-07-12,187,10:30:00,11:45:00,1.25,exact,glgu,10,1,0,n,jlautenbach
2012,prba,2005-07-12,187,10:30:00,11:45:00,1.25,exact,paja,2,1,0,n,jlautenbach
2012,prba,2005-07-12,187,10:30:00,11:45:00,1.25,exact,snow,2,1,0,n,jlautenbach
2012,prba,2005-07-12,187,14:40:00,16:15:00,1.58,exact,agsq,1,1,0,n,jlautenbach
2012,prba,2005-07-12,187,14:40:00,16:15:00,1.58,exact,cora,2,1,0,n,jlautenbach
2012,prba,2005-07-12,187,14:40:00,16:15:00,1.58,exact,glgu,2,1,0,n,jlautenbach
2012,prba,2005-07-12,187,14:40:00,16:15:00,1.58,exact,ltja,1,1,0,n,jlautenbach
2012,prba,2005-07-12,187,14:40:00,16:15:00,1.58,exact,snow,2,1,0,n,jlautenbach
2012,prba,2005-07-12,187,12:00:00,13:41:00,1.68,exact,cora,4,1,0,n,jlautenbach
2012,prba,2005-07-12,187,12:00:00,13:41:00,1.68,exact,glgu,14,1,0,n,jlautenbach
2012,prba,2005-07-12,187,12:00:00,13:41:00,1.68,exact,paja,1,1,0,n,jlautenbach
2012,prba,2005-07-12,187,12:00:00,13:41:00,1.68,exact,refo,1,1,0,n,jlautenbach
2012,prba,2005-07-12,187,08:10:00,10:00:00,1.83,exact,glgu,2,1,0,n,jlautenbach
2012,prba,2005-07-12,187,08:10:00,10:00:00,1.83,exact,ltja,1,1,0,n,jlautenbach
2012,prba,2005-07-12,187,08:10:00,10:00:00,1.83,exact,paja,3,1,0,n,jlautenbach
2012,prba,2005-07-12,187,08:10:00,10:00:00,1.83,exact,snow,2,1,0,n,jlautenbach
2011,ikpi,2006-07-11,187,15:10:00,17:00:00,1.83,exact,agsq,3,1,0,n,acook
2011,ikpi,2006-07-11,187,15:10:00,17:00:00,1.83,exact,glgu,4,1,0,n,acook
2011,ikpi,2006-07-11,187,15:10:00,17:00:00,1.83,exact,paja,3,1,0,n,acook
2013,prba,2006-07-13,187,13:00:00,15:00:00,2,exact,glgu,2,1,0,n,brobinson
2013,prba,2006-07-13,187,13:00:00,15:00:00,2,exact,ltja,1,1,0,n,brobinson
2013,prba,2006-07-13,187,13:00:00,15:00:00,2,exact,paja,2,1,0,n,brobinson
2013,prba,2006-07-13,187,10:00:00,12:30:00,2.5,exact,paja,2,1,0,n,brobinson
2013,iglo,2006-07-13,187,16:00:00,18:30:00,2.5,est,ungu,1,1,0,n,magiroux
2013,colv,2006-07-13,187,11:15:00,14:30:00,3.25,exact,agsq,12,1,0,n,scarvey
2013,colv,2006-07-13,187,11:15:00,14:30:00,3.25,exact,glgu,1,1,0,n,scarvey
2013,colv,2006-07-13,187,11:15:00,14:30:00,3.25,exact,ltja,3,1,0,n,scarvey
2013,colv,2006-07-13,187,11:15:00,14:30:00,3.25,exact,paja,5,1,0,n,scarvey
2013,colv,2006-07-13,187,11:15:00,14:30:00,3.25,exact,rutu,5,1,0,n,scarvey
2011,colv,2006-07-11,187,11:21:00,15:38:00,4.28,exact,agsq,4,1,0,n,dpavlik
2011,colv,2006-07-11,187,11:21:00,15:38:00,4.28,exact,glgu,4,1,0,n,dpavlik
2011,colv,2006-07-11,187,11:21:00,15:38:00,4.28,exact,paja,3,1,0,n,dpavlik
2011,colv,2006-07-11,187,11:21:00,15:38:00,4.28,exact,rutu,2,1,0,n,dpavlik
2011,colv,2006-07-11,187,12:35:00,16:52:00,4.28,exact,agsq,2,1,0,n,bwilkinson
2011,colv,2006-07-11,187,12:35:00,16:52:00,4.28,exact,glgu,6,1,0,n,bwilkinson
2011,colv,2006-07-11,187,12:35:00,16:52:00,4.28,exact,ltja,2,1,0,n,bwilkinson
2011,colv,2006-07-11,187,12:35:00,16:52:00,4.28,exact,paja,1,1,0,n,bwilkinson
2011,colv,2006-07-11,187,12:35:00,16:52:00,4.28,exact,rutu,4,1,0,n,bwilkinson
2011,colv,2006-07-11,187,12:35:00,16:52:00,4.28,exact,snow,1,1,0,n,bwilkinson
2014,iglo,2006-07-14,187,14:30:00,19:15:00,4.75,est,glgu,2,1,0,n,mcfrenette
2014,iglo,2006-07-14,187,14:30:00,19:15:00,4.75,est,ungu,3,1,0,n,mcfrenette
2014,coat,2006-07-14,187,08:00:00,13:00:00,5,exact,arfo,1,1,0,y,crew2
2012,chau,2005-07-12,187,11:00:00,16:00:00,5,exact,cora,1,1,0,n,mboldenow
2012,chau,2005-07-12,187,11:00:00,16:00:00,5,exact,glgu,3,1,1,n,mboldenow
2012,chau,2005-07-12,187,11:00:00,16:00:00,5,exact,ltja,9,1,0,n,mboldenow
2012,chau,2005-07-12,187,11:00:00,16:00:00,5,exact,paja,9,1,0,n,mboldenow
2012,chau,2005-07-12,187,11:00:00,16:00:00,5,exact,pefa,1,1,0,n,mboldenow
2012,chau,2005-07-12,187,11:00:00,16:00:00,5,est,unja,20,1,0,n,mboldenow
2012,chau,2005-07-12,187,11:00:00,16:00:00,5,exact,unra,1,1,0,n,mboldenow
2012,chau,2005-07-12,187,11:00:00,16:00:00,5,exact,vegu,4,1,1,n,mboldenow
2012,nome,2005-07-12,187,11:00:00,16:00:00,5,exact,cora,2,1,0,y,NA
2012,nome,2005-07-12,187,11:00:00,16:00:00,5,exact,glgu,8,1,0,y,NA
2012,nome,2005-07-12,187,11:00:00,16:00:00,5,exact,ltja,1,1,0,y,NA
2012,nome,2005-07-12,187,11:00:00,16:00:00,5,exact,megu,1,1,0,y,NA
2012,nome,2005-07-12,187,11:00:00,16:00:00,5,exact,paja,3,1,0,y,NA
2014,ikpi,2006-07-14,187,08:26:00,13:31:00,5.08,exact,paja,4,1,0,n,pchilton
2014,ikpi,2006-07-14,187,08:26:00,13:31:00,5.08,exact,glgu,3,1,0,n,pchilton
2013,chau,2006-07-13,187,11:15:00,16:30:00,5.25,est,glgu,8,1,0,n,kpietrzak
2013,chau,2006-07-13,187,11:15:00,16:30:00,5.25,est,ltja,9,1,0,n,kpietrzak
2013,chau,2006-07-13,187,11:15:00,16:30:00,5.25,est,sacr,10,1,0,n,kpietrzak
2013,chau,2006-07-13,187,11:15:00,16:30:00,5.25,est,vegu,4,1,0,n,kpietrzak
2013,bylo,2006-07-13,187,09:00:00,16:00:00,7,exact,glgu,3,1,0,n,fsenezgagnon
2013,bylo,2006-07-13,187,09:00:00,16:00:00,7,exact,sacr,2,1,0,n,fsenezgagnon
2013,ikpi,2006-07-13,187,12:00:00,19:00:00,7,est,agsq,10,1,0,n,acook
2013,ikpi,2006-07-13,187,12:00:00,19:00:00,7,est,glgu,10,1,0,n,acook
2013,ikpi,2006-07-13,187,12:00:00,19:00:00,7,est,ltja,2,1,0,n,acook
2013,ikpi,2006-07-13,187,12:00:00,19:00:00,7,exact,noha,1,1,0,n,acook
2013,ikpi,2006-07-13,187,12:00:00,19:00:00,7,est,paja,8,1,0,n,acook
2012,chur,2005-07-12,187,10:00:00,11:15:00,1.25,exact,cora,1,2,0,NA,jperz
2012,chur,2005-07-12,187,10:00:00,11:15:00,1.25,exact,herg,4,2,0,NA,jperz
2014,chur,2006-07-14,187,09:50:00,11:30:00,1.67,exact,cora,1,2,0,y,lkoloski
2014,chur,2006-07-14,187,09:50:00,11:30:00,1.67,exact,paja,1,2,0,y,lkoloski
2014,chur,2006-07-14,187,13:20:00,15:00:00,1.67,exact,herg,1,2,0,y,lkoloski
2014,chur,2006-07-14,187,13:00:00,15:15:00,2.25,exact,cora,1,2,0,y,jperz
2014,chur,2006-07-14,187,13:00:00,15:15:00,2.25,exact,noha,1,2,0,y,jperz
2014,chur,2006-07-14,187,13:00:00,15:15:00,2.25,exact,paja,3,2,0,y,jperz
2012,chur,2005-07-12,187,14:00:00,16:30:00,2.5,exact,amcr,1,2,0,y,jperz
2012,chur,2005-07-12,187,14:00:00,16:30:00,2.5,exact,herg,2,2,0,y,jperz
2012,chur,2005-07-12,187,14:00:00,16:30:00,2.5,exact,merl,2,2,0,y,jperz
2014,coat,2006-07-14,187,09:00:00,16:00:00,7,exact,paja,4,2,0,y,crew1
2014,coat,2006-07-14,187,09:00:00,16:00:00,7,est,herg,22,2,0,y,crew1
2011,made,2006-07-11,187,11:30:00,13:00:00,1.5,est,paja,2,3,0,y,sskinner
2011,made,2006-07-11,187,11:30:00,13:00:00,1.5,exact,rlha,1,3,0,y,sskinner
2011,made,2006-07-11,187,11:30:00,13:00:00,1.5,est,sacr,8,3,0,y,sskinner
2014,cari,2006-07-14,187,11:00:00,16:00:00,5,exact,glgu,12,1,0,n,idavies
2014,cari,2006-07-14,187,11:00:00,16:00:00,5,exact,paja,3,1,0,n,idavies
2014,cari,2006-07-14,187,11:00:00,16:00:00,5,exact,sacr,1,1,0,n,idavies
2012,ikpi,2005-07-12,187,12:25:00,14:00:00,1.58,est,glgu,5,1,0,y,mmudge
2012,ikpi,2005-07-12,187,12:25:00,14:00:00,1.58,est,paja,4,1,0,y,mmudge
2012,ikpi,2005-07-12,187,12:25:00,14:00:00,1.58,exact,seow,1,1,0,n,mmudge
2012,ikpi,2005-07-12,187,12:25:00,14:00:00,1.58,est,agsq,8,1,0,y,mmudge
2013,nome,2006-07-13,187,11:00:00,18:00:00,7,exact,glgu,1,3,0,y,NA
2013,nome,2006-07-13,187,11:00:00,18:00:00,7,exact,cora,1,3,0,y,NA
2013,nome,2006-07-13,187,11:00:00,18:00:00,7,exact,paja,1,3,0,y,NA
2013,nome,2006-07-13,187,11:00:00,18:00:00,7,exact,refo,1,3,0,y,NA
2013,nome,2006-07-13,187,11:00:00,18:00:00,7,exact,sacr,1,3,0,y,NA
2013,nome,2006-07-13,187,11:00:00,18:00:00,7,exact,tuvo,1,3,0,y,NA
2011,chur,2006-07-11,187,06:55:00,15:30:00,8.58,NA,paja,3,3,0,y,edastous
2011,chur,2006-07-11,187,06:55:00,15:30:00,8.58,NA,cora,2,3,0,y,edastous
2011,prba,2005-07-11,186,12:50:00,13:02:00,0.2,exact,glgu,2,1,0,n,eames
2011,prba,2005-07-11,186,14:10:00,14:45:00,0.58,exact,cora,1,1,0,n,eames
2011,prba,2005-07-11,186,14:10:00,14:45:00,0.58,exact,ltja,1,1,0,n,eames
2012,prba,2004-07-12,186,10:28:00,11:10:00,0.7,exact,cora,2,1,0,n,apham
2012,prba,2004-07-12,186,10:28:00,11:10:00,0.7,exact,glgu,1,1,0,n,apham
2011,prba,2005-07-11,186,14:55:00,15:38:00,0.72,exact,paja,2,1,0,n,eames
2011,prba,2005-07-11,186,14:55:00,15:38:00,0.72,exact,snow,2,1,0,n,eames
2012,prba,2004-07-12,186,08:32:00,09:24:00,0.87,exact,glgu,1,1,0,n,apham
2012,prba,2004-07-12,186,08:32:00,09:24:00,0.87,exact,paja,2,1,0,n,apham
2011,prba,2005-07-11,186,11:45:00,12:45:00,1,exact,cora,6,1,0,n,eames
2011,prba,2005-07-11,186,11:45:00,12:45:00,1,exact,glgu,1,1,0,n,eames
2014,cakr,2005-07-14,186,09:49:00,11:04:00,1.25,est,glgu,20,1,0,n,mmcconnell
2014,cakr,2005-07-14,186,09:49:00,11:04:00,1.25,exact,paja,2,1,0,n,mmcconnell
2014,cakr,2005-07-14,186,09:49:00,11:04:00,1.25,est,ltja,35,1,0,n,mmcconnell
2014,cakr,2005-07-14,186,09:49:00,11:04:00,1.25,est,sacr,35,1,0,n,mmcconnell
2011,barr,2005-07-11,186,18:00:00,19:25:00,1.42,exact,poja,3,1,0,n,pherzog
2012,lkri,2004-07-12,186,18:31:00,20:00:00,1.48,exact,pefa,1,1,0,n,apopovkina
2011,barr,2005-07-11,186,18:20:00,20:00:00,1.67,exact,glgu,6,1,0,n,jzamudio
2011,barr,2005-07-11,186,18:20:00,20:00:00,1.67,exact,ltja,1,1,0,n,jzamudio
2011,barr,2005-07-11,186,18:20:00,20:00:00,1.67,exact,paja,1,1,0,n,jzamudio
2012,chau,2004-07-12,186,17:00:00,19:00:00,2,exact,glgu,2,1,0,n,mboldenow
2012,chau,2004-07-12,186,17:00:00,19:00:00,2,est,unja,50,1,0,n,mboldenow
2012,chau,2004-07-12,186,17:00:00,19:00:00,2,exact,vegu,3,1,1,n,mboldenow
2013,prba,2005-07-13,186,13:00:00,15:00:00,2,exact,cora,2,1,0,n,brobinson
2013,prba,2005-07-13,186,13:00:00,15:00:00,2,exact,glgu,1,1,0,n,brobinson
2013,prba,2005-07-13,186,13:00:00,15:00:00,2,exact,ltja,1,1,0,n,brobinson
2013,prba,2005-07-13,186,10:00:00,12:05:00,2.08,exact,glgu,3,1,0,n,brobinson
2013,prba,2005-07-13,186,10:00:00,12:05:00,2.08,exact,ltja,1,1,0,n,brobinson
2011,ikpi,2005-07-11,186,14:00:00,16:09:00,2.15,est,agsq,3,1,0,n,kpietrzak
2011,ikpi,2005-07-11,186,14:00:00,16:09:00,2.15,est,glgu,4,1,0,n,kpietrzak
2011,ikpi,2005-07-11,186,14:00:00,16:09:00,2.15,exact,ltja,2,1,0,n,kpietrzak
2011,ikpi,2005-07-11,186,14:00:00,16:09:00,2.15,est,paja,3,1,0,n,kpietrzak
2011,ikpi,2005-07-11,186,14:00:00,16:09:00,2.15,exact,seow,2,1,1,n,kpietrzak
2011,barr,2005-07-11,186,16:00:00,18:10:00,2.17,est,glgu,200,1,0,n,jzamudio
2011,barr,2005-07-11,186,16:00:00,18:10:00,2.17,exact,ltja,7,1,0,n,jzamudio
2014,chau,2005-07-14,186,13:24:00,16:30:00,3.1,exact,rutu,1,1,0,n,jdiener
2014,chau,2005-07-14,186,13:24:00,16:30:00,3.1,exact,sacr,4,1,0,n,jdiener
2014,chau,2005-07-14,186,13:24:00,16:30:00,3.1,est,vegu,10,1,0,n,jdiener
2012,colv,2004-07-12,186,10:08:00,13:30:00,3.37,exact,agsq,3,1,0,n,bwilkinson
2012,colv,2004-07-12,186,10:08:00,13:30:00,3.37,exact,glgu,3,1,0,n,bwilkinson
2012,colv,2004-07-12,186,10:08:00,13:30:00,3.37,exact,ltja,1,1,0,n,bwilkinson
2012,colv,2004-07-12,186,10:08:00,13:30:00,3.37,exact,paja,3,1,0,n,bwilkinson
2012,colv,2004-07-12,186,10:08:00,13:30:00,3.37,exact,rutu,2,1,0,n,bwilkinson
2011,colv,2005-07-11,186,10:34:00,14:21:00,3.78,exact,agsq,4,1,0,n,bwilkinson
2011,colv,2005-07-11,186,10:34:00,14:21:00,3.78,exact,brle,1,1,0,n,bwilkinson
2011,colv,2005-07-11,186,10:34:00,14:21:00,3.78,exact,glgu,6,1,0,n,bwilkinson
2011,colv,2005-07-11,186,10:34:00,14:21:00,3.78,exact,ltja,3,1,0,n,bwilkinson
2011,colv,2005-07-11,186,10:34:00,14:21:00,3.78,exact,paja,2,1,0,n,bwilkinson
2011,colv,2005-07-11,186,10:34:00,14:21:00,3.78,exact,rutu,2,1,0,n,bwilkinson
2011,barr,2005-07-11,186,11:45:00,15:40:00,3.92,exact,glgu,7,1,0,n,abankert
2011,barr,2005-07-11,186,11:45:00,15:40:00,3.92,exact,ltja,1,1,0,n,abankert
2011,barr,2005-07-11,186,11:45:00,15:40:00,3.92,exact,paja,1,1,0,n,abankert
2011,barr,2005-07-11,186,11:45:00,15:40:00,3.92,exact,poja,4,1,0,n,abankert
2011,barr,2005-07-11,186,11:45:00,15:40:00,3.92,exact,snow,1,1,0,n,abankert
2011,colv,2005-07-11,186,14:05:00,18:01:00,3.93,exact,glgu,7,1,0,n,dpavlik
2011,colv,2005-07-11,186,14:05:00,18:01:00,3.93,exact,ltja,2,1,0,n,dpavlik
2011,colv,2005-07-11,186,14:05:00,18:01:00,3.93,exact,paja,3,1,0,n,dpavlik
2011,colv,2005-07-11,186,14:05:00,18:01:00,3.93,exact,rutu,3,1,0,n,dpavlik
2011,barr,2005-07-11,186,07:35:00,11:35:00,4,exact,cora,1,1,0,n,abankert
2011,barr,2005-07-11,186,07:35:00,11:35:00,4,exact,glgu,4,1,0,n,abankert
2011,barr,2005-07-11,186,07:35:00,11:35:00,4,exact,poja,5,1,0,n,abankert
2012,chau,2004-07-12,186,12:00:00,16:20:00,4.33,exact,glgu,6,1,0,n,mboldenow
2012,chau,2004-07-12,186,12:00:00,16:20:00,4.33,exact,ltja,25,1,0,n,mboldenow
2012,chau,2004-07-12,186,12:00:00,16:20:00,4.33,exact,paja,1,1,0,n,mboldenow
2012,chau,2004-07-12,186,12:00:00,16:20:00,4.33,exact,vegu,7,1,1,n,mboldenow
2014,ikpi,2005-07-14,186,09:15:00,13:40:00,4.42,exact,glgu,5,1,0,n,mdodds
2014,ikpi,2005-07-14,186,09:15:00,13:40:00,4.42,exact,paja,5,1,0,n,mdodds
2014,ikpi,2005-07-14,186,09:15:00,13:40:00,4.42,exact,glgu,5,1,0,n,mdodds
2014,ikpi,2005-07-14,186,09:15:00,13:40:00,4.42,exact,paja,5,1,0,n,mdodds
2014,ikpi,2005-07-14,186,09:15:00,13:40:00,4.42,exact,ltja,1,1,0,n,mdodds
2013,ikpi,2005-07-13,186,11:00:00,16:00:00,5,est,agsq,3,1,0,n,ojames
2013,ikpi,2005-07-13,186,11:00:00,16:00:00,5,est,glgu,5,1,0,n,ojames
2013,ikpi,2005-07-13,186,11:00:00,16:00:00,5,est,ltja,2,1,0,n,ojames
2013,ikpi,2005-07-13,186,11:00:00,16:00:00,5,est,paja,4,1,0,n,ojames
2012,colv,2004-07-12,186,10:00:00,15:30:00,5.5,est,agsq,4,1,0,n,msmith
2012,colv,2004-07-12,186,10:00:00,15:30:00,5.5,est,glgu,5,1,0,n,msmith
2012,colv,2004-07-12,186,10:00:00,15:30:00,5.5,est,ltja,5,1,0,n,msmith
2012,colv,2004-07-12,186,10:00:00,15:30:00,5.5,est,paja,4,1,0,n,msmith
2012,colv,2004-07-12,186,10:00:00,15:30:00,5.5,exact,rutu,1,1,0,n,msmith
2012,colv,2004-07-12,186,10:00:00,15:30:00,5.5,exact,snow,1,1,0,n,msmith
2013,cari,2005-07-13,186,12:00:00,17:40:00,5.67,exact,arfo,1,1,0,n,bhiggins
2013,cari,2005-07-13,186,12:00:00,17:40:00,5.67,exact,glgu,4,1,0,n,bhiggins
2013,cari,2005-07-13,186,12:00:00,17:40:00,5.67,exact,paja,3,1,0,n,bhiggins
2013,cari,2005-07-13,186,12:00:00,17:40:00,5.67,exact,rlha,1,1,0,n,bhiggins
2014,iglo,2005-07-14,186,12:15:00,18:30:00,6.25,exact,cora,1,1,0,n,mtpaquet
2014,iglo,2005-07-14,186,12:15:00,18:30:00,6.25,exact,glgu,1,1,0,n,mtpaquet
2014,iglo,2005-07-14,186,12:15:00,18:30:00,6.25,est,ungu,5,1,0,n,mtpaquet
2014,colv,2005-07-14,186,12:00:00,19:00:00,7,exact,glgu,5,1,0,n,tdonnelly
2014,colv,2005-07-14,186,12:00:00,19:00:00,7,exact,paja,4,1,0,n,tdonnelly
2014,colv,2005-07-14,186,12:00:00,19:00:00,7,exact,ltja,1,1,0,n,tdonnelly
2014,colv,2005-07-14,186,12:00:00,19:00:00,7,exact,rutu,3,1,0,n,tdonnelly
2014,colv,2005-07-14,186,12:00:00,19:00:00,7,exact,agsq,1,1,0,n,tdonnelly
2014,colv,2005-07-14,186,12:00:00,19:30:00,7.5,exact,glgu,4,1,0,n,agottesman
2014,colv,2005-07-14,186,12:00:00,19:30:00,7.5,exact,paja,6,1,0,n,agottesman
2014,colv,2005-07-14,186,12:00:00,19:30:00,7.5,exact,ltja,1,1,0,n,agottesman
2014,colv,2005-07-14,186,12:00:00,19:30:00,7.5,exact,rutu,13,1,0,n,agottesman
2014,colv,2005-07-14,186,12:00:00,19:30:00,7.5,exact,snow,2,1,0,n,agottesman
2014,colv,2005-07-14,186,12:00:00,19:30:00,7.5,exact,refo,1,1,0,n,agottesman
2014,colv,2005-07-14,186,12:00:00,19:30:00,7.5,exact,agsq,11,1,0,n,agottesman
2013,bylo,2005-07-13,186,10:00:00,18:00:00,8,exact,glgu,2,1,0,n,fsenezgagnon
2013,bylo,2005-07-13,186,10:00:00,18:00:00,8,exact,sacr,2,1,0,n,fsenezgagnon
2014,coat,2005-07-14,186,09:00:00,19:00:00,10,exact,herg,4,1,0,y,crew2
2014,chur,2005-07-14,186,10:15:00,11:00:00,0.75,exact,cora,1,2,0,y,lkoloski
2014,chur,2005-07-14,186,10:15:00,11:00:00,0.75,exact,herg,1,2,0,y,lkoloski
2014,chur,2005-07-14,186,10:15:00,11:00:00,0.75,exact,paja,3,2,0,y,lkoloski
2012,chur,2004-07-12,186,15:25:00,16:15:00,0.83,exact,cora,2,2,0,y,jperz
2014,chur,2005-07-14,186,08:50:00,09:45:00,0.92,exact,herg,1,2,0,y,lkoloski
2014,chur,2005-07-14,186,08:50:00,09:45:00,0.92,exact,noha,1,2,0,y,lkoloski
2014,chur,2005-07-14,186,08:50:00,09:45:00,0.92,exact,sacr,1,2,0,y,lkoloski
2012,nome,2004-07-12,186,08:00:00,10:00:00,2,exact,cora,2,2,0,y,NA
2012,nome,2004-07-12,186,08:00:00,10:00:00,2,exact,paja,1,2,0,y,NA
2012,chur,2004-07-12,186,13:00:00,15:25:00,2.42,exact,herg,2,2,0,y,jperz
2012,chur,2004-07-12,186,13:00:00,15:25:00,2.42,exact,paja,3,2,0,y,jperz
2013,colv,2005-07-13,186,16:10:00,19:00:00,2.83,exact,agsq,2,2,0,n,scarvey
2013,colv,2005-07-13,186,16:10:00,19:00:00,2.83,exact,glgu,5,2,0,n,scarvey
2013,colv,2005-07-13,186,16:10:00,19:00:00,2.83,exact,paja,3,2,0,n,scarvey
2013,colv,2005-07-13,186,16:10:00,19:00:00,2.83,exact,rutu,1,2,0,n,scarvey
2014,chur,2005-07-14,186,08:30:00,11:30:00,3,exact,herg,2,2,0,y,jperz
2014,chur,2005-07-14,186,08:30:00,11:30:00,3,exact,merl,2,2,0,y,jperz
2014,chur,2005-07-14,186,08:30:00,11:30:00,3,exact,paja,1,2,0,y,jperz
2014,chur,2005-07-14,186,08:30:00,11:30:00,3,exact,sacr,2,2,0,y,jperz
2014,chur,2005-07-14,186,12:15:00,15:30:00,3.25,exact,paja,3,2,0,y,lkoloski
2012,chur,2004-07-12,186,08:20:00,12:30:00,4.17,exact,cora,4,2,0,y,jperz
2012,chur,2004-07-12,186,08:20:00,12:30:00,4.17,exact,herg,4,2,0,y,jperz
2012,chur,2004-07-12,186,08:20:00,12:30:00,4.17,exact,noha,1,2,0,y,jperz
2012,chur,2004-07-12,186,08:20:00,12:30:00,4.17,exact,paja,5,2,0,y,jperz
2012,chur,2004-07-12,186,08:20:00,12:30:00,4.17,est,sacr,3,2,0,y,jperz
2011,barr,2005-07-11,186,10:00:00,18:00:00,8,exact,glgu,1,2,0,y,pherzog
2011,barr,2005-07-11,186,10:00:00,18:00:00,8,exact,poja,3,2,0,y,pherzog
2011,barr,2005-07-11,186,10:00:00,18:00:00,8,exact,unle,1,2,0,y,pherzog
2014,chur,2005-07-14,186,01:15:00,16:00:00,14.75,exact,paja,5,2,0,y,jperz
2014,coat,2005-07-14,186,08:00:00,23:00:00,15,exact,paja,3,2,0,y,crew1
2014,cari,2005-07-14,186,11:00:00,16:00:00,5,exact,glgu,15,1,0,n,idavies
2014,cari,2005-07-14,186,11:00:00,16:00:00,5,exact,paja,4,1,0,n,idavies
2014,cari,2005-07-14,186,11:00:00,16:00:00,5,exact,sacr,1,1,0,n,idavies
2014,cari,2005-07-14,186,11:00:00,16:00:00,5,exact,snow,1,1,0,n,idavies
2012,ikpi,2004-07-12,186,15:50:00,18:45:00,2.92,exact,glgu,3,1,0,n,kpietrzak
2012,ikpi,2004-07-12,186,15:50:00,18:45:00,2.92,exact,paja,2,1,0,n,kpietrzak
2012,ikpi,2004-07-12,186,15:50:00,18:45:00,2.92,exact,ltja,1,1,0,n,kpietrzak
2012,ikpi,2004-07-12,186,15:50:00,18:45:00,2.92,exact,seow,1,1,0,n,kpietrzak
2013,nome,2005-07-13,186,11:00:00,14:00:00,3,exact,megu,1,3,0,y,NA
2013,nome,2005-07-13,186,11:00:00,14:00:00,3,exact,cora,1,3,0,y,NA
2013,nome,2005-07-13,186,11:00:00,14:00:00,3,exact,paja,1,3,0,y,NA
2013,nome,2005-07-13,186,11:00:00,14:00:00,3,exact,sacr,1,3,0,y,NA
2013,nome,2005-07-13,186,11:00:00,14:00:00,3,exact,tuvo,1,3,0,y,NA
2013,nome,2005-07-13,186,11:00:00,14:00:00,3,exact,glgu,1,3,0,y,NA
2014,chau,2004-07-14,185,11:00:00,11:30:00,0.5,exact,glgu,1,1,0,n,jdiener
2014,chau,2004-07-14,185,11:00:00,11:30:00,0.5,est,ltja,30,1,0,n,jdiener
2014,chau,2004-07-14,185,11:00:00,11:30:00,0.5,exact,cora,2,1,0,n,jdiener
2014,chau,2004-07-14,185,11:00:00,11:30:00,0.5,est,vegu,50,1,0,n,jdiener
2012,chau,2003-07-12,185,11:00:00,11:40:00,0.67,exact,arfo,1,1,0,n,mboldenow
2012,cakr,2003-07-12,185,15:30:00,16:20:00,0.83,exact,glgu,3,1,0,n,edastous
2012,cakr,2003-07-12,185,15:30:00,16:20:00,0.83,exact,megu,1,1,0,n,edastous
2012,cakr,2003-07-12,185,15:30:00,16:20:00,0.83,exact,sacr,6,1,0,n,edastous
2013,cakr,2004-07-13,185,15:45:00,16:45:00,1,est,glgu,25,1,0,n,mboldenow
2013,cakr,2004-07-13,185,15:45:00,16:45:00,1,est,megu,50,1,0,n,mboldenow
2013,cakr,2004-07-13,185,15:45:00,16:45:00,1,exact,paja,6,1,0,n,mboldenow
2013,cakr,2004-07-13,185,15:45:00,16:45:00,1,exact,sacr,2,1,0,n,mboldenow
2012,lkri,2003-07-12,185,18:30:00,19:40:00,1.17,exact,ltja,1,1,0,n,apopovkina
2012,prba,2003-07-12,185,11:00:00,12:40:00,1.67,exact,cora,1,1,0,n,jlautenbach
2012,prba,2003-07-12,185,11:00:00,12:40:00,1.67,exact,glgu,1,1,0,n,jlautenbach
2012,prba,2003-07-12,185,11:00:00,12:40:00,1.67,exact,ltja,1,1,0,n,jlautenbach
2012,prba,2003-07-12,185,11:00:00,12:40:00,1.67,exact,paja,2,1,0,n,jlautenbach
2012,prba,2003-07-12,185,11:00:00,12:40:00,1.67,exact,snow,1,1,0,n,jlautenbach
2011,prba,2004-07-11,185,10:59:00,12:41:00,1.7,exact,paja,1,1,0,n,eames
2011,prba,2004-07-11,185,10:59:00,12:41:00,1.7,exact,poja,1,1,0,n,eames
2011,prba,2004-07-11,185,10:59:00,12:41:00,1.7,exact,snow,2,1,0,n,eames
2012,prba,2003-07-12,185,13:00:00,14:50:00,1.83,exact,cora,4,1,0,n,jlautenbach
2012,prba,2003-07-12,185,13:00:00,14:50:00,1.83,exact,glgu,10,1,0,n,jlautenbach
2012,prba,2003-07-12,185,13:00:00,14:50:00,1.83,exact,ltja,3,1,0,n,jlautenbach
2011,prba,2004-07-11,185,08:41:00,10:33:00,1.87,exact,glgu,2,1,0,n,skolbe
2011,prba,2004-07-11,185,08:41:00,10:33:00,1.87,exact,poja,1,1,0,n,skolbe
2011,prba,2004-07-11,185,08:41:00,10:33:00,1.87,exact,snow,2,1,0,n,skolbe
2012,cakr,2003-07-12,185,13:20:00,15:20:00,2,exact,glgu,4,1,0,n,edastous
2012,cakr,2003-07-12,185,13:20:00,15:20:00,2,exact,paja,6,1,1,n,edastous
2012,cakr,2003-07-12,185,13:20:00,15:20:00,2,exact,sacr,5,1,0,n,edastous
2012,made,2003-07-12,185,13:30:00,15:30:00,2,exact,glgu,1,1,0,n,asmith
2012,made,2003-07-12,185,13:30:00,15:30:00,2,exact,sacr,3,1,0,n,asmith
2012,prba,2003-07-12,185,15:10:00,17:10:00,2,exact,arfo,1,1,0,n,jlautenbach
2012,prba,2003-07-12,185,15:10:00,17:10:00,2,exact,glgu,3,1,0,n,jlautenbach
2012,prba,2003-07-12,185,15:10:00,17:10:00,2,exact,ltja,3,1,0,n,jlautenbach
2012,prba,2003-07-12,185,15:10:00,17:10:00,2,exact,paja,4,1,0,n,jlautenbach
2012,prba,2003-07-12,185,15:10:00,17:10:00,2,exact,snow,3,1,0,n,jlautenbach
2012,prba,2003-07-12,185,08:15:00,10:35:00,2.33,exact,cora,1,1,0,n,jlautenbach
2012,prba,2003-07-12,185,08:15:00,10:35:00,2.33,exact,glgu,8,1,0,n,jlautenbach
2012,prba,2003-07-12,185,08:15:00,10:35:00,2.33,exact,ltja,2,1,0,n,jlautenbach
2012,prba,2003-07-12,185,08:15:00,10:35:00,2.33,exact,paja,1,1,0,n,jlautenbach
2012,prba,2003-07-12,185,08:15:00,10:35:00,2.33,exact,sacr,1,1,0,n,jlautenbach
2012,prba,2003-07-12,185,08:15:00,10:35:00,2.33,exact,snow,2,1,0,n,jlautenbach
2013,iglo,2004-07-13,185,07:00:00,09:25:00,2.42,est,ltja,2,1,0,n,magiroux
2013,iglo,2004-07-13,185,11:00:00,13:30:00,2.5,est,herg,2,1,0,n,magiroux
2013,iglo,2004-07-13,185,11:00:00,13:30:00,2.5,est,ltja,1,1,0,n,magiroux
2013,iglo,2004-07-13,185,11:00:00,13:30:00,2.5,exact,cora,1,1,0,n,magiroux
2011,colv,2004-07-11,185,13:49:00,16:25:00,2.6,exact,agsq,4,1,0,n,dpavlik
2011,colv,2004-07-11,185,13:49:00,16:25:00,2.6,exact,glgu,6,1,0,n,dpavlik
2011,colv,2004-07-11,185,13:49:00,16:25:00,2.6,exact,ltja,20,1,0,n,dpavlik
2011,colv,2004-07-11,185,13:49:00,16:25:00,2.6,exact,paja,2,1,0,n,dpavlik
2011,colv,2004-07-11,185,13:49:00,16:25:00,2.6,exact,rutu,6,1,0,n,dpavlik
2011,ikpi,2004-07-11,185,14:00:00,17:00:00,3,est,glgu,6,1,0,n,mmudge
2011,ikpi,2004-07-11,185,14:00:00,17:00:00,3,est,ltja,1,1,0,n,mmudge
2011,ikpi,2004-07-11,185,14:00:00,17:00:00,3,est,paja,3,1,0,n,mmudge
2011,colv,2004-07-11,185,14:13:00,17:16:00,3.05,exact,agsq,2,1,0,n,bwilkinson
2011,colv,2004-07-11,185,14:13:00,17:16:00,3.05,exact,glgu,6,1,0,n,bwilkinson
2011,colv,2004-07-11,185,14:13:00,17:16:00,3.05,exact,ltja,3,1,0,n,bwilkinson
2011,colv,2004-07-11,185,14:13:00,17:16:00,3.05,exact,paja,2,1,0,n,bwilkinson
2011,colv,2004-07-11,185,14:13:00,17:16:00,3.05,exact,rutu,5,1,0,n,bwilkinson
2011,colv,2004-07-11,185,14:13:00,17:16:00,3.05,exact,snow,1,1,0,n,bwilkinson
2013,colv,2004-07-13,185,12:31:00,15:45:00,3.23,exact,agsq,1,1,0,n,bwilkinson
2013,colv,2004-07-13,185,12:31:00,15:45:00,3.23,exact,glgu,3,1,0,n,bwilkinson
2013,colv,2004-07-13,185,12:31:00,15:45:00,3.23,exact,paja,4,1,0,n,bwilkinson
2013,colv,2004-07-13,185,12:31:00,15:45:00,3.23,exact,rutu,2,1,0,n,bwilkinson
2013,colv,2004-07-13,185,11:45:00,15:30:00,3.75,exact,agsq,11,1,0,n,scarvey
2013,colv,2004-07-13,185,11:45:00,15:30:00,3.75,exact,glgu,1,1,0,n,scarvey
2013,colv,2004-07-13,185,11:45:00,15:30:00,3.75,exact,ltja,11,1,0,n,scarvey
2013,colv,2004-07-13,185,11:45:00,15:30:00,3.75,exact,paja,6,1,0,n,scarvey
2013,colv,2004-07-13,185,11:45:00,15:30:00,3.75,exact,rutu,10,1,0,n,scarvey
2013,chau,2004-07-13,185,12:20:00,16:20:00,4,est,glgu,4,1,0,n,mmudge
2013,chau,2004-07-13,185,12:20:00,16:20:00,4,est,paja,2,1,0,n,mmudge
2013,chau,2004-07-13,185,12:20:00,16:20:00,4,est,sacr,2,1,0,n,mmudge
2013,chau,2004-07-13,185,12:20:00,16:20:00,4,est,ungu,42,1,0,n,mmudge
2013,chau,2004-07-13,185,12:20:00,16:20:00,4,est,vegu,3,1,0,n,mmudge
2012,barr,2003-07-12,185,09:10:00,13:10:00,4,exact,brle,1,1,0,n,pherzog
2012,barr,2003-07-12,185,09:10:00,13:10:00,4,exact,cora,1,1,0,n,pherzog
2012,barr,2003-07-12,185,09:10:00,13:10:00,4,est,glgu,35,1,0,n,pherzog
2012,barr,2003-07-12,185,09:10:00,13:10:00,4,exact,poja,2,1,0,n,pherzog
2012,barr,2003-07-12,185,09:10:00,13:10:00,4,exact,unja,2,1,0,n,pherzog
2011,made,2004-07-11,185,09:55:00,13:55:00,4,exact,glgu,2,1,0,n,mmichaud
2011,made,2004-07-11,185,09:55:00,13:55:00,4,exact,paja,1,1,0,n,mmichaud
2011,made,2004-07-11,185,09:55:00,13:55:00,4,exact,sacr,2,1,0,n,mmichaud
2012,barr,2003-07-12,185,13:30:00,17:30:00,4,exact,glgu,3,1,0,n,bverheijen
2012,barr,2003-07-12,185,13:30:00,17:30:00,4,exact,poja,2,1,0,n,bverheijen
2012,barr,2003-07-12,185,13:30:00,17:30:00,4,exact,glgu,7,1,0,n,pherzog
2012,barr,2003-07-12,185,13:30:00,17:30:00,4,exact,paja,4,1,0,n,pherzog
2012,barr,2003-07-12,185,13:30:00,17:30:00,4,exact,poja,2,1,0,n,pherzog
2012,barr,2003-07-12,185,13:30:00,17:30:00,4,exact,unja,1,1,0,n,pherzog
2012,barr,2003-07-12,185,15:00:00,19:00:00,4,exact,brle,1,1,0,n,mmcconell
2012,barr,2003-07-12,185,15:00:00,19:00:00,4,exact,glgu,7,1,0,n,mmcconell
2012,barr,2003-07-12,185,15:00:00,19:00:00,4,exact,paja,3,1,0,n,mmcconell
2012,barr,2003-07-12,185,15:00:00,19:00:00,4,exact,poja,1,1,0,n,mmcconell
2012,barr,2003-07-12,185,15:00:00,19:00:00,4,exact,snow,2,1,0,n,mmcconell
2012,barr,2003-07-12,185,09:15:00,13:15:00,4,exact,brle,2,1,0,n,bverheijen
2012,barr,2003-07-12,185,09:15:00,13:15:00,4,exact,poja,3,1,0,n,bverheijen
2012,barr,2003-07-12,185,10:55:00,14:55:00,4,exact,glgu,3,1,0,n,mmcconell
2012,barr,2003-07-12,185,10:55:00,14:55:00,4,exact,paja,1,1,0,n,mmcconell
2012,barr,2003-07-12,185,10:55:00,14:55:00,4,exact,poja,1,1,0,n,mmcconell
2012,made,2003-07-12,185,16:00:00,20:00:00,4,exact,glgu,7,1,0,n,kbeckmann
2012,made,2003-07-12,185,16:00:00,20:00:00,4,exact,sacr,5,1,0,n,kbeckmann
2013,prba,2004-07-13,185,10:30:00,15:00:00,4.5,exact,cora,1,1,0,n,brobinson
2013,prba,2004-07-13,185,10:30:00,15:00:00,4.5,exact,glgu,1,1,0,n,brobinson
2013,prba,2004-07-13,185,10:30:00,15:00:00,4.5,exact,ltja,4,1,0,n,brobinson
2013,prba,2004-07-13,185,10:30:00,15:00:00,4.5,exact,paja,3,1,0,n,brobinson
2011,cari,2004-07-11,185,11:45:00,16:30:00,4.75,exact,brbe,1,1,0,n,ecorp
2011,cari,2004-07-11,185,11:45:00,16:30:00,4.75,exact,glgu,6,1,0,n,ecorp
2011,cari,2004-07-11,185,11:45:00,16:30:00,4.75,exact,paja,7,1,0,n,ecorp
2011,cari,2004-07-11,185,11:45:00,16:30:00,4.75,exact,poja,3,1,0,n,ecorp
2011,cari,2004-07-11,185,11:45:00,16:30:00,4.75,exact,refo,1,1,0,n,ecorp
2011,cari,2004-07-11,185,11:45:00,16:30:00,4.75,exact,snow,2,1,0,n,ecorp
2014,iglo,2004-07-14,185,11:30:00,18:15:00,6.75,est,cora,2,1,0,n,mcfrenette
2014,iglo,2004-07-14,185,11:30:00,18:15:00,6.75,est,ltja,1,1,0,n,mcfrenette
2011,cari,2004-07-11,185,10:30:00,17:30:00,7,exact,glgu,2,1,0,n,sfreeman
2011,cari,2004-07-11,185,10:30:00,17:30:00,7,exact,paja,4,1,0,n,sfreeman
2011,cari,2004-07-11,185,10:30:00,17:30:00,7,exact,poja,3,1,0,n,sfreeman
2013,bylo,2004-07-13,185,09:30:00,22:00:00,12.5,exact,glgu,6,1,0,n,fsenezgagnon
2012,chur,2003-07-12,185,16:20:00,16:40:00,0.33,exact,herg,2,2,0,y,jperz
2012,chur,2003-07-12,185,16:45:00,17:15:00,0.5,exact,paja,2,2,1,y,jperz
2014,chur,2004-07-14,185,14:00:00,14:45:00,0.75,exact,herg,1,2,0,y,jperz
2014,chur,2004-07-14,185,14:00:00,14:45:00,0.75,exact,paja,2,2,0,y,jperz
2012,chur,2003-07-12,185,08:45:00,09:40:00,0.92,exact,cora,1,2,0,y,jperz
2012,chur,2003-07-12,185,08:45:00,09:40:00,0.92,exact,herg,1,2,0,y,jperz
2014,chur,2004-07-14,185,09:30:00,10:30:00,1,exact,cora,2,2,0,y,jperz
2014,chur,2004-07-14,185,09:30:00,10:30:00,1,exact,noha,1,2,0,y,jperz
2014,chur,2004-07-14,185,10:30:00,12:30:00,2,exact,cora,1,2,0,y,jperz
2014,chur,2004-07-14,185,10:30:00,12:30:00,2,exact,paja,4,2,0,y,jperz
2014,chur,2004-07-14,185,09:30:00,12:30:00,3,exact,cora,1,2,0,y,lkoloski
2014,chur,2004-07-14,185,09:30:00,12:30:00,3,exact,paja,5,2,0,y,lkoloski
2014,colv,2004-07-14,185,12:00:00,16:00:00,4,exact,glgu,1,2,0,y,tdonnelly
2014,colv,2004-07-14,185,12:00:00,16:00:00,4,exact,paja,7,2,0,y,tdonnelly
2014,colv,2004-07-14,185,12:00:00,16:00:00,4,exact,rutu,7,2,0,y,tdonnelly
2014,colv,2004-07-14,185,12:00:00,16:00:00,4,exact,snow,2,2,0,y,tdonnelly
2014,colv,2004-07-14,185,12:00:00,16:00:00,4,exact,refo,1,2,0,y,tdonnelly
2014,colv,2004-07-14,185,12:00:00,16:00:00,4,exact,agsq,8,2,0,y,tdonnelly
2014,colv,2004-07-14,185,12:00:00,16:00:00,4,exact,unfa,1,2,0,y,tdonnelly
2012,made,2003-07-12,185,16:00:00,20:00:00,4,exact,glgu,2,2,0,n,asmith
2012,made,2003-07-12,185,16:00:00,20:00:00,4,exact,paja,2,2,0,n,asmith
2012,made,2003-07-12,185,16:00:00,20:00:00,4,exact,rlha,2,2,0,n,asmith
2012,made,2003-07-12,185,16:00:00,20:00:00,4,exact,sacr,6,2,0,n,asmith
2012,chur,2003-07-12,185,09:45:00,15:00:00,5.25,exact,cora,1,2,0,y,jperz
2012,chur,2003-07-12,185,09:45:00,15:00:00,5.25,exact,herg,2,2,0,y,jperz
2012,chur,2003-07-12,185,09:45:00,15:00:00,5.25,exact,paja,6,2,0,y,jperz
2014,iglo,2004-07-14,185,11:30:00,17:09:00,5.65,est,cora,2,2,0,y,mgiroux
2014,iglo,2004-07-14,185,11:30:00,17:09:00,5.65,est,glgu,3,2,0,y,mgiroux
2014,iglo,2004-07-14,185,11:30:00,17:09:00,5.65,est,ungu,11,2,0,y,mgiroux
2014,iglo,2004-07-14,185,11:30:00,17:09:00,5.65,est,ltja,2,2,0,y,mgiroux
2014,iglo,2004-07-14,185,11:30:00,17:09:00,5.65,est,paja,1,2,0,y,mgiroux
2014,iglo,2004-07-14,185,11:30:00,17:09:00,5.65,est,rutu,2,2,0,y,mgiroux
2011,made,2004-07-11,185,09:30:00,17:30:00,8,est,glgu,2,2,0,y,knuyaviak
2011,made,2004-07-11,185,09:30:00,17:30:00,8,est,paja,2,2,0,y,knuyaviak
2011,made,2004-07-11,185,09:30:00,17:30:00,8,est,sacr,4,2,0,y,knuyaviak
2014,colv,2004-07-14,185,11:50:00,19:30:00,7.67,exact,glgu,3,3,0,y,dward
2014,colv,2004-07-14,185,11:50:00,19:30:00,7.67,exact,paja,8,3,0,y,dward
2014,colv,2004-07-14,185,11:50:00,19:30:00,7.67,exact,ltja,4,3,0,y,dward
2014,colv,2004-07-14,185,11:50:00,19:30:00,7.67,exact,rutu,3,3,0,y,dward
2014,colv,2004-07-14,185,11:50:00,19:30:00,7.67,exact,sacr,1,3,0,y,dward
2014,colv,2004-07-14,185,11:50:00,19:30:00,7.67,exact,refo,1,3,0,y,dward
2014,colv,2004-07-14,185,11:50:00,19:30:00,7.67,exact,agsq,7,3,0,y,dward
2014,coat,2004-07-14,185,08:30:00,16:30:00,8,exact,paja,8,3,0,y,crew1
2014,coat,2004-07-14,185,08:30:00,16:30:00,8,exact,herg,2,3,0,y,crew1
2011,nome,2004-07-11,185,09:30:00,11:30:00,2,exact,agsq,1,5,0,y,wenglish
2012,nome,2003-07-12,185,10:00:00,18:00:00,8,exact,cora,2,5,0,y,NA
2012,nome,2003-07-12,185,10:00:00,18:00:00,8,exact,glgu,7,5,0,y,NA
2012,nome,2003-07-12,185,10:00:00,18:00:00,8,exact,ltja,1,5,0,y,NA
2012,nome,2003-07-12,185,10:00:00,18:00:00,8,exact,paja,12,5,0,y,NA
2012,nome,2003-07-12,185,10:00:00,18:00:00,8,exact,sacr,4,5,0,y,NA
2012,nome,2003-07-12,185,10:00:00,18:00:00,8,exact,seow,1,5,0,y,NA
2014,cari,2004-07-14,185,09:00:00,17:00:00,8,exact,glgu,7,1,0,n,idavies
2014,cari,2004-07-14,185,09:00:00,17:00:00,8,exact,paja,4,1,0,n,idavies
2014,cari,2004-07-14,185,09:00:00,17:00:00,8,exact,sacr,2,1,0,n,idavies
2014,cari,2004-07-14,185,09:00:00,17:00:00,8,exact,snow,1,1,0,n,idavies
2012,ikpi,2003-07-12,185,11:00:00,13:00:00,2,est,glgu,6,1,0,y,mmudge
2012,ikpi,2003-07-12,185,11:00:00,13:00:00,2,exact,poja,1,1,0,n,mmudge
2012,ikpi,2003-07-12,185,11:00:00,13:00:00,2,est,paja,5,1,0,y,mmudge
2012,ikpi,2003-07-12,185,11:00:00,13:00:00,2,exact,agsq,1,1,0,n,mmudge
2013,nome,2004-07-13,185,10:00:00,12:00:00,2,exact,refo,1,3,0,y,NA
2013,nome,2004-07-13,185,10:00:00,12:00:00,2,exact,tuvo,1,3,0,y,NA
2013,nome,2004-07-13,185,10:00:00,12:00:00,2,exact,cora,1,3,0,y,NA
2013,nome,2004-07-13,185,10:00:00,12:00:00,2,exact,paja,1,3,0,y,NA
2013,nome,2004-07-13,185,10:00:00,12:00:00,2,exact,glgu,1,3,0,y,NA
2011,chur,2004-07-11,185,08:10:00,17:45:00,9.58,NA,paja,3,3,0,y,edastous
2011,chur,2004-07-11,185,08:10:00,17:45:00,9.58,NA,cora,1,3,0,y,edastous
2014,cakr,2003-07-14,184,11:27:00,12:02:00,0.58,est,glgu,200,1,0,n,mmcconnell
2014,cakr,2003-07-14,184,11:27:00,12:02:00,0.58,est,ltja,150,1,0,n,mmcconnell
2014,cakr,2003-07-14,184,11:27:00,12:02:00,0.58,exact,sacr,21,1,0,n,mmcconnell
2014,cakr,2003-07-14,184,11:27:00,12:02:00,0.58,exact,megu,3,1,0,n,mmcconnell
2014,ikpi,2003-07-14,184,16:30:00,17:25:00,0.92,exact,glgu,1,1,0,n,pchilton
2014,ikpi,2003-07-14,184,16:30:00,17:25:00,0.92,exact,ltja,2,1,0,n,pchilton
2013,cakr,2003-07-13,184,16:30:00,17:30:00,1,exact,glgu,1,1,0,n,flin
2013,cakr,2003-07-13,184,16:30:00,17:30:00,1,exact,paja,2,1,0,n,flin
2013,cakr,2003-07-13,184,15:00:00,16:15:00,1.25,est,glgu,40,1,0,n,flin
2013,cakr,2003-07-13,184,15:00:00,16:15:00,1.25,exact,ltja,2,1,0,n,flin
2013,cakr,2003-07-13,184,15:00:00,16:15:00,1.25,exact,paja,5,1,0,n,flin
2013,cakr,2003-07-13,184,15:00:00,16:15:00,1.25,exact,sacr,3,1,0,n,flin
2012,prba,2002-07-12,184,11:18:00,12:38:00,1.33,exact,cora,1,1,0,n,apham
2012,prba,2002-07-12,184,11:18:00,12:38:00,1.33,exact,glgu,5,1,0,n,apham
2012,prba,2002-07-12,184,11:18:00,12:38:00,1.33,exact,paja,1,1,0,n,apham
2012,prba,2002-07-12,184,08:20:00,09:45:00,1.42,exact,arfo,1,1,0,n,apham
2012,prba,2002-07-12,184,08:20:00,09:45:00,1.42,exact,glgu,4,1,0,n,apham
2012,prba,2002-07-12,184,08:20:00,09:45:00,1.42,exact,ltja,2,1,0,n,apham
2012,prba,2002-07-12,184,08:20:00,09:45:00,1.42,exact,paja,1,1,0,n,apham
2013,prba,2003-07-13,184,12:05:00,14:15:00,2.17,exact,paja,3,1,0,n,brobinson
2012,chau,2002-07-12,184,11:20:00,14:00:00,2.67,exact,glgu,4,1,0,n,mboldenow
2012,chau,2002-07-12,184,11:20:00,14:00:00,2.67,exact,ltja,3,1,0,n,mboldenow
2012,chau,2002-07-12,184,11:20:00,14:00:00,2.67,est,unja,60,1,0,n,mboldenow
2012,chau,2002-07-12,184,11:20:00,14:00:00,2.67,exact,vegu,2,1,0,n,mboldenow
2014,chau,2003-07-14,184,12:30:00,15:30:00,3,exact,cora,1,1,0,n,jdiener
2014,chau,2003-07-14,184,12:30:00,15:30:00,3,exact,sacr,2,1,0,n,jdiener
2014,chau,2003-07-14,184,12:30:00,15:30:00,3,exact,vegu,4,1,0,n,jdiener
2013,colv,2003-07-13,184,11:10:00,14:19:00,3.15,exact,agsq,4,1,0,n,bwilkinson
2013,colv,2003-07-13,184,11:10:00,14:19:00,3.15,exact,glgu,2,1,0,n,bwilkinson
2013,colv,2003-07-13,184,11:10:00,14:19:00,3.15,exact,paja,2,1,0,n,bwilkinson
2013,colv,2003-07-13,184,11:10:00,14:19:00,3.15,exact,rutu,6,1,0,n,bwilkinson
2011,colv,2003-07-11,184,11:09:00,14:21:00,3.2,exact,agsq,2,1,0,n,bwilkinson
2011,colv,2003-07-11,184,11:09:00,14:21:00,3.2,exact,glgu,10,1,0,n,bwilkinson
2011,colv,2003-07-11,184,11:09:00,14:21:00,3.2,exact,ltja,5,1,0,n,bwilkinson
2011,colv,2003-07-11,184,11:09:00,14:21:00,3.2,exact,paja,1,1,0,n,bwilkinson
2011,colv,2003-07-11,184,11:09:00,14:21:00,3.2,exact,rutu,5,1,0,n,bwilkinson
2011,colv,2003-07-11,184,11:01:00,14:21:00,3.33,exact,agsq,3,1,0,n,dpavlik
2011,colv,2003-07-11,184,11:01:00,14:21:00,3.33,exact,glgu,8,1,0,n,dpavlik
2011,colv,2003-07-11,184,11:01:00,14:21:00,3.33,exact,ltja,7,1,0,n,dpavlik
2011,colv,2003-07-11,184,11:01:00,14:21:00,3.33,exact,paja,1,1,0,n,dpavlik
2011,colv,2003-07-11,184,11:01:00,14:21:00,3.33,exact,rutu,6,1,0,n,dpavlik
2011,colv,2003-07-11,184,11:01:00,14:21:00,3.33,exact,snow,1,1,0,n,dpavlik
2013,colv,2003-07-13,184,11:00:00,14:30:00,3.5,exact,glgu,5,1,0,n,scarvey
2013,colv,2003-07-13,184,11:00:00,14:30:00,3.5,exact,paja,2,1,0,n,scarvey
2014,ikpi,2003-07-14,184,05:31:00,09:15:00,3.73,exact,glgu,1,1,0,n,pchilton
2014,ikpi,2003-07-14,184,05:31:00,09:15:00,3.73,exact,sagu,1,1,0,n,pchilton
2013,bylo,2003-07-13,184,13:00:00,17:00:00,4,exact,glgu,6,1,0,n,fsenezgagnon
2013,bylo,2003-07-13,184,13:00:00,17:00:00,4,exact,sacr,2,1,0,n,fsenezgagnon
2012,lkri,2002-07-12,184,12:31:00,16:50:00,4.32,exact,ltja,1,1,0,n,apopovkina
2013,iglo,2003-07-13,184,13:30:00,18:00:00,4.5,est,herg,1,1,0,n,magiroux
2013,iglo,2003-07-13,184,13:30:00,18:00:00,4.5,exact,arfo,1,1,0,n,magiroux
2013,chau,2003-07-13,184,11:30:00,17:00:00,5.5,est,glgu,2,1,1,n,kpietrzak
2013,chau,2003-07-13,184,11:30:00,17:00:00,5.5,est,ltja,2,1,0,n,kpietrzak
2013,chau,2003-07-13,184,11:30:00,17:00:00,5.5,est,paja,4,1,0,n,kpietrzak
2013,chau,2003-07-13,184,11:30:00,17:00:00,5.5,est,sacr,12,1,0,n,kpietrzak
2013,chau,2003-07-13,184,11:30:00,17:00:00,5.5,est,vegu,5,1,0,n,kpietrzak
2014,colv,2003-07-14,184,12:45:00,18:30:00,5.75,exact,glgu,3,1,0,n,dward
2014,colv,2003-07-14,184,12:45:00,18:30:00,5.75,exact,paja,6,1,0,n,dward
2014,colv,2003-07-14,184,12:45:00,18:30:00,5.75,exact,ltja,6,1,0,n,dward
2014,colv,2003-07-14,184,12:45:00,18:30:00,5.75,exact,agsq,6,1,0,n,dward
2013,ikpi,2003-07-13,184,12:30:00,19:40:00,7.17,exact,agsq,3,1,0,n,epayne
2013,ikpi,2003-07-13,184,12:30:00,19:40:00,7.17,est,glgu,6,1,0,n,epayne
2013,ikpi,2003-07-13,184,12:30:00,19:40:00,7.17,exact,ltja,4,1,0,n,epayne
2013,ikpi,2003-07-13,184,12:30:00,19:40:00,7.17,exact,paja,5,1,0,n,epayne
2014,iglo,2003-07-14,184,11:50:00,19:30:00,7.67,est,cora,3,1,0,n,mtpaquet
2014,iglo,2003-07-14,184,11:50:00,19:30:00,7.67,est,glgu,2,1,0,n,mtpaquet
2014,iglo,2003-07-14,184,11:50:00,19:30:00,7.67,est,ungu,2,1,0,n,mtpaquet
2014,iglo,2003-07-14,184,11:50:00,19:30:00,7.67,exact,ltja,1,1,0,n,mtpaquet
2011,ikpi,2003-07-11,184,10:10:00,18:30:00,8.33,est,glgu,6,1,0,n,jwright
2011,ikpi,2003-07-11,184,10:10:00,18:30:00,8.33,exact,ltja,1,1,0,n,jwright
2011,ikpi,2003-07-11,184,10:10:00,18:30:00,8.33,exact,paja,1,1,0,n,jwright
2014,chur,2003-07-14,184,15:00:00,16:00:00,1,exact,herg,2,2,0,y,lkoloski
2014,chur,2003-07-14,184,08:45:00,10:00:00,1.25,exact,cora,1,2,0,y,lkoloski
2014,chur,2003-07-14,184,08:45:00,10:00:00,1.25,exact,noha,1,2,0,y,lkoloski
2014,chur,2003-07-14,184,08:45:00,10:00:00,1.25,exact,sacr,2,2,0,y,lkoloski
2012,chur,2002-07-12,184,08:35:00,11:30:00,2.92,exact,paja,1,2,0,y,jperz
2012,chur,2002-07-12,184,08:35:00,11:30:00,2.92,exact,sacr,2,2,0,y,jperz
2012,chur,2002-07-12,184,12:00:00,17:00:00,5,exact,cora,2,2,0,y,jperz
2012,chur,2002-07-12,184,12:00:00,17:00:00,5,exact,paja,8,2,0,y,jperz
2012,chur,2002-07-12,184,12:00:00,17:00:00,5,exact,rlha,1,2,0,y,jperz
2014,chur,2003-07-14,184,02:57:00,16:00:00,13.05,exact,cora,1,2,0,y,jperz
2014,chur,2003-07-14,184,02:57:00,16:00:00,13.05,exact,herg,4,2,0,y,jperz
2014,chur,2003-07-14,184,02:57:00,16:00:00,13.05,exact,paja,2,2,0,y,jperz
2014,coat,2003-07-14,184,08:00:00,16:00:00,8,exact,paja,7,3,0,y,crew1
2014,coat,2003-07-14,184,08:00:00,16:00:00,8,exact,herg,15,3,0,y,crew1
2012,nome,2002-07-12,184,08:00:00,10:00:00,2,exact,cora,2,4,0,y,NA
2012,nome,2002-07-12,184,08:00:00,10:00:00,2,exact,glgu,9,4,0,y,NA
2012,nome,2002-07-12,184,08:00:00,10:00:00,2,exact,megu,3,4,0,y,NA
2012,nome,2002-07-12,184,08:00:00,10:00:00,2,exact,paja,3,4,0,y,NA
2012,nome,2002-07-12,184,08:00:00,10:00:00,2,exact,tuvo,2,4,0,y,NA
2014,chur,2003-07-14,184,08:45:00,14:00:00,5.25,exact,cora,2,4,0,y,jperz
2014,chur,2003-07-14,184,08:45:00,14:00:00,5.25,exact,noha,1,4,0,y,jperz
2014,chur,2003-07-14,184,08:45:00,14:00:00,5.25,exact,paja,8,4,0,y,jperz
2014,chur,2003-07-14,184,08:45:00,14:00:00,5.25,exact,sacr,2,4,0,y,jperz
2011,nome,2003-07-11,184,10:00:00,12:00:00,2,exact,agsq,1,5,0,y,wenglish
2011,nome,2003-07-11,184,10:00:00,12:00:00,2,exact,cora,1,5,0,y,wenglish
2011,nome,2003-07-11,184,10:00:00,12:00:00,2,exact,glgu,1,5,0,y,wenglish
2011,nome,2003-07-11,184,10:00:00,12:00:00,2,exact,ltja,1,5,0,y,wenglish
2011,nome,2003-07-11,184,10:00:00,12:00:00,2,exact,paja,2,5,0,y,wenglish
2014,cari,2003-07-14,184,10:00:00,17:00:00,7,exact,glgu,8,1,0,n,idavies
2014,cari,2003-07-14,184,10:00:00,17:00:00,7,exact,paja,6,1,0,n,idavies
2014,cari,2003-07-14,184,10:00:00,17:00:00,7,exact,ltja,4,1,0,n,idavies
2014,cari,2003-07-14,184,10:00:00,17:00:00,7,exact,sacr,2,1,0,n,idavies
2014,cari,2003-07-14,184,10:00:00,17:00:00,7,exact,snow,1,1,0,n,idavies
2012,ikpi,2002-07-12,184,14:30:00,15:50:00,1.33,exact,glgu,2,1,0,y,kpietrzak
2012,ikpi,2002-07-12,184,14:30:00,15:50:00,1.33,exact,paja,2,1,0,y,kpietrzak
2012,ikpi,2002-07-12,184,14:30:00,15:50:00,1.33,exact,agsq,3,1,0,y,kpietrzak
2013,nome,2003-07-13,184,10:00:00,13:00:00,3,exact,tuvo,1,4,0,y,NA
2013,nome,2003-07-13,184,10:00:00,13:00:00,3,exact,cora,1,4,0,y,NA
2013,nome,2003-07-13,184,10:00:00,13:00:00,3,exact,paja,1,4,0,y,NA
2013,nome,2003-07-13,184,10:00:00,13:00:00,3,exact,sacr,1,4,0,y,NA
2013,nome,2003-07-13,184,10:00:00,13:00:00,3,exact,megu,1,4,0,y,NA
2013,nome,2003-07-13,184,10:00:00,13:00:00,3,exact,glgu,6,4,0,y,NA
2012,prba,2001-07-12,183,12:50:00,14:20:00,1.5,exact,agsq,1,1,0,n,jlautenbach
2012,prba,2001-07-12,183,12:50:00,14:20:00,1.5,exact,cora,1,1,0,n,jlautenbach
2012,prba,2001-07-12,183,12:50:00,14:20:00,1.5,exact,glgu,4,1,0,n,jlautenbach
2012,prba,2001-07-12,183,12:50:00,14:20:00,1.5,exact,ltja,4,1,0,n,jlautenbach
2012,prba,2001-07-12,183,12:50:00,14:20:00,1.5,exact,paja,4,1,0,n,jlautenbach
2012,prba,2001-07-12,183,12:50:00,14:20:00,1.5,exact,snow,4,1,0,n,jlautenbach
2011,prba,2002-07-11,183,15:11:00,16:48:00,1.62,exact,glgu,2,1,0,n,eames
2011,prba,2002-07-11,183,15:11:00,16:48:00,1.62,exact,paja,1,1,0,n,eames
2011,prba,2002-07-11,183,15:11:00,16:48:00,1.62,exact,snow,2,1,0,n,eames
2012,prba,2001-07-12,183,08:15:00,10:00:00,1.75,exact,glgu,2,1,0,n,jlautenbach
2012,prba,2001-07-12,183,08:15:00,10:00:00,1.75,exact,ltja,2,1,0,n,jlautenbach
2012,prba,2001-07-12,183,08:15:00,10:00:00,1.75,exact,paja,4,1,0,n,jlautenbach
2012,prba,2001-07-12,183,08:15:00,10:00:00,1.75,exact,snow,2,1,0,n,jlautenbach
2012,lkri,2001-07-12,183,18:40:00,20:29:00,1.82,exact,arfo,3,1,0,n,apopovkina
2013,barr,2002-07-13,183,09:50:00,11:40:00,1.83,exact,ltja,1,1,0,n,lrensel
2013,barr,2002-07-13,183,09:50:00,11:40:00,1.83,exact,paja,2,1,0,n,lrensel
2012,prba,2001-07-12,183,10:40:00,12:30:00,1.83,exact,cora,4,1,0,n,jlautenbach
2012,prba,2001-07-12,183,10:40:00,12:30:00,1.83,exact,glgu,16,1,0,n,jlautenbach
2012,prba,2001-07-12,183,10:40:00,12:30:00,1.83,exact,ltja,2,1,0,n,jlautenbach
2012,prba,2001-07-12,183,10:40:00,12:30:00,1.83,exact,paja,1,1,0,n,jlautenbach
2012,prba,2001-07-12,183,10:40:00,12:30:00,1.83,exact,refo,1,1,0,n,jlautenbach
2013,barr,2002-07-13,183,11:45:00,14:15:00,2.5,exact,glgu,1,1,0,n,lrensel
2013,barr,2002-07-13,183,11:45:00,14:15:00,2.5,exact,ltja,1,1,0,n,lrensel
2013,barr,2002-07-13,183,11:45:00,14:15:00,2.5,exact,paja,1,1,0,n,lrensel
2014,iglo,2002-07-14,183,20:30:00,23:15:00,2.75,est,arfo,1,1,0,n,mgiroux
2014,iglo,2002-07-14,183,20:30:00,23:15:00,2.75,est,cora,2,1,0,n,mgiroux
2014,iglo,2002-07-14,183,20:30:00,23:15:00,2.75,est,sagu,1,1,0,n,mgiroux
2011,colv,2002-07-11,183,18:13:00,21:50:00,3.62,exact,agsq,6,1,0,n,dpavlik
2011,colv,2002-07-11,183,18:13:00,21:50:00,3.62,exact,glgu,5,1,0,n,dpavlik
2011,colv,2002-07-11,183,18:13:00,21:50:00,3.62,exact,ltja,1,1,0,n,dpavlik
2011,colv,2002-07-11,183,18:13:00,21:50:00,3.62,exact,paja,7,1,0,n,dpavlik
2013,barr,2002-07-13,183,10:00:00,13:45:00,3.75,exact,glgu,10,1,0,n,jdanby
2013,barr,2002-07-13,183,10:00:00,13:45:00,3.75,exact,ltja,20,1,0,n,jdanby
2013,barr,2002-07-13,183,10:00:00,13:45:00,3.75,exact,paja,10,1,0,n,jdanby
2014,iglo,2002-07-14,183,11:41:00,15:30:00,3.82,est,cora,1,1,0,n,nlecomte
2014,iglo,2002-07-14,183,11:41:00,15:30:00,3.82,est,glgu,2,1,0,n,nlecomte
2014,iglo,2002-07-14,183,11:41:00,15:30:00,3.82,est,ungu,2,1,0,n,nlecomte
2014,iglo,2002-07-14,183,11:41:00,15:30:00,3.82,est,ltja,1,1,0,n,nlecomte
2014,iglo,2002-07-14,183,11:41:00,15:30:00,3.82,est,paja,1,1,0,n,nlecomte
2011,ikpi,2002-07-11,183,10:00:00,13:50:00,3.83,exact,agsq,2,1,0,n,acook
2011,ikpi,2002-07-11,183,10:00:00,13:50:00,3.83,est,glgu,4,1,0,n,acook
2011,ikpi,2002-07-11,183,10:00:00,13:50:00,3.83,est,paja,2,1,0,n,acook
2011,colv,2002-07-11,183,18:16:00,22:11:00,3.92,exact,agsq,1,1,0,n,bwilkinson
2011,colv,2002-07-11,183,18:16:00,22:11:00,3.92,exact,glgu,6,1,0,n,bwilkinson
2011,colv,2002-07-11,183,18:16:00,22:11:00,3.92,exact,ltja,2,1,0,n,bwilkinson
2011,colv,2002-07-11,183,18:16:00,22:11:00,3.92,exact,paja,1,1,0,n,bwilkinson
2011,colv,2002-07-11,183,18:16:00,22:11:00,3.92,exact,rutu,6,1,0,n,bwilkinson
2011,colv,2002-07-11,183,18:16:00,22:11:00,3.92,exact,snow,1,1,0,n,bwilkinson
2014,ikpi,2002-07-14,183,08:50:00,13:35:00,4.75,exact,glgu,5,1,0,n,mdodds
2014,ikpi,2002-07-14,183,08:50:00,13:35:00,4.75,exact,paja,4,1,0,n,mdodds
2014,ikpi,2002-07-14,183,08:50:00,13:35:00,4.75,exact,ltja,1,1,0,n,mdodds
2014,ikpi,2002-07-14,183,08:50:00,13:35:00,4.75,exact,agsq,1,1,0,n,mdodds
2012,cari,2001-07-12,183,10:30:00,15:30:00,5,exact,arfo,1,1,0,n,idavies
2012,cari,2001-07-12,183,10:30:00,15:30:00,5,exact,cole,1,1,0,n,idavies
2012,cari,2001-07-12,183,10:30:00,15:30:00,5,exact,glgu,19,1,0,n,idavies
2012,cari,2001-07-12,183,10:30:00,15:30:00,5,exact,ltja,5,1,0,n,idavies
2012,cari,2001-07-12,183,10:30:00,15:30:00,5,exact,paja,10,1,0,n,idavies
2012,cari,2001-07-12,183,10:30:00,15:30:00,5,exact,snow,3,1,0,n,idavies
2012,chau,2001-07-12,183,13:30:00,18:30:00,5,exact,cora,1,1,0,n,mboldenow
2012,chau,2001-07-12,183,13:30:00,18:30:00,5,exact,glgu,3,1,0,n,mboldenow
2012,chau,2001-07-12,183,13:30:00,18:30:00,5,exact,ltja,3,1,0,n,mboldenow
2012,chau,2001-07-12,183,13:30:00,18:30:00,5,exact,poja,1,1,0,n,mboldenow
2012,chau,2001-07-12,183,13:30:00,18:30:00,5,est,unja,50,1,0,n,mboldenow
2012,chau,2001-07-12,183,13:30:00,18:30:00,5,exact,vegu,2,1,0,n,mboldenow
2013,colv,2002-07-13,183,11:40:00,17:00:00,5.33,exact,agsq,11,1,0,n,scarvey
2013,colv,2002-07-13,183,11:40:00,17:00:00,5.33,exact,glgu,8,1,0,n,scarvey
2013,colv,2002-07-13,183,11:40:00,17:00:00,5.33,exact,ltja,1,1,0,n,scarvey
2013,colv,2002-07-13,183,11:40:00,17:00:00,5.33,exact,noha,1,1,0,n,scarvey
2013,colv,2002-07-13,183,11:40:00,17:00:00,5.33,exact,paja,3,1,0,n,scarvey
2013,colv,2002-07-13,183,11:40:00,17:00:00,5.33,exact,refo,1,1,0,n,scarvey
2013,colv,2002-07-13,183,11:40:00,17:00:00,5.33,exact,rutu,3,1,0,n,scarvey
2013,colv,2002-07-13,183,11:40:00,17:00:00,5.33,exact,sacr,2,1,0,n,scarvey
2013,colv,2002-07-13,183,12:23:00,17:51:00,5.47,exact,glgu,2,1,0,n,bwilkinson
2013,colv,2002-07-13,183,12:23:00,17:51:00,5.47,exact,ltja,2,1,0,n,bwilkinson
2013,colv,2002-07-13,183,12:23:00,17:51:00,5.47,exact,paja,4,1,0,n,bwilkinson
2013,colv,2002-07-13,183,12:23:00,17:51:00,5.47,exact,rutu,1,1,0,n,bwilkinson
2012,colv,2001-07-12,183,10:00:00,15:50:00,5.83,est,agsq,12,1,0,n,msmith
2012,colv,2001-07-12,183,10:00:00,15:50:00,5.83,est,glgu,8,1,0,n,msmith
2012,colv,2001-07-12,183,10:00:00,15:50:00,5.83,exact,paja,2,1,0,n,msmith
2012,colv,2001-07-12,183,10:00:00,15:50:00,5.83,exact,snow,2,1,0,n,msmith
2012,cakr,2001-07-12,183,10:30:00,16:30:00,6,exact,bltu,2,1,0,n,edastous
2012,cakr,2001-07-12,183,10:30:00,16:30:00,6,est,glgu,12,1,0,n,edastous
2012,cakr,2001-07-12,183,10:30:00,16:30:00,6,exact,megu,1,1,0,n,edastous
2012,cakr,2001-07-12,183,10:30:00,16:30:00,6,exact,paja,3,1,1,n,edastous
2012,cakr,2001-07-12,183,10:30:00,16:30:00,6,exact,sacr,5,1,1,n,edastous
2013,barr,2002-07-13,183,11:45:00,17:45:00,6,exact,cora,1,1,0,n,jcunningham
2013,barr,2002-07-13,183,11:45:00,17:45:00,6,exact,glgu,1,1,0,n,jcunningham
2013,barr,2002-07-13,183,11:45:00,17:45:00,6,exact,ltja,3,1,0,n,jcunningham
2013,barr,2002-07-13,183,11:45:00,17:45:00,6,exact,paja,3,1,0,n,jcunningham
2012,cari,2001-07-12,183,09:45:00,16:00:00,6.25,exact,cole,1,1,0,n,akneidel
2012,cari,2001-07-12,183,09:45:00,16:00:00,6.25,exact,glgu,14,1,0,n,akneidel
2012,cari,2001-07-12,183,09:45:00,16:00:00,6.25,exact,ltja,1,1,0,n,akneidel
2012,cari,2001-07-12,183,09:45:00,16:00:00,6.25,exact,paja,4,1,0,n,akneidel
2012,cari,2001-07-12,183,09:45:00,16:00:00,6.25,exact,snow,2,1,0,n,akneidel
2012,cari,2001-07-12,183,09:45:00,16:00:00,6.25,exact,arfo,1,1,0,n,bwinn
2012,cari,2001-07-12,183,09:45:00,16:00:00,6.25,exact,glgu,8,1,0,n,bwinn
2012,cari,2001-07-12,183,09:45:00,16:00:00,6.25,exact,ltja,6,1,0,n,bwinn
2012,cari,2001-07-12,183,09:45:00,16:00:00,6.25,exact,paja,4,1,0,n,bwinn
2012,cari,2001-07-12,183,09:45:00,16:00:00,6.25,exact,sacr,3,1,0,n,bwinn
2012,cari,2001-07-12,183,09:45:00,16:00:00,6.25,exact,snow,2,1,0,n,bwinn
2014,chau,2002-07-14,183,11:00:00,18:00:00,7,exact,glgu,4,1,0,n,lgoodrick
2014,chau,2002-07-14,183,11:00:00,18:00:00,7,exact,paja,4,1,0,n,lgoodrick
2014,chau,2002-07-14,183,11:00:00,18:00:00,7,est,ltja,3,1,0,n,lgoodrick
2014,chau,2002-07-14,183,11:00:00,18:00:00,7,exact,sacr,4,1,0,n,lgoodrick
2014,chau,2002-07-14,183,11:00:00,18:00:00,7,exact,rlha,1,1,0,n,lgoodrick
2014,chau,2002-07-14,183,11:00:00,18:00:00,7,exact,vegu,4,1,0,n,lgoodrick
2014,iglo,2002-07-14,183,11:00:00,18:00:00,7,est,cora,1,1,0,n,mcfrenette
2014,iglo,2002-07-14,183,11:00:00,18:00:00,7,est,glgu,1,1,0,n,mcfrenette
2012,colv,2001-07-12,183,11:03:00,18:32:00,7.48,exact,agsq,4,1,0,n,bwilkinson
2012,colv,2001-07-12,183,11:03:00,18:32:00,7.48,exact,glgu,5,1,0,n,bwilkinson
2012,colv,2001-07-12,183,11:03:00,18:32:00,7.48,exact,ltja,2,1,0,n,bwilkinson
2012,colv,2001-07-12,183,11:03:00,18:32:00,7.48,exact,paja,6,1,0,n,bwilkinson
2012,colv,2001-07-12,183,11:03:00,18:32:00,7.48,exact,rutu,2,1,0,n,bwilkinson
2012,colv,2001-07-12,183,11:03:00,18:32:00,7.48,exact,snow,1,1,0,n,bwilkinson
2013,ikpi,2002-07-13,183,11:30:00,19:30:00,8,est,agsq,2,1,0,n,ojames
2013,ikpi,2002-07-13,183,11:30:00,19:30:00,8,est,glgu,4,1,0,n,ojames
2013,ikpi,2002-07-13,183,11:30:00,19:30:00,8,est,paja,4,1,1,n,ojames
2013,bylo,2002-07-13,183,13:00:00,23:00:00,10,exact,arfo,1,1,0,n,fsenezgagnon
2013,bylo,2002-07-13,183,13:00:00,23:00:00,10,exact,glgu,2,1,0,n,fsenezgagnon
2013,bylo,2002-07-13,183,13:00:00,23:00:00,10,exact,sacr,2,1,0,n,fsenezgagnon
2014,chur,2002-07-14,183,08:45:00,10:30:00,1.75,exact,cora,1,2,0,y,lkoloski
2014,chur,2002-07-14,183,08:45:00,10:30:00,1.75,exact,paja,7,2,0,y,lkoloski
2013,barr,2002-07-13,183,14:15:00,18:00:00,3.75,est,glgu,10,2,0,y,lrensel
2013,barr,2002-07-13,183,14:15:00,18:00:00,3.75,exact,ltja,4,2,0,y,lrensel
2013,barr,2002-07-13,183,14:15:00,18:00:00,3.75,exact,paja,4,2,0,y,lrensel
2013,barr,2002-07-13,183,14:00:00,19:30:00,5.5,est,glgu,17,2,0,y,jdanby
2013,barr,2002-07-13,183,14:00:00,19:30:00,5.5,est,ltja,8,2,0,y,jdanby
2013,barr,2002-07-13,183,14:00:00,19:30:00,5.5,est,paja,7,2,1,y,jdanby
2014,chur,2002-07-14,183,08:45:00,14:15:00,5.5,exact,cora,2,2,0,y,jperz
2014,chur,2002-07-14,183,08:45:00,14:15:00,5.5,exact,paja,7,2,0,y,jperz
2014,chur,2002-07-14,183,08:45:00,14:15:00,5.5,exact,sacr,2,2,0,y,jperz
2014,colv,2002-07-14,183,12:00:00,18:00:00,6,exact,glgu,3,2,0,y,dward
2014,colv,2002-07-14,183,12:00:00,18:00:00,6,exact,paja,7,2,0,y,dward
2014,colv,2002-07-14,183,12:00:00,18:00:00,6,exact,ltja,13,2,0,y,dward
2014,colv,2002-07-14,183,12:00:00,18:00:00,6,exact,rutu,10,2,0,y,dward
2014,colv,2002-07-14,183,12:00:00,18:00:00,6,exact,refo,1,2,0,y,dward
2014,colv,2002-07-14,183,12:00:00,18:00:00,6,exact,agsq,12,2,0,y,dward
2014,colv,2002-07-14,183,12:30:00,18:30:00,6,exact,glgu,9,2,0,y,agottesman
2014,colv,2002-07-14,183,12:30:00,18:30:00,6,exact,paja,12,2,0,y,agottesman
2014,colv,2002-07-14,183,12:30:00,18:30:00,6,exact,ltja,28,2,0,y,agottesman
2014,colv,2002-07-14,183,12:30:00,18:30:00,6,exact,rutu,4,2,0,y,agottesman
2014,colv,2002-07-14,183,12:30:00,18:30:00,6,exact,refo,1,2,0,y,agottesman
2014,colv,2002-07-14,183,12:30:00,18:30:00,6,exact,agsq,5,2,0,y,agottesman
2012,nome,2001-07-12,183,10:00:00,16:30:00,6.5,exact,cora,2,2,0,y,NA
2012,nome,2001-07-12,183,10:00:00,16:30:00,6.5,exact,glgu,6,2,0,y,NA
2012,nome,2001-07-12,183,10:00:00,16:30:00,6.5,exact,megu,4,2,0,y,NA
2012,nome,2001-07-12,183,10:00:00,16:30:00,6.5,exact,paja,3,2,0,y,NA
2012,nome,2001-07-12,183,10:00:00,16:30:00,6.5,exact,sacr,1,2,0,y,NA
2012,chur,2001-07-12,183,08:45:00,17:30:00,8.75,exact,cora,2,2,0,y,jperz
2012,chur,2001-07-12,183,08:45:00,17:30:00,8.75,exact,herg,1,2,0,y,jperz
2012,chur,2001-07-12,183,08:45:00,17:30:00,8.75,exact,paja,5,2,0,y,jperz
2012,chur,2001-07-12,183,08:45:00,17:30:00,8.75,est,sacr,4,2,0,y,jperz
2012,chur,2001-07-12,183,08:45:00,17:30:00,8.75,exact,seow,1,2,0,y,jperz
2014,chur,2002-07-14,183,03:10:00,16:30:00,13.33,exact,cora,1,2,0,y,jperz
2014,chur,2002-07-14,183,03:10:00,16:30:00,13.33,exact,herg,3,2,0,y,jperz
2014,chur,2002-07-14,183,03:10:00,16:30:00,13.33,exact,paja,2,2,0,y,jperz
2011,nome,2002-07-11,183,11:30:00,16:00:00,4.5,exact,agsq,2,5,0,y,wenglish
2011,nome,2002-07-11,183,11:30:00,16:00:00,4.5,exact,cora,2,5,0,y,wenglish
2011,nome,2002-07-11,183,11:30:00,16:00:00,4.5,exact,glgu,1,5,0,y,wenglish
2011,nome,2002-07-11,183,11:30:00,16:00:00,4.5,exact,ltja,1,5,0,y,wenglish
2011,nome,2002-07-11,183,11:30:00,16:00:00,4.5,exact,paja,1,5,0,y,wenglish
2011,nome,2002-07-11,183,11:30:00,16:00:00,4.5,exact,sacr,3,5,0,y,wenglish
2014,cari,2002-07-14,183,11:00:00,14:00:00,3,exact,glgu,15,1,0,n,idavies
2014,cari,2002-07-14,183,11:00:00,14:00:00,3,exact,paja,6,1,0,n,idavies
2014,cari,2002-07-14,183,11:00:00,14:00:00,3,exact,ltja,4,1,0,n,idavies
2014,cari,2002-07-14,183,11:00:00,14:00:00,3,exact,sacr,2,1,0,n,idavies
2014,cari,2002-07-14,183,11:00:00,14:00:00,3,exact,snow,1,1,0,n,idavies
2014,cari,2002-07-14,183,11:00:00,14:00:00,3,exact,pefa,1,1,0,n,idavies
2012,ikpi,2001-07-12,183,14:12:00,15:30:00,1.3,exact,glgu,3,1,0,n,mmudge
2012,ikpi,2001-07-12,183,14:12:00,15:30:00,1.3,exact,brle,1,1,0,n,mmudge
2012,ikpi,2001-07-12,183,14:12:00,15:30:00,1.3,exact,unle,2,1,0,n,mmudge
2013,nome,2002-07-13,183,10:00:00,11:30:00,1.5,exact,cora,1,4,0,y,NA
2013,nome,2002-07-13,183,10:00:00,11:30:00,1.5,exact,paja,1,4,0,y,NA
2013,nome,2002-07-13,183,10:00:00,11:30:00,1.5,exact,tuvo,1,4,0,y,NA
2013,nome,2002-07-13,183,10:00:00,11:30:00,1.5,exact,megu,1,4,0,y,NA
2013,nome,2002-07-13,183,10:00:00,11:30:00,1.5,exact,glgu,2,4,0,y,NA
2011,chur,2002-07-11,183,06:50:00,16:20:00,9.5,NA,paja,2,3,0,y,edastous
2011,chur,2002-07-11,183,06:50:00,16:20:00,9.5,NA,cora,2,3,0,y,edastous
2014,iglo,2001-07-14,182,14:30:00,15:00:00,0.5,est,arfo,1,1,0,n,nlecomte
2014,iglo,2001-07-14,182,14:30:00,15:00:00,0.5,est,cora,4,1,0,n,nlecomte
2014,iglo,2001-07-14,182,14:30:00,15:00:00,0.5,est,glgu,2,1,0,n,nlecomte
2014,iglo,2001-07-14,182,14:30:00,15:00:00,0.5,est,ltja,2,1,0,n,nlecomte
2012,prba,2030-06-12,182,11:26:00,12:23:00,0.95,exact,glgu,7,1,0,n,apham
2012,prba,2030-06-12,182,11:26:00,12:23:00,0.95,exact,ltja,2,1,0,n,apham
2012,prba,2030-06-12,182,11:26:00,12:23:00,0.95,exact,paja,2,1,0,n,apham
2012,prba,2030-06-12,182,13:24:00,14:35:00,1.18,exact,cora,1,1,0,n,apham
2012,prba,2030-06-12,182,13:24:00,14:35:00,1.18,exact,glgu,1,1,0,n,apham
2012,prba,2030-06-12,182,13:24:00,14:35:00,1.18,exact,ltja,2,1,0,n,apham
2012,prba,2030-06-12,182,13:24:00,14:35:00,1.18,exact,paja,2,1,0,n,apham
2012,prba,2030-06-12,182,08:59:00,10:22:00,1.38,exact,glgu,1,1,0,n,apham
2012,prba,2030-06-12,182,08:59:00,10:22:00,1.38,exact,snow,1,1,0,n,apham
2011,prba,2001-07-11,182,10:48:00,12:43:00,1.92,exact,glgu,5,1,0,n,eames
2011,prba,2001-07-11,182,10:48:00,12:43:00,1.92,exact,ltja,3,1,0,n,eames
2011,prba,2001-07-11,182,10:48:00,12:43:00,1.92,exact,paja,2,1,0,n,eames
2011,prba,2001-07-11,182,10:48:00,12:43:00,1.92,exact,snow,2,1,0,n,eames
2014,iglo,2001-07-14,182,11:05:00,13:30:00,2.42,exact,cora,1,1,0,n,mtpaquet
2014,iglo,2001-07-14,182,11:05:00,13:30:00,2.42,exact,glgu,1,1,0,n,mtpaquet
2014,iglo,2001-07-14,182,11:05:00,13:30:00,2.42,exact,ltja,1,1,0,n,mtpaquet
2012,lkri,2030-06-12,182,18:31:00,21:15:00,2.73,exact,ltja,1,1,0,n,apopovkina
2011,colv,2001-07-11,182,09:35:00,12:22:00,2.78,exact,agsq,3,1,0,n,bwilkinson
2011,colv,2001-07-11,182,09:35:00,12:22:00,2.78,exact,glgu,6,1,0,n,bwilkinson
2011,colv,2001-07-11,182,09:35:00,12:22:00,2.78,exact,paja,2,1,0,n,bwilkinson
2011,colv,2001-07-11,182,09:35:00,12:22:00,2.78,exact,rutu,5,1,0,n,bwilkinson
2013,chau,2001-07-13,182,10:40:00,13:30:00,2.83,est,glgu,4,1,1,n,mmudge
2013,chau,2001-07-13,182,10:40:00,13:30:00,2.83,est,paja,2,1,0,n,mmudge
2013,chau,2001-07-13,182,10:40:00,13:30:00,2.83,est,sacr,3,1,0,n,mmudge
2013,chau,2001-07-13,182,10:40:00,13:30:00,2.83,est,vegu,7,1,0,n,mmudge
2011,colv,2001-07-11,182,08:43:00,11:38:00,2.92,exact,agsq,2,1,0,n,dpavlik
2011,colv,2001-07-11,182,08:43:00,11:38:00,2.92,exact,glgu,3,1,0,n,dpavlik
2011,colv,2001-07-11,182,08:43:00,11:38:00,2.92,exact,ltja,3,1,0,n,dpavlik
2011,colv,2001-07-11,182,08:43:00,11:38:00,2.92,exact,rutu,7,1,0,n,dpavlik
2011,colv,2001-07-11,182,08:43:00,11:38:00,2.92,exact,snow,1,1,0,n,dpavlik
2014,colv,2001-07-14,182,11:00:00,14:00:00,3,exact,glgu,6,1,0,n,agottesman
2014,colv,2001-07-14,182,11:00:00,14:00:00,3,exact,paja,5,1,0,n,agottesman
2014,colv,2001-07-14,182,11:00:00,14:00:00,3,exact,agsq,2,1,0,n,agottesman
2013,colv,2001-07-13,182,12:13:00,16:11:00,3.97,exact,agsq,3,1,0,n,bwilkinson
2013,colv,2001-07-13,182,12:13:00,16:11:00,3.97,exact,cora,1,1,0,n,bwilkinson
2013,colv,2001-07-13,182,12:13:00,16:11:00,3.97,exact,glgu,2,1,0,n,bwilkinson
2013,colv,2001-07-13,182,12:13:00,16:11:00,3.97,exact,paja,3,1,0,n,bwilkinson
2013,colv,2001-07-13,182,12:13:00,16:11:00,3.97,exact,rutu,2,1,0,n,bwilkinson
2014,barr,2001-07-14,182,12:45:00,16:45:00,4,exact,glgu,2,1,0,n,ssheedy
2014,barr,2001-07-14,182,12:45:00,16:45:00,4,exact,poja,9,1,0,n,ssheedy
2014,barr,2001-07-14,182,12:45:00,16:45:00,4,exact,paja,4,1,0,n,ssheedy
2014,barr,2001-07-14,182,12:45:00,16:45:00,4,exact,ltja,2,1,0,n,ssheedy
2014,barr,2001-07-14,182,08:40:00,12:40:00,4,exact,poja,4,1,0,n,ssheedy
2014,barr,2001-07-14,182,08:40:00,12:40:00,4,exact,paja,10,1,0,n,ssheedy
2014,barr,2001-07-14,182,08:40:00,12:40:00,4,exact,cora,2,1,0,n,ssheedy
2014,barr,2001-07-14,182,08:40:00,12:40:00,4,exact,snow,2,1,0,n,ssheedy
2014,barr,2001-07-14,182,13:00:00,17:00:00,4,est,glgu,3,1,0,n,jmarin
2014,barr,2001-07-14,182,13:00:00,17:00:00,4,est,poja,12,1,0,n,jmarin
2014,barr,2001-07-14,182,13:00:00,17:00:00,4,exact,snow,1,1,0,n,jmarin
2014,barr,2001-07-14,182,13:00:00,17:00:00,4,est,brle,1,1,0,n,jmarin
2014,chau,2001-07-14,182,12:33:00,16:40:00,4.12,exact,paja,1,1,0,n,ematsyna
2014,chau,2001-07-14,182,12:33:00,16:40:00,4.12,exact,vegu,3,1,0,n,ematsyna
2014,barr,2001-07-14,182,14:15:00,18:30:00,4.25,exact,glgu,4,1,0,n,asterling
2014,barr,2001-07-14,182,14:15:00,18:30:00,4.25,exact,poja,6,1,0,n,asterling
2014,barr,2001-07-14,182,14:15:00,18:30:00,4.25,exact,paja,1,1,0,n,asterling
2011,ikpi,2001-07-11,182,11:00:00,15:20:00,4.33,est,agsq,6,1,0,n,kpietrzak
2011,ikpi,2001-07-11,182,11:00:00,15:20:00,4.33,est,glgu,8,1,0,n,kpietrzak
2011,ikpi,2001-07-11,182,11:00:00,15:20:00,4.33,est,paja,4,1,0,n,kpietrzak
2011,ikpi,2001-07-11,182,11:00:00,15:20:00,4.33,exact,poja,1,1,0,n,kpietrzak
2014,barr,2001-07-14,182,08:45:00,13:10:00,4.42,NA,glgu,11,1,0,n,asterling
2014,barr,2001-07-14,182,08:45:00,13:10:00,4.42,NA,poja,5,1,0,n,asterling
2014,barr,2001-07-14,182,08:45:00,13:10:00,4.42,NA,paja,2,1,0,n,asterling
2012,chau,2030-06-12,182,13:00:00,18:00:00,5,exact,glgu,3,1,0,n,mboldenow
2012,chau,2030-06-12,182,13:00:00,18:00:00,5,exact,ltja,4,1,0,n,mboldenow
2012,chau,2030-06-12,182,13:00:00,18:00:00,5,exact,poja,3,1,0,n,mboldenow
2012,chau,2030-06-12,182,13:00:00,18:00:00,5,exact,vegu,1,1,0,n,mboldenow
2014,ikpi,2001-07-14,182,08:05:00,14:30:00,6.42,exact,glgu,4,1,0,n,rhammond
2014,ikpi,2001-07-14,182,08:05:00,14:30:00,6.42,exact,paja,2,1,0,n,rhammond
2014,ikpi,2001-07-14,182,08:05:00,14:30:00,6.42,exact,ltja,1,1,0,n,rhammond
2014,ikpi,2001-07-14,182,08:05:00,14:30:00,6.42,exact,arfo,1,1,0,n,rhammond
2014,ikpi,2001-07-14,182,08:05:00,14:30:00,6.42,exact,sagu,1,1,0,n,rhammond
2014,colv,2001-07-14,182,11:15:00,18:15:00,7,exact,glgu,5,1,0,n,dward
2014,colv,2001-07-14,182,11:15:00,18:15:00,7,exact,paja,8,1,0,n,dward
2014,colv,2001-07-14,182,11:15:00,18:15:00,7,exact,ltja,16,1,0,n,dward
2014,colv,2001-07-14,182,11:15:00,18:15:00,7,exact,agsq,5,1,0,n,dward
2013,ikpi,2001-07-13,182,11:00:00,19:00:00,8,exact,agsq,3,1,0,n,acook
2013,ikpi,2001-07-13,182,11:00:00,19:00:00,8,est,glgu,5,1,0,n,acook
2013,ikpi,2001-07-13,182,11:00:00,19:00:00,8,exact,goea,1,1,0,n,acook
2013,ikpi,2001-07-13,182,11:00:00,19:00:00,8,est,ltja,2,1,0,n,acook
2013,ikpi,2001-07-13,182,11:00:00,19:00:00,8,est,paja,3,1,0,n,acook
2013,ikpi,2001-07-13,182,11:00:00,19:00:00,8,exact,refo,1,1,0,n,acook
2013,bylo,2001-07-13,182,13:00:00,23:00:00,10,exact,arfo,1,1,0,n,fsenezgagnon
2013,bylo,2001-07-13,182,13:00:00,23:00:00,10,exact,glgu,3,1,0,n,fsenezgagnon
2013,bylo,2001-07-13,182,13:00:00,23:00:00,10,exact,sacr,2,1,0,n,fsenezgagnon
2014,barr,2001-07-14,182,NA,NA,6,NA,poja,4,1,0,n,jmarin
2014,barr,2001-07-14,182,NA,NA,6,NA,snow,1,1,0,n,jmarin
2014,barr,2001-07-14,182,NA,NA,6,NA,brle,1,1,0,n,jmarin
2012,chur,2030-06-12,182,13:45:00,14:15:00,0.5,est,cora,1,2,0,y,jperz
2012,chur,2030-06-12,182,13:45:00,14:15:00,0.5,exact,herg,6,2,0,y,jperz
2012,chur,2030-06-12,182,16:00:00,16:30:00,0.5,exact,cora,1,2,0,y,jperz
2012,chur,2030-06-12,182,16:00:00,16:30:00,0.5,exact,noha,1,2,0,y,jperz
2012,chur,2030-06-12,182,15:15:00,16:00:00,0.75,exact,cora,1,2,0,y,jperz
2012,chur,2030-06-12,182,15:15:00,16:00:00,0.75,exact,noha,1,2,0,y,jperz
2014,nome,2001-07-14,182,09:00:00,10:00:00,1,exact,glgu,3,2,0,y,NA
2014,nome,2001-07-14,182,09:00:00,10:00:00,1,exact,paja,1,2,0,y,NA
2014,chur,2001-07-14,182,10:30:00,11:30:00,1,exact,cora,1,2,0,y,jperz
2014,chur,2001-07-14,182,12:00:00,13:30:00,1.5,exact,cora,1,2,0,y,lkoloski
2014,chur,2001-07-14,182,12:00:00,13:30:00,1.5,exact,herg,3,2,0,y,lkoloski
2014,chur,2001-07-14,182,12:00:00,13:30:00,1.5,exact,paja,2,2,0,y,lkoloski
2014,chur,2001-07-14,182,15:00:00,17:00:00,2,exact,paja,1,2,0,y,lkoloski
2012,chur,2030-06-12,182,09:45:00,12:30:00,2.75,exact,herg,2,2,0,y,jperz
2012,chur,2030-06-12,182,09:45:00,12:30:00,2.75,exact,paja,2,2,0,y,jperz
2013,colv,2001-07-13,182,12:00:00,15:00:00,3,exact,glgu,3,2,0,n,scarvey
2013,colv,2001-07-13,182,12:00:00,15:00:00,3,exact,paja,4,2,0,n,scarvey
2013,colv,2001-07-13,182,12:00:00,15:00:00,3,exact,rutu,1,2,0,n,scarvey
2014,chur,2001-07-14,182,11:30:00,16:50:00,5.33,exact,cora,1,2,0,y,jperz
2014,chur,2001-07-14,182,11:30:00,16:50:00,5.33,exact,noha,1,2,0,y,jperz
2014,chur,2001-07-14,182,11:30:00,16:50:00,5.33,exact,paja,4,2,0,y,jperz
2012,nome,2030-06-12,182,10:00:00,14:30:00,4.5,exact,bltu,1,3,0,y,NA
2012,nome,2030-06-12,182,10:00:00,14:30:00,4.5,exact,cora,1,3,0,y,NA
2012,nome,2030-06-12,182,10:00:00,14:30:00,4.5,exact,glgu,2,3,0,y,NA
2012,nome,2030-06-12,182,10:00:00,14:30:00,4.5,exact,megu,1,3,0,y,NA
2012,nome,2030-06-12,182,10:00:00,14:30:00,4.5,exact,paja,2,3,0,y,NA
2011,nome,2001-07-11,182,10:00:00,14:00:00,4,exact,agsq,1,5,0,y,wenglish
2011,nome,2001-07-11,182,10:00:00,14:00:00,4,exact,cora,4,5,0,y,wenglish
2011,nome,2001-07-11,182,10:00:00,14:00:00,4,exact,glgu,3,5,0,y,wenglish
2014,cari,2001-07-14,182,09:00:00,17:00:00,8,exact,glgu,10,1,0,n,idavies
2014,cari,2001-07-14,182,09:00:00,17:00:00,8,exact,paja,8,1,0,n,idavies
2014,cari,2001-07-14,182,09:00:00,17:00:00,8,exact,ltja,11,1,0,n,idavies
2014,cari,2001-07-14,182,09:00:00,17:00:00,8,exact,sacr,3,1,0,n,idavies
2014,cari,2001-07-14,182,09:00:00,17:00:00,8,exact,snow,1,1,0,n,idavies
2014,cari,2001-07-14,182,09:00:00,17:00:00,8,exact,seow,1,1,0,n,idavies
2014,cari,2001-07-14,182,09:00:00,17:00:00,8,exact,rutu,3,1,1,n,idavies
2012,ikpi,2030-06-12,182,09:40:00,18:00:00,8.33,est,glgu,8,1,0,y,kpietrzak
2012,ikpi,2030-06-12,182,09:40:00,18:00:00,8.33,est,poja,2,1,0,n,kpietrzak
2012,ikpi,2030-06-12,182,09:40:00,18:00:00,8.33,est,paja,5,1,0,n,kpietrzak
2012,ikpi,2030-06-12,182,09:40:00,18:00:00,8.33,est,ltja,3,1,0,n,kpietrzak
2012,ikpi,2030-06-12,182,09:40:00,18:00:00,8.33,exact,arfo,1,1,0,n,kpietrzak
2012,ikpi,2030-06-12,182,09:40:00,18:00:00,8.33,est,agsq,10,1,0,y,kpietrzak
2012,ikpi,2030-06-12,182,09:40:00,18:00:00,8.33,exact,brle,1,1,0,n,kpietrzak
2012,ikpi,2030-06-12,182,09:40:00,18:00:00,8.33,exact,unle,2,1,0,n,kpietrzak
2013,nome,2001-07-13,182,10:00:00,16:00:00,6,exact,agsq,1,4,0,y,NA
2013,nome,2001-07-13,182,10:00:00,16:00:00,6,exact,cora,1,4,0,y,NA
2013,nome,2001-07-13,182,10:00:00,16:00:00,6,exact,tuvo,1,4,0,y,NA
2013,nome,2001-07-13,182,10:00:00,16:00:00,6,exact,paja,1,4,0,y,NA
2013,nome,2001-07-13,182,10:00:00,16:00:00,6,exact,glgu,2,4,0,y,NA
2013,nome,2001-07-13,182,10:00:00,16:00:00,6,exact,megu,2,4,0,y,NA
2012,chau,2029-06-12,181,11:40:00,13:40:00,2,est,unja,130,1,0,n,mboldenow
2011,colv,2030-06-11,181,11:21:00,13:42:00,2.35,exact,agsq,1,1,0,n,bwilkinson
2011,colv,2030-06-11,181,11:21:00,13:42:00,2.35,exact,glgu,7,1,0,n,bwilkinson
2011,colv,2030-06-11,181,11:21:00,13:42:00,2.35,exact,ltja,2,1,0,n,bwilkinson
2011,colv,2030-06-11,181,11:21:00,13:42:00,2.35,exact,paja,2,1,0,n,bwilkinson
2011,colv,2030-06-11,181,11:21:00,13:42:00,2.35,exact,rutu,5,1,0,n,bwilkinson
2011,prba,2030-06-11,181,14:07:00,16:44:00,2.62,exact,glgu,1,1,0,n,eames
2011,prba,2030-06-11,181,14:07:00,16:44:00,2.62,exact,ltja,2,1,0,n,eames
2011,prba,2030-06-11,181,14:07:00,16:44:00,2.62,exact,paja,1,1,0,n,eames
2011,prba,2030-06-11,181,14:07:00,16:44:00,2.62,exact,poja,1,1,0,n,eames
2011,prba,2030-06-11,181,14:07:00,16:44:00,2.62,exact,snow,1,1,0,n,eames
2011,prba,2030-06-11,181,10:30:00,13:30:00,3,exact,cora,2,1,0,n,skolbe
2011,prba,2030-06-11,181,10:30:00,13:30:00,3,exact,glgu,2,1,0,n,skolbe
2014,iglo,2030-06-14,181,15:00:00,18:00:00,3,est,arfo,1,1,0,n,mcfrenette
2014,iglo,2030-06-14,181,15:00:00,18:00:00,3,est,cora,2,1,0,n,mcfrenette
2014,iglo,2030-06-14,181,15:00:00,18:00:00,3,est,ltja,1,1,0,n,mcfrenette
2011,colv,2030-06-11,181,10:59:00,14:00:00,3.02,exact,agsq,5,1,0,n,dpavlik
2011,colv,2030-06-11,181,10:59:00,14:00:00,3.02,exact,glgu,4,1,0,n,dpavlik
2011,colv,2030-06-11,181,10:59:00,14:00:00,3.02,exact,paja,7,1,0,n,dpavlik
2011,colv,2030-06-11,181,10:59:00,14:00:00,3.02,exact,rutu,3,1,0,n,dpavlik
2011,colv,2030-06-11,181,10:59:00,14:00:00,3.02,exact,snow,1,1,0,n,dpavlik
2012,prba,2029-06-12,181,08:50:00,12:15:00,3.42,exact,cora,2,1,0,n,jlautenbach
2012,prba,2029-06-12,181,08:50:00,12:15:00,3.42,exact,glgu,6,1,0,n,jlautenbach
2012,prba,2029-06-12,181,08:50:00,12:15:00,3.42,exact,ltja,1,1,0,n,jlautenbach
2012,prba,2029-06-12,181,08:50:00,12:15:00,3.42,exact,paja,1,1,0,n,jlautenbach
2012,prba,2029-06-12,181,08:50:00,12:15:00,3.42,exact,snow,3,1,0,n,jlautenbach
2013,prba,2030-06-13,181,09:30:00,13:00:00,3.5,exact,cora,2,1,0,n,brobinson
2013,prba,2030-06-13,181,09:30:00,13:00:00,3.5,exact,glgu,2,1,0,n,brobinson
2013,prba,2030-06-13,181,09:30:00,13:00:00,3.5,exact,paja,2,1,0,n,brobinson
2013,prba,2030-06-13,181,09:30:00,13:00:00,3.5,exact,rlha,1,1,0,n,brobinson
2011,barr,2030-06-11,181,14:45:00,18:45:00,4,exact,cora,1,1,0,n,jcunningham
2013,made,2030-06-13,181,10:00:00,14:30:00,4.5,est,glgu,5,1,0,n,kbeckmann
2013,made,2030-06-13,181,10:00:00,14:30:00,4.5,est,paja,3,1,0,n,kbeckmann
2013,made,2030-06-13,181,10:00:00,14:30:00,4.5,est,sacr,7,1,0,n,kbeckmann
2014,colv,2030-06-14,181,12:30:00,17:00:00,4.5,exact,glgu,5,1,0,n,agottesman
2014,colv,2030-06-14,181,12:30:00,17:00:00,4.5,exact,paja,4,1,0,n,agottesman
2014,colv,2030-06-14,181,12:30:00,17:00:00,4.5,exact,sacr,1,1,0,n,agottesman
2014,colv,2030-06-14,181,12:30:00,17:00:00,4.5,exact,refo,1,1,0,n,agottesman
2014,colv,2030-06-14,181,12:30:00,17:00:00,4.5,exact,agsq,12,1,0,n,agottesman
2013,bylo,2030-06-13,181,10:00:00,16:00:00,6,exact,arfo,1,1,0,n,fsenezgagnon
2014,colv,2030-06-14,181,12:00:00,18:00:00,6,exact,glgu,8,1,0,n,tdonnelly
2014,colv,2030-06-14,181,12:00:00,18:00:00,6,exact,paja,3,1,0,n,tdonnelly
2014,colv,2030-06-14,181,12:00:00,18:00:00,6,exact,ltja,22,1,0,n,tdonnelly
2014,colv,2030-06-14,181,12:00:00,18:00:00,6,exact,rutu,3,1,0,n,tdonnelly
2014,colv,2030-06-14,181,12:00:00,18:00:00,6,exact,agsq,3,1,0,n,tdonnelly
2014,chau,2030-06-14,181,12:00:00,18:15:00,6.25,exact,glgu,2,1,0,n,lgoodrick
2014,chau,2030-06-14,181,12:00:00,18:15:00,6.25,exact,paja,3,1,0,n,lgoodrick
2014,chau,2030-06-14,181,12:00:00,18:15:00,6.25,est,ltja,32,1,0,n,lgoodrick
2014,chau,2030-06-14,181,12:00:00,18:15:00,6.25,exact,vegu,7,1,0,n,lgoodrick
2011,ikpi,2030-06-11,181,12:00:00,18:20:00,6.33,est,agsq,6,1,0,n,kpietrzak
2011,ikpi,2030-06-11,181,12:00:00,18:20:00,6.33,exact,brbe,1,1,0,n,kpietrzak
2011,ikpi,2030-06-11,181,12:00:00,18:20:00,6.33,exact,cora,1,1,0,n,kpietrzak
2011,ikpi,2030-06-11,181,12:00:00,18:20:00,6.33,est,glgu,4,1,0,n,kpietrzak
2011,ikpi,2030-06-11,181,12:00:00,18:20:00,6.33,est,ltja,2,1,0,n,kpietrzak
2011,ikpi,2030-06-11,181,12:00:00,18:20:00,6.33,est,paja,3,1,0,n,kpietrzak
2011,ikpi,2030-06-11,181,12:00:00,18:20:00,6.33,exact,seow,1,1,1,n,kpietrzak
2013,ikpi,2030-06-13,181,13:10:00,19:30:00,6.33,est,glgu,5,1,0,n,epayne
2013,ikpi,2030-06-13,181,13:10:00,19:30:00,6.33,exact,ltja,3,1,0,n,epayne
2013,ikpi,2030-06-13,181,13:10:00,19:30:00,6.33,exact,noha,1,1,0,n,epayne
2013,ikpi,2030-06-13,181,13:10:00,19:30:00,6.33,exact,paja,5,1,0,n,epayne
2013,chau,2030-06-13,181,11:35:00,18:00:00,6.42,est,cora,1,1,0,n,agleizer
2013,chau,2030-06-13,181,11:35:00,18:00:00,6.42,est,glgu,3,1,0,n,agleizer
2013,chau,2030-06-13,181,11:35:00,18:00:00,6.42,est,paja,6,1,0,n,agleizer
2013,chau,2030-06-13,181,11:35:00,18:00:00,6.42,est,sacr,1,1,0,n,agleizer
2013,chau,2030-06-13,181,11:35:00,18:00:00,6.42,est,vegu,6,1,0,n,agleizer
2013,made,2030-06-13,181,10:00:00,17:00:00,7,exact,cora,1,1,0,n,abuckley
2013,made,2030-06-13,181,10:00:00,17:00:00,7,est,glgu,6,1,0,n,abuckley
2013,made,2030-06-13,181,10:00:00,17:00:00,7,exact,gyrf,2,1,1,n,abuckley
2013,made,2030-06-13,181,10:00:00,17:00:00,7,exact,noha,1,1,0,n,abuckley
2013,made,2030-06-13,181,10:00:00,17:00:00,7,exact,paja,4,1,0,n,abuckley
2013,made,2030-06-13,181,10:00:00,17:00:00,7,est,sacr,8,1,0,n,abuckley
2014,ikpi,2030-06-14,181,03:43:00,10:45:00,7.03,exact,glgu,3,1,0,n,pchilton
2014,ikpi,2030-06-14,181,03:43:00,10:45:00,7.03,exact,paja,5,1,0,n,pchilton
2014,ikpi,2030-06-14,181,03:43:00,10:45:00,7.03,exact,ltja,1,1,0,n,pchilton
2014,ikpi,2030-06-14,181,03:43:00,10:45:00,7.03,exact,agsq,1,1,0,n,pchilton
2014,ikpi,2030-06-14,181,03:43:00,10:45:00,7.03,exact,sagu,5,1,0,n,pchilton
2012,colv,2029-06-12,181,10:18:00,18:23:00,8.08,exact,agsq,4,1,0,n,bwilkinson
2012,colv,2029-06-12,181,10:18:00,18:23:00,8.08,exact,glgu,5,1,0,n,bwilkinson
2012,colv,2029-06-12,181,10:18:00,18:23:00,8.08,exact,ltja,2,1,0,n,bwilkinson
2012,colv,2029-06-12,181,10:18:00,18:23:00,8.08,exact,paja,2,1,0,n,bwilkinson
2012,colv,2029-06-12,181,10:18:00,18:23:00,8.08,exact,pefa,1,1,0,n,bwilkinson
2012,colv,2029-06-12,181,10:18:00,18:23:00,8.08,exact,rutu,3,1,0,n,bwilkinson
2012,colv,2029-06-12,181,10:18:00,18:23:00,8.08,exact,snow,1,1,0,n,bwilkinson
2012,lkri,2029-06-12,181,11:30:00,20:00:00,8.5,exact,ltja,3,1,0,n,apopovkina
2012,chur,2029-06-12,181,08:40:00,08:55:00,0.25,exact,cora,1,2,0,y,jperz
2012,chur,2029-06-12,181,08:40:00,08:55:00,0.25,exact,paja,3,2,0,y,jperz
2012,chur,2029-06-12,181,09:00:00,10:15:00,1.25,exact,herg,18,2,0,y,jperz
2012,chur,2029-06-12,181,10:30:00,12:05:00,1.58,exact,cora,8,2,0,y,jperz
2012,chur,2029-06-12,181,10:30:00,12:05:00,1.58,exact,herg,4,2,0,y,jperz
2012,chur,2029-06-12,181,12:30:00,14:30:00,2,exact,cora,2,2,0,y,jperz
2012,chur,2029-06-12,181,12:30:00,14:30:00,2,exact,herg,3,2,0,y,jperz
2012,chur,2029-06-12,181,12:30:00,14:30:00,2,exact,paja,2,2,0,y,jperz
2012,chur,2029-06-12,181,12:30:00,14:30:00,2,exact,seow,1,2,0,y,jperz
2013,colv,2030-06-13,181,15:00:00,17:45:00,2.75,exact,agsq,5,2,0,n,scarvey
2013,colv,2030-06-13,181,15:00:00,17:45:00,2.75,exact,ltja,8,2,0,n,scarvey
2013,colv,2030-06-13,181,15:00:00,17:45:00,2.75,exact,paja,4,2,0,n,scarvey
2013,colv,2030-06-13,181,15:00:00,17:45:00,2.75,exact,rutu,1,2,0,n,scarvey
2014,nome,2030-06-14,181,09:00:00,12:00:00,3,exact,glgu,1,2,0,y,NA
2014,nome,2030-06-14,181,09:00:00,12:00:00,3,exact,cora,1,2,0,y,NA
2012,chur,2029-06-12,181,13:50:00,17:00:00,3.17,exact,paja,2,2,0,y,jperz
2013,made,2030-06-13,181,10:00:00,13:30:00,3.5,exact,cora,2,2,0,y,fsmith
2013,made,2030-06-13,181,10:00:00,13:30:00,3.5,exact,glgu,2,2,0,y,fsmith
2013,made,2030-06-13,181,10:00:00,13:30:00,3.5,exact,paja,3,2,0,y,fsmith
2013,made,2030-06-13,181,10:00:00,13:30:00,3.5,est,sacr,20,2,0,y,fsmith
2014,made,2030-06-14,181,11:10:00,16:30:00,5.33,exact,glgu,1,3,0,y,pwoodard
2014,made,2030-06-14,181,11:10:00,16:30:00,5.33,exact,paja,3,3,0,y,pwoodard
2014,made,2030-06-14,181,11:10:00,16:30:00,5.33,exact,cora,2,3,0,y,pwoodard
2014,made,2030-06-14,181,11:10:00,16:30:00,5.33,est,sacr,2,3,0,y,pwoodard
2014,made,2030-06-14,181,11:10:00,16:30:00,5.33,exact,noha,1,3,0,y,pwoodard
2014,coat,2030-06-14,181,09:00:00,17:00:00,8,exact,arfo,2,3,0,y,crew1
2012,nome,2029-06-12,181,10:00:00,17:00:00,7,exact,cora,2,5,0,y,NA
2012,nome,2029-06-12,181,10:00:00,17:00:00,7,exact,glgu,5,5,0,y,NA
2012,nome,2029-06-12,181,10:00:00,17:00:00,7,exact,megu,5,5,0,y,NA
2012,nome,2029-06-12,181,10:00:00,17:00:00,7,exact,paja,5,5,0,y,NA
2012,nome,2029-06-12,181,10:00:00,17:00:00,7,exact,sacr,50,5,0,y,NA
2011,nome,2030-06-11,181,11:00:00,18:30:00,7.5,exact,agsq,2,5,0,y,wenglish
2011,nome,2030-06-11,181,11:00:00,18:30:00,7.5,exact,cora,5,5,0,y,wenglish
2011,nome,2030-06-11,181,11:00:00,18:30:00,7.5,exact,glgu,1,5,0,y,wenglish
2011,nome,2030-06-11,181,11:00:00,18:30:00,7.5,exact,ltja,1,5,0,y,wenglish
2011,nome,2030-06-11,181,11:00:00,18:30:00,7.5,exact,paja,1,5,0,y,wenglish
2011,nome,2030-06-11,181,11:00:00,18:30:00,7.5,exact,poja,1,5,0,y,wenglish
2011,nome,2030-06-11,181,11:00:00,18:30:00,7.5,exact,sacr,3,5,0,y,wenglish
2014,cari,2030-06-14,181,10:00:00,17:00:00,7,exact,glgu,20,1,0,n,idavies
2014,cari,2030-06-14,181,10:00:00,17:00:00,7,exact,paja,11,1,0,n,idavies
2014,cari,2030-06-14,181,10:00:00,17:00:00,7,exact,ltja,9,1,0,n,idavies
2014,cari,2030-06-14,181,10:00:00,17:00:00,7,exact,cora,1,1,0,n,idavies
2014,cari,2030-06-14,181,10:00:00,17:00:00,7,exact,rutu,1,1,0,n,idavies
2014,cari,2030-06-14,181,10:00:00,17:00:00,7,exact,sacr,1,1,0,n,idavies
2014,cari,2030-06-14,181,10:00:00,17:00:00,7,exact,snow,1,1,0,n,idavies
2014,cari,2030-06-14,181,10:00:00,17:00:00,7,exact,noha,1,1,0,n,idavies
2012,ikpi,2029-06-12,181,09:30:00,18:45:00,9.25,est,glgu,5,1,0,y,mmudge
2012,ikpi,2029-06-12,181,09:30:00,18:45:00,9.25,est,poja,2,1,0,n,mmudge
2012,ikpi,2029-06-12,181,09:30:00,18:45:00,9.25,est,paja,8,1,0,y,mmudge
2012,ikpi,2029-06-12,181,09:30:00,18:45:00,9.25,est,ltja,3,1,0,n,mmudge
2012,ikpi,2029-06-12,181,09:30:00,18:45:00,9.25,exact,brle,1,1,0,n,mmudge
2012,ikpi,2029-06-12,181,09:30:00,18:45:00,9.25,exact,unle,1,1,0,n,mmudge
2011,chur,2030-06-11,181,06:40:00,17:20:00,10.67,NA,cora,1,3,0,y,edastous
2012,prba,2028-06-12,180,08:48:00,09:20:00,0.53,exact,glgu,1,1,0,n,apham
2012,prba,2028-06-12,180,08:48:00,09:20:00,0.53,exact,paja,2,1,0,n,apham
2014,ikpi,2029-06-14,180,08:30:00,10:05:00,1.58,exact,glgu,1,1,0,n,mdodds
2014,ikpi,2029-06-14,180,08:30:00,10:05:00,1.58,exact,paja,1,1,0,n,mdodds
2011,prba,2029-06-11,180,12:38:00,14:57:00,2.32,exact,glgu,6,1,0,n,eames
2011,prba,2029-06-11,180,12:38:00,14:57:00,2.32,exact,ltja,2,1,0,n,eames
2011,prba,2029-06-11,180,12:38:00,14:57:00,2.32,exact,snow,1,1,0,n,eames
2013,prba,2029-06-13,180,09:30:00,12:00:00,2.5,exact,glgu,2,1,0,n,brobinson
2013,prba,2029-06-13,180,09:30:00,12:00:00,2.5,exact,ltja,1,1,0,n,brobinson
2013,prba,2029-06-13,180,09:30:00,12:00:00,2.5,exact,paja,3,1,0,n,brobinson
2011,prba,2029-06-11,180,09:04:00,11:45:00,2.68,exact,cora,1,1,0,n,skolbe
2011,prba,2029-06-11,180,09:04:00,11:45:00,2.68,exact,glgu,6,1,0,n,skolbe
2011,prba,2029-06-11,180,09:04:00,11:45:00,2.68,exact,snow,2,1,0,n,skolbe
2011,colv,2029-06-11,180,15:00:00,17:47:00,2.78,exact,agsq,2,1,0,n,dpavlik
2011,colv,2029-06-11,180,15:00:00,17:47:00,2.78,exact,glgu,15,1,0,n,dpavlik
2011,colv,2029-06-11,180,15:00:00,17:47:00,2.78,exact,ltja,2,1,0,n,dpavlik
2011,colv,2029-06-11,180,15:00:00,17:47:00,2.78,exact,paja,6,1,0,n,dpavlik
2011,colv,2029-06-11,180,15:00:00,17:47:00,2.78,exact,rutu,5,1,0,n,dpavlik
2012,prba,2028-06-12,180,15:41:00,18:51:00,3.17,exact,glgu,1,1,0,n,apham
2012,prba,2028-06-12,180,15:41:00,18:51:00,3.17,exact,ltja,1,1,0,n,apham
2012,prba,2028-06-12,180,15:41:00,18:51:00,3.17,exact,paja,2,1,0,n,apham
2012,prba,2028-06-12,180,15:41:00,18:51:00,3.17,exact,snow,1,1,0,n,apham
2013,colv,2029-06-13,180,11:27:00,14:45:00,3.3,exact,glgu,2,1,0,n,scarvey
2013,colv,2029-06-13,180,11:27:00,14:45:00,3.3,exact,ltja,1,1,0,n,scarvey
2013,colv,2029-06-13,180,11:27:00,14:45:00,3.3,exact,paja,4,1,0,n,scarvey
2013,colv,2029-06-13,180,11:27:00,14:45:00,3.3,exact,rutu,2,1,0,n,scarvey
2014,made,2029-06-14,180,12:00:00,15:30:00,3.5,exact,paja,3,1,0,n,pwoodard
2014,made,2029-06-14,180,12:00:00,15:30:00,3.5,est,sacr,5,1,0,n,pwoodard
2013,cari,2029-06-13,180,09:50:00,13:30:00,3.67,exact,arfo,1,1,0,n,idavies
2013,cari,2029-06-13,180,09:50:00,13:30:00,3.67,exact,cora,1,1,0,n,idavies
2013,cari,2029-06-13,180,09:50:00,13:30:00,3.67,exact,glgu,8,1,0,n,idavies
2013,cari,2029-06-13,180,09:50:00,13:30:00,3.67,exact,noha,1,1,0,n,idavies
2013,cari,2029-06-13,180,09:50:00,13:30:00,3.67,exact,paja,4,1,0,n,idavies
2011,barr,2029-06-11,180,12:30:00,16:20:00,3.83,exact,brle,2,1,0,n,abankert
2011,barr,2029-06-11,180,12:30:00,16:20:00,3.83,exact,glgu,4,1,0,n,abankert
2011,barr,2029-06-11,180,12:30:00,16:20:00,3.83,exact,paja,1,1,0,n,abankert
2011,barr,2029-06-11,180,12:30:00,16:20:00,3.83,exact,poja,3,1,0,n,abankert
2011,barr,2029-06-11,180,10:20:00,14:10:00,3.83,exact,glgu,16,1,0,n,jcunningham
2011,barr,2029-06-11,180,08:20:00,12:15:00,3.92,exact,brle,1,1,0,n,abankert
2011,barr,2029-06-11,180,08:20:00,12:15:00,3.92,exact,glgu,8,1,0,n,abankert
2011,barr,2029-06-11,180,08:20:00,12:15:00,3.92,exact,paja,2,1,0,n,abankert
2011,barr,2029-06-11,180,08:20:00,12:15:00,3.92,exact,pefa,1,1,0,n,abankert
2011,barr,2029-06-11,180,08:20:00,12:15:00,3.92,exact,poja,6,1,0,n,abankert
2011,barr,2029-06-11,180,14:45:00,18:45:00,4,est,glgu,75,1,0,n,jcunningham
2012,prba,2028-06-12,180,10:37:00,14:37:00,4,exact,cora,9,1,0,n,apham
2012,prba,2028-06-12,180,10:37:00,14:37:00,4,exact,glgu,10,1,0,n,apham
2012,prba,2028-06-12,180,10:37:00,14:37:00,4,exact,ltja,2,1,0,n,apham
2012,prba,2028-06-12,180,10:37:00,14:37:00,4,exact,paja,1,1,0,n,apham
2013,prba,2029-06-13,180,13:00:00,17:00:00,4,exact,cora,2,1,0,n,brobinson
2013,prba,2029-06-13,180,13:00:00,17:00:00,4,est,glgu,10,1,0,n,brobinson
2011,barr,2029-06-11,180,15:00:00,19:05:00,4.08,exact,glgu,4,1,0,n,pherzog
2011,barr,2029-06-11,180,15:00:00,19:05:00,4.08,exact,paja,2,1,0,n,pherzog
2011,barr,2029-06-11,180,15:00:00,19:05:00,4.08,exact,poja,4,1,0,n,pherzog
2011,colv,2029-06-11,180,15:09:00,19:37:00,4.47,exact,agsq,3,1,0,n,bwilkinson
2011,colv,2029-06-11,180,15:09:00,19:37:00,4.47,exact,glgu,7,1,0,n,bwilkinson
2011,colv,2029-06-11,180,15:09:00,19:37:00,4.47,exact,paja,3,1,0,n,bwilkinson
2011,colv,2029-06-11,180,15:09:00,19:37:00,4.47,exact,rutu,2,1,0,n,bwilkinson
2011,colv,2029-06-11,180,15:09:00,19:37:00,4.47,exact,snow,1,1,0,n,bwilkinson
2014,ikpi,2029-06-14,180,10:05:00,14:45:00,4.67,exact,glgu,5,1,0,n,mdodds
2014,ikpi,2029-06-14,180,10:05:00,14:45:00,4.67,exact,paja,2,1,0,n,mdodds
2014,ikpi,2029-06-14,180,10:05:00,14:45:00,4.67,exact,ltja,2,1,0,n,mdodds
2011,barr,2029-06-11,180,10:00:00,14:45:00,4.75,exact,glgu,3,1,0,n,pherzog
2011,barr,2029-06-11,180,10:00:00,14:45:00,4.75,exact,paja,5,1,0,n,pherzog
2011,barr,2029-06-11,180,10:00:00,14:45:00,4.75,exact,poja,8,1,0,n,pherzog
2013,chau,2029-06-13,180,12:00:00,17:25:00,5.42,est,glgu,4,1,0,n,mmudge
2013,chau,2029-06-13,180,12:00:00,17:25:00,5.42,est,ltja,10,1,0,n,mmudge
2013,chau,2029-06-13,180,12:00:00,17:25:00,5.42,est,paja,5,1,0,n,mmudge
2013,chau,2029-06-13,180,12:00:00,17:25:00,5.42,est,rutu,1,1,0,n,mmudge
2013,chau,2029-06-13,180,12:00:00,17:25:00,5.42,est,sacr,1,1,0,n,mmudge
2013,chau,2029-06-13,180,12:00:00,17:25:00,5.42,est,vegu,7,1,0,n,mmudge
2012,cakr,2028-06-12,180,11:15:00,17:12:00,5.95,exact,cora,1,1,0,n,rgates
2012,cakr,2028-06-12,180,11:15:00,17:12:00,5.95,exact,glgu,3,1,0,n,rgates
2012,cakr,2028-06-12,180,11:15:00,17:12:00,5.95,exact,paja,3,1,0,n,rgates
2012,cakr,2028-06-12,180,11:15:00,17:12:00,5.95,exact,sacr,6,1,0,n,rgates
2014,colv,2029-06-14,180,11:00:00,17:00:00,6,exact,glgu,3,1,0,n,tdonnelly
2014,colv,2029-06-14,180,11:00:00,17:00:00,6,exact,paja,4,1,0,n,tdonnelly
2014,colv,2029-06-14,180,11:00:00,17:00:00,6,exact,rutu,2,1,0,n,tdonnelly
2014,colv,2029-06-14,180,11:00:00,17:00:00,6,exact,agsq,5,1,0,n,tdonnelly
2011,ikpi,2029-06-11,180,09:50:00,16:04:00,6.23,exact,cora,1,1,0,n,mmudge
2011,ikpi,2029-06-11,180,09:50:00,16:04:00,6.23,exact,glgu,5,1,0,n,mmudge
2011,ikpi,2029-06-11,180,09:50:00,16:04:00,6.23,exact,ltja,2,1,0,n,mmudge
2011,ikpi,2029-06-11,180,09:50:00,16:04:00,6.23,exact,paja,3,1,0,n,mmudge
2012,chau,2028-06-12,180,11:40:00,18:00:00,6.33,exact,glgu,3,1,0,n,mboldenow
2012,chau,2028-06-12,180,11:40:00,18:00:00,6.33,est,ltja,200,1,0,n,mboldenow
2012,chau,2028-06-12,180,11:40:00,18:00:00,6.33,exact,paja,8,1,0,n,mboldenow
2014,chau,2029-06-14,180,12:00:00,18:30:00,6.5,exact,glgu,3,1,0,n,jdiener
2014,chau,2029-06-14,180,12:00:00,18:30:00,6.5,exact,paja,2,1,0,n,jdiener
2014,chau,2029-06-14,180,12:00:00,18:30:00,6.5,est,ltja,8,1,0,n,jdiener
2014,chau,2029-06-14,180,12:00:00,18:30:00,6.5,est,sacr,5,1,0,n,jdiener
2014,chau,2029-06-14,180,12:00:00,18:30:00,6.5,est,vegu,7,1,0,n,jdiener
2014,colv,2029-06-14,180,11:00:00,17:50:00,6.83,exact,glgu,8,1,0,n,agottesman
2014,colv,2029-06-14,180,11:00:00,17:50:00,6.83,exact,paja,6,1,0,n,agottesman
2014,colv,2029-06-14,180,11:00:00,17:50:00,6.83,exact,ltja,3,1,0,n,agottesman
2014,colv,2029-06-14,180,11:00:00,17:50:00,6.83,exact,rutu,7,1,0,n,agottesman
2014,colv,2029-06-14,180,11:00:00,17:50:00,6.83,exact,agsq,2,1,0,n,agottesman
2013,cari,2029-06-13,180,10:00:00,17:00:00,7,exact,glgu,6,1,0,n,bhiggins
2013,cari,2029-06-13,180,10:00:00,17:00:00,7,exact,paja,2,1,0,n,bhiggins
2013,cari,2029-06-13,180,10:00:00,17:00:00,7,exact,pefa,1,1,0,n,bhiggins
2014,iglo,2029-06-14,180,11:00:00,18:00:00,7,exact,cora,1,1,0,n,mtpaquet
2014,iglo,2029-06-14,180,11:00:00,18:00:00,7,est,glgu,2,1,0,n,mtpaquet
2014,iglo,2029-06-14,180,11:00:00,18:00:00,7,exact,ungu,1,1,0,n,mtpaquet
2014,iglo,2029-06-14,180,11:00:00,18:00:00,7,exact,unja,2,1,0,n,mtpaquet
2014,iglo,2029-06-14,180,10:45:00,18:00:00,7.25,est,ungu,3,1,0,n,mcfrenette
2014,iglo,2029-06-14,180,10:45:00,18:00:00,7.25,est,rutu,2,1,0,n,mcfrenette
2014,iglo,2029-06-14,180,10:45:00,18:00:00,7.25,est,sagu,2,1,0,n,mcfrenette
2012,colv,2028-06-12,180,10:48:00,18:16:00,7.47,exact,agsq,3,1,0,n,bwilkinson
2012,colv,2028-06-12,180,10:48:00,18:16:00,7.47,exact,cole,1,1,0,n,bwilkinson
2012,colv,2028-06-12,180,10:48:00,18:16:00,7.47,exact,glgu,4,1,0,n,bwilkinson
2012,colv,2028-06-12,180,10:48:00,18:16:00,7.47,exact,paja,3,1,0,n,bwilkinson
2012,colv,2028-06-12,180,10:48:00,18:16:00,7.47,exact,rutu,2,1,0,n,bwilkinson
2012,colv,2028-06-12,180,10:48:00,18:16:00,7.47,exact,snow,1,1,0,n,bwilkinson
2013,bylo,2029-06-13,180,10:30:00,18:00:00,7.5,exact,arfo,1,1,0,n,fsenezgagnon
2013,bylo,2029-06-13,180,10:30:00,18:00:00,7.5,exact,glgu,8,1,0,n,fsenezgagnon
2013,bylo,2029-06-13,180,10:30:00,18:00:00,7.5,exact,sacr,2,1,0,n,fsenezgagnon
2014,iglo,2029-06-14,180,10:45:00,18:20:00,7.58,est,ungu,2,1,0,n,mgiroux
2014,iglo,2029-06-14,180,10:45:00,18:20:00,7.58,est,ltja,5,1,0,n,mgiroux
2013,ikpi,2029-06-13,180,10:30:00,19:30:00,9,exact,agsq,1,1,0,n,ojames
2013,ikpi,2029-06-13,180,10:30:00,19:30:00,9,est,glgu,5,1,0,n,ojames
2013,ikpi,2029-06-13,180,10:30:00,19:30:00,9,est,ltja,12,1,0,n,ojames
2013,ikpi,2029-06-13,180,10:30:00,19:30:00,9,exact,noha,1,1,0,n,ojames
2013,ikpi,2029-06-13,180,10:30:00,19:30:00,9,est,paja,10,1,0,n,ojames
2013,ikpi,2029-06-13,180,10:30:00,19:30:00,9,exact,pefa,1,1,0,n,ojames
2013,ikpi,2029-06-13,180,10:30:00,19:30:00,9,est,unja,30,1,0,n,ojames
2012,lkri,2028-06-12,180,12:31:00,22:50:00,10.32,exact,arfo,1,1,0,n,apopovkina
2012,chur,2028-06-12,180,08:15:00,09:00:00,0.75,exact,noha,1,2,0,y,jperz
2014,chur,2029-06-14,180,13:15:00,14:00:00,0.75,exact,paja,2,2,0,y,jperz
2014,chur,2029-06-14,180,14:00:00,16:50:00,2.83,exact,herg,1,2,0,y,jperz
2014,chur,2029-06-14,180,14:00:00,16:50:00,2.83,exact,merl,2,2,0,y,jperz
2014,chur,2029-06-14,180,14:00:00,16:50:00,2.83,exact,paja,1,2,0,y,jperz
2014,nome,2029-06-14,180,09:00:00,12:00:00,3,exact,sacr,2,2,0,y,NA
2014,nome,2029-06-14,180,09:00:00,12:00:00,3,exact,cora,1,2,0,y,NA
2011,made,2029-06-11,180,10:30:00,14:00:00,3.5,est,arte,2,2,0,y,lpirie
2011,made,2029-06-11,180,10:30:00,14:00:00,3.5,est,cora,1,2,0,y,lpirie
2011,made,2029-06-11,180,10:30:00,14:00:00,3.5,est,paja,1,2,0,y,lpirie
2014,coat,2029-06-14,180,10:00:00,16:00:00,6,exact,paja,2,3,0,y,crew1
2014,coat,2029-06-14,180,10:00:00,16:00:00,6,exact,herg,12,3,0,y,crew1
2014,coat,2029-06-14,180,10:00:00,16:00:00,6,exact,arfo,1,3,0,y,crew1
2011,nome,2029-06-11,180,10:00:00,13:30:00,3.5,exact,agsq,1,5,0,y,wenglish
2011,nome,2029-06-11,180,10:00:00,13:30:00,3.5,exact,cora,5,5,0,y,wenglish
2011,nome,2029-06-11,180,10:00:00,13:30:00,3.5,exact,glgu,1,5,0,y,wenglish
2011,nome,2029-06-11,180,10:00:00,13:30:00,3.5,exact,paja,1,5,0,y,wenglish
2011,nome,2029-06-11,180,10:00:00,13:30:00,3.5,exact,sacr,3,5,0,y,wenglish
2012,nome,2028-06-12,180,10:00:00,15:30:00,5.5,exact,cora,2,5,0,y,NA
2012,nome,2028-06-12,180,10:00:00,15:30:00,5.5,exact,glgu,5,5,0,y,NA
2012,nome,2028-06-12,180,10:00:00,15:30:00,5.5,exact,megu,11,5,0,y,NA
2012,nome,2028-06-12,180,10:00:00,15:30:00,5.5,exact,paja,6,5,0,y,NA
2012,nome,2028-06-12,180,10:00:00,15:30:00,5.5,exact,sacr,16,5,0,y,NA
2014,cari,2029-06-14,180,09:00:00,18:00:00,9,exact,glgu,10,1,0,n,idavies
2014,cari,2029-06-14,180,09:00:00,18:00:00,9,exact,paja,6,1,0,n,idavies
2014,cari,2029-06-14,180,09:00:00,18:00:00,9,exact,ltja,3,1,0,n,idavies
2014,cari,2029-06-14,180,09:00:00,18:00:00,9,exact,cora,1,1,0,n,idavies
2014,cari,2029-06-14,180,09:00:00,18:00:00,9,exact,sacr,2,1,0,n,idavies
2014,cari,2029-06-14,180,09:00:00,18:00:00,9,exact,snow,3,1,0,n,idavies
2014,cari,2029-06-14,180,09:00:00,18:00:00,9,exact,seow,2,1,0,n,idavies
2012,ikpi,2028-06-12,180,09:30:00,16:23:00,6.88,est,poja,2,1,0,n,kpietrzak
2012,ikpi,2028-06-12,180,09:30:00,16:23:00,6.88,est,paja,5,1,0,n,kpietrzak
2012,ikpi,2028-06-12,180,09:30:00,16:23:00,6.88,est,ltja,4,1,0,n,kpietrzak
2012,ikpi,2028-06-12,180,09:30:00,16:23:00,6.88,exact,brle,1,1,0,n,kpietrzak
2011,chur,2029-06-11,180,08:30:00,13:20:00,4.83,NA,pobe,1,2,0,y,edastous
2012,made,2027-06-12,179,09:30:00,11:41:00,2.18,exact,glgu,2,1,0,n,asmith
2012,made,2027-06-12,179,09:30:00,11:41:00,2.18,exact,paja,1,1,0,n,asmith
2012,made,2027-06-12,179,09:30:00,11:41:00,2.18,exact,sacr,4,1,0,n,asmith
2012,prba,2027-06-12,179,08:30:00,11:00:00,2.5,exact,arfo,1,1,0,n,jlautenbach
2012,prba,2027-06-12,179,08:30:00,11:00:00,2.5,exact,brbe,1,1,0,n,jlautenbach
2012,prba,2027-06-12,179,08:30:00,11:00:00,2.5,exact,cora,6,1,0,n,jlautenbach
2012,prba,2027-06-12,179,08:30:00,11:00:00,2.5,exact,glgu,6,1,0,n,jlautenbach
2012,prba,2027-06-12,179,08:30:00,11:00:00,2.5,exact,ltja,3,1,0,n,jlautenbach
2012,prba,2027-06-12,179,08:30:00,11:00:00,2.5,exact,paja,4,1,0,n,jlautenbach
2012,prba,2027-06-12,179,08:30:00,11:00:00,2.5,exact,refo,1,1,0,n,jlautenbach
2012,prba,2027-06-12,179,08:30:00,11:00:00,2.5,exact,snow,2,1,0,n,jlautenbach
2012,chau,2027-06-12,179,15:00:00,18:00:00,3,est,ltja,400,1,0,n,mboldenow
2014,iglo,2028-06-14,179,14:30:00,17:40:00,3.17,est,cora,2,1,0,n,nlecomte
2014,iglo,2028-06-14,179,14:30:00,17:40:00,3.17,est,glgu,4,1,0,n,nlecomte
2014,iglo,2028-06-14,179,14:30:00,17:40:00,3.17,est,ltja,1,1,0,n,nlecomte
2014,iglo,2028-06-14,179,14:30:00,17:40:00,3.17,est,paja,2,1,0,n,nlecomte
2014,iglo,2028-06-14,179,14:30:00,17:40:00,3.17,est,rutu,1,1,0,n,nlecomte
2011,colv,2028-06-11,179,10:48:00,14:03:00,3.25,exact,agsq,1,1,0,n,bwilkinson
2011,colv,2028-06-11,179,10:48:00,14:03:00,3.25,exact,glgu,6,1,0,n,bwilkinson
2011,colv,2028-06-11,179,10:48:00,14:03:00,3.25,exact,ltja,2,1,0,n,bwilkinson
2011,colv,2028-06-11,179,10:48:00,14:03:00,3.25,exact,paja,2,1,0,n,bwilkinson
2011,colv,2028-06-11,179,10:48:00,14:03:00,3.25,exact,rutu,6,1,0,n,bwilkinson
2011,colv,2028-06-11,179,10:27:00,14:23:00,3.93,exact,agsq,5,1,0,n,dpavlik
2011,colv,2028-06-11,179,10:27:00,14:23:00,3.93,exact,glgu,13,1,0,n,dpavlik
2011,colv,2028-06-11,179,10:27:00,14:23:00,3.93,exact,paja,4,1,0,n,dpavlik
2011,colv,2028-06-11,179,10:27:00,14:23:00,3.93,exact,refo,1,1,0,n,dpavlik
2011,colv,2028-06-11,179,10:27:00,14:23:00,3.93,exact,rutu,4,1,0,n,dpavlik
2011,colv,2028-06-11,179,10:27:00,14:23:00,3.93,exact,snow,1,1,0,n,dpavlik
2012,prba,2027-06-12,179,12:50:00,17:20:00,4.5,exact,cora,4,1,0,n,jlautenbach
2012,prba,2027-06-12,179,12:50:00,17:20:00,4.5,exact,glgu,4,1,0,n,jlautenbach
2012,prba,2027-06-12,179,12:50:00,17:20:00,4.5,exact,ltja,6,1,0,n,jlautenbach
2012,prba,2027-06-12,179,12:50:00,17:20:00,4.5,exact,paja,2,1,0,n,jlautenbach
2012,prba,2027-06-12,179,12:50:00,17:20:00,4.5,exact,sacr,1,1,0,n,jlautenbach
2013,prba,2028-06-13,179,10:00:00,15:00:00,5,exact,cora,2,1,0,n,brobinson
2013,prba,2028-06-13,179,10:00:00,15:00:00,5,exact,glgu,2,1,0,n,brobinson
2013,prba,2028-06-13,179,10:00:00,15:00:00,5,exact,paja,1,1,0,n,brobinson
2013,prba,2028-06-13,179,10:00:00,15:00:00,5,exact,rutu,2,1,0,n,brobinson
2012,lkri,2027-06-12,179,17:30:00,22:30:00,5,exact,arfo,2,1,0,n,apopovkina
2014,chau,2028-06-14,179,13:15:00,19:00:00,5.75,exact,sacr,7,1,0,n,lgoodrick
2014,chau,2028-06-14,179,13:15:00,19:00:00,5.75,exact,vegu,4,1,0,n,lgoodrick
2014,ikpi,2028-06-14,179,08:15:00,14:22:00,6.12,exact,glgu,5,1,0,n,rhammond
2014,ikpi,2028-06-14,179,08:15:00,14:22:00,6.12,exact,paja,2,1,0,n,rhammond
2014,ikpi,2028-06-14,179,08:15:00,14:22:00,6.12,exact,ltja,3,1,0,n,rhammond
2014,ikpi,2028-06-14,179,08:15:00,14:22:00,6.12,exact,agsq,1,1,0,n,rhammond
2014,ikpi,2028-06-14,179,08:15:00,14:22:00,6.12,exact,sagu,1,1,0,n,rhammond
2014,colv,2028-06-14,179,10:50:00,17:00:00,6.17,exact,glgu,2,1,0,n,agottesman
2014,colv,2028-06-14,179,10:50:00,17:00:00,6.17,exact,paja,4,1,0,n,agottesman
2014,colv,2028-06-14,179,10:50:00,17:00:00,6.17,exact,rutu,4,1,0,n,agottesman
2014,colv,2028-06-14,179,10:50:00,17:00:00,6.17,exact,refo,1,1,0,n,agottesman
2014,colv,2028-06-14,179,10:50:00,17:00:00,6.17,exact,agsq,12,1,0,n,agottesman
2012,colv,2027-06-12,179,10:00:00,16:30:00,6.5,est,agsq,12,1,0,n,msmith
2012,colv,2027-06-12,179,10:00:00,16:30:00,6.5,exact,glgu,5,1,0,n,msmith
2012,colv,2027-06-12,179,10:00:00,16:30:00,6.5,exact,ltja,2,1,0,n,msmith
2012,colv,2027-06-12,179,10:00:00,16:30:00,6.5,exact,paja,4,1,0,n,msmith
2012,colv,2027-06-12,179,10:00:00,16:30:00,6.5,exact,poja,1,1,0,n,msmith
2012,colv,2027-06-12,179,10:00:00,16:30:00,6.5,exact,refo,1,1,0,n,msmith
2012,colv,2027-06-12,179,10:00:00,16:30:00,6.5,exact,rutu,1,1,0,n,msmith
2012,colv,2027-06-12,179,10:00:00,16:30:00,6.5,exact,snow,3,1,0,n,msmith
2011,ikpi,2028-06-11,179,10:30:00,17:15:00,6.75,exact,agsq,7,1,0,n,jwright
2011,ikpi,2028-06-11,179,10:30:00,17:15:00,6.75,exact,glgu,6,1,1,n,jwright
2011,ikpi,2028-06-11,179,10:30:00,17:15:00,6.75,exact,ltja,3,1,0,n,jwright
2011,ikpi,2028-06-11,179,10:30:00,17:15:00,6.75,exact,paja,2,1,0,n,jwright
2011,ikpi,2028-06-11,179,10:30:00,17:15:00,6.75,exact,pefa,1,1,0,n,jwright
2011,ikpi,2028-06-11,179,10:30:00,17:15:00,6.75,exact,poja,1,1,0,n,jwright
2011,ikpi,2028-06-11,179,10:30:00,17:15:00,6.75,exact,snow,1,1,0,n,jwright
2012,colv,2027-06-12,179,10:07:00,17:01:00,6.9,exact,agsq,4,1,0,n,bwilkinson
2012,colv,2027-06-12,179,10:07:00,17:01:00,6.9,exact,glgu,5,1,0,n,bwilkinson
2012,colv,2027-06-12,179,10:07:00,17:01:00,6.9,exact,ltja,2,1,0,n,bwilkinson
2012,colv,2027-06-12,179,10:07:00,17:01:00,6.9,exact,paja,2,1,0,n,bwilkinson
2012,colv,2027-06-12,179,10:07:00,17:01:00,6.9,exact,pefa,1,1,0,n,bwilkinson
2012,colv,2027-06-12,179,10:07:00,17:01:00,6.9,exact,rutu,3,1,0,n,bwilkinson
2012,colv,2027-06-12,179,10:07:00,17:01:00,6.9,exact,snow,1,1,0,n,bwilkinson
2011,cakr,2028-06-11,179,11:00:00,18:00:00,7,exact,glgu,35,1,0,n,lpadegimas
2011,cakr,2028-06-11,179,11:00:00,18:00:00,7,exact,ltja,3,1,0,n,lpadegimas
2011,cakr,2028-06-11,179,11:00:00,18:00:00,7,exact,megu,9,1,0,n,lpadegimas
2011,cakr,2028-06-11,179,11:00:00,18:00:00,7,exact,paja,5,1,0,n,lpadegimas
2011,cakr,2028-06-11,179,11:00:00,18:00:00,7,exact,sacr,2,1,0,n,lpadegimas
2014,colv,2028-06-14,179,11:00:00,18:00:00,7,exact,glgu,4,1,0,n,tdonnelly
2014,colv,2028-06-14,179,11:00:00,18:00:00,7,exact,paja,6,1,0,n,tdonnelly
2014,colv,2028-06-14,179,11:00:00,18:00:00,7,exact,ltja,2,1,0,n,tdonnelly
2014,colv,2028-06-14,179,11:00:00,18:00:00,7,exact,cora,1,1,0,n,tdonnelly
2014,colv,2028-06-14,179,11:00:00,18:00:00,7,exact,agsq,4,1,0,n,tdonnelly
2013,ikpi,2028-06-13,179,12:00:00,20:00:00,8,est,agsq,2,1,0,n,acook
2013,ikpi,2028-06-13,179,12:00:00,20:00:00,8,exact,glgu,1,1,0,n,acook
2013,ikpi,2028-06-13,179,12:00:00,20:00:00,8,exact,ltja,2,1,0,n,acook
2013,ikpi,2028-06-13,179,12:00:00,20:00:00,8,exact,paja,3,1,0,n,acook
2011,cari,2028-06-11,179,10:00:00,18:00:00,8,exact,agsq,1,1,0,n,ecorp
2011,cari,2028-06-11,179,10:00:00,18:00:00,8,exact,arfo,1,1,0,n,ecorp
2011,cari,2028-06-11,179,10:00:00,18:00:00,8,exact,brle,2,1,0,n,ecorp
2011,cari,2028-06-11,179,10:00:00,18:00:00,8,exact,glgu,8,1,0,n,ecorp
2011,cari,2028-06-11,179,10:00:00,18:00:00,8,exact,paja,8,1,0,n,ecorp
2011,cari,2028-06-11,179,10:00:00,18:00:00,8,exact,poja,4,1,0,n,ecorp
2011,cari,2028-06-11,179,10:00:00,18:00:00,8,exact,rutu,1,1,0,n,ecorp
2011,cari,2028-06-11,179,10:00:00,18:00:00,8,exact,snow,1,1,0,n,ecorp
2011,cari,2028-06-11,179,09:15:00,18:00:00,8.75,exact,glgu,6,1,0,n,sfreeman
2011,cari,2028-06-11,179,09:15:00,18:00:00,8.75,exact,paja,3,1,0,n,sfreeman
2011,cari,2028-06-11,179,09:15:00,18:00:00,8.75,exact,poja,2,1,0,n,sfreeman
2011,cari,2028-06-11,179,09:15:00,18:00:00,8.75,exact,snow,2,1,0,n,sfreeman
2012,chur,2027-06-12,179,08:40:00,09:20:00,0.67,exact,herg,1,2,0,y,jperz
2014,chur,2028-06-14,179,10:00:00,11:30:00,1.5,exact,paja,1,2,0,y,lkoloski
2012,chur,2027-06-12,179,13:15:00,15:00:00,1.75,exact,cora,2,2,0,y,jperz
2012,chur,2027-06-12,179,13:15:00,15:00:00,1.75,exact,herg,1,2,0,y,jperz
2013,colv,2028-06-13,179,11:30:00,13:30:00,2,exact,agsq,7,2,0,n,scarvey
2013,colv,2028-06-13,179,11:30:00,13:30:00,2,exact,glgu,3,2,0,n,scarvey
2013,colv,2028-06-13,179,11:30:00,13:30:00,2,exact,paja,3,2,0,n,scarvey
2013,colv,2028-06-13,179,11:30:00,13:30:00,2,exact,rutu,6,2,0,n,scarvey
2012,chur,2027-06-12,179,09:20:00,11:30:00,2.17,exact,herg,1,2,0,y,jperz
2012,chur,2027-06-12,179,09:20:00,11:30:00,2.17,exact,merl,2,2,0,y,jperz
2014,chur,2028-06-14,179,09:00:00,11:30:00,2.5,exact,cora,1,2,0,y,jperz
2014,chur,2028-06-14,179,09:00:00,11:30:00,2.5,exact,paja,2,2,0,y,jperz
2014,nome,2028-06-14,179,09:00:00,12:00:00,3,exact,glgu,23,2,0,y,NA
2014,nome,2028-06-14,179,09:00:00,12:00:00,3,exact,paja,3,2,0,y,NA
2014,nome,2028-06-14,179,09:00:00,12:00:00,3,exact,cora,1,2,0,y,NA
2012,made,2027-06-12,179,10:30:00,13:30:00,3,exact,glgu,1,2,0,y,kbeckmann
2012,made,2027-06-12,179,10:30:00,13:30:00,3,exact,rlha,2,2,0,y,kbeckmann
2012,made,2027-06-12,179,10:30:00,13:30:00,3,exact,sacr,8,2,0,y,kbeckmann
2012,made,2027-06-12,179,09:30:00,13:30:00,4,exact,cora,5,2,0,n,fsmith
2012,made,2027-06-12,179,09:30:00,13:30:00,4,exact,glgu,7,2,0,n,fsmith
2012,made,2027-06-12,179,09:30:00,13:30:00,4,exact,paja,5,2,0,n,fsmith
2012,made,2027-06-12,179,09:30:00,13:30:00,4,exact,sacr,9,2,0,n,fsmith
2014,iglo,2028-06-14,179,14:00:00,18:30:00,4.5,est,glgu,2,2,0,y,mtpaquet
2014,iglo,2028-06-14,179,14:00:00,18:30:00,4.5,exact,ungu,1,2,0,y,mtpaquet
2014,iglo,2028-06-14,179,14:00:00,18:30:00,4.5,est,ltja,3,2,0,y,mtpaquet
2011,made,2028-06-11,179,14:00:00,20:00:00,6,exact,ltja,2,2,0,y,lpirie
2011,made,2028-06-11,179,09:30:00,17:20:00,7.83,exact,glgu,3,2,0,y,mmichaud
2011,made,2028-06-11,179,09:30:00,17:20:00,7.83,exact,paja,3,2,0,y,mmichaud
2011,made,2028-06-11,179,09:30:00,17:20:00,7.83,exact,rlha,1,2,0,y,mmichaud
2011,made,2028-06-11,179,09:30:00,17:20:00,7.83,est,sacr,6,2,0,y,mmichaud
2014,coat,2028-06-14,179,08:30:00,15:00:00,6.5,exact,paja,3,3,0,y,crew1
2014,coat,2028-06-14,179,08:30:00,15:00:00,6.5,exact,herg,6,3,0,y,crew1
2014,coat,2028-06-14,179,08:30:00,15:00:00,6.5,exact,arfo,1,3,0,y,crew1
2012,nome,2027-06-12,179,10:00:00,16:00:00,6,exact,cora,2,5,0,y,NA
2012,nome,2027-06-12,179,10:00:00,16:00:00,6,exact,glgu,13,5,0,y,NA
2012,nome,2027-06-12,179,10:00:00,16:00:00,6,exact,ltja,1,5,0,y,NA
2012,nome,2027-06-12,179,10:00:00,16:00:00,6,exact,megu,6,5,0,y,NA
2012,nome,2027-06-12,179,10:00:00,16:00:00,6,exact,paja,4,5,0,y,NA
2012,nome,2027-06-12,179,10:00:00,16:00:00,6,exact,pefa,1,5,0,y,NA
2012,nome,2027-06-12,179,10:00:00,16:00:00,6,exact,sacr,15,5,0,y,NA
2014,cari,2028-06-14,179,09:00:00,18:00:00,9,exact,glgu,12,1,0,n,idavies
2014,cari,2028-06-14,179,09:00:00,18:00:00,9,exact,paja,6,1,0,n,idavies
2014,cari,2028-06-14,179,09:00:00,18:00:00,9,exact,ltja,3,1,0,n,idavies
2014,cari,2028-06-14,179,09:00:00,18:00:00,9,exact,cora,3,1,0,n,idavies
2014,cari,2028-06-14,179,09:00:00,18:00:00,9,exact,sacr,3,1,0,n,idavies
2014,cari,2028-06-14,179,09:00:00,18:00:00,9,exact,snow,1,1,0,n,idavies
2014,cari,2028-06-14,179,09:00:00,18:00:00,9,exact,rlha,2,1,0,n,idavies
2014,cari,2028-06-14,179,09:00:00,18:00:00,9,exact,seow,1,1,0,n,idavies
2012,ikpi,2027-06-12,179,10:30:00,16:20:00,5.83,est,glgu,5,1,0,y,mmudge
2012,ikpi,2027-06-12,179,10:30:00,16:20:00,5.83,est,poja,7,1,0,n,mmudge
2012,ikpi,2027-06-12,179,10:30:00,16:20:00,5.83,est,paja,5,1,0,y,mmudge
2012,ikpi,2027-06-12,179,10:30:00,16:20:00,5.83,est,ltja,3,1,0,n,mmudge
2013,nome,2028-06-13,179,11:00:00,16:00:00,5,exact,pefa,1,4,0,y,NA
2013,nome,2028-06-13,179,11:00:00,16:00:00,5,exact,refo,1,4,0,y,NA
2013,nome,2028-06-13,179,11:00:00,16:00:00,5,exact,seow,1,4,0,y,NA
2013,nome,2028-06-13,179,11:00:00,16:00:00,5,exact,tuvo,1,4,0,y,NA
2013,nome,2028-06-13,179,11:00:00,16:00:00,5,exact,agsq,1,4,0,y,NA
2013,nome,2028-06-13,179,11:00:00,16:00:00,5,exact,cora,1,4,0,y,NA
2013,nome,2028-06-13,179,11:00:00,16:00:00,5,exact,glgu,1,4,0,y,NA
2013,nome,2028-06-13,179,11:00:00,16:00:00,5,exact,megu,1,4,0,y,NA
2013,nome,2028-06-13,179,11:00:00,16:00:00,5,exact,sacr,1,4,0,y,NA
2013,nome,2028-06-13,179,11:00:00,16:00:00,5,exact,paja,1,4,0,y,NA
2011,chur,2028-06-11,179,08:10:00,17:35:00,9.42,NA,pobe,3,3,0,y,edastous
2014,ikpi,2027-06-14,178,08:27:00,09:13:00,0.77,exact,paja,1,1,0,n,pchilton
2011,prba,2027-06-11,178,16:35:00,17:25:00,0.83,exact,glgu,2,1,0,n,eames
2011,prba,2027-06-11,178,16:35:00,17:25:00,0.83,exact,ltja,1,1,0,n,eames
2011,prba,2027-06-11,178,16:35:00,17:25:00,0.83,exact,paja,2,1,0,n,eames
2011,prba,2027-06-11,178,16:35:00,17:25:00,0.83,exact,snow,1,1,0,n,eames
2014,iglo,2027-06-14,178,11:54:00,12:54:00,1,est,cora,2,1,0,n,nlecomte
2014,iglo,2027-06-14,178,11:54:00,12:54:00,1,est,glgu,4,1,0,n,nlecomte
2014,iglo,2027-06-14,178,11:54:00,12:54:00,1,est,ltja,4,1,0,n,nlecomte
2014,cakr,2027-06-14,178,11:00:00,12:00:00,1,est,glgu,18,1,0,n,jhughey
2014,cakr,2027-06-14,178,11:00:00,12:00:00,1,exact,paja,4,1,0,n,jhughey
2014,cakr,2027-06-14,178,11:00:00,12:00:00,1,est,ltja,270,1,0,n,jhughey
2014,cakr,2027-06-14,178,11:00:00,12:00:00,1,exact,sacr,3,1,0,n,jhughey
2011,prba,2027-06-11,178,17:30:00,18:35:00,1.08,exact,glgu,2,1,0,n,eames
2011,prba,2027-06-11,178,17:30:00,18:35:00,1.08,exact,snow,2,1,0,n,eames
2012,lkri,2026-06-12,178,13:31:00,14:50:00,1.32,exact,ltja,2,1,0,n,apopovkina
2013,colv,2027-06-13,178,12:10:00,13:50:00,1.67,exact,agsq,5,1,0,n,bwilkinson
2013,colv,2027-06-13,178,12:10:00,13:50:00,1.67,exact,glgu,2,1,0,n,bwilkinson
2013,colv,2027-06-13,178,12:10:00,13:50:00,1.67,exact,ltja,2,1,0,n,bwilkinson
2013,colv,2027-06-13,178,12:10:00,13:50:00,1.67,exact,paja,2,1,0,n,bwilkinson
2011,colv,2027-06-11,178,10:25:00,12:33:00,2.13,exact,agsq,3,1,0,n,dpavlik
2011,colv,2027-06-11,178,10:25:00,12:33:00,2.13,exact,glgu,5,1,0,n,dpavlik
2011,colv,2027-06-11,178,10:25:00,12:33:00,2.13,exact,ltja,2,1,0,n,dpavlik
2011,colv,2027-06-11,178,10:25:00,12:33:00,2.13,exact,paja,3,1,0,n,dpavlik
2011,colv,2027-06-11,178,10:25:00,12:33:00,2.13,exact,rutu,5,1,0,n,dpavlik
2013,colv,2027-06-13,178,11:30:00,13:50:00,2.33,exact,agsq,3,1,0,n,scarvey
2013,colv,2027-06-13,178,11:30:00,13:50:00,2.33,exact,glgu,2,1,0,n,scarvey
2013,colv,2027-06-13,178,11:30:00,13:50:00,2.33,exact,paja,2,1,0,n,scarvey
2013,colv,2027-06-13,178,11:30:00,13:50:00,2.33,exact,rutu,2,1,0,n,scarvey
2011,prba,2027-06-11,178,12:45:00,15:14:00,2.48,exact,cora,3,1,0,n,eames
2011,prba,2027-06-11,178,12:45:00,15:14:00,2.48,exact,glgu,6,1,0,n,eames
2011,prba,2027-06-11,178,12:45:00,15:14:00,2.48,exact,ltja,2,1,0,n,eames
2011,prba,2027-06-11,178,12:45:00,15:14:00,2.48,exact,poja,1,1,0,n,eames
2011,prba,2027-06-11,178,09:00:00,11:40:00,2.67,exact,cora,2,1,0,n,skolbe
2011,prba,2027-06-11,178,09:00:00,11:40:00,2.67,exact,glgu,4,1,0,n,skolbe
2011,prba,2027-06-11,178,09:00:00,11:40:00,2.67,exact,ltja,3,1,0,n,skolbe
2011,prba,2027-06-11,178,09:00:00,11:40:00,2.67,exact,paja,1,1,0,n,skolbe
2013,iglo,2027-06-13,178,16:30:00,19:15:00,2.75,est,ltja,1,1,0,n,magiroux
2013,iglo,2027-06-13,178,16:30:00,19:15:00,2.75,est,herg,1,1,0,n,magiroux
2012,chau,2026-06-12,178,17:16:00,20:20:00,3.07,exact,glgu,2,1,0,n,mboldenow
2012,colv,2026-06-12,178,10:42:00,13:56:00,3.23,exact,agsq,3,1,0,n,bwilkinson
2012,colv,2026-06-12,178,10:42:00,13:56:00,3.23,exact,glgu,4,1,0,n,bwilkinson
2012,colv,2026-06-12,178,10:42:00,13:56:00,3.23,exact,paja,2,1,0,n,bwilkinson
2012,colv,2026-06-12,178,10:42:00,13:56:00,3.23,exact,rutu,1,1,0,n,bwilkinson
2012,colv,2026-06-12,178,10:42:00,13:56:00,3.23,exact,snow,1,1,0,n,bwilkinson
2011,cari,2027-06-11,178,10:09:00,13:40:00,3.52,exact,brle,1,1,0,n,mboldenow
2011,cari,2027-06-11,178,10:09:00,13:40:00,3.52,exact,ltja,1,1,0,n,mboldenow
2011,cari,2027-06-11,178,10:09:00,13:40:00,3.52,exact,paja,3,1,0,n,mboldenow
2011,cari,2027-06-11,178,10:09:00,13:40:00,3.52,exact,poja,2,1,0,n,mboldenow
2011,colv,2027-06-11,178,10:53:00,14:27:00,3.57,exact,agsq,4,1,0,n,bwilkinson
2011,colv,2027-06-11,178,10:53:00,14:27:00,3.57,exact,brle,1,1,0,n,bwilkinson
2011,colv,2027-06-11,178,10:53:00,14:27:00,3.57,exact,glgu,5,1,0,n,bwilkinson
2011,colv,2027-06-11,178,10:53:00,14:27:00,3.57,exact,paja,2,1,0,n,bwilkinson
2011,colv,2027-06-11,178,10:53:00,14:27:00,3.57,exact,rutu,4,1,0,n,bwilkinson
2012,prba,2026-06-12,178,14:28:00,18:33:00,4.08,exact,cora,1,1,0,n,apham
2012,prba,2026-06-12,178,14:28:00,18:33:00,4.08,est,glgu,16,1,0,n,apham
2012,prba,2026-06-12,178,14:28:00,18:33:00,4.08,exact,unle,1,1,0,n,apham
2012,prba,2026-06-12,178,14:28:00,18:33:00,4.08,exact,ltja,2,1,1,n,apham
2012,prba,2026-06-12,178,14:28:00,18:33:00,4.08,exact,paja,2,1,0,n,apham
2012,colv,2026-06-12,178,10:00:00,14:30:00,4.5,est,agsq,4,1,0,n,msmith
2012,colv,2026-06-12,178,10:00:00,14:30:00,4.5,est,glgu,9,1,0,n,msmith
2012,colv,2026-06-12,178,10:00:00,14:30:00,4.5,est,ltja,3,1,0,n,msmith
2012,colv,2026-06-12,178,10:00:00,14:30:00,4.5,exact,paja,2,1,0,n,msmith
2012,colv,2026-06-12,178,10:00:00,14:30:00,4.5,exact,rutu,2,1,0,n,msmith
2012,colv,2026-06-12,178,10:00:00,14:30:00,4.5,exact,snow,3,1,0,n,msmith
2012,lkri,2026-06-12,178,14:51:00,19:30:00,4.65,exact,ltja,1,1,0,n,apopovkina
2012,prba,2026-06-12,178,08:45:00,13:32:00,4.78,est,glgu,10,1,0,n,apham
2012,prba,2026-06-12,178,08:45:00,13:32:00,4.78,exact,ltja,1,1,0,n,apham
2012,prba,2026-06-12,178,08:45:00,13:32:00,4.78,exact,paja,1,1,0,n,apham
2014,colv,2027-06-14,178,11:30:00,16:30:00,5,exact,glgu,7,1,0,n,agottesman
2014,colv,2027-06-14,178,11:30:00,16:30:00,5,exact,poja,1,1,0,n,agottesman
2014,colv,2027-06-14,178,11:30:00,16:30:00,5,exact,paja,7,1,0,n,agottesman
2014,colv,2027-06-14,178,11:30:00,16:30:00,5,exact,ltja,4,1,0,n,agottesman
2014,colv,2027-06-14,178,11:30:00,16:30:00,5,exact,rutu,1,1,0,n,agottesman
2014,colv,2027-06-14,178,11:30:00,16:30:00,5,exact,agsq,2,1,0,n,agottesman
2013,prba,2027-06-13,178,13:00:00,18:00:00,5,exact,paja,1,1,0,n,brobinson
2013,prba,2027-06-13,178,13:00:00,18:00:00,5,exact,snow,1,1,0,n,brobinson
2013,prba,2027-06-13,178,13:00:00,18:00:00,5,exact,glgu,1,1,0,n,brobinson
2013,chau,2027-06-13,178,11:30:00,16:45:00,5.25,est,glgu,1,1,0,n,mmudge
2013,chau,2027-06-13,178,11:30:00,16:45:00,5.25,est,ltja,75,1,0,n,mmudge
2013,chau,2027-06-13,178,11:30:00,16:45:00,5.25,est,rutu,1,1,0,n,mmudge
2013,chau,2027-06-13,178,11:30:00,16:45:00,5.25,est,sacr,6,1,0,n,mmudge
2013,chau,2027-06-13,178,11:30:00,16:45:00,5.25,est,vegu,5,1,0,n,mmudge
2014,ikpi,2027-06-14,178,09:42:00,16:10:00,6.47,exact,glgu,3,1,0,n,pchilton
2014,ikpi,2027-06-14,178,09:42:00,16:10:00,6.47,exact,paja,2,1,0,n,pchilton
2014,ikpi,2027-06-14,178,09:42:00,16:10:00,6.47,exact,ltja,2,1,0,n,pchilton
2014,colv,2027-06-14,178,11:30:00,18:00:00,6.5,exact,glgu,5,1,0,n,tdonnelly
2014,colv,2027-06-14,178,11:30:00,18:00:00,6.5,exact,paja,4,1,0,n,tdonnelly
2014,colv,2027-06-14,178,11:30:00,18:00:00,6.5,exact,ltja,16,1,0,n,tdonnelly
2014,colv,2027-06-14,178,11:30:00,18:00:00,6.5,exact,rutu,2,1,0,n,tdonnelly
2014,colv,2027-06-14,178,11:30:00,18:00:00,6.5,exact,refo,2,1,0,n,tdonnelly
2014,colv,2027-06-14,178,11:30:00,18:00:00,6.5,exact,agsq,4,1,0,n,tdonnelly
2011,ikpi,2027-06-11,178,09:50:00,16:45:00,6.92,exact,agsq,5,1,1,n,acook
2011,ikpi,2027-06-11,178,09:50:00,16:45:00,6.92,exact,brle,4,1,0,n,acook
2011,ikpi,2027-06-11,178,09:50:00,16:45:00,6.92,est,glgu,5,1,0,n,acook
2011,ikpi,2027-06-11,178,09:50:00,16:45:00,6.92,est,ltja,3,1,0,n,acook
2011,ikpi,2027-06-11,178,09:50:00,16:45:00,6.92,est,paja,5,1,0,n,acook
2011,ikpi,2027-06-11,178,09:50:00,16:45:00,6.92,exact,poja,1,1,0,n,acook
2011,ikpi,2027-06-11,178,09:50:00,16:45:00,6.92,exact,refo,1,1,0,n,acook
2013,ikpi,2027-06-13,178,11:30:00,18:30:00,7,exact,agsq,2,1,1,n,epayne
2013,ikpi,2027-06-13,178,11:30:00,18:30:00,7,exact,glgu,5,1,0,n,epayne
2013,ikpi,2027-06-13,178,11:30:00,18:30:00,7,exact,ltja,4,1,0,n,epayne
2013,ikpi,2027-06-13,178,11:30:00,18:30:00,7,est,paja,5,1,0,n,epayne
2014,iglo,2027-06-14,178,10:30:00,18:00:00,7.5,est,ltja,1,1,0,n,mcfrenette
2014,iglo,2027-06-14,178,10:30:00,18:00:00,7.5,est,ungu,1,1,0,n,mcfrenette
2012,cari,2026-06-12,178,10:17:00,18:00:00,7.72,exact,glgu,3,1,0,n,sfreeman
2012,cari,2026-06-12,178,10:17:00,18:00:00,7.72,exact,ltja,2,1,0,n,sfreeman
2012,cari,2026-06-12,178,10:17:00,18:00:00,7.72,exact,paja,7,1,0,n,sfreeman
2012,cari,2026-06-12,178,10:17:00,18:00:00,7.72,exact,snow,1,1,0,n,sfreeman
2012,cari,2026-06-12,178,11:40:00,19:30:00,7.83,exact,arfo,1,1,0,n,idavies
2012,cari,2026-06-12,178,11:40:00,19:30:00,7.83,exact,cole,1,1,0,n,idavies
2012,cari,2026-06-12,178,11:40:00,19:30:00,7.83,exact,cora,1,1,0,n,idavies
2012,cari,2026-06-12,178,11:40:00,19:30:00,7.83,exact,glgu,17,1,0,n,idavies
2012,cari,2026-06-12,178,11:40:00,19:30:00,7.83,exact,ltja,2,1,0,n,idavies
2012,cari,2026-06-12,178,11:40:00,19:30:00,7.83,exact,paja,7,1,0,n,idavies
2012,cari,2026-06-12,178,11:40:00,19:30:00,7.83,exact,poja,2,1,0,n,idavies
2012,cari,2026-06-12,178,11:40:00,19:30:00,7.83,exact,rutu,1,1,0,n,idavies
2012,cari,2026-06-12,178,11:40:00,19:30:00,7.83,exact,snow,3,1,0,n,idavies
2012,cari,2026-06-12,178,10:00:00,18:00:00,8,exact,arfo,1,1,0,n,bwinn
2012,cari,2026-06-12,178,10:00:00,18:00:00,8,exact,cora,1,1,0,n,bwinn
2012,cari,2026-06-12,178,10:00:00,18:00:00,8,exact,glgu,7,1,0,n,bwinn
2012,cari,2026-06-12,178,10:00:00,18:00:00,8,exact,ltja,1,1,0,n,bwinn
2012,cari,2026-06-12,178,10:00:00,18:00:00,8,exact,paja,12,1,0,n,bwinn
2012,cari,2026-06-12,178,10:00:00,18:00:00,8,exact,snow,2,1,0,n,bwinn
2012,chau,2026-06-12,178,10:30:00,18:30:00,8,est,ltja,160,1,0,n,mboldenow
2014,chau,2027-06-14,178,11:15:00,19:30:00,8.25,exact,glgu,2,1,0,n,lgoodrick
2014,chau,2027-06-14,178,11:15:00,19:30:00,8.25,est,paja,5,1,0,n,lgoodrick
2014,chau,2027-06-14,178,11:15:00,19:30:00,8.25,est,ltja,170,1,0,n,lgoodrick
2014,chau,2027-06-14,178,11:15:00,19:30:00,8.25,exact,sacr,4,1,0,n,lgoodrick
2014,chau,2027-06-14,178,11:15:00,19:30:00,8.25,est,vegu,5,1,0,n,lgoodrick
2014,iglo,2027-06-14,178,10:15:00,18:30:00,8.25,exact,cora,3,1,0,n,mtpaquet
2014,iglo,2027-06-14,178,10:15:00,18:30:00,8.25,exact,glgu,1,1,0,n,mtpaquet
2014,iglo,2027-06-14,178,10:15:00,18:30:00,8.25,est,ungu,5,1,0,n,mtpaquet
2014,iglo,2027-06-14,178,10:15:00,18:30:00,8.25,exact,ltja,1,1,1,n,mtpaquet
2014,iglo,2027-06-14,178,10:02:00,18:35:00,8.55,est,glgu,1,1,0,n,mgiroux
2014,iglo,2027-06-14,178,10:02:00,18:35:00,8.55,est,ungu,2,1,0,n,mgiroux
2014,iglo,2027-06-14,178,10:02:00,18:35:00,8.55,est,ltja,5,1,0,n,mgiroux
2014,iglo,2027-06-14,178,10:02:00,18:35:00,8.55,est,rutu,3,1,0,n,mgiroux
2014,iglo,2027-06-14,178,10:02:00,18:35:00,8.55,est,sagu,1,1,0,n,mgiroux
2013,bylo,2027-06-13,178,10:00:00,19:00:00,9,exact,glgu,10,1,0,n,fsenezgagnon
2013,bylo,2027-06-13,178,10:00:00,19:00:00,9,exact,sacr,4,1,0,n,fsenezgagnon
2014,nome,2027-06-14,178,09:00:00,11:00:00,2,exact,glgu,1,2,0,y,NA
2014,nome,2027-06-14,178,09:00:00,11:00:00,2,exact,paja,1,2,0,y,NA
2014,nome,2027-06-14,178,09:00:00,11:00:00,2,exact,cora,1,2,0,y,NA
2012,chur,2026-06-12,178,08:30:00,12:00:00,3.5,exact,cora,1,2,0,y,jperz
2012,chur,2026-06-12,178,08:30:00,12:00:00,3.5,exact,herg,16,2,0,y,jperz
2012,chur,2026-06-12,178,08:30:00,12:00:00,3.5,exact,paja,3,2,0,y,jperz
2012,chur,2026-06-12,178,08:30:00,12:00:00,3.5,exact,sacr,18,2,0,y,jperz
2012,chur,2026-06-12,178,12:30:00,17:30:00,5,exact,cora,3,2,0,y,jperz
2012,chur,2026-06-12,178,12:30:00,17:30:00,5,exact,noha,1,2,0,y,jperz
2012,chur,2026-06-12,178,12:30:00,17:30:00,5,exact,rlha,1,2,0,y,jperz
2012,chur,2026-06-12,178,12:30:00,17:30:00,5,exact,sacr,2,2,0,y,jperz
2014,chur,2027-06-14,178,08:40:00,14:00:00,5.33,exact,noha,1,2,0,y,jperz
2014,chur,2027-06-14,178,08:40:00,14:00:00,5.33,exact,paja,1,2,0,y,jperz
2014,chur,2027-06-14,178,08:40:00,14:00:00,5.33,exact,sacr,1,2,0,y,jperz
2014,coat,2027-06-14,178,08:00:00,20:00:00,12,exact,paja,4,2,0,y,crew1
2014,coat,2027-06-14,178,08:00:00,20:00:00,12,exact,herg,5,2,0,y,crew1
2014,chur,2027-06-14,178,09:00:00,09:30:00,0.5,exact,cora,1,3,0,y,lkoloski
2014,chur,2027-06-14,178,12:15:00,13:00:00,0.75,exact,herg,1,3,0,y,lkoloski
2014,chur,2027-06-14,178,12:15:00,13:00:00,0.75,exact,sacr,4,3,0,y,lkoloski
2014,chur,2027-06-14,178,10:00:00,11:00:00,1,exact,paja,1,3,0,y,lkoloski
2014,chur,2027-06-14,178,13:00:00,14:00:00,1,exact,paja,1,3,0,y,lkoloski
2014,coat,2027-06-14,178,09:00:00,17:00:00,8,exact,arfo,1,3,0,y,crew2
2011,nome,2027-06-11,178,12:30:00,17:00:00,4.5,exact,agsq,1,5,0,y,wenglish
2011,nome,2027-06-11,178,12:30:00,17:00:00,4.5,exact,cora,4,5,0,y,wenglish
2011,nome,2027-06-11,178,12:30:00,17:00:00,4.5,exact,glgu,4,5,0,y,wenglish
2011,nome,2027-06-11,178,12:30:00,17:00:00,4.5,exact,ltja,2,5,0,y,wenglish
2011,nome,2027-06-11,178,12:30:00,17:00:00,4.5,exact,paja,2,5,0,y,wenglish
2011,made,2027-06-11,178,10:30:00,17:30:00,7,est,glgu,2,5,0,y,knuyaviak
2011,made,2027-06-11,178,10:30:00,17:30:00,7,est,paja,4,5,0,y,knuyaviak
2011,made,2027-06-11,178,10:30:00,17:30:00,7,est,sacr,4,5,0,y,knuyaviak
2012,nome,2026-06-12,178,10:00:00,17:30:00,7.5,exact,cora,2,5,0,y,NA
2012,nome,2026-06-12,178,10:00:00,17:30:00,7.5,exact,glgu,5,5,0,y,NA
2012,nome,2026-06-12,178,10:00:00,17:30:00,7.5,exact,megu,8,5,0,y,NA
2012,nome,2026-06-12,178,10:00:00,17:30:00,7.5,exact,paja,5,5,0,y,NA
2012,nome,2026-06-12,178,10:00:00,17:30:00,7.5,exact,pefa,1,5,0,y,NA
2012,nome,2026-06-12,178,10:00:00,17:30:00,7.5,exact,sacr,8,5,0,y,NA
2014,cari,2027-06-14,178,10:00:00,17:00:00,7,exact,glgu,15,1,0,n,idavies
2014,cari,2027-06-14,178,10:00:00,17:00:00,7,exact,poja,1,1,0,n,idavies
2014,cari,2027-06-14,178,10:00:00,17:00:00,7,exact,paja,5,1,0,n,idavies
2014,cari,2027-06-14,178,10:00:00,17:00:00,7,exact,ltja,1,1,0,n,idavies
2014,cari,2027-06-14,178,10:00:00,17:00:00,7,exact,sacr,1,1,0,n,idavies
2014,cari,2027-06-14,178,10:00:00,17:00:00,7,exact,snow,1,1,0,n,idavies
2014,cari,2027-06-14,178,10:00:00,17:00:00,7,exact,pefa,1,1,0,n,idavies
2014,cari,2027-06-14,178,10:00:00,17:00:00,7,exact,seow,1,1,0,n,idavies
2012,ikpi,2026-06-12,178,10:20:00,17:36:00,7.27,est,glgu,5,1,0,n,kpietrzak
2012,ikpi,2026-06-12,178,10:20:00,17:36:00,7.27,est,poja,4,1,0,n,kpietrzak
2012,ikpi,2026-06-12,178,10:20:00,17:36:00,7.27,est,paja,3,1,0,n,kpietrzak
2012,ikpi,2026-06-12,178,10:20:00,17:36:00,7.27,est,ltja,4,1,0,n,kpietrzak
2012,ikpi,2026-06-12,178,10:20:00,17:36:00,7.27,exact,seow,1,1,0,n,kpietrzak
2012,ikpi,2026-06-12,178,10:20:00,17:36:00,7.27,est,agsq,7,1,0,y,kpietrzak
2012,ikpi,2026-06-12,178,10:20:00,17:36:00,7.27,exact,unle,1,1,0,n,kpietrzak
2013,nome,2027-06-13,178,10:00:00,13:00:00,3,exact,agsq,1,4,0,y,NA
2013,nome,2027-06-13,178,10:00:00,13:00:00,3,exact,cora,1,4,0,y,NA
2013,nome,2027-06-13,178,10:00:00,13:00:00,3,exact,paja,1,4,0,y,NA
2013,nome,2027-06-13,178,10:00:00,13:00:00,3,exact,glgu,1,4,0,y,NA
2013,nome,2027-06-13,178,10:00:00,13:00:00,3,exact,sacr,2,4,0,y,NA
2013,nome,2027-06-13,178,10:00:00,13:00:00,3,exact,megu,2,4,0,y,NA
2011,prba,2026-06-11,177,13:35:00,15:00:00,1.42,exact,glgu,2,1,0,n,eames
2011,prba,2026-06-11,177,13:35:00,15:00:00,1.42,exact,paja,1,1,0,n,eames
2011,prba,2026-06-11,177,13:35:00,15:00:00,1.42,exact,snow,1,1,0,n,eames
2011,prba,2026-06-11,177,11:25:00,13:05:00,1.67,exact,glgu,2,1,0,n,eames
2011,prba,2026-06-11,177,11:25:00,13:05:00,1.67,exact,ltja,1,1,0,n,eames
2011,prba,2026-06-11,177,11:25:00,13:05:00,1.67,exact,paja,1,1,0,n,eames
2011,prba,2026-06-11,177,11:25:00,13:05:00,1.67,exact,poja,2,1,0,n,eames
2011,prba,2026-06-11,177,11:25:00,13:05:00,1.67,exact,snow,1,1,0,n,eames
2013,colv,2026-06-13,177,10:30:00,13:15:00,2.75,exact,agsq,4,1,0,n,scarvey
2013,colv,2026-06-13,177,10:30:00,13:15:00,2.75,exact,glgu,3,1,0,n,scarvey
2013,colv,2026-06-13,177,10:30:00,13:15:00,2.75,exact,ltja,6,1,0,n,scarvey
2013,colv,2026-06-13,177,10:30:00,13:15:00,2.75,exact,ltja,6,1,0,n,scarvey
2013,colv,2026-06-13,177,10:30:00,13:15:00,2.75,exact,paja,5,1,1,n,scarvey
2011,colv,2026-06-11,177,10:56:00,13:42:00,2.77,exact,agsq,1,1,0,n,bwilkinson
2011,colv,2026-06-11,177,10:56:00,13:42:00,2.77,exact,glgu,5,1,0,n,bwilkinson
2011,colv,2026-06-11,177,10:56:00,13:42:00,2.77,exact,ltja,3,1,0,n,bwilkinson
2011,colv,2026-06-11,177,10:56:00,13:42:00,2.77,exact,paja,1,1,0,n,bwilkinson
2011,colv,2026-06-11,177,10:56:00,13:42:00,2.77,exact,rutu,3,1,0,n,bwilkinson
2011,colv,2026-06-11,177,10:26:00,13:37:00,3.18,exact,agsq,8,1,0,n,dpavlik
2011,colv,2026-06-11,177,10:26:00,13:37:00,3.18,exact,glgu,10,1,0,n,dpavlik
2011,colv,2026-06-11,177,10:26:00,13:37:00,3.18,exact,paja,7,1,0,n,dpavlik
2011,colv,2026-06-11,177,10:26:00,13:37:00,3.18,exact,rutu,3,1,0,n,dpavlik
2011,ikpi,2026-06-11,177,12:20:00,16:20:00,4,exact,brle,2,1,0,n,kpietrzak
2011,ikpi,2026-06-11,177,12:20:00,16:20:00,4,est,glgu,2,1,0,n,kpietrzak
2011,ikpi,2026-06-11,177,12:20:00,16:20:00,4,est,paja,4,1,0,n,kpietrzak
2012,barr,2025-06-12,177,08:25:00,12:25:00,4,exact,glgu,3,1,0,n,mmcconell
2012,barr,2025-06-12,177,08:25:00,12:25:00,4,exact,paja,1,1,0,n,mmcconell
2012,barr,2025-06-12,177,08:25:00,12:25:00,4,exact,poja,2,1,0,n,mmcconell
2012,barr,2025-06-12,177,08:25:00,12:25:00,4,exact,snow,2,1,0,n,mmcconell
2014,nome,2026-06-14,177,09:00:00,13:00:00,4,exact,cora,1,1,0,y,NA
2012,barr,2025-06-12,177,12:30:00,16:30:00,4,exact,cora,1,1,0,n,mmcconell
2012,barr,2025-06-12,177,12:30:00,16:30:00,4,exact,glgu,2,1,0,n,mmcconell
2012,barr,2025-06-12,177,12:30:00,16:30:00,4,exact,paja,2,1,0,n,mmcconell
2012,barr,2025-06-12,177,12:30:00,16:30:00,4,exact,poja,2,1,0,n,mmcconell
2012,barr,2025-06-12,177,12:50:00,16:50:00,4,exact,glgu,1,1,0,n,bverheijen
2012,barr,2025-06-12,177,12:50:00,16:50:00,4,exact,paja,2,1,0,n,bverheijen
2012,barr,2025-06-12,177,12:50:00,16:50:00,4,exact,poja,4,1,0,n,bverheijen
2012,barr,2025-06-12,177,12:50:00,16:50:00,4,exact,poja,4,1,0,n,bverheijen
2014,ikpi,2026-06-14,177,08:00:00,12:00:00,4,exact,glgu,5,1,0,n,mdodds
2014,ikpi,2026-06-14,177,08:00:00,12:00:00,4,exact,paja,2,1,0,n,mdodds
2014,ikpi,2026-06-14,177,08:00:00,12:00:00,4,exact,ltja,1,1,0,n,mdodds
2014,ikpi,2026-06-14,177,08:00:00,12:00:00,4,exact,pefa,1,1,0,n,mdodds
2014,ikpi,2026-06-14,177,08:00:00,12:00:00,4,exact,arfo,1,1,0,n,mdodds
2012,barr,2025-06-12,177,08:45:00,12:45:00,4,exact,glgu,5,1,0,n,pherzog
2012,barr,2025-06-12,177,08:45:00,12:45:00,4,exact,paja,4,1,0,n,pherzog
2012,barr,2025-06-12,177,08:45:00,12:45:00,4,exact,poja,1,1,0,n,pherzog
2012,prba,2025-06-12,177,07:50:00,11:55:00,4.08,exact,agsq,1,1,0,n,jlautenbach
2012,prba,2025-06-12,177,07:50:00,11:55:00,4.08,exact,cora,3,1,0,n,jlautenbach
2012,prba,2025-06-12,177,07:50:00,11:55:00,4.08,exact,glgu,6,1,0,n,jlautenbach
2012,prba,2025-06-12,177,07:50:00,11:55:00,4.08,exact,ltja,4,1,0,n,jlautenbach
2012,prba,2025-06-12,177,07:50:00,11:55:00,4.08,exact,paja,4,1,0,n,jlautenbach
2012,prba,2025-06-12,177,07:50:00,11:55:00,4.08,exact,rutu,2,1,0,n,jlautenbach
2012,prba,2025-06-12,177,07:50:00,11:55:00,4.08,exact,sacr,1,1,0,n,jlautenbach
2012,prba,2025-06-12,177,07:50:00,11:55:00,4.08,exact,snow,1,1,0,n,jlautenbach
2012,barr,2025-06-12,177,13:05:00,17:10:00,4.08,est,glgu,50,1,0,n,pherzog
2012,barr,2025-06-12,177,13:05:00,17:10:00,4.08,exact,poja,3,1,0,n,pherzog
2013,colv,2026-06-13,177,10:37:00,15:40:00,5.05,exact,agsq,4,1,0,n,bwilkinson
2013,colv,2026-06-13,177,10:37:00,15:40:00,5.05,exact,glgu,4,1,0,n,bwilkinson
2013,colv,2026-06-13,177,10:37:00,15:40:00,5.05,exact,paja,5,1,0,n,bwilkinson
2013,colv,2026-06-13,177,10:37:00,15:40:00,5.05,exact,rutu,2,1,0,n,bwilkinson
2012,colv,2025-06-12,177,10:30:00,16:00:00,5.5,est,agsq,7,1,0,n,msmith
2012,colv,2025-06-12,177,10:30:00,16:00:00,5.5,exact,glgu,4,1,0,n,msmith
2012,colv,2025-06-12,177,10:30:00,16:00:00,5.5,exact,ltja,2,1,0,n,msmith
2012,colv,2025-06-12,177,10:30:00,16:00:00,5.5,exact,paja,1,1,0,n,msmith
2012,colv,2025-06-12,177,10:30:00,16:00:00,5.5,exact,refo,2,1,0,n,msmith
2012,colv,2025-06-12,177,10:30:00,16:00:00,5.5,exact,snow,3,1,0,n,msmith
2012,nome,2025-06-12,177,08:00:00,13:30:00,5.5,exact,sacr,1,1,0,y,NA
2013,prba,2026-06-13,177,09:30:00,15:00:00,5.5,exact,cora,8,1,0,n,brobinson
2013,prba,2026-06-13,177,09:30:00,15:00:00,5.5,est,glgu,10,1,0,n,brobinson
2013,prba,2026-06-13,177,09:30:00,15:00:00,5.5,exact,noha,1,1,0,n,brobinson
2013,prba,2026-06-13,177,09:30:00,15:00:00,5.5,exact,paja,2,1,0,n,brobinson
2011,cakr,2026-06-11,177,11:00:00,16:35:00,5.58,est,glgu,70,1,0,n,lpadegimas
2011,cakr,2026-06-11,177,11:00:00,16:35:00,5.58,exact,megu,12,1,0,n,lpadegimas
2011,cakr,2026-06-11,177,11:00:00,16:35:00,5.58,exact,paja,9,1,0,n,lpadegimas
2014,chau,2026-06-14,177,11:40:00,17:15:00,5.58,exact,paja,2,1,0,n,jdiener
2014,chau,2026-06-14,177,11:40:00,17:15:00,5.58,exact,vegu,2,1,0,n,jdiener
2013,chau,2026-06-13,177,11:45:00,17:30:00,5.75,est,glgu,4,1,0,n,kpietrzak
2013,chau,2026-06-13,177,11:45:00,17:30:00,5.75,est,goea,1,1,0,n,kpietrzak
2013,chau,2026-06-13,177,11:45:00,17:30:00,5.75,est,paja,3,1,0,n,kpietrzak
2013,chau,2026-06-13,177,11:45:00,17:30:00,5.75,est,pefa,1,1,0,n,kpietrzak
2013,chau,2026-06-13,177,11:45:00,17:30:00,5.75,est,sacr,7,1,0,n,kpietrzak
2013,chau,2026-06-13,177,11:45:00,17:30:00,5.75,est,vegu,5,1,0,n,kpietrzak
2012,cari,2025-06-12,177,13:00:00,19:00:00,6,exact,glgu,7,1,0,n,bwinn
2012,cari,2025-06-12,177,13:00:00,19:00:00,6,exact,ltja,1,1,0,n,bwinn
2012,cari,2025-06-12,177,13:00:00,19:00:00,6,exact,paja,5,1,0,n,bwinn
2012,cari,2025-06-12,177,13:00:00,19:00:00,6,exact,snow,1,1,0,n,bwinn
2012,colv,2025-06-12,177,10:26:00,17:10:00,6.73,exact,agsq,4,1,0,n,bwilkinson
2012,colv,2025-06-12,177,10:26:00,17:10:00,6.73,exact,cora,1,1,0,n,bwilkinson
2012,colv,2025-06-12,177,10:26:00,17:10:00,6.73,exact,glgu,9,1,0,n,bwilkinson
2012,colv,2025-06-12,177,10:26:00,17:10:00,6.73,exact,ltja,2,1,0,n,bwilkinson
2012,colv,2025-06-12,177,10:26:00,17:10:00,6.73,exact,paja,2,1,0,n,bwilkinson
2012,colv,2025-06-12,177,10:26:00,17:10:00,6.73,exact,rutu,3,1,0,n,bwilkinson
2012,colv,2025-06-12,177,10:26:00,17:10:00,6.73,exact,snow,1,1,0,n,bwilkinson
2013,cari,2026-06-13,177,09:20:00,17:05:00,7.75,exact,arfo,1,1,0,n,sfreeman
2013,cari,2026-06-13,177,09:20:00,17:05:00,7.75,exact,cora,1,1,0,n,sfreeman
2013,cari,2026-06-13,177,09:20:00,17:05:00,7.75,exact,glgu,6,1,0,n,sfreeman
2013,cari,2026-06-13,177,09:20:00,17:05:00,7.75,exact,ltja,1,1,0,n,sfreeman
2013,cari,2026-06-13,177,09:20:00,17:05:00,7.75,exact,noha,1,1,0,n,sfreeman
2013,cari,2026-06-13,177,09:20:00,17:05:00,7.75,exact,paja,6,1,0,n,sfreeman
2012,cari,2025-06-12,177,10:00:00,18:00:00,8,exact,cole,1,1,0,n,akneidel
2012,cari,2025-06-12,177,10:00:00,18:00:00,8,exact,glgu,10,1,0,n,akneidel
2012,cari,2025-06-12,177,10:00:00,18:00:00,8,exact,ltja,2,1,0,n,akneidel
2012,cari,2025-06-12,177,10:00:00,18:00:00,8,exact,paja,4,1,0,n,akneidel
2012,cari,2025-06-12,177,10:00:00,18:00:00,8,exact,poja,2,1,0,n,akneidel
2012,cari,2025-06-12,177,10:00:00,18:00:00,8,exact,snow,1,1,0,n,akneidel
2013,ikpi,2026-06-13,177,12:00:00,20:00:00,8,exact,agsq,3,1,0,n,ojames
2013,ikpi,2026-06-13,177,12:00:00,20:00:00,8,est,glgu,4,1,0,n,ojames
2013,ikpi,2026-06-13,177,12:00:00,20:00:00,8,est,ltja,4,1,0,n,ojames
2013,ikpi,2026-06-13,177,12:00:00,20:00:00,8,est,paja,3,1,0,n,ojames
2012,lkri,2025-06-12,177,13:50:00,22:10:00,8.33,exact,arfo,1,1,0,n,apopovkina
2012,lkri,2025-06-12,177,13:50:00,22:10:00,8.33,exact,paja,1,1,0,n,apopovkina
2013,bylo,2026-06-13,177,10:00:00,19:00:00,9,exact,glgu,10,1,0,n,fsenezgagnon
2013,bylo,2026-06-13,177,10:00:00,19:00:00,9,exact,sacr,2,1,0,n,fsenezgagnon
2013,cari,2026-06-13,177,09:30:00,19:00:00,9.5,exact,arfo,1,1,0,n,bhiggins
2013,cari,2026-06-13,177,09:30:00,19:00:00,9.5,exact,glgu,5,1,0,n,bhiggins
2013,cari,2026-06-13,177,09:30:00,19:00:00,9.5,exact,ltja,1,1,0,n,bhiggins
2013,cari,2026-06-13,177,09:30:00,19:00:00,9.5,exact,paja,5,1,0,n,bhiggins
2013,cari,2026-06-13,177,09:30:00,19:00:00,9.5,exact,sacr,2,1,0,n,bhiggins
2013,cari,2026-06-13,177,09:30:00,19:00:00,9.5,exact,snow,1,1,0,n,bhiggins
2014,chur,2026-06-14,177,11:00:00,11:30:00,0.5,exact,cora,1,2,0,y,jperz
2014,chur,2026-06-14,177,11:00:00,11:30:00,0.5,est,herg,30,2,0,y,jperz
2012,chur,2025-06-12,177,16:20:00,17:15:00,0.92,exact,cora,1,2,0,y,jperz
2012,chur,2025-06-12,177,16:20:00,17:15:00,0.92,exact,herg,19,2,0,y,jperz
2012,chur,2025-06-12,177,11:45:00,12:45:00,1,exact,cora,1,2,0,y,jperz
2014,chur,2026-06-14,177,09:20:00,10:50:00,1.5,exact,cora,1,2,0,y,jperz
2014,chur,2026-06-14,177,09:20:00,10:50:00,1.5,exact,paja,2,2,0,y,jperz
2012,chur,2025-06-12,177,12:45:00,15:30:00,2.75,exact,cora,2,2,0,y,jperz
2012,chur,2025-06-12,177,12:45:00,15:30:00,2.75,exact,noha,1,2,0,y,jperz
2012,chur,2025-06-12,177,08:40:00,11:40:00,3,exact,cora,3,2,0,y,jperz
2012,chur,2025-06-12,177,08:40:00,11:40:00,3,exact,herg,2,2,0,y,jperz
2012,chur,2025-06-12,177,08:40:00,11:40:00,3,exact,paja,2,2,0,y,jperz
2014,chur,2026-06-14,177,11:30:00,15:30:00,4,exact,cora,2,2,0,y,jperz
2014,chur,2026-06-14,177,11:30:00,15:30:00,4,est,herg,10,2,0,y,jperz
2014,chur,2026-06-14,177,11:30:00,15:30:00,4,exact,paja,2,2,0,y,jperz
2014,chur,2026-06-14,177,11:30:00,15:30:00,4,exact,sacr,2,2,0,y,jperz
2014,coat,2026-06-14,177,09:00:00,16:00:00,7,exact,paja,4,2,0,y,crew1
2014,coat,2026-06-14,177,08:00:00,14:00:00,6,exact,herg,6,3,0,y,crew1
2014,coat,2026-06-14,177,08:00:00,14:00:00,6,exact,arfo,1,3,0,y,crew2
2014,chur,2026-06-14,177,08:50:00,15:30:00,6.67,exact,cora,3,3,0,y,lkoloski
2014,chur,2026-06-14,177,08:50:00,15:30:00,6.67,exact,herg,1,3,0,y,lkoloski
2014,chur,2026-06-14,177,08:50:00,15:30:00,6.67,exact,noha,1,3,0,y,lkoloski
2014,chur,2026-06-14,177,08:50:00,15:30:00,6.67,exact,paja,4,3,0,y,lkoloski
2011,nome,2026-06-11,177,10:00:00,16:30:00,6.5,exact,agsq,3,5,0,y,wenglish
2011,nome,2026-06-11,177,10:00:00,16:30:00,6.5,exact,cora,11,5,0,y,wenglish
2011,nome,2026-06-11,177,10:00:00,16:30:00,6.5,exact,glgu,4,5,0,y,wenglish
2011,nome,2026-06-11,177,10:00:00,16:30:00,6.5,exact,paja,13,5,0,y,wenglish
2014,cari,2026-06-14,177,10:00:00,16:30:00,6.5,exact,glgu,15,1,0,n,idavies
2014,cari,2026-06-14,177,10:00:00,16:30:00,6.5,exact,poja,1,1,0,n,idavies
2014,cari,2026-06-14,177,10:00:00,16:30:00,6.5,exact,paja,7,1,0,n,idavies
2014,cari,2026-06-14,177,10:00:00,16:30:00,6.5,exact,ltja,3,1,0,n,idavies
2014,cari,2026-06-14,177,10:00:00,16:30:00,6.5,exact,sacr,1,1,0,n,idavies
2014,cari,2026-06-14,177,10:00:00,16:30:00,6.5,exact,seow,1,1,0,n,idavies
2012,ikpi,2025-06-12,177,11:00:00,19:00:00,8,est,glgu,11,1,0,y,mmudge
2012,ikpi,2025-06-12,177,11:00:00,19:00:00,8,est,poja,4,1,0,n,mmudge
2012,ikpi,2025-06-12,177,11:00:00,19:00:00,8,est,paja,9,1,0,y,mmudge
2012,ikpi,2025-06-12,177,11:00:00,19:00:00,8,est,ltja,5,1,0,n,mmudge
2012,ikpi,2025-06-12,177,11:00:00,19:00:00,8,est,seow,4,1,0,n,mmudge
2012,ikpi,2025-06-12,177,11:00:00,19:00:00,8,est,agsq,6,1,0,y,mmudge
2013,nome,2026-06-13,177,10:00:00,14:00:00,4,exact,agsq,1,4,0,y,NA
2013,nome,2026-06-13,177,10:00:00,14:00:00,4,exact,paja,1,4,0,y,NA
2013,nome,2026-06-13,177,10:00:00,14:00:00,4,exact,sacr,1,4,0,y,NA
2013,nome,2026-06-13,177,10:00:00,14:00:00,4,exact,tuvo,1,4,0,y,NA
2013,nome,2026-06-13,177,10:00:00,14:00:00,4,exact,cora,1,4,0,y,NA
2013,nome,2026-06-13,177,10:00:00,14:00:00,4,exact,glgu,1,4,0,y,NA
2013,nome,2026-06-13,177,10:00:00,14:00:00,4,exact,megu,2,4,0,y,NA
2014,cakr,2025-06-14,176,15:35:00,16:35:00,1,est,glgu,4,1,0,n,mboldenow
2014,cakr,2025-06-14,176,15:35:00,16:35:00,1,est,paja,15,1,0,n,mboldenow
2014,cakr,2025-06-14,176,15:35:00,16:35:00,1,est,ltja,35,1,0,n,mboldenow
2014,cakr,2025-06-14,176,15:35:00,16:35:00,1,est,megu,21,1,0,n,mboldenow
2014,cakr,2025-06-14,176,15:35:00,16:35:00,1,exact,brbe,1,1,0,n,mboldenow
2014,barr,2025-06-14,176,10:00:00,12:00:00,2,exact,glgu,4,1,0,n,jmarin
2014,barr,2025-06-14,176,10:00:00,12:00:00,2,exact,poja,9,1,0,n,jmarin
2014,barr,2025-06-14,176,10:00:00,12:00:00,2,exact,paja,3,1,0,n,jmarin
2011,prba,2025-06-11,176,09:00:00,11:15:00,2.25,exact,cora,1,1,0,n,skolbe
2011,prba,2025-06-11,176,09:00:00,11:15:00,2.25,exact,glgu,6,1,0,n,skolbe
2011,prba,2025-06-11,176,09:00:00,11:15:00,2.25,exact,ltja,4,1,0,n,skolbe
2011,prba,2025-06-11,176,09:00:00,11:15:00,2.25,exact,snow,2,1,0,n,skolbe
2011,prba,2025-06-11,176,12:00:00,14:20:00,2.33,exact,cora,1,1,0,n,eames
2011,prba,2025-06-11,176,12:00:00,14:20:00,2.33,exact,glgu,3,1,0,n,eames
2011,prba,2025-06-11,176,12:00:00,14:20:00,2.33,exact,ltja,1,1,0,n,eames
2011,prba,2025-06-11,176,12:00:00,14:20:00,2.33,exact,paja,2,1,0,n,eames
2013,colv,2025-06-13,176,12:05:00,14:40:00,2.58,exact,agsq,5,1,0,n,bwilkinson
2013,colv,2025-06-13,176,12:05:00,14:40:00,2.58,exact,glgu,4,1,0,n,bwilkinson
2013,colv,2025-06-13,176,12:05:00,14:40:00,2.58,exact,ltja,6,1,0,n,bwilkinson
2013,colv,2025-06-13,176,12:05:00,14:40:00,2.58,exact,paja,2,1,1,n,bwilkinson
2013,colv,2025-06-13,176,12:05:00,14:40:00,2.58,exact,rutu,2,1,0,n,bwilkinson
2014,barr,2025-06-14,176,13:05:00,15:50:00,2.75,exact,glgu,1,1,0,n,jmarin
2014,barr,2025-06-14,176,13:05:00,15:50:00,2.75,est,poja,3,1,0,n,jmarin
2014,barr,2025-06-14,176,13:05:00,15:50:00,2.75,exact,paja,3,1,0,n,jmarin
2014,barr,2025-06-14,176,13:05:00,15:50:00,2.75,exact,cora,4,1,0,n,jmarin
2014,barr,2025-06-14,176,13:05:00,15:50:00,2.75,exact,rutu,1,1,0,n,jmarin
2014,barr,2025-06-14,176,13:05:00,15:50:00,2.75,exact,snow,2,1,0,n,jmarin
2014,barr,2025-06-14,176,13:05:00,15:50:00,2.75,exact,brle,2,1,0,n,jmarin
2013,barr,2025-06-13,176,15:45:00,18:30:00,2.75,est,glgu,20,1,0,n,lrensel
2013,barr,2025-06-13,176,15:45:00,18:30:00,2.75,exact,poja,1,1,0,n,lrensel
2013,colv,2025-06-13,176,11:30:00,14:30:00,3,exact,glgu,8,1,0,n,scarvey
2013,colv,2025-06-13,176,11:30:00,14:30:00,3,exact,ltja,4,1,0,n,scarvey
2013,colv,2025-06-13,176,11:30:00,14:30:00,3,exact,paja,5,1,0,n,scarvey
2013,colv,2025-06-13,176,11:30:00,14:30:00,3,exact,rutu,3,1,1,n,scarvey
2011,colv,2025-06-11,176,10:27:00,13:43:00,3.27,exact,glgu,6,1,0,n,dpavlik
2011,colv,2025-06-11,176,10:27:00,13:43:00,3.27,exact,ltja,2,1,0,n,dpavlik
2011,colv,2025-06-11,176,10:27:00,13:43:00,3.27,exact,paja,4,1,0,n,dpavlik
2011,colv,2025-06-11,176,10:27:00,13:43:00,3.27,exact,rutu,2,1,0,n,dpavlik
2013,barr,2025-06-13,176,14:30:00,18:00:00,3.5,exact,glgu,4,1,0,n,amould
2012,prba,2024-06-12,176,08:20:00,12:05:00,3.75,exact,cora,1,1,0,n,apham
2012,prba,2024-06-12,176,08:20:00,12:05:00,3.75,est,glgu,12,1,0,n,apham
2012,prba,2024-06-12,176,08:20:00,12:05:00,3.75,exact,ltja,2,1,0,n,apham
2012,prba,2024-06-12,176,08:20:00,12:05:00,3.75,exact,paja,1,1,0,n,apham
2012,prba,2024-06-12,176,08:20:00,12:05:00,3.75,exact,poja,1,1,0,n,apham
2012,prba,2024-06-12,176,08:20:00,12:05:00,3.75,exact,sacr,3,1,0,n,apham
2014,barr,2025-06-14,176,09:01:00,13:00:00,3.98,exact,glgu,1,1,0,n,asterling
2014,barr,2025-06-14,176,09:01:00,13:00:00,3.98,NA,poja,9,1,0,n,asterling
2014,barr,2025-06-14,176,13:05:00,17:05:00,4,NA,glgu,2,1,0,n,asterling
2014,barr,2025-06-14,176,13:05:00,17:05:00,4,NA,poja,8,1,0,n,asterling
2014,barr,2025-06-14,176,13:05:00,17:05:00,4,NA,paja,4,1,0,n,asterling
2014,barr,2025-06-14,176,13:05:00,17:05:00,4,NA,snow,1,1,0,n,asterling
2014,barr,2025-06-14,176,08:50:00,12:50:00,4,exact,glgu,1,1,0,n,ssheedy
2014,barr,2025-06-14,176,08:50:00,12:50:00,4,exact,paja,1,1,0,n,ssheedy
2014,barr,2025-06-14,176,08:50:00,12:50:00,4,exact,poja,8,1,1,n,ssheedy
2013,barr,2025-06-13,176,10:00:00,14:00:00,4,exact,glgu,8,1,0,n,amould
2013,barr,2025-06-13,176,10:00:00,14:00:00,4,exact,paja,5,1,0,n,amould
2013,barr,2025-06-13,176,11:00:00,15:00:00,4,est,glgu,40,1,0,n,lrensel
2013,barr,2025-06-13,176,11:00:00,15:00:00,4,exact,paja,3,1,1,n,lrensel
2013,barr,2025-06-13,176,09:50:00,13:52:00,4.03,exact,glgu,6,1,0,n,pherzog
2013,barr,2025-06-13,176,09:50:00,13:52:00,4.03,exact,paja,1,1,0,n,pherzog
2014,barr,2025-06-14,176,13:50:00,17:58:00,4.13,exact,glgu,12,1,0,n,ssheedy
2014,barr,2025-06-14,176,13:50:00,17:58:00,4.13,exact,poja,3,1,0,n,ssheedy
2014,barr,2025-06-14,176,13:50:00,17:58:00,4.13,exact,paja,4,1,0,n,ssheedy
2013,barr,2025-06-13,176,14:10:00,18:22:00,4.2,exact,cora,1,1,0,n,pherzog
2013,barr,2025-06-13,176,14:10:00,18:22:00,4.2,exact,glgu,7,1,0,n,pherzog
2013,barr,2025-06-13,176,14:10:00,18:22:00,4.2,exact,ltja,1,1,0,n,pherzog
2013,barr,2025-06-13,176,14:10:00,18:22:00,4.2,exact,paja,3,1,1,n,pherzog
2011,colv,2025-06-11,176,10:58:00,15:27:00,4.48,exact,agsq,4,1,0,n,bwilkinson
2011,colv,2025-06-11,176,10:58:00,15:27:00,4.48,exact,glgu,4,1,0,n,bwilkinson
2011,colv,2025-06-11,176,10:58:00,15:27:00,4.48,exact,paja,3,1,0,n,bwilkinson
2011,colv,2025-06-11,176,10:58:00,15:27:00,4.48,exact,poja,1,1,0,n,bwilkinson
2011,colv,2025-06-11,176,10:58:00,15:27:00,4.48,exact,rutu,4,1,0,n,bwilkinson
2011,colv,2025-06-11,176,10:58:00,15:27:00,4.48,exact,snow,1,1,0,n,bwilkinson
2013,prba,2025-06-13,176,09:30:00,14:00:00,4.5,exact,arfo,1,1,0,n,brobinson
2013,prba,2025-06-13,176,09:30:00,14:00:00,4.5,exact,cora,5,1,0,n,brobinson
2013,prba,2025-06-13,176,09:30:00,14:00:00,4.5,exact,glgu,8,1,0,n,brobinson
2013,prba,2025-06-13,176,09:30:00,14:00:00,4.5,exact,ltja,1,1,0,n,brobinson
2013,prba,2025-06-13,176,09:30:00,14:00:00,4.5,exact,paja,2,1,0,n,brobinson
2012,colv,2024-06-12,176,10:33:00,15:12:00,4.65,exact,agsq,4,1,0,n,bwilkinson
2012,colv,2024-06-12,176,10:33:00,15:12:00,4.65,exact,glgu,5,1,0,n,bwilkinson
2012,colv,2024-06-12,176,10:33:00,15:12:00,4.65,exact,ltja,3,1,0,n,bwilkinson
2012,colv,2024-06-12,176,10:33:00,15:12:00,4.65,exact,paja,3,1,0,n,bwilkinson
2012,colv,2024-06-12,176,10:33:00,15:12:00,4.65,exact,refo,1,1,0,n,bwilkinson
2012,colv,2024-06-12,176,10:33:00,15:12:00,4.65,exact,rutu,2,1,0,n,bwilkinson
2012,colv,2024-06-12,176,10:33:00,15:12:00,4.65,exact,snow,1,1,0,n,bwilkinson
2011,cari,2025-06-11,176,12:42:00,18:10:00,5.47,exact,glgu,5,1,0,n,sfreeman
2011,cari,2025-06-11,176,12:42:00,18:10:00,5.47,exact,paja,2,1,0,n,sfreeman
2011,cari,2025-06-11,176,12:42:00,18:10:00,5.47,exact,snow,1,1,0,n,sfreeman
2012,chau,2024-06-12,176,11:30:00,17:00:00,5.5,est,ltja,130,1,0,n,mboldenow
2014,ikpi,2025-06-14,176,08:24:00,14:20:00,5.93,exact,glgu,4,1,0,n,rhammond
2014,ikpi,2025-06-14,176,08:24:00,14:20:00,5.93,exact,paja,5,1,0,n,rhammond
2014,ikpi,2025-06-14,176,08:24:00,14:20:00,5.93,exact,ltja,1,1,0,n,rhammond
2012,colv,2024-06-12,176,10:00:00,16:00:00,6,est,agsq,7,1,0,n,msmith
2012,colv,2024-06-12,176,10:00:00,16:00:00,6,exact,glgu,7,1,0,n,msmith
2012,colv,2024-06-12,176,10:00:00,16:00:00,6,est,ltja,3,1,0,n,msmith
2012,colv,2024-06-12,176,10:00:00,16:00:00,6,exact,refo,1,1,0,n,msmith
2012,colv,2024-06-12,176,10:00:00,16:00:00,6,est,rutu,3,1,0,n,msmith
2012,colv,2024-06-12,176,10:00:00,16:00:00,6,exact,snow,3,1,0,n,msmith
2013,chau,2025-06-13,176,12:00:00,18:00:00,6,est,glgu,4,1,0,n,mmudge
2013,chau,2025-06-13,176,12:00:00,18:00:00,6,est,ltja,1,1,0,n,mmudge
2013,chau,2025-06-13,176,12:00:00,18:00:00,6,est,paja,1,1,0,n,mmudge
2013,chau,2025-06-13,176,12:00:00,18:00:00,6,est,sacr,3,1,1,n,mmudge
2013,chau,2025-06-13,176,12:00:00,18:00:00,6,est,vegu,5,1,0,n,mmudge
2013,bylo,2025-06-13,176,13:00:00,19:00:00,6,exact,glgu,2,1,0,n,fsenezgagnon
2013,bylo,2025-06-13,176,13:00:00,19:00:00,6,exact,paja,1,1,0,n,fsenezgagnon
2013,bylo,2025-06-13,176,13:00:00,19:00:00,6,exact,sacr,2,1,0,n,fsenezgagnon
2014,chau,2025-06-14,176,11:00:00,17:30:00,6.5,exact,poja,1,1,0,n,lgoodrick
2014,chau,2025-06-14,176,11:00:00,17:30:00,6.5,exact,ltja,4,1,0,n,lgoodrick
2014,chau,2025-06-14,176,11:00:00,17:30:00,6.5,exact,rutu,2,1,0,n,lgoodrick
2014,chau,2025-06-14,176,11:00:00,17:30:00,6.5,est,sacr,4,1,0,n,lgoodrick
2014,iglo,2025-06-14,176,11:00:00,17:30:00,6.5,est,ungu,1,1,0,n,mtpaquet
2014,iglo,2025-06-14,176,11:00:00,17:30:00,6.5,est,ltja,3,1,0,n,mtpaquet
2014,iglo,2025-06-14,176,11:00:00,17:30:00,6.5,est,paja,1,1,0,n,mtpaquet
2014,chau,2025-06-14,176,11:00:00,17:30:00,6.5,est,glgu,5,1,1,n,lgoodrick
2014,chau,2025-06-14,176,11:00:00,17:30:00,6.5,est,vegu,65,1,1,n,lgoodrick
2014,chau,2025-06-14,176,11:00:00,17:30:00,6.5,exact,agsq,2,1,1,n,lgoodrick
2011,ikpi,2025-06-11,176,09:30:00,17:00:00,7.5,exact,brle,1,1,0,n,mmudge
2011,ikpi,2025-06-11,176,09:30:00,17:00:00,7.5,exact,cora,1,1,0,n,mmudge
2011,ikpi,2025-06-11,176,09:30:00,17:00:00,7.5,est,glgu,3,1,0,n,mmudge
2011,ikpi,2025-06-11,176,09:30:00,17:00:00,7.5,est,ltja,1,1,0,n,mmudge
2014,iglo,2025-06-14,176,11:00:00,18:30:00,7.5,est,glgu,2,1,0,n,mcfrenette
2014,iglo,2025-06-14,176,11:00:00,18:30:00,7.5,est,ungu,3,1,0,n,mcfrenette
2014,iglo,2025-06-14,176,11:00:00,18:30:00,7.5,est,ltja,1,1,0,n,mcfrenette
2014,iglo,2025-06-14,176,11:00:00,18:30:00,7.5,est,rutu,4,1,0,n,mcfrenette
2014,iglo,2025-06-14,176,11:00:00,18:30:00,7.5,est,snow,1,1,0,n,mcfrenette
2014,iglo,2025-06-14,176,11:00:00,19:00:00,8,est,cora,1,1,0,n,nlecomte
2014,iglo,2025-06-14,176,11:00:00,19:00:00,8,est,glgu,2,1,0,n,nlecomte
2014,iglo,2025-06-14,176,11:00:00,19:00:00,8,est,paja,1,1,0,n,nlecomte
2012,lkri,2024-06-12,176,13:46:00,22:00:00,8.23,exact,pefa,1,1,0,n,apopovkina
2014,chur,2025-06-14,176,15:30:00,17:00:00,1.5,exact,cora,1,2,0,y,jperz
2012,chur,2024-06-12,176,15:15:00,17:30:00,2.25,exact,cora,2,2,0,y,jperz
2012,chur,2024-06-12,176,15:15:00,17:30:00,2.25,exact,paja,6,2,0,y,jperz
2012,chur,2024-06-12,176,12:00:00,15:00:00,3,exact,unra,1,2,0,y,jperz
2014,chur,2025-06-14,176,08:45:00,14:30:00,5.75,exact,cora,4,2,0,y,jperz
2014,nome,2025-06-14,176,09:00:00,16:00:00,7,exact,glgu,6,2,0,y,NA
2014,nome,2025-06-14,176,09:00:00,16:00:00,7,exact,paja,5,2,0,y,NA
2014,nome,2025-06-14,176,09:00:00,16:00:00,7,exact,cora,2,2,0,y,NA
2014,colv,2025-06-14,176,11:37:00,19:15:00,7.63,exact,glgu,8,2,0,y,agottesman
2014,colv,2025-06-14,176,11:37:00,19:15:00,7.63,exact,paja,4,2,0,y,agottesman
2014,colv,2025-06-14,176,11:37:00,19:15:00,7.63,exact,ltja,3,2,0,y,agottesman
2014,colv,2025-06-14,176,11:37:00,19:15:00,7.63,exact,rutu,7,2,0,y,agottesman
2014,colv,2025-06-14,176,11:37:00,19:15:00,7.63,exact,pefa,1,2,0,y,agottesman
2014,colv,2025-06-14,176,11:37:00,19:15:00,7.63,exact,agsq,15,2,0,y,agottesman
2014,colv,2025-06-14,176,11:00:00,20:00:00,9,exact,glgu,3,2,0,y,tdonnelly
2014,colv,2025-06-14,176,11:00:00,20:00:00,9,exact,paja,3,2,0,y,tdonnelly
2014,colv,2025-06-14,176,11:00:00,20:00:00,9,exact,ltja,2,2,0,y,tdonnelly
2014,colv,2025-06-14,176,11:00:00,20:00:00,9,exact,rutu,2,2,0,y,tdonnelly
2014,colv,2025-06-14,176,11:00:00,20:00:00,9,exact,sacr,2,2,0,y,tdonnelly
2014,colv,2025-06-14,176,11:00:00,20:00:00,9,exact,agsq,4,2,0,y,tdonnelly
2014,coat,2025-06-14,176,08:30:00,19:30:00,11,exact,arfo,4,2,0,y,crew2
2014,chur,2025-06-14,176,11:00:00,12:00:00,1,exact,cora,1,3,0,y,lkoloski
2014,chur,2025-06-14,176,11:00:00,12:00:00,1,exact,herg,1,3,0,y,lkoloski
2014,chur,2025-06-14,176,12:15:00,14:00:00,1.75,exact,herg,2,3,0,y,lkoloski
2014,chur,2025-06-14,176,12:15:00,14:00:00,1.75,exact,paja,2,3,0,y,lkoloski
2014,chur,2025-06-14,176,12:15:00,14:00:00,1.75,exact,sacr,2,3,0,y,lkoloski
2013,ikpi,2025-06-13,176,09:00:00,20:00:00,11,est,agsq,5,3,0,y,acook
2013,ikpi,2025-06-13,176,09:00:00,20:00:00,11,est,glgu,6,3,0,y,acook
2013,ikpi,2025-06-13,176,09:00:00,20:00:00,11,est,ltja,3,3,0,y,acook
2013,ikpi,2025-06-13,176,09:00:00,20:00:00,11,est,paja,4,3,0,y,acook
2014,coat,2025-06-14,176,08:30:00,19:30:00,11,exact,paja,2,3,0,y,crew1
2014,coat,2025-06-14,176,08:30:00,19:30:00,11,exact,herg,2,3,0,y,crew1
2012,nome,2024-06-12,176,10:00:00,17:00:00,7,exact,agsq,2,5,0,y,NA
2012,nome,2024-06-12,176,10:00:00,17:00:00,7,exact,cora,2,5,0,y,NA
2012,nome,2024-06-12,176,10:00:00,17:00:00,7,exact,glgu,12,5,0,y,NA
2012,nome,2024-06-12,176,10:00:00,17:00:00,7,exact,megu,4,5,0,y,NA
2012,nome,2024-06-12,176,10:00:00,17:00:00,7,exact,paja,5,5,0,y,NA
2012,nome,2024-06-12,176,10:00:00,17:00:00,7,exact,sacr,2,5,0,y,NA
2014,cari,2025-06-14,176,09:00:00,17:30:00,8.5,exact,glgu,25,1,0,n,idavies
2014,cari,2025-06-14,176,09:00:00,17:30:00,8.5,exact,poja,8,1,0,n,idavies
2014,cari,2025-06-14,176,09:00:00,17:30:00,8.5,exact,paja,4,1,0,n,idavies
2014,cari,2025-06-14,176,09:00:00,17:30:00,8.5,exact,ltja,3,1,0,n,idavies
2014,cari,2025-06-14,176,09:00:00,17:30:00,8.5,exact,sacr,1,1,0,n,idavies
2014,cari,2025-06-14,176,09:00:00,17:30:00,8.5,exact,snow,3,1,0,n,idavies
2014,cari,2025-06-14,176,09:00:00,17:30:00,8.5,exact,rlha,1,1,0,n,idavies
2014,cari,2025-06-14,176,09:00:00,17:30:00,8.5,exact,seow,2,1,0,n,idavies
2012,ikpi,2024-06-12,176,10:00:00,18:30:00,8.5,est,glgu,7,1,0,n,kpietrzak
2012,ikpi,2024-06-12,176,10:00:00,18:30:00,8.5,est,paja,8,1,0,n,kpietrzak
2012,ikpi,2024-06-12,176,10:00:00,18:30:00,8.5,est,ltja,3,1,0,n,kpietrzak
2012,ikpi,2024-06-12,176,10:00:00,18:30:00,8.5,exact,rutu,1,1,0,n,kpietrzak
2012,ikpi,2024-06-12,176,10:00:00,18:30:00,8.5,exact,pefa,1,1,0,n,kpietrzak
2012,ikpi,2024-06-12,176,10:00:00,18:30:00,8.5,exact,brle,2,1,0,n,kpietrzak
2012,ikpi,2024-06-12,176,10:00:00,18:30:00,8.5,exact,cole,1,1,0,n,kpietrzak
2013,nome,2025-06-13,176,10:00:00,12:00:00,2,exact,megu,1,4,0,y,NA
2011,chur,2025-06-11,176,11:20:00,13:20:00,2,NA,paja,2,3,0,y,edastous
2011,chur,2025-06-11,176,15:20:00,17:00:00,1.67,est,refo,4,3,0,y,edastous
2014,cakr,2024-06-14,175,15:04:00,15:30:00,0.43,est,glgu,30,1,0,n,mmcconnell
2014,cakr,2024-06-14,175,15:04:00,15:30:00,0.43,exact,paja,3,1,0,n,mmcconnell
2014,cakr,2024-06-14,175,15:04:00,15:30:00,0.43,exact,ltja,24,1,0,n,mmcconnell
2014,cakr,2024-06-14,175,15:04:00,15:30:00,0.43,exact,sacr,2,1,0,n,mmcconnell
2014,cakr,2024-06-14,175,15:04:00,15:30:00,0.43,exact,brbe,1,1,0,n,mmcconnell
2014,cakr,2024-06-14,175,15:04:00,15:30:00,0.43,exact,sagu,2,1,0,n,mmcconnell
2014,cakr,2024-06-14,175,15:04:00,15:30:00,0.43,est,megu,10,1,0,n,mmcconnell
2014,cakr,2024-06-14,175,17:00:00,18:00:00,1,exact,glgu,17,1,0,n,jeschenroeder
2014,cakr,2024-06-14,175,17:00:00,18:00:00,1,exact,sacr,3,1,0,n,jeschenroeder
2014,cakr,2024-06-14,175,17:00:00,18:00:00,1,exact,megu,1,1,0,n,jeschenroeder
2013,colv,2024-06-13,175,11:24:00,13:00:00,1.6,exact,agsq,4,1,0,n,bwilkinson
2013,colv,2024-06-13,175,11:24:00,13:00:00,1.6,exact,glgu,4,1,0,n,bwilkinson
2013,colv,2024-06-13,175,11:24:00,13:00:00,1.6,exact,paja,2,1,0,n,bwilkinson
2013,colv,2024-06-13,175,11:24:00,13:00:00,1.6,exact,rutu,4,1,0,n,bwilkinson
2012,prba,2023-06-12,175,10:30:00,12:15:00,1.75,exact,cora,1,1,0,n,jlautenbach
2012,prba,2023-06-12,175,10:30:00,12:15:00,1.75,exact,glgu,1,1,0,n,jlautenbach
2012,prba,2023-06-12,175,10:30:00,12:15:00,1.75,exact,ltja,2,1,0,n,jlautenbach
2012,prba,2023-06-12,175,10:30:00,12:15:00,1.75,exact,paja,2,1,0,n,jlautenbach
2012,prba,2023-06-12,175,08:15:00,10:10:00,1.92,exact,cora,1,1,0,n,jlautenbach
2012,prba,2023-06-12,175,08:15:00,10:10:00,1.92,exact,glgu,3,1,0,n,jlautenbach
2012,prba,2023-06-12,175,08:15:00,10:10:00,1.92,exact,ltja,2,1,0,n,jlautenbach
2012,prba,2023-06-12,175,08:15:00,10:10:00,1.92,exact,paja,1,1,0,n,jlautenbach
2014,iglo,2024-06-14,175,11:00:00,12:59:00,1.98,est,ltja,2,1,0,n,mgiroux
2012,chau,2023-06-12,175,09:50:00,11:50:00,2,exact,glgu,2,1,0,n,mboldenow
2012,chau,2023-06-12,175,09:50:00,11:50:00,2,est,ltja,120,1,0,n,mboldenow
2012,chau,2023-06-12,175,09:50:00,11:50:00,2,exact,vegu,12,1,0,n,mboldenow
2012,prba,2023-06-12,175,13:10:00,15:30:00,2.33,exact,cole,1,1,0,n,jlautenbach
2012,prba,2023-06-12,175,13:10:00,15:30:00,2.33,exact,cora,6,1,0,n,jlautenbach
2012,prba,2023-06-12,175,13:10:00,15:30:00,2.33,exact,glgu,4,1,0,n,jlautenbach
2012,prba,2023-06-12,175,13:10:00,15:30:00,2.33,exact,ltja,4,1,0,n,jlautenbach
2012,prba,2023-06-12,175,13:10:00,15:30:00,2.33,exact,paja,1,1,0,n,jlautenbach
2012,prba,2023-06-12,175,13:10:00,15:30:00,2.33,exact,sacr,1,1,0,n,jlautenbach
2013,iglo,2024-06-13,175,10:00:00,12:30:00,2.5,est,ltja,1,1,0,n,magiroux
2013,iglo,2024-06-13,175,10:00:00,12:30:00,2.5,exact,paja,1,1,0,n,magiroux
2013,iglo,2024-06-13,175,10:00:00,12:30:00,2.5,est,herg,1,1,0,n,magiroux
2011,colv,2024-06-11,175,10:43:00,13:31:00,2.8,exact,glgu,2,1,0,n,dpavlik
2011,colv,2024-06-11,175,10:43:00,13:31:00,2.8,exact,paja,4,1,0,n,dpavlik
2011,colv,2024-06-11,175,10:43:00,13:31:00,2.8,exact,sacr,2,1,0,n,dpavlik
2011,colv,2024-06-11,175,11:09:00,14:37:00,3.47,exact,agsq,2,1,0,n,bwilkinson
2011,colv,2024-06-11,175,11:09:00,14:37:00,3.47,exact,glgu,5,1,0,n,bwilkinson
2011,colv,2024-06-11,175,11:09:00,14:37:00,3.47,exact,ltja,2,1,0,n,bwilkinson
2011,colv,2024-06-11,175,11:09:00,14:37:00,3.47,exact,paja,2,1,0,n,bwilkinson
2011,colv,2024-06-11,175,11:09:00,14:37:00,3.47,exact,rutu,4,1,0,n,bwilkinson
2012,colv,2023-06-12,175,10:20:00,14:05:00,3.75,est,agsq,12,1,0,n,msmith
2012,colv,2023-06-12,175,10:20:00,14:05:00,3.75,exact,glgu,2,1,0,n,msmith
2012,colv,2023-06-12,175,10:20:00,14:05:00,3.75,exact,ltja,3,1,0,n,msmith
2012,colv,2023-06-12,175,10:20:00,14:05:00,3.75,exact,paja,1,1,0,n,msmith
2012,colv,2023-06-12,175,10:20:00,14:05:00,3.75,exact,refo,4,1,0,n,msmith
2012,colv,2023-06-12,175,10:20:00,14:05:00,3.75,est,rutu,4,1,0,n,msmith
2012,colv,2023-06-12,175,10:20:00,14:05:00,3.75,exact,sacr,1,1,0,n,msmith
2012,colv,2023-06-12,175,10:20:00,14:05:00,3.75,exact,snow,3,1,0,n,msmith
2013,cakr,2024-06-13,175,11:55:00,15:45:00,3.83,exact,glgu,5,1,0,n,mboldenow
2013,cakr,2024-06-13,175,11:55:00,15:45:00,3.83,exact,paja,2,1,0,n,mboldenow
2014,iglo,2024-06-14,175,11:00:00,15:00:00,4,est,glgu,2,1,0,n,mcfrenette
2014,iglo,2024-06-14,175,11:00:00,15:00:00,4,est,ungu,5,1,0,n,mcfrenette
2014,iglo,2024-06-14,175,11:00:00,15:00:00,4,est,rutu,2,1,1,n,mcfrenette
2013,colv,2024-06-13,175,10:45:00,15:10:00,4.42,exact,agsq,8,1,0,n,scarvey
2013,colv,2024-06-13,175,10:45:00,15:10:00,4.42,exact,glgu,5,1,0,n,scarvey
2013,colv,2024-06-13,175,10:45:00,15:10:00,4.42,exact,paja,6,1,0,n,scarvey
2013,colv,2024-06-13,175,10:45:00,15:10:00,4.42,exact,rutu,2,1,0,n,scarvey
2013,prba,2024-06-13,175,10:00:00,15:00:00,5,exact,glgu,1,1,0,n,brobinson
2013,prba,2024-06-13,175,10:00:00,15:00:00,5,exact,ltja,1,1,0,n,brobinson
2013,prba,2024-06-13,175,10:00:00,15:00:00,5,exact,paja,2,1,0,n,brobinson
2014,colv,2024-06-14,175,11:00:00,16:00:00,5,exact,glgu,4,1,0,n,lburlingame
2014,colv,2024-06-14,175,11:00:00,16:00:00,5,exact,paja,4,1,0,n,lburlingame
2014,colv,2024-06-14,175,11:00:00,16:00:00,5,exact,ltja,3,1,0,n,lburlingame
2014,colv,2024-06-14,175,11:00:00,16:00:00,5,exact,rutu,1,1,0,n,lburlingame
2014,colv,2024-06-14,175,11:00:00,16:00:00,5,exact,snow,1,1,0,n,lburlingame
2014,colv,2024-06-14,175,11:00:00,16:00:00,5,exact,agsq,5,1,0,n,lburlingame
2011,ikpi,2024-06-11,175,12:20:00,17:50:00,5.5,exact,agsq,2,1,0,n,jwright
2011,ikpi,2024-06-11,175,12:20:00,17:50:00,5.5,est,glgu,5,1,0,n,jwright
2011,ikpi,2024-06-11,175,12:20:00,17:50:00,5.5,est,ltja,2,1,0,n,jwright
2011,ikpi,2024-06-11,175,12:20:00,17:50:00,5.5,est,paja,5,1,0,n,jwright
2011,ikpi,2024-06-11,175,12:20:00,17:50:00,5.5,exact,seow,1,1,0,n,jwright
2013,bylo,2024-06-13,175,18:00:00,00:00:00,6,exact,arfo,1,1,0,n,fsenezgagnon
2013,bylo,2024-06-13,175,18:00:00,00:00:00,6,exact,glgu,5,1,0,n,fsenezgagnon
2014,iglo,2024-06-14,175,14:00:00,20:00:00,6,est,arfo,1,1,0,n,nlecomte
2014,iglo,2024-06-14,175,14:00:00,20:00:00,6,est,bltu,1,1,0,n,nlecomte
2014,iglo,2024-06-14,175,14:00:00,20:00:00,6,est,cora,4,1,0,n,nlecomte
2014,iglo,2024-06-14,175,14:00:00,20:00:00,6,est,glgu,2,1,0,n,nlecomte
2014,iglo,2024-06-14,175,14:00:00,20:00:00,6,est,paja,2,1,0,n,nlecomte
2014,iglo,2024-06-14,175,14:00:00,20:00:00,6,est,snow,1,1,0,n,nlecomte
2012,colv,2023-06-12,175,10:42:00,16:52:00,6.17,exact,agsq,3,1,0,n,bwilkinson
2012,colv,2023-06-12,175,10:42:00,16:52:00,6.17,exact,glgu,6,1,0,n,bwilkinson
2012,colv,2023-06-12,175,10:42:00,16:52:00,6.17,exact,ltja,2,1,0,n,bwilkinson
2012,colv,2023-06-12,175,10:42:00,16:52:00,6.17,exact,paja,2,1,0,n,bwilkinson
2012,colv,2023-06-12,175,10:42:00,16:52:00,6.17,exact,rutu,2,1,0,n,bwilkinson
2012,colv,2023-06-12,175,10:42:00,16:52:00,6.17,exact,sacr,2,1,0,n,bwilkinson
2012,colv,2023-06-12,175,10:42:00,16:52:00,6.17,exact,snow,2,1,0,n,bwilkinson
2012,lkri,2023-06-12,175,13:40:00,20:15:00,6.58,exact,arfo,2,1,0,n,apopovkina
2014,colv,2024-06-14,175,10:30:00,18:00:00,7.5,exact,glgu,2,1,0,n,dward
2014,colv,2024-06-14,175,10:30:00,18:00:00,7.5,exact,paja,6,1,0,n,dward
2014,colv,2024-06-14,175,10:30:00,18:00:00,7.5,exact,ltja,1,1,0,n,dward
2014,colv,2024-06-14,175,10:30:00,18:00:00,7.5,exact,cora,1,1,0,n,dward
2014,colv,2024-06-14,175,10:30:00,18:00:00,7.5,exact,rutu,2,1,0,n,dward
2014,colv,2024-06-14,175,10:30:00,18:00:00,7.5,exact,agsq,8,1,0,n,dward
2013,chau,2024-06-13,175,10:30:00,18:05:00,7.58,est,agsq,3,1,0,n,kpietrzak
2013,chau,2024-06-13,175,10:30:00,18:05:00,7.58,est,glgu,9,1,0,n,kpietrzak
2013,chau,2024-06-13,175,10:30:00,18:05:00,7.58,est,paja,4,1,0,n,kpietrzak
2013,chau,2024-06-13,175,10:30:00,18:05:00,7.58,est,pefa,1,1,0,n,kpietrzak
2013,chau,2024-06-13,175,10:30:00,18:05:00,7.58,est,sacr,8,1,0,n,kpietrzak
2013,chau,2024-06-13,175,10:30:00,18:05:00,7.58,est,vegu,5,1,0,n,kpietrzak
2014,ikpi,2024-06-14,175,09:06:00,17:26:00,8.33,exact,glgu,3,1,0,n,pchilton
2014,ikpi,2024-06-14,175,09:06:00,17:26:00,8.33,exact,paja,4,1,0,n,pchilton
2014,ikpi,2024-06-14,175,09:06:00,17:26:00,8.33,exact,ltja,1,1,0,n,pchilton
2014,ikpi,2024-06-14,175,09:06:00,17:26:00,8.33,exact,snow,1,1,0,n,pchilton
2013,ikpi,2024-06-13,175,10:15:00,21:00:00,10.75,exact,agsq,8,1,0,n,epayne
2013,ikpi,2024-06-13,175,10:15:00,21:00:00,10.75,est,glgu,6,1,1,n,epayne
2013,ikpi,2024-06-13,175,10:15:00,21:00:00,10.75,exact,ltja,3,1,0,n,epayne
2013,ikpi,2024-06-13,175,10:15:00,21:00:00,10.75,exact,paja,5,1,0,n,epayne
2014,chur,2024-06-14,175,08:45:00,10:00:00,1.25,exact,cora,1,2,0,y,jperz
2014,chur,2024-06-14,175,08:45:00,10:00:00,1.25,exact,paja,1,2,0,y,jperz
2014,chur,2024-06-14,175,10:00:00,12:00:00,2,exact,cora,1,2,0,y,jperz
2014,chur,2024-06-14,175,10:00:00,12:00:00,2,exact,noha,1,2,0,y,jperz
2014,chur,2024-06-14,175,10:00:00,12:00:00,2,exact,paja,2,2,0,y,jperz
2014,nome,2024-06-14,175,09:00:00,12:00:00,3,exact,glgu,10,2,0,y,NA
2014,nome,2024-06-14,175,09:00:00,12:00:00,3,exact,megu,2,2,0,y,NA
2014,nome,2024-06-14,175,09:00:00,12:00:00,3,exact,cora,2,2,0,y,NA
2014,nome,2024-06-14,175,09:00:00,12:00:00,3,exact,agsq,1,2,0,y,NA
2014,chur,2024-06-14,175,12:30:00,16:00:00,3.5,exact,amcr,1,2,0,y,jperz
2014,chur,2024-06-14,175,12:30:00,16:00:00,3.5,exact,cora,2,2,0,y,jperz
2014,chur,2024-06-14,175,12:30:00,16:00:00,3.5,est,herg,10,2,0,y,jperz
2012,cakr,2023-06-12,175,11:00:00,18:40:00,7.67,exact,bltu,1,2,0,y,edastous
2012,cakr,2023-06-12,175,11:00:00,18:40:00,7.67,est,glgu,18,2,0,y,edastous
2012,cakr,2023-06-12,175,11:00:00,18:40:00,7.67,exact,ltja,2,2,0,y,edastous
2012,cakr,2023-06-12,175,11:00:00,18:40:00,7.67,exact,megu,1,2,0,y,edastous
2012,cakr,2023-06-12,175,11:00:00,18:40:00,7.67,exact,paja,5,2,1,y,edastous
2012,cakr,2023-06-12,175,11:00:00,18:40:00,7.67,exact,sacr,7,2,1,y,edastous
2014,coat,2024-06-14,175,08:30:00,18:30:00,10,exact,arfo,2,2,0,y,crew2
2014,coat,2024-06-14,175,08:30:00,18:30:00,10,exact,paja,6,3,0,y,crew1
2014,coat,2024-06-14,175,08:30:00,18:30:00,10,exact,herg,8,3,0,y,crew1
2012,nome,2023-06-12,175,13:00:00,19:00:00,6,exact,agsq,2,5,0,y,NA
2012,nome,2023-06-12,175,13:00:00,19:00:00,6,exact,cora,1,5,0,y,NA
2012,nome,2023-06-12,175,13:00:00,19:00:00,6,exact,glgu,3,5,0,y,NA
2012,nome,2023-06-12,175,13:00:00,19:00:00,6,exact,megu,4,5,0,y,NA
2012,nome,2023-06-12,175,13:00:00,19:00:00,6,exact,paja,11,5,0,y,NA
2012,nome,2023-06-12,175,13:00:00,19:00:00,6,exact,sacr,18,5,0,y,NA
2014,cari,2024-06-14,175,09:00:00,17:00:00,8,exact,glgu,20,1,0,n,idavies
2014,cari,2024-06-14,175,09:00:00,17:00:00,8,exact,poja,4,1,0,n,idavies
2014,cari,2024-06-14,175,09:00:00,17:00:00,8,exact,paja,5,1,0,n,idavies
2014,cari,2024-06-14,175,09:00:00,17:00:00,8,exact,ltja,2,1,0,n,idavies
2014,cari,2024-06-14,175,09:00:00,17:00:00,8,exact,sacr,2,1,0,n,idavies
2014,cari,2024-06-14,175,09:00:00,17:00:00,8,exact,snow,1,1,0,n,idavies
2014,cari,2024-06-14,175,09:00:00,17:00:00,8,exact,rlha,1,1,0,n,idavies
2014,cari,2024-06-14,175,09:00:00,17:00:00,8,exact,seow,3,1,0,n,idavies
2014,cari,2024-06-14,175,09:00:00,17:00:00,8,exact,rutu,2,1,1,n,idavies
2012,ikpi,2023-06-12,175,10:00:00,17:50:00,7.83,est,glgu,5,1,0,y,mmudge
2012,ikpi,2023-06-12,175,10:00:00,17:50:00,7.83,exact,poja,3,1,0,n,mmudge
2012,ikpi,2023-06-12,175,10:00:00,17:50:00,7.83,est,paja,5,1,0,n,mmudge
2012,ikpi,2023-06-12,175,10:00:00,17:50:00,7.83,est,ltja,1,1,0,n,mmudge
2012,ikpi,2023-06-12,175,10:00:00,17:50:00,7.83,est,agsq,1,1,0,n,mmudge
2013,nome,2024-06-13,175,10:00:00,16:30:00,6.5,exact,rlha,1,4,0,y,NA
2013,nome,2024-06-13,175,10:00:00,16:30:00,6.5,exact,cora,1,4,0,y,NA
2013,nome,2024-06-13,175,10:00:00,16:30:00,6.5,exact,refo,1,4,0,y,NA
2013,nome,2024-06-13,175,10:00:00,16:30:00,6.5,exact,seow,1,4,0,y,NA
2013,nome,2024-06-13,175,10:00:00,16:30:00,6.5,exact,paja,1,4,0,y,NA
2013,nome,2024-06-13,175,10:00:00,16:30:00,6.5,exact,tuvo,1,4,0,y,NA
2013,nome,2024-06-13,175,10:00:00,16:30:00,6.5,exact,megu,1,4,0,y,NA
2013,nome,2024-06-13,175,10:00:00,16:30:00,6.5,exact,sacr,1,4,0,y,NA
2013,nome,2024-06-13,175,10:00:00,16:30:00,6.5,exact,glgu,2,4,0,y,NA
2011,chur,2024-06-11,175,09:35:00,17:00:00,7.42,NA,pobe,1,3,0,y,edastous
2014,cakr,2023-06-14,174,15:55:00,16:40:00,0.75,exact,glgu,37,1,0,n,jhughey
2014,cakr,2023-06-14,174,15:55:00,16:40:00,0.75,exact,paja,2,1,0,n,jhughey
2014,cakr,2023-06-14,174,15:55:00,16:40:00,0.75,exact,ltja,2,1,0,n,jhughey
2014,cakr,2023-06-14,174,15:55:00,16:40:00,0.75,exact,megu,5,1,0,n,jhughey
2013,cakr,2023-06-13,174,12:30:00,14:00:00,1.5,exact,cora,1,1,0,n,mboldenow
2013,cakr,2023-06-13,174,12:30:00,14:00:00,1.5,exact,glgu,1,1,0,n,mboldenow
2013,cakr,2023-06-13,174,12:30:00,14:00:00,1.5,exact,paja,2,1,0,n,mboldenow
2013,bylo,2023-06-13,174,10:00:00,12:00:00,2,exact,arfo,2,1,0,n,fsenezgagnon
2013,bylo,2023-06-13,174,10:00:00,12:00:00,2,exact,glgu,10,1,0,n,fsenezgagnon
2013,bylo,2023-06-13,174,10:00:00,12:00:00,2,exact,sacr,1,1,0,n,fsenezgagnon
2012,colv,2022-06-12,174,10:44:00,13:29:00,2.75,exact,agsq,4,1,0,n,bwilkinson
2012,colv,2022-06-12,174,10:44:00,13:29:00,2.75,exact,glgu,6,1,0,n,bwilkinson
2012,colv,2022-06-12,174,10:44:00,13:29:00,2.75,exact,paja,2,1,0,n,bwilkinson
2012,colv,2022-06-12,174,10:44:00,13:29:00,2.75,exact,poja,1,1,0,n,bwilkinson
2012,colv,2022-06-12,174,10:44:00,13:29:00,2.75,exact,rutu,1,1,0,n,bwilkinson
2012,colv,2022-06-12,174,10:44:00,13:29:00,2.75,exact,snow,1,1,0,n,bwilkinson
2013,made,2023-06-13,174,13:30:00,16:35:00,3.08,est,glgu,5,1,0,n,lbachellier
2013,made,2023-06-13,174,13:30:00,16:35:00,3.08,est,paja,3,1,0,n,lbachellier
2013,made,2023-06-13,174,13:30:00,16:35:00,3.08,est,sacr,6,1,0,n,lbachellier
2013,iglo,2023-06-13,174,09:30:00,12:45:00,3.25,est,ltja,7,1,0,n,magiroux
2013,iglo,2023-06-13,174,09:30:00,12:45:00,3.25,est,herg,3,1,0,n,magiroux
2013,prba,2023-06-13,174,09:30:00,13:00:00,3.5,exact,glgu,2,1,0,n,brobinson
2011,barr,2023-06-11,174,13:35:00,17:25:00,3.83,exact,glgu,12,1,0,n,jcunningham
2011,barr,2023-06-11,174,13:35:00,17:25:00,3.83,exact,poja,1,1,0,n,jcunningham
2011,barr,2023-06-11,174,14:00:00,18:00:00,4,exact,glgu,27,1,0,n,pherzog
2011,barr,2023-06-11,174,14:00:00,18:00:00,4,exact,paja,1,1,0,n,pherzog
2011,barr,2023-06-11,174,14:00:00,18:00:00,4,exact,poja,2,1,0,n,pherzog
2011,barr,2023-06-11,174,07:55:00,12:00:00,4.08,exact,brle,1,1,0,n,abankert
2011,barr,2023-06-11,174,07:55:00,12:00:00,4.08,exact,paja,5,1,0,n,abankert
2011,barr,2023-06-11,174,07:55:00,12:00:00,4.08,exact,poja,11,1,0,n,abankert
2011,colv,2023-06-11,174,11:24:00,15:32:00,4.13,exact,glgu,7,1,0,n,dpavlik
2011,colv,2023-06-11,174,11:24:00,15:32:00,4.13,exact,ltja,2,1,0,n,dpavlik
2011,colv,2023-06-11,174,11:24:00,15:32:00,4.13,exact,pefa,1,1,0,n,dpavlik
2011,colv,2023-06-11,174,11:24:00,15:32:00,4.13,exact,rutu,6,1,0,n,dpavlik
2011,barr,2023-06-11,174,09:05:00,13:15:00,4.17,exact,cora,1,1,0,n,jcunningham
2011,barr,2023-06-11,174,09:05:00,13:15:00,4.17,est,glgu,150,1,0,n,jcunningham
2011,barr,2023-06-11,174,12:25:00,16:35:00,4.17,exact,glgu,12,1,0,n,abankert
2011,barr,2023-06-11,174,12:25:00,16:35:00,4.17,exact,paja,1,1,0,n,abankert
2011,barr,2023-06-11,174,12:25:00,16:35:00,4.17,exact,poja,15,1,0,n,abankert
2011,barr,2023-06-11,174,09:30:00,13:45:00,4.25,exact,glgu,2,1,0,n,pherzog
2011,barr,2023-06-11,174,09:30:00,13:45:00,4.25,exact,paja,1,1,0,n,pherzog
2011,barr,2023-06-11,174,09:30:00,13:45:00,4.25,exact,poja,9,1,0,n,pherzog
2014,iglo,2023-06-14,174,10:00:00,15:00:00,5,est,cora,2,1,0,n,nlecomte
2014,iglo,2023-06-14,174,10:00:00,15:00:00,5,est,glgu,3,1,0,n,nlecomte
2014,iglo,2023-06-14,174,10:00:00,15:00:00,5,est,ungu,3,1,0,n,nlecomte
2014,iglo,2023-06-14,174,10:00:00,15:00:00,5,est,ltja,5,1,0,n,nlecomte
2014,iglo,2023-06-14,174,11:00:00,16:00:00,5,est,arfo,2,1,0,n,mtpaquet
2014,iglo,2023-06-14,174,11:00:00,16:00:00,5,est,cora,4,1,0,n,mtpaquet
2014,iglo,2023-06-14,174,11:00:00,16:00:00,5,est,ungu,2,1,0,n,mtpaquet
2014,iglo,2023-06-14,174,11:00:00,16:00:00,5,est,ltja,4,1,0,n,mtpaquet
2014,iglo,2023-06-14,174,11:00:00,16:00:00,5,est,snow,1,1,0,n,mtpaquet
2012,colv,2022-06-12,174,10:15:00,15:30:00,5.25,NA,agsq,5,1,0,n,msmith
2012,colv,2022-06-12,174,10:15:00,15:30:00,5.25,exact,glgu,2,1,0,n,msmith
2012,colv,2022-06-12,174,10:15:00,15:30:00,5.25,est,ltja,4,1,0,n,msmith
2012,colv,2022-06-12,174,10:15:00,15:30:00,5.25,exact,paja,1,1,0,n,msmith
2012,colv,2022-06-12,174,10:15:00,15:30:00,5.25,est,rutu,2,1,0,n,msmith
2012,colv,2022-06-12,174,10:15:00,15:30:00,5.25,exact,snow,4,1,0,n,msmith
2013,chau,2023-06-13,174,12:30:00,18:00:00,5.5,est,ltja,2,1,0,n,agleizer
2013,chau,2023-06-13,174,12:30:00,18:00:00,5.5,est,paja,4,1,0,n,agleizer
2013,chau,2023-06-13,174,12:30:00,18:00:00,5.5,est,sacr,1,1,0,n,agleizer
2013,chau,2023-06-13,174,12:30:00,18:00:00,5.5,est,vegu,8,1,0,n,agleizer
2012,prba,2022-06-12,174,09:10:00,14:50:00,5.67,exact,arfo,1,1,0,n,apham
2012,prba,2022-06-12,174,09:10:00,14:50:00,5.67,est,glgu,10,1,0,n,apham
2012,prba,2022-06-12,174,09:10:00,14:50:00,5.67,exact,ltja,1,1,0,n,apham
2012,prba,2022-06-12,174,09:10:00,14:50:00,5.67,exact,paja,2,1,1,n,apham
2012,prba,2022-06-12,174,09:10:00,14:50:00,5.67,exact,poja,2,1,0,n,apham
2013,prba,2023-06-13,174,12:00:00,18:00:00,6,exact,glgu,6,1,0,n,brobinson
2013,prba,2023-06-13,174,12:00:00,18:00:00,6,exact,noha,1,1,0,n,brobinson
2013,prba,2023-06-13,174,12:00:00,18:00:00,6,exact,paja,1,1,0,n,brobinson
2013,colv,2023-06-13,174,11:00:00,17:00:00,6,exact,agsq,2,1,0,n,scarvey
2013,colv,2023-06-13,174,11:00:00,17:00:00,6,exact,glgu,4,1,0,n,scarvey
2013,colv,2023-06-13,174,11:00:00,17:00:00,6,exact,ltja,9,1,0,n,scarvey
2013,colv,2023-06-13,174,11:00:00,17:00:00,6,exact,paja,5,1,0,n,scarvey
2013,colv,2023-06-13,174,11:00:00,17:00:00,6,exact,rutu,6,1,0,n,scarvey
2013,made,2023-06-13,174,09:30:00,16:30:00,7,exact,glgu,1,1,0,n,gmccune
2013,made,2023-06-13,174,09:30:00,16:30:00,7,exact,paja,2,1,0,n,gmccune
2014,iglo,2023-06-14,174,11:00:00,18:00:00,7,est,glgu,2,1,0,n,mcfrenette
2014,iglo,2023-06-14,174,11:00:00,18:00:00,7,est,ltja,3,1,0,n,mcfrenette
2014,iglo,2023-06-14,174,11:00:00,18:00:00,7,est,snow,1,1,0,n,mcfrenette
2014,chau,2023-06-14,174,11:45:00,19:30:00,7.75,exact,paja,8,1,0,n,jdiener
2014,chau,2023-06-14,174,11:45:00,19:30:00,7.75,est,ltja,81,1,0,n,jdiener
2014,chau,2023-06-14,174,11:45:00,19:30:00,7.75,exact,sacr,8,1,0,n,jdiener
2014,chau,2023-06-14,174,11:45:00,19:30:00,7.75,est,vegu,45,1,0,n,jdiener
2014,chau,2023-06-14,174,11:45:00,19:30:00,7.75,exact,glgu,5,1,1,n,jdiener
2011,colv,2023-06-11,174,12:01:00,19:58:00,7.95,exact,agsq,3,1,0,n,bwilkinson
2011,colv,2023-06-11,174,12:01:00,19:58:00,7.95,exact,glgu,5,1,0,n,bwilkinson
2011,colv,2023-06-11,174,12:01:00,19:58:00,7.95,exact,paja,3,1,0,n,bwilkinson
2011,colv,2023-06-11,174,12:01:00,19:58:00,7.95,exact,poja,1,1,0,n,bwilkinson
2011,colv,2023-06-11,174,12:01:00,19:58:00,7.95,exact,rutu,4,1,0,n,bwilkinson
2011,colv,2023-06-11,174,12:01:00,19:58:00,7.95,exact,snow,1,1,0,n,bwilkinson
2011,ikpi,2023-06-11,174,10:30:00,20:25:00,9.92,exact,agsq,1,1,0,n,acook
2011,ikpi,2023-06-11,174,10:30:00,20:25:00,9.92,exact,glgu,9,1,0,n,acook
2011,ikpi,2023-06-11,174,10:30:00,20:25:00,9.92,est,ltja,5,1,0,n,acook
2011,ikpi,2023-06-11,174,10:30:00,20:25:00,9.92,exact,paja,4,1,0,n,acook
2011,ikpi,2023-06-11,174,10:30:00,20:25:00,9.92,exact,snow,1,1,0,n,acook
2014,chur,2023-06-14,174,14:30:00,15:30:00,1,exact,herg,1,2,0,y,lkoloski
2014,chur,2023-06-14,174,14:30:00,15:30:00,1,exact,noha,1,2,0,y,lkoloski
2014,chur,2023-06-14,174,12:45:00,13:50:00,1.08,exact,cora,3,2,0,y,lkoloski
2014,chur,2023-06-14,174,12:45:00,13:50:00,1.08,exact,paja,1,2,0,y,lkoloski
2014,chur,2023-06-14,174,08:40:00,11:00:00,2.33,exact,amcr,1,2,0,y,jperz
2014,chur,2023-06-14,174,08:40:00,11:00:00,2.33,exact,cora,1,2,0,y,jperz
2014,chur,2023-06-14,174,08:40:00,11:00:00,2.33,exact,paja,2,2,0,y,jperz
2014,colv,2023-06-14,174,16:00:00,18:30:00,2.5,exact,glgu,5,2,0,y,agottesman
2014,colv,2023-06-14,174,16:00:00,18:30:00,2.5,exact,paja,7,2,0,y,agottesman
2014,colv,2023-06-14,174,16:00:00,18:30:00,2.5,exact,ltja,2,2,0,y,agottesman
2014,colv,2023-06-14,174,16:00:00,18:30:00,2.5,exact,rutu,5,2,0,y,agottesman
2014,colv,2023-06-14,174,16:00:00,18:30:00,2.5,exact,agsq,4,2,0,y,agottesman
2014,nome,2023-06-14,174,09:00:00,12:00:00,3,exact,paja,6,2,0,y,NA
2014,nome,2023-06-14,174,09:00:00,12:00:00,3,exact,megu,4,2,0,y,NA
2014,nome,2023-06-14,174,09:00:00,12:00:00,3,exact,glgu,2,2,0,y,NA
2014,nome,2023-06-14,174,09:00:00,12:00:00,3,exact,cora,2,2,0,y,NA
2014,nome,2023-06-14,174,09:00:00,12:00:00,3,exact,sacr,1,2,0,y,NA
2014,nome,2023-06-14,174,09:00:00,12:00:00,3,exact,agsq,1,2,0,y,NA
2014,chur,2023-06-14,174,09:00:00,12:30:00,3.5,exact,paja,3,2,0,y,lkoloski
2014,chur,2023-06-14,174,09:00:00,12:30:00,3.5,exact,sacr,1,2,0,y,lkoloski
2014,made,2023-06-14,174,11:00:00,15:30:00,4.5,exact,paja,3,2,0,y,fsmith
2014,made,2023-06-14,174,11:00:00,15:30:00,4.5,exact,cora,1,2,0,y,fsmith
2014,made,2023-06-14,174,11:00:00,15:30:00,4.5,exact,sacr,2,2,0,y,fsmith
2013,cari,2023-06-13,174,11:22:00,16:10:00,4.8,exact,snow,1,2,0,n,rchurchwell
2014,prba,2023-06-14,174,09:30:00,14:30:00,5,est,glgu,5,2,0,y,chelms
2014,prba,2023-06-14,174,09:30:00,14:30:00,5,est,paja,2,2,0,y,chelms
2014,prba,2023-06-14,174,09:30:00,14:30:00,5,exact,ltja,1,2,0,y,chelms
2014,prba,2023-06-14,174,09:30:00,14:30:00,5,exact,cora,1,2,0,y,chelms
2014,prba,2023-06-14,174,09:30:00,14:30:00,5,exact,sacr,1,2,0,y,chelms
2014,chur,2023-06-14,174,11:00:00,16:30:00,5.5,exact,amcr,1,2,0,y,jperz
2014,chur,2023-06-14,174,11:00:00,16:30:00,5.5,exact,cora,2,2,0,y,jperz
2014,chur,2023-06-14,174,11:00:00,16:30:00,5.5,exact,herg,3,2,0,y,jperz
2014,chur,2023-06-14,174,11:00:00,16:30:00,5.5,exact,noha,2,2,0,y,jperz
2014,chur,2023-06-14,174,11:00:00,16:30:00,5.5,exact,paja,1,2,0,y,jperz
2014,colv,2023-06-14,174,11:00:00,18:00:00,7,exact,glgu,5,2,0,y,dward
2014,colv,2023-06-14,174,11:00:00,18:00:00,7,exact,paja,7,2,0,y,dward
2014,colv,2023-06-14,174,11:00:00,18:00:00,7,exact,ltja,3,2,0,y,dward
2014,colv,2023-06-14,174,11:00:00,18:00:00,7,exact,snow,1,2,0,y,dward
2014,colv,2023-06-14,174,11:00:00,18:00:00,7,exact,refo,2,2,0,y,dward
2014,colv,2023-06-14,174,11:00:00,18:00:00,7,exact,agsq,14,2,0,y,dward
2014,coat,2023-06-14,174,08:00:00,16:00:00,8,exact,glgu,5,2,0,y,crew2
2014,coat,2023-06-14,174,08:00:00,16:00:00,8,exact,arfo,4,2,0,y,crew2
2012,cakr,2022-06-12,174,09:30:00,18:15:00,8.75,exact,cora,1,2,0,y,edastous
2012,cakr,2022-06-12,174,09:30:00,18:15:00,8.75,exact,glgu,3,2,0,y,edastous
2012,cakr,2022-06-12,174,09:30:00,18:15:00,8.75,exact,paja,3,2,1,y,edastous
2012,cakr,2022-06-12,174,09:30:00,18:15:00,8.75,est,sacr,7,2,0,y,edastous
2013,made,2023-06-13,174,15:00:00,19:00:00,4,est,cora,2,3,0,y,kbeckmann
2013,made,2023-06-13,174,15:00:00,19:00:00,4,est,glgu,3,3,0,y,kbeckmann
2013,made,2023-06-13,174,15:00:00,19:00:00,4,est,paja,2,3,1,y,kbeckmann
2013,made,2023-06-13,174,15:00:00,19:00:00,4,exact,pefa,1,3,0,y,kbeckmann
2013,made,2023-06-13,174,15:00:00,19:00:00,4,est,sacr,6,3,0,y,kbeckmann
2011,made,2023-06-11,174,10:15:00,15:30:00,5.25,est,glgu,2,3,0,y,knuyaviak
2011,made,2023-06-11,174,10:15:00,15:30:00,5.25,exact,paja,3,3,0,y,knuyaviak
2011,made,2023-06-11,174,10:15:00,15:30:00,5.25,est,sacr,4,3,0,y,knuyaviak
2014,coat,2023-06-14,174,08:00:00,16:00:00,8,exact,paja,7,3,0,y,crew1
2014,coat,2023-06-14,174,08:00:00,16:00:00,8,est,herg,63,3,0,y,crew1
2012,nome,2022-06-12,174,10:00:00,19:00:00,9,exact,cora,2,3,0,y,NA
2012,nome,2022-06-12,174,10:00:00,19:00:00,9,exact,glgu,12,3,0,y,NA
2012,nome,2022-06-12,174,10:00:00,19:00:00,9,exact,megu,3,3,0,y,NA
2012,nome,2022-06-12,174,10:00:00,19:00:00,9,exact,paja,1,3,0,y,NA
2012,nome,2022-06-12,174,10:00:00,19:00:00,9,exact,sacr,7,3,0,y,NA
2012,nome,2022-06-12,174,10:00:00,19:00:00,9,exact,seow,1,3,0,y,NA
2013,ikpi,2023-06-13,174,09:45:00,19:30:00,9.75,est,agsq,6,3,0,y,acook
2013,ikpi,2023-06-13,174,09:45:00,19:30:00,9.75,est,glgu,5,3,0,y,acook
2013,ikpi,2023-06-13,174,09:45:00,19:30:00,9.75,est,ltja,7,3,0,y,acook
2013,ikpi,2023-06-13,174,09:45:00,19:30:00,9.75,est,paja,5,3,0,y,acook
2011,nome,2023-06-11,174,11:00:00,14:00:00,3,exact,agsq,2,5,0,y,wenglish
2011,nome,2023-06-11,174,11:00:00,14:00:00,3,exact,cora,11,5,0,y,wenglish
2011,nome,2023-06-11,174,11:00:00,14:00:00,3,exact,glgu,2,5,0,y,wenglish
2011,nome,2023-06-11,174,11:00:00,14:00:00,3,exact,paja,6,5,0,y,wenglish
2014,cari,2023-06-14,174,11:00:00,16:00:00,5,exact,glgu,16,1,0,n,idavies
2014,cari,2023-06-14,174,11:00:00,16:00:00,5,exact,poja,4,1,0,n,idavies
2014,cari,2023-06-14,174,11:00:00,16:00:00,5,exact,paja,3,1,0,n,idavies
2014,cari,2023-06-14,174,11:00:00,16:00:00,5,exact,ltja,2,1,0,n,idavies
2014,cari,2023-06-14,174,11:00:00,16:00:00,5,exact,cora,2,1,0,n,idavies
2014,cari,2023-06-14,174,11:00:00,16:00:00,5,exact,rutu,1,1,0,n,idavies
2014,cari,2023-06-14,174,11:00:00,16:00:00,5,exact,pefa,1,1,0,n,idavies
2014,cari,2023-06-14,174,11:00:00,16:00:00,5,exact,seow,2,1,0,n,idavies
2012,ikpi,2022-06-12,174,10:50:00,19:15:00,8.42,est,glgu,6,1,0,y,kpietrzak
2012,ikpi,2022-06-12,174,10:50:00,19:15:00,8.42,est,paja,8,1,0,y,kpietrzak
2012,ikpi,2022-06-12,174,10:50:00,19:15:00,8.42,est,ltja,4,1,0,n,kpietrzak
2012,ikpi,2022-06-12,174,10:50:00,19:15:00,8.42,exact,snow,1,1,0,n,kpietrzak
2012,ikpi,2022-06-12,174,10:50:00,19:15:00,8.42,exact,seow,1,1,0,n,kpietrzak
2012,ikpi,2022-06-12,174,10:50:00,19:15:00,8.42,est,agsq,7,1,0,y,kpietrzak
2013,nome,2023-06-13,174,09:30:00,16:00:00,6.5,exact,cora,1,4,0,y,NA
2013,nome,2023-06-13,174,09:30:00,16:00:00,6.5,exact,paja,1,4,0,y,NA
2013,nome,2023-06-13,174,09:30:00,16:00:00,6.5,exact,glgu,1,4,0,y,NA
2013,nome,2023-06-13,174,09:30:00,16:00:00,6.5,exact,megu,1,4,0,y,NA
2013,nome,2023-06-13,174,09:30:00,16:00:00,6.5,exact,sacr,1,4,0,y,NA
2013,nome,2023-06-13,174,09:30:00,16:00:00,6.5,exact,tuvo,1,4,0,y,NA
2011,chur,2023-06-11,174,11:35:00,17:15:00,5.67,NA,cora,1,3,0,y,edastous
2014,cakr,2022-06-14,173,13:36:00,14:56:00,1.33,exact,glgu,15,1,0,n,mboldenow
2014,cakr,2022-06-14,173,13:36:00,14:56:00,1.33,est,ltja,2,1,0,n,mboldenow
2014,cakr,2022-06-14,173,13:36:00,14:56:00,1.33,est,sacr,4,1,0,n,mboldenow
2014,cakr,2022-06-14,173,13:36:00,14:56:00,1.33,est,megu,2,1,0,n,mboldenow
2013,iglo,2022-06-13,173,17:20:00,19:01:00,1.68,est,glgu,1,1,0,n,magiroux
2013,iglo,2022-06-13,173,17:20:00,19:01:00,1.68,exact,brle,1,1,0,n,magiroux
2014,cakr,2022-06-14,173,12:00:00,14:00:00,2,exact,glgu,19,1,0,n,jeschenroeder
2014,cakr,2022-06-14,173,12:00:00,14:00:00,2,exact,paja,2,1,0,n,jeschenroeder
2014,cakr,2022-06-14,173,12:00:00,14:00:00,2,exact,herg,1,1,0,n,jeschenroeder
2011,prba,2022-06-11,173,11:30:00,13:50:00,2.33,exact,cora,2,1,0,n,skolbe
2011,prba,2022-06-11,173,11:30:00,13:50:00,2.33,exact,glgu,3,1,0,n,skolbe
2011,prba,2022-06-11,173,11:30:00,13:50:00,2.33,exact,paja,1,1,0,n,skolbe
2011,prba,2022-06-11,173,11:30:00,13:50:00,2.33,exact,poja,2,1,0,n,skolbe
2011,prba,2022-06-11,173,11:30:00,13:50:00,2.33,exact,sacr,1,1,0,n,skolbe
2011,prba,2022-06-11,173,11:30:00,13:50:00,2.33,exact,snow,1,1,0,n,skolbe
2014,colv,2022-06-14,173,12:00:00,14:30:00,2.5,exact,glgu,5,1,0,n,tdonnelly
2014,colv,2022-06-14,173,12:00:00,14:30:00,2.5,exact,paja,3,1,0,n,tdonnelly
2014,colv,2022-06-14,173,12:00:00,14:30:00,2.5,exact,ltja,2,1,0,n,tdonnelly
2014,colv,2022-06-14,173,12:00:00,14:30:00,2.5,exact,rutu,1,1,0,n,tdonnelly
2014,colv,2022-06-14,173,12:00:00,14:30:00,2.5,exact,agsq,3,1,0,n,tdonnelly
2014,colv,2022-06-14,173,12:00:00,14:45:00,2.75,exact,glgu,1,1,0,n,agottesman
2014,colv,2022-06-14,173,12:00:00,14:45:00,2.75,exact,paja,4,1,0,n,agottesman
2014,colv,2022-06-14,173,12:00:00,14:45:00,2.75,exact,ltja,2,1,0,n,agottesman
2014,colv,2022-06-14,173,12:00:00,14:45:00,2.75,exact,rutu,3,1,0,n,agottesman
2014,colv,2022-06-14,173,12:00:00,14:45:00,2.75,exact,stwe,1,1,0,n,agottesman
2014,colv,2022-06-14,173,12:00:00,14:45:00,2.75,exact,agsq,5,1,0,n,agottesman
2011,prba,2022-06-11,173,08:00:00,11:00:00,3,exact,cora,1,1,0,n,skolbe
2011,prba,2022-06-11,173,08:00:00,11:00:00,3,exact,glgu,3,1,0,n,skolbe
2011,prba,2022-06-11,173,08:00:00,11:00:00,3,exact,ltja,3,1,0,n,skolbe
2011,prba,2022-06-11,173,08:00:00,11:00:00,3,exact,paja,2,1,0,n,skolbe
2011,prba,2022-06-11,173,08:00:00,11:00:00,3,exact,poja,4,1,0,n,skolbe
2011,prba,2022-06-11,173,08:00:00,11:00:00,3,exact,snow,1,1,0,n,skolbe
2011,colv,2022-06-11,173,09:50:00,12:56:00,3.1,exact,agsq,7,1,0,n,dpavlik
2011,colv,2022-06-11,173,09:50:00,12:56:00,3.1,exact,glgu,3,1,0,n,dpavlik
2011,colv,2022-06-11,173,09:50:00,12:56:00,3.1,exact,paja,4,1,0,n,dpavlik
2011,colv,2022-06-11,173,09:50:00,12:56:00,3.1,exact,rutu,6,1,0,n,dpavlik
2011,colv,2022-06-11,173,10:22:00,13:32:00,3.17,exact,agsq,2,1,0,n,bwilkinson
2011,colv,2022-06-11,173,10:22:00,13:32:00,3.17,exact,glgu,5,1,0,n,bwilkinson
2011,colv,2022-06-11,173,10:22:00,13:32:00,3.17,exact,ltja,2,1,0,n,bwilkinson
2011,colv,2022-06-11,173,10:22:00,13:32:00,3.17,exact,paja,2,1,0,n,bwilkinson
2011,colv,2022-06-11,173,10:22:00,13:32:00,3.17,exact,rutu,3,1,0,n,bwilkinson
2013,bylo,2022-06-13,173,18:00:00,22:00:00,4,exact,glgu,10,1,0,n,fsenezgagnon
2013,bylo,2022-06-13,173,18:00:00,22:00:00,4,exact,sacr,2,1,0,n,fsenezgagnon
2011,ikpi,2022-06-11,173,15:30:00,19:45:00,4.25,exact,agsq,2,1,0,n,kpietrzak
2011,ikpi,2022-06-11,173,15:30:00,19:45:00,4.25,exact,glgu,2,1,0,n,kpietrzak
2011,ikpi,2022-06-11,173,15:30:00,19:45:00,4.25,exact,paja,4,1,0,n,kpietrzak
2011,ikpi,2022-06-11,173,10:51:00,15:20:00,4.48,exact,agsq,1,1,0,n,kpietrzak
2011,ikpi,2022-06-11,173,10:51:00,15:20:00,4.48,exact,glgu,5,1,0,n,kpietrzak
2011,ikpi,2022-06-11,173,10:51:00,15:20:00,4.48,exact,paja,4,1,0,n,kpietrzak
2011,ikpi,2022-06-11,173,10:51:00,15:20:00,4.48,exact,poja,1,1,0,n,kpietrzak
2011,ikpi,2022-06-11,173,10:51:00,15:20:00,4.48,exact,snow,1,1,0,n,kpietrzak
2013,cari,2022-06-13,173,11:22:00,16:10:00,4.8,exact,glgu,14,1,0,n,rchurchwell
2013,cari,2022-06-13,173,11:22:00,16:10:00,4.8,exact,poja,4,1,0,n,rchurchwell
2013,ikpi,2022-06-13,173,13:00:00,18:00:00,5,exact,agsq,2,1,0,n,ojames
2013,ikpi,2022-06-13,173,13:00:00,18:00:00,5,est,glgu,4,1,0,n,ojames
2013,ikpi,2022-06-13,173,13:00:00,18:00:00,5,est,ltja,6,1,0,n,ojames
2013,ikpi,2022-06-13,173,13:00:00,18:00:00,5,est,paja,4,1,0,n,ojames
2014,prba,2022-06-14,173,09:30:00,14:30:00,5,est,glgu,3,1,0,n,chelms
2014,prba,2022-06-14,173,09:30:00,14:30:00,5,exact,cora,1,1,0,n,chelms
2014,prba,2022-06-14,173,09:30:00,14:30:00,5,exact,snow,1,1,0,n,chelms
2014,prba,2022-06-14,173,09:30:00,14:30:00,5,exact,seow,1,1,0,n,chelms
2013,prba,2022-06-13,173,10:00:00,15:00:00,5,exact,glgu,3,1,0,n,brobinson
2013,prba,2022-06-13,173,10:00:00,15:00:00,5,exact,paja,2,1,0,n,brobinson
2013,prba,2022-06-13,173,10:00:00,15:00:00,5,exact,pefa,1,1,0,n,brobinson
2013,prba,2022-06-13,173,10:00:00,15:00:00,5,exact,rutu,2,1,0,n,brobinson
2013,colv,2022-06-13,173,11:00:00,16:15:00,5.25,exact,agsq,7,1,0,n,scarvey
2013,colv,2022-06-13,173,11:00:00,16:15:00,5.25,exact,glgu,4,1,0,n,scarvey
2013,colv,2022-06-13,173,11:00:00,16:15:00,5.25,exact,paja,6,1,0,n,scarvey
2013,colv,2022-06-13,173,11:00:00,16:15:00,5.25,exact,rutu,3,1,0,n,scarvey
2012,colv,2021-06-12,173,10:08:00,15:40:00,5.53,exact,agsq,7,1,0,n,tdonnelly
2012,colv,2021-06-12,173,10:08:00,15:40:00,5.53,exact,cole,1,1,0,n,tdonnelly
2012,colv,2021-06-12,173,10:08:00,15:40:00,5.53,exact,glgu,5,1,0,n,tdonnelly
2012,colv,2021-06-12,173,10:08:00,15:40:00,5.53,exact,ltja,1,1,0,n,tdonnelly
2012,colv,2021-06-12,173,10:08:00,15:40:00,5.53,exact,paja,2,1,0,n,tdonnelly
2012,colv,2021-06-12,173,10:08:00,15:40:00,5.53,exact,rutu,2,1,0,n,tdonnelly
2013,chau,2022-06-13,173,12:20:00,18:00:00,5.67,exact,cora,1,1,0,n,kpietrzak
2013,chau,2022-06-13,173,12:20:00,18:00:00,5.67,est,glgu,6,1,0,n,kpietrzak
2013,chau,2022-06-13,173,12:20:00,18:00:00,5.67,est,ltja,100,1,0,n,kpietrzak
2013,chau,2022-06-13,173,12:20:00,18:00:00,5.67,exact,merl,1,1,0,n,kpietrzak
2013,chau,2022-06-13,173,12:20:00,18:00:00,5.67,est,paja,5,1,0,n,kpietrzak
2013,chau,2022-06-13,173,12:20:00,18:00:00,5.67,est,sacr,6,1,0,n,kpietrzak
2013,chau,2022-06-13,173,12:20:00,18:00:00,5.67,est,vegu,8,1,0,n,kpietrzak
2012,prba,2021-06-12,173,08:30:00,14:30:00,6,exact,arfo,1,1,0,n,jlautenbach
2012,prba,2021-06-12,173,08:30:00,14:30:00,6,exact,cora,3,1,0,n,jlautenbach
2012,prba,2021-06-12,173,08:30:00,14:30:00,6,exact,glgu,5,1,0,n,jlautenbach
2012,prba,2021-06-12,173,08:30:00,14:30:00,6,exact,ltja,4,1,0,n,jlautenbach
2012,prba,2021-06-12,173,08:30:00,14:30:00,6,exact,paja,3,1,0,n,jlautenbach
2012,prba,2021-06-12,173,08:30:00,14:30:00,6,exact,poja,1,1,0,n,jlautenbach
2012,prba,2021-06-12,173,08:30:00,14:30:00,6,exact,sacr,1,1,0,n,jlautenbach
2011,cakr,2022-06-11,173,11:30:00,18:30:00,7,est,glgu,60,1,0,n,lpadegimas
2011,cakr,2022-06-11,173,11:30:00,18:30:00,7,exact,ltja,1,1,0,n,lpadegimas
2011,cakr,2022-06-11,173,11:30:00,18:30:00,7,exact,megu,3,1,0,n,lpadegimas
2011,cakr,2022-06-11,173,11:30:00,18:30:00,7,exact,merl,1,1,0,n,lpadegimas
2011,cakr,2022-06-11,173,11:30:00,18:30:00,7,exact,paja,10,1,0,n,lpadegimas
2011,cakr,2022-06-11,173,11:30:00,18:30:00,7,exact,sacr,1,1,0,n,lpadegimas
2014,chau,2022-06-14,173,10:10:00,17:30:00,7.33,est,glgu,2,1,0,n,lgoodrick
2014,chau,2022-06-14,173,10:10:00,17:30:00,7.33,exact,paja,4,1,0,n,lgoodrick
2014,chau,2022-06-14,173,10:10:00,17:30:00,7.33,est,ltja,70,1,0,n,lgoodrick
2014,chau,2022-06-14,173,10:10:00,17:30:00,7.33,exact,sacr,2,1,0,n,lgoodrick
2014,chau,2022-06-14,173,10:10:00,17:30:00,7.33,est,vegu,10,1,0,n,lgoodrick
2014,chau,2022-06-14,173,10:10:00,17:30:00,7.33,est,unja,130,1,0,n,lgoodrick
2012,colv,2021-06-12,173,10:04:00,17:32:00,7.47,exact,agsq,3,1,0,n,bwilkinson
2012,colv,2021-06-12,173,10:04:00,17:32:00,7.47,exact,glgu,6,1,0,n,bwilkinson
2012,colv,2021-06-12,173,10:04:00,17:32:00,7.47,exact,ltja,2,1,0,n,bwilkinson
2012,colv,2021-06-12,173,10:04:00,17:32:00,7.47,exact,paja,2,1,0,n,bwilkinson
2012,colv,2021-06-12,173,10:04:00,17:32:00,7.47,exact,rutu,1,1,0,n,bwilkinson
2012,colv,2021-06-12,173,10:04:00,17:32:00,7.47,exact,snow,2,1,0,n,bwilkinson
2013,colv,2022-06-13,173,10:30:00,18:00:00,7.5,exact,agsq,4,1,0,n,rharned
2013,colv,2022-06-13,173,10:30:00,18:00:00,7.5,exact,glgu,5,1,0,n,rharned
2013,colv,2022-06-13,173,10:30:00,18:00:00,7.5,exact,ltja,11,1,0,n,rharned
2013,colv,2022-06-13,173,10:30:00,18:00:00,7.5,exact,paja,4,1,0,n,rharned
2013,colv,2022-06-13,173,10:30:00,18:00:00,7.5,exact,rutu,3,1,0,n,rharned
2014,ikpi,2022-06-14,173,08:05:00,15:50:00,7.75,exact,glgu,3,1,0,n,rhammond
2014,ikpi,2022-06-14,173,08:05:00,15:50:00,7.75,exact,paja,2,1,0,n,rhammond
2014,ikpi,2022-06-14,173,08:05:00,15:50:00,7.75,exact,ltja,3,1,0,n,rhammond
2014,ikpi,2022-06-14,173,08:05:00,15:50:00,7.75,exact,pefa,1,1,0,n,rhammond
2014,ikpi,2022-06-14,173,08:05:00,15:50:00,7.75,exact,agsq,1,1,0,n,rhammond
2014,ikpi,2022-06-14,173,08:05:00,15:50:00,7.75,exact,sagu,1,1,0,n,rhammond
2014,nome,2022-06-14,173,09:00:00,12:00:00,3,exact,glgu,5,2,0,y,NA
2014,nome,2022-06-14,173,09:00:00,12:00:00,3,exact,paja,4,2,0,y,NA
2014,chur,2022-06-14,173,11:15:00,16:30:00,5.25,exact,cora,2,2,0,y,lkoloski
2014,chur,2022-06-14,173,11:15:00,16:30:00,5.25,exact,herg,2,2,0,y,lkoloski
2014,chur,2022-06-14,173,11:15:00,16:30:00,5.25,exact,paja,2,2,0,y,lkoloski
2014,coat,2022-06-14,173,08:00:00,17:00:00,9,exact,herg,12,2,0,y,crew1
2014,coat,2022-06-14,173,08:00:00,17:00:00,9,exact,paja,3,2,1,y,crew1
2014,coat,2022-06-14,173,08:30:00,18:30:00,10,exact,arfo,3,3,0,y,crew2
2011,made,2022-06-11,173,11:15:00,17:15:00,6,exact,glgu,3,4,0,y,knuyaviak
2011,made,2022-06-11,173,11:15:00,17:15:00,6,est,paja,3,4,0,y,knuyaviak
2011,made,2022-06-11,173,11:15:00,17:15:00,6,est,sacr,7,4,0,y,knuyaviak
2012,nome,2021-06-12,173,10:00:00,19:30:00,9.5,exact,agsq,2,5,0,y,NA
2012,nome,2021-06-12,173,10:00:00,19:30:00,9.5,exact,cora,1,5,0,y,NA
2012,nome,2021-06-12,173,10:00:00,19:30:00,9.5,exact,glgu,5,5,0,y,NA
2012,nome,2021-06-12,173,10:00:00,19:30:00,9.5,exact,megu,2,5,0,y,NA
2012,nome,2021-06-12,173,10:00:00,19:30:00,9.5,exact,noha,1,5,0,y,NA
2012,nome,2021-06-12,173,10:00:00,19:30:00,9.5,exact,paja,7,5,0,y,NA
2012,nome,2021-06-12,173,10:00:00,19:30:00,9.5,exact,sacr,15,5,0,y,NA
2012,nome,2021-06-12,173,10:00:00,19:30:00,9.5,exact,seow,1,5,0,y,NA
2011,nome,2022-06-11,173,10:00:00,00:00:00,14,exact,agsq,2,5,0,y,wenglish
2011,nome,2022-06-11,173,10:00:00,00:00:00,14,exact,cora,12,5,0,y,wenglish
2011,nome,2022-06-11,173,10:00:00,00:00:00,14,exact,glgu,2,5,0,y,wenglish
2011,nome,2022-06-11,173,10:00:00,00:00:00,14,exact,ltja,2,5,0,y,wenglish
2011,nome,2022-06-11,173,10:00:00,00:00:00,14,exact,paja,3,5,0,y,wenglish
2014,cari,2022-06-14,173,10:00:00,17:00:00,7,exact,glgu,12,1,0,n,idavies
2014,cari,2022-06-14,173,10:00:00,17:00:00,7,exact,poja,2,1,0,n,idavies
2014,cari,2022-06-14,173,10:00:00,17:00:00,7,exact,paja,5,1,0,n,idavies
2014,cari,2022-06-14,173,10:00:00,17:00:00,7,exact,ltja,2,1,0,n,idavies
2014,cari,2022-06-14,173,10:00:00,17:00:00,7,exact,rutu,2,1,0,n,idavies
2014,cari,2022-06-14,173,10:00:00,17:00:00,7,exact,sacr,2,1,0,n,idavies
2014,cari,2022-06-14,173,10:00:00,17:00:00,7,exact,rlha,1,1,0,n,idavies
2014,cari,2022-06-14,173,10:00:00,17:00:00,7,exact,seow,2,1,0,n,idavies
2014,cari,2022-06-14,173,10:40:00,18:50:00,8.17,exact,glgu,5,1,0,n,bhiggins
2014,cari,2022-06-14,173,10:40:00,18:50:00,8.17,exact,poja,8,1,0,n,bhiggins
2014,cari,2022-06-14,173,10:40:00,18:50:00,8.17,exact,ltja,2,1,0,n,bhiggins
2012,ikpi,2021-06-12,173,10:25:00,19:30:00,9.08,est,glgu,6,1,0,n,mmudge
2012,ikpi,2021-06-12,173,10:25:00,19:30:00,9.08,est,paja,5,1,0,y,mmudge
2012,ikpi,2021-06-12,173,10:25:00,19:30:00,9.08,est,ltja,3,1,0,n,mmudge
2012,ikpi,2021-06-12,173,10:25:00,19:30:00,9.08,exact,cora,1,1,0,n,mmudge
2012,ikpi,2021-06-12,173,10:25:00,19:30:00,9.08,est,agsq,5,1,0,n,mmudge
2012,ikpi,2021-06-12,173,10:25:00,19:30:00,9.08,est,unle,2,1,0,n,mmudge
2013,nome,2022-06-13,173,10:00:00,16:00:00,6,exact,noha,1,4,0,y,NA
2013,nome,2022-06-13,173,10:00:00,16:00:00,6,exact,cora,1,4,0,y,NA
2013,nome,2022-06-13,173,10:00:00,16:00:00,6,exact,tuvo,1,4,0,y,NA
2013,nome,2022-06-13,173,10:00:00,16:00:00,6,exact,paja,2,4,0,y,NA
2013,nome,2022-06-13,173,10:00:00,16:00:00,6,exact,sacr,2,4,0,y,NA
2013,nome,2022-06-13,173,10:00:00,16:00:00,6,exact,glgu,3,4,0,y,NA
2013,nome,2022-06-13,173,10:00:00,16:00:00,6,exact,megu,3,4,0,y,NA
2011,chur,2022-06-11,173,08:30:00,12:00:00,3.5,NA,paja,2,3,0,y,edastous
2011,chur,2022-06-11,173,13:30:00,17:00:00,3.5,NA,cora,1,3,0,y,edastous
2011,chur,2022-06-11,173,08:30:00,12:00:00,3.5,NA,refo,1,3,0,y,edastous
2011,prba,2021-06-11,172,13:30:00,15:10:00,1.67,exact,arfo,1,1,0,n,eames
2011,prba,2021-06-11,172,13:30:00,15:10:00,1.67,exact,cora,1,1,0,n,eames
2011,prba,2021-06-11,172,13:30:00,15:10:00,1.67,exact,glgu,2,1,0,n,eames
2011,prba,2021-06-11,172,13:30:00,15:10:00,1.67,exact,snow,1,1,0,n,eames
2014,iglo,2021-06-14,172,12:00:00,15:00:00,3,est,glgu,6,1,0,n,mtpaquet
2014,iglo,2021-06-14,172,12:00:00,15:00:00,3,est,ungu,6,1,0,n,mtpaquet
2014,iglo,2021-06-14,172,12:00:00,15:00:00,3,est,paja,1,1,0,n,mtpaquet
2014,iglo,2021-06-14,172,12:00:00,15:00:00,3,est,rutu,3,1,0,n,mtpaquet
2011,ikpi,2021-06-11,172,16:30:00,19:30:00,3,exact,glgu,2,1,0,n,mmudge
2011,ikpi,2021-06-11,172,16:30:00,19:30:00,3,exact,ltja,2,1,0,n,mmudge
2011,prba,2021-06-11,172,09:50:00,13:10:00,3.33,exact,cora,1,1,0,n,eames
2011,prba,2021-06-11,172,09:50:00,13:10:00,3.33,exact,glgu,7,1,0,n,eames
2011,prba,2021-06-11,172,09:50:00,13:10:00,3.33,exact,ltja,1,1,0,n,eames
2011,prba,2021-06-11,172,09:50:00,13:10:00,3.33,exact,snow,1,1,0,n,eames
2013,bylo,2021-06-13,172,20:00:00,23:30:00,3.5,exact,glgu,2,1,0,n,fsenezgagnon
2013,bylo,2021-06-13,172,20:00:00,23:30:00,3.5,exact,sacr,2,1,0,n,fsenezgagnon
2014,colv,2021-06-14,172,17:10:00,21:00:00,3.83,exact,glgu,7,1,0,n,agottesman
2014,colv,2021-06-14,172,17:10:00,21:00:00,3.83,exact,poja,1,1,0,n,agottesman
2014,colv,2021-06-14,172,17:10:00,21:00:00,3.83,exact,paja,4,1,0,n,agottesman
2014,colv,2021-06-14,172,17:10:00,21:00:00,3.83,exact,ltja,2,1,0,n,agottesman
2014,colv,2021-06-14,172,17:10:00,21:00:00,3.83,exact,rutu,4,1,0,n,agottesman
2014,colv,2021-06-14,172,17:10:00,21:00:00,3.83,exact,pefa,1,1,0,n,agottesman
2014,colv,2021-06-14,172,17:10:00,21:00:00,3.83,exact,agsq,2,1,0,n,agottesman
2014,made,2021-06-14,172,15:00:00,19:00:00,4,est,cora,2,1,0,n,lbachellier
2014,colv,2021-06-14,172,17:00:00,21:00:00,4,exact,glgu,6,1,0,n,tdonnelly
2014,colv,2021-06-14,172,17:00:00,21:00:00,4,exact,paja,3,1,0,n,tdonnelly
2014,colv,2021-06-14,172,17:00:00,21:00:00,4,exact,ltja,2,1,0,n,tdonnelly
2014,colv,2021-06-14,172,17:00:00,21:00:00,4,exact,rutu,2,1,0,n,tdonnelly
2014,colv,2021-06-14,172,17:00:00,21:00:00,4,exact,agsq,4,1,0,n,tdonnelly
2014,colv,2021-06-14,172,17:00:00,21:00:00,4,exact,cole,1,1,0,n,tdonnelly
2011,colv,2021-06-11,172,10:59:00,15:30:00,4.52,exact,arfo,1,1,0,n,dpavlik
2011,colv,2021-06-11,172,10:59:00,15:30:00,4.52,exact,glgu,5,1,0,n,dpavlik
2011,colv,2021-06-11,172,10:59:00,15:30:00,4.52,exact,ltja,2,1,0,n,dpavlik
2011,colv,2021-06-11,172,10:59:00,15:30:00,4.52,exact,paja,2,1,0,n,dpavlik
2011,colv,2021-06-11,172,11:12:00,16:23:00,5.18,exact,agsq,2,1,0,n,bwilkinson
2011,colv,2021-06-11,172,11:12:00,16:23:00,5.18,exact,glgu,5,1,0,n,bwilkinson
2011,colv,2021-06-11,172,11:12:00,16:23:00,5.18,exact,paja,4,1,0,n,bwilkinson
2011,colv,2021-06-11,172,11:12:00,16:23:00,5.18,exact,rutu,3,1,0,n,bwilkinson
2013,cakr,2021-06-13,172,11:25:00,16:40:00,5.25,exact,herg,1,1,0,n,mboldenow
2013,cakr,2021-06-13,172,11:25:00,16:40:00,5.25,exact,paja,3,1,0,n,mboldenow
2013,cakr,2021-06-13,172,11:25:00,16:40:00,5.25,exact,glgu,5,1,0,n,mobldenow
2013,cakr,2021-06-13,172,11:25:00,16:40:00,5.25,exact,sacr,1,1,0,n,mobldenow
2011,ikpi,2021-06-11,172,10:00:00,15:20:00,5.33,exact,glgu,3,1,0,n,mmudge
2011,ikpi,2021-06-11,172,10:00:00,15:20:00,5.33,exact,ltja,1,1,0,n,mmudge
2011,ikpi,2021-06-11,172,10:00:00,15:20:00,5.33,exact,paja,3,1,0,n,mmudge
2011,ikpi,2021-06-11,172,10:00:00,15:20:00,5.33,exact,seow,2,1,1,n,mmudge
2014,iglo,2021-06-14,172,12:00:00,17:30:00,5.5,est,ungu,4,1,0,n,mgiroux
2014,iglo,2021-06-14,172,12:00:00,17:30:00,5.5,est,paja,2,1,0,n,mgiroux
2014,prba,2021-06-14,172,09:30:00,15:30:00,6,est,glgu,2,1,0,n,chelms
2014,prba,2021-06-14,172,09:30:00,15:30:00,6,est,poja,1,1,0,n,chelms
2014,prba,2021-06-14,172,09:30:00,15:30:00,6,est,paja,2,1,0,n,chelms
2014,iglo,2021-06-14,172,11:00:00,17:00:00,6,est,cora,3,1,0,n,mcfrenette
2014,iglo,2021-06-14,172,11:00:00,17:00:00,6,est,glgu,4,1,0,n,mcfrenette
2014,iglo,2021-06-14,172,11:00:00,17:00:00,6,est,ltja,1,1,0,n,mcfrenette
2014,iglo,2021-06-14,172,11:00:00,17:00:00,6,est,paja,1,1,0,n,mcfrenette
2012,prba,2020-06-12,172,08:30:00,14:50:00,6.33,exact,glgu,7,1,0,n,apham
2012,prba,2020-06-12,172,08:30:00,14:50:00,6.33,exact,ltja,2,1,1,n,apham
2012,prba,2020-06-12,172,08:30:00,14:50:00,6.33,exact,paja,3,1,0,n,apham
2012,lkri,2020-06-12,172,15:31:00,22:15:00,6.73,exact,arfo,5,1,0,n,apopovkina
2012,lkri,2020-06-12,172,15:31:00,22:15:00,6.73,exact,cora,1,1,0,n,apopovkina
2012,lkri,2020-06-12,172,15:31:00,22:15:00,6.73,exact,ltja,1,1,0,n,apopovkina
2012,cari,2020-06-12,172,10:12:00,17:00:00,6.8,exact,arfo,4,1,0,n,sfreeman
2012,cari,2020-06-12,172,10:12:00,17:00:00,6.8,exact,glgu,2,1,0,n,sfreeman
2012,cari,2020-06-12,172,10:12:00,17:00:00,6.8,exact,goea,1,1,0,n,sfreeman
2012,cari,2020-06-12,172,10:12:00,17:00:00,6.8,exact,ltja,7,1,0,n,sfreeman
2012,cari,2020-06-12,172,10:12:00,17:00:00,6.8,exact,paja,10,1,0,n,sfreeman
2012,cari,2020-06-12,172,10:12:00,17:00:00,6.8,exact,poja,1,1,0,n,sfreeman
2012,cari,2020-06-12,172,10:12:00,17:00:00,6.8,exact,snow,3,1,0,n,sfreeman
2014,ikpi,2021-06-14,172,09:00:00,16:00:00,7,exact,glgu,4,1,0,n,pchilton
2014,ikpi,2021-06-14,172,09:00:00,16:00:00,7,exact,paja,5,1,0,n,pchilton
2014,ikpi,2021-06-14,172,09:00:00,16:00:00,7,exact,ltja,2,1,0,n,pchilton
2014,ikpi,2021-06-14,172,09:00:00,16:00:00,7,exact,agsq,1,1,0,n,pchilton
2013,colv,2021-06-13,172,10:53:00,18:45:00,7.87,exact,agsq,14,1,0,n,rharned
2013,colv,2021-06-13,172,10:53:00,18:45:00,7.87,exact,arfo,2,1,0,n,rharned
2013,colv,2021-06-13,172,10:53:00,18:45:00,7.87,exact,glgu,9,1,0,n,rharned
2013,colv,2021-06-13,172,10:53:00,18:45:00,7.87,exact,ltja,4,1,0,n,rharned
2013,colv,2021-06-13,172,10:53:00,18:45:00,7.87,exact,paja,4,1,0,n,rharned
2012,colv,2020-06-12,172,10:09:00,18:03:00,7.9,exact,agsq,4,1,0,n,bwilkinson
2012,colv,2020-06-12,172,10:09:00,18:03:00,7.9,exact,glgu,6,1,0,n,bwilkinson
2012,colv,2020-06-12,172,10:09:00,18:03:00,7.9,exact,paja,2,1,0,n,bwilkinson
2012,colv,2020-06-12,172,10:09:00,18:03:00,7.9,exact,rutu,2,1,0,n,bwilkinson
2013,ikpi,2021-06-13,172,09:30:00,18:30:00,9,exact,agsq,1,1,0,n,epayne
2013,ikpi,2021-06-13,172,09:30:00,18:30:00,9,est,glgu,3,1,0,n,epayne
2013,ikpi,2021-06-13,172,09:30:00,18:30:00,9,est,ltja,3,1,0,n,epayne
2013,ikpi,2021-06-13,172,09:30:00,18:30:00,9,est,paja,4,1,0,n,epayne
2013,colv,2021-06-13,172,11:00:00,20:30:00,9.5,exact,agsq,3,1,0,n,scarvey
2013,colv,2021-06-13,172,11:00:00,20:30:00,9.5,exact,cora,1,1,0,n,scarvey
2013,colv,2021-06-13,172,11:00:00,20:30:00,9.5,exact,glgu,3,1,0,n,scarvey
2013,colv,2021-06-13,172,11:00:00,20:30:00,9.5,exact,ltja,6,1,0,n,scarvey
2013,colv,2021-06-13,172,11:00:00,20:30:00,9.5,exact,paja,6,1,0,n,scarvey
2013,colv,2021-06-13,172,11:00:00,20:30:00,9.5,exact,rutu,2,1,0,n,scarvey
2012,cari,2020-06-12,172,09:30:00,20:00:00,10.5,exact,cole,2,1,0,n,lkoloski
2012,cari,2020-06-12,172,09:30:00,20:00:00,10.5,exact,cora,3,1,0,n,lkoloski
2012,cari,2020-06-12,172,09:30:00,20:00:00,10.5,exact,glgu,9,1,0,n,lkoloski
2012,cari,2020-06-12,172,09:30:00,20:00:00,10.5,exact,goea,1,1,0,n,lkoloski
2012,cari,2020-06-12,172,09:30:00,20:00:00,10.5,exact,paja,3,1,0,n,lkoloski
2012,cari,2020-06-12,172,09:30:00,20:00:00,10.5,exact,pefa,1,1,0,n,lkoloski
2012,cari,2020-06-12,172,09:30:00,20:00:00,10.5,exact,poja,6,1,0,n,lkoloski
2012,cari,2020-06-12,172,09:30:00,20:00:00,10.5,exact,rlha,1,1,0,n,lkoloski
2012,cari,2020-06-12,172,09:30:00,20:00:00,10.5,exact,sacr,1,1,0,n,lkoloski
2012,cari,2020-06-12,172,09:30:00,20:00:00,10.5,exact,snow,1,1,0,n,lkoloski
2014,chur,2021-06-14,172,08:45:00,10:00:00,1.25,exact,paja,2,2,0,y,jperz
2014,chur,2021-06-14,172,15:45:00,17:20:00,1.58,exact,cora,2,2,0,y,jperz
2014,chur,2021-06-14,172,15:45:00,17:20:00,1.58,exact,herg,2,2,0,y,jperz
2014,chur,2021-06-14,172,15:45:00,17:20:00,1.58,exact,paja,2,2,0,y,jperz
2014,chur,2021-06-14,172,10:00:00,15:00:00,5,exact,cora,1,2,0,y,jperz
2014,chur,2021-06-14,172,10:00:00,15:00:00,5,exact,herg,1,2,0,y,jperz
2014,chur,2021-06-14,172,10:00:00,15:00:00,5,exact,paja,3,2,0,y,jperz
2011,made,2021-06-11,172,09:40:00,15:40:00,6,exact,glgu,5,2,0,y,knuyaviak
2011,made,2021-06-11,172,09:40:00,15:40:00,6,exact,paja,1,2,0,y,knuyaviak
2014,chur,2021-06-14,172,08:45:00,15:00:00,6.25,exact,cora,2,2,0,y,lkoloski
2014,chau,2021-06-14,172,11:00:00,18:45:00,7.75,exact,glgu,2,2,0,y,amatsyna
2014,chau,2021-06-14,172,11:00:00,18:45:00,7.75,exact,paja,9,2,0,y,amatsyna
2014,chau,2021-06-14,172,11:00:00,18:45:00,7.75,exact,sacr,8,2,0,y,amatsyna
2014,chau,2021-06-14,172,11:00:00,18:45:00,7.75,exact,vegu,12,2,0,y,amatsyna
2014,coat,2021-06-14,172,08:30:00,18:30:00,10,est,herg,30,2,0,y,crew2
2014,coat,2021-06-14,172,09:00:00,18:00:00,9,exact,paja,1,3,0,y,crew1
2011,nome,2021-06-11,172,12:00:00,16:00:00,4,exact,agsq,2,5,0,y,wenglish
2011,nome,2021-06-11,172,12:00:00,16:00:00,4,exact,cora,10,5,0,y,wenglish
2011,nome,2021-06-11,172,12:00:00,16:00:00,4,exact,glgu,3,5,0,y,wenglish
2011,nome,2021-06-11,172,12:00:00,16:00:00,4,exact,paja,3,5,0,y,wenglish
2014,cari,2021-06-14,172,09:00:00,17:00:00,8,exact,glgu,10,1,0,n,idavies
2014,cari,2021-06-14,172,09:00:00,17:00:00,8,exact,poja,3,1,0,n,idavies
2014,cari,2021-06-14,172,09:00:00,17:00:00,8,exact,paja,4,1,0,n,idavies
2014,cari,2021-06-14,172,09:00:00,17:00:00,8,exact,ltja,3,1,0,n,idavies
2014,cari,2021-06-14,172,09:00:00,17:00:00,8,exact,rutu,1,1,0,n,idavies
2014,cari,2021-06-14,172,09:00:00,17:00:00,8,exact,snow,1,1,0,n,idavies
2014,cari,2021-06-14,172,09:00:00,17:00:00,8,exact,pefa,1,1,0,n,idavies
2014,cari,2021-06-14,172,09:00:00,17:00:00,8,exact,seow,3,1,0,n,idavies
2012,ikpi,2020-06-12,172,10:20:00,19:00:00,8.67,est,glgu,8,1,0,n,kpietrzak
2012,ikpi,2020-06-12,172,10:20:00,19:00:00,8.67,est,paja,3,1,0,n,kpietrzak
2012,ikpi,2020-06-12,172,10:20:00,19:00:00,8.67,est,ltja,2,1,0,n,kpietrzak
2012,ikpi,2020-06-12,172,10:20:00,19:00:00,8.67,est,agsq,5,1,0,y,kpietrzak
2012,nome,2020-06-12,172,07:00:00,11:00:00,4,exact,cora,1,1,0,y,NA
2012,nome,2020-06-12,172,07:00:00,11:00:00,4,exact,glgu,5,1,0,y,NA
2012,nome,2020-06-12,172,07:00:00,11:00:00,4,exact,paja,1,1,0,y,NA
2013,nome,2021-06-13,172,11:00:00,18:30:00,7.5,exact,ltja,1,4,0,y,NA
2013,nome,2021-06-13,172,11:00:00,18:30:00,7.5,exact,refo,1,4,0,y,NA
2013,nome,2021-06-13,172,11:00:00,18:30:00,7.5,exact,cora,1,4,0,y,NA
2013,nome,2021-06-13,172,11:00:00,18:30:00,7.5,exact,glgu,1,4,0,y,NA
2013,nome,2021-06-13,172,11:00:00,18:30:00,7.5,exact,paja,1,4,0,y,NA
2013,nome,2021-06-13,172,11:00:00,18:30:00,7.5,exact,tuvo,1,4,0,y,NA
2013,nome,2021-06-13,172,11:00:00,18:30:00,7.5,exact,megu,2,4,0,y,NA
2013,nome,2021-06-13,172,11:00:00,18:30:00,7.5,exact,sacr,4,4,0,y,NA
2011,chur,2021-06-11,172,13:15:00,16:30:00,3.25,NA,unle,1,3,0,y,edastous
2014,cakr,2020-06-14,171,16:10:00,17:10:00,1,exact,glgu,29,1,0,n,jeschenroeder
2014,cakr,2020-06-14,171,16:10:00,17:10:00,1,exact,paja,1,1,0,n,jeschenroeder
2014,cakr,2020-06-14,171,16:10:00,17:10:00,1,exact,cora,1,1,0,n,jeschenroeder
2014,cakr,2020-06-14,171,16:10:00,17:10:00,1,exact,sacr,4,1,0,n,jeschenroeder
2014,cakr,2020-06-14,171,12:11:00,13:11:00,1,exact,glgu,2,1,0,n,mboldenow
2014,cakr,2020-06-14,171,12:11:00,13:11:00,1,exact,paja,3,1,0,n,mboldenow
2014,cakr,2020-06-14,171,12:11:00,13:11:00,1,exact,ltja,1,1,0,n,mboldenow
2014,cakr,2020-06-14,171,12:11:00,13:11:00,1,exact,sacr,2,1,0,n,mboldenow
2014,cakr,2020-06-14,171,12:11:00,13:11:00,1,exact,noha,1,1,0,n,mboldenow
2012,colv,2019-06-12,171,10:10:00,12:54:00,2.73,exact,agsq,5,1,0,n,dpavlik
2012,colv,2019-06-12,171,10:10:00,12:54:00,2.73,exact,glgu,5,1,0,n,dpavlik
2012,colv,2019-06-12,171,10:10:00,12:54:00,2.73,exact,ltja,2,1,0,n,dpavlik
2012,colv,2019-06-12,171,10:10:00,12:54:00,2.73,exact,paja,3,1,0,n,dpavlik
2012,colv,2019-06-12,171,10:10:00,12:54:00,2.73,exact,rutu,2,1,0,n,dpavlik
2012,colv,2019-06-12,171,10:10:00,12:54:00,2.73,exact,snow,2,1,0,n,dpavlik
2012,made,2019-06-12,171,09:45:00,12:35:00,2.83,exact,sacr,3,1,0,n,asmith
2013,cakr,2020-06-13,171,12:54:00,16:00:00,3.1,exact,glgu,6,1,0,n,mboldenow
2013,cakr,2020-06-13,171,12:54:00,16:00:00,3.1,exact,herg,1,1,0,n,mboldenow
2013,cakr,2020-06-13,171,12:54:00,16:00:00,3.1,exact,paja,2,1,0,n,mboldenow
2013,cakr,2020-06-13,171,12:54:00,16:00:00,3.1,exact,sacr,3,1,0,n,mboldenow
2011,prba,2020-06-11,171,08:45:00,12:20:00,3.58,exact,cora,1,1,0,n,eames
2011,prba,2020-06-11,171,08:45:00,12:20:00,3.58,exact,glgu,5,1,0,n,eames
2011,prba,2020-06-11,171,08:45:00,12:20:00,3.58,exact,ltja,2,1,0,n,eames
2013,prba,2020-06-13,171,12:00:00,15:45:00,3.75,exact,cora,3,1,0,n,brobinson
2013,prba,2020-06-13,171,12:00:00,15:45:00,3.75,exact,glgu,6,1,0,n,brobinson
2013,prba,2020-06-13,171,12:00:00,15:45:00,3.75,exact,ltja,3,1,0,n,brobinson
2013,prba,2020-06-13,171,12:00:00,15:45:00,3.75,exact,paja,1,1,0,n,brobinson
2014,ikpi,2020-06-14,171,13:00:00,16:45:00,3.75,exact,glgu,5,1,0,n,mdodds
2014,ikpi,2020-06-14,171,13:00:00,16:45:00,3.75,exact,paja,3,1,0,n,mdodds
2014,ikpi,2020-06-14,171,13:00:00,16:45:00,3.75,exact,ltja,3,1,0,n,mdodds
2011,colv,2020-06-11,171,10:50:00,15:45:00,4.92,exact,agsq,5,1,0,n,dpavlik
2011,colv,2020-06-11,171,10:50:00,15:45:00,4.92,exact,glgu,6,1,0,n,dpavlik
2011,colv,2020-06-11,171,10:50:00,15:45:00,4.92,exact,ltja,2,1,0,n,dpavlik
2011,colv,2020-06-11,171,10:50:00,15:45:00,4.92,exact,paja,6,1,0,n,dpavlik
2011,colv,2020-06-11,171,10:50:00,15:45:00,4.92,exact,rutu,4,1,0,n,dpavlik
2012,chau,2019-06-12,171,12:30:00,17:30:00,5,est,ltja,130,1,0,n,mboldenow
2014,prba,2020-06-14,171,09:30:00,14:30:00,5,exact,glgu,4,1,0,n,chelms
2014,prba,2020-06-14,171,09:30:00,14:30:00,5,exact,poja,1,1,0,n,chelms
2014,prba,2020-06-14,171,09:30:00,14:30:00,5,exact,ltja,2,1,0,n,chelms
2012,colv,2019-06-12,171,10:07:00,15:16:00,5.15,exact,agsq,3,1,0,n,bwilkinson
2012,colv,2019-06-12,171,10:07:00,15:16:00,5.15,exact,brle,1,1,0,n,bwilkinson
2012,colv,2019-06-12,171,10:07:00,15:16:00,5.15,exact,glgu,9,1,0,n,bwilkinson
2012,colv,2019-06-12,171,10:07:00,15:16:00,5.15,exact,ltja,2,1,0,n,bwilkinson
2012,colv,2019-06-12,171,10:07:00,15:16:00,5.15,exact,paja,2,1,0,n,bwilkinson
2012,colv,2019-06-12,171,10:07:00,15:16:00,5.15,exact,rutu,2,1,0,n,bwilkinson
2012,colv,2019-06-12,171,10:07:00,15:16:00,5.15,exact,snow,1,1,0,n,bwilkinson
2014,iglo,2020-06-14,171,11:20:00,17:00:00,5.67,est,ungu,2,1,0,n,mtpaquet
2014,iglo,2020-06-14,171,11:20:00,17:00:00,5.67,est,ltja,3,1,0,n,mtpaquet
2014,iglo,2020-06-14,171,11:20:00,17:00:00,5.67,est,paja,1,1,0,n,mtpaquet
2013,colv,2020-06-13,171,12:31:00,18:20:00,5.82,exact,agsq,4,1,0,n,bwilkinson
2013,colv,2020-06-13,171,12:31:00,18:20:00,5.82,exact,glgu,4,1,0,n,bwilkinson
2013,colv,2020-06-13,171,12:31:00,18:20:00,5.82,exact,ltja,2,1,0,n,bwilkinson
2013,colv,2020-06-13,171,12:31:00,18:20:00,5.82,exact,paja,4,1,0,n,bwilkinson
2013,colv,2020-06-13,171,12:31:00,18:20:00,5.82,exact,rutu,6,1,0,n,bwilkinson
2013,bylo,2020-06-13,171,10:00:00,16:00:00,6,exact,glgu,5,1,0,n,fsenezgagnon
2013,bylo,2020-06-13,171,10:00:00,16:00:00,6,exact,sacr,4,1,0,n,fsenezgagnon
2014,colv,2020-06-14,171,11:30:00,17:30:00,6,exact,glgu,4,1,0,n,tdonnelly
2014,colv,2020-06-14,171,11:30:00,17:30:00,6,exact,poja,1,1,0,n,tdonnelly
2014,colv,2020-06-14,171,11:30:00,17:30:00,6,exact,paja,4,1,0,n,tdonnelly
2014,colv,2020-06-14,171,11:30:00,17:30:00,6,exact,ltja,2,1,0,n,tdonnelly
2014,colv,2020-06-14,171,11:30:00,17:30:00,6,exact,rutu,2,1,0,n,tdonnelly
2014,colv,2020-06-14,171,11:30:00,17:30:00,6,exact,agsq,4,1,0,n,tdonnelly
2014,colv,2020-06-14,171,11:30:00,17:45:00,6.25,exact,glgu,13,1,0,n,agottesman
2014,colv,2020-06-14,171,11:30:00,17:45:00,6.25,exact,paja,7,1,0,n,agottesman
2014,colv,2020-06-14,171,11:30:00,17:45:00,6.25,exact,ltja,2,1,0,n,agottesman
2014,colv,2020-06-14,171,11:30:00,17:45:00,6.25,exact,pefa,1,1,0,n,agottesman
2014,colv,2020-06-14,171,11:30:00,17:45:00,6.25,exact,agsq,8,1,0,n,agottesman
2013,chau,2020-06-13,171,10:45:00,17:05:00,6.33,est,agsq,3,1,1,n,mmudge
2013,chau,2020-06-13,171,10:45:00,17:05:00,6.33,est,cora,4,1,0,n,mmudge
2013,chau,2020-06-13,171,10:45:00,17:05:00,6.33,est,glgu,6,1,1,n,mmudge
2013,chau,2020-06-13,171,10:45:00,17:05:00,6.33,est,paja,1,1,0,n,mmudge
2013,chau,2020-06-13,171,10:45:00,17:05:00,6.33,est,sacr,12,1,1,n,mmudge
2013,chau,2020-06-13,171,10:45:00,17:05:00,6.33,est,vegu,7,1,0,n,mmudge
2012,prba,2019-06-12,171,08:40:00,15:15:00,6.58,exact,brle,1,1,0,n,jlautenbach
2012,prba,2019-06-12,171,08:40:00,15:15:00,6.58,exact,cora,2,1,0,n,jlautenbach
2012,prba,2019-06-12,171,08:40:00,15:15:00,6.58,exact,glgu,4,1,0,n,jlautenbach
2012,prba,2019-06-12,171,08:40:00,15:15:00,6.58,exact,ltja,4,1,0,n,jlautenbach
2012,prba,2019-06-12,171,08:40:00,15:15:00,6.58,exact,paja,3,1,0,n,jlautenbach
2014,iglo,2020-06-14,171,11:00:00,18:00:00,7,est,ungu,1,1,0,n,mcfrenette
2014,iglo,2020-06-14,171,11:00:00,18:00:00,7,est,ltja,3,1,0,n,mcfrenette
2014,iglo,2020-06-14,171,11:00:00,18:00:00,7,est,snow,1,1,0,n,mcfrenette
2013,colv,2020-06-13,171,12:00:00,19:30:00,7.5,exact,agsq,18,1,0,n,scarvey
2013,colv,2020-06-13,171,12:00:00,19:30:00,7.5,exact,glgu,3,1,0,n,scarvey
2013,colv,2020-06-13,171,12:00:00,19:30:00,7.5,exact,paja,4,1,0,n,scarvey
2013,colv,2020-06-13,171,12:00:00,19:30:00,7.5,exact,rutu,4,1,1,n,scarvey
2011,colv,2020-06-11,171,10:57:00,18:34:00,7.62,exact,agsq,3,1,0,n,bwilkinson
2011,colv,2020-06-11,171,10:57:00,18:34:00,7.62,exact,glgu,6,1,0,n,bwilkinson
2011,colv,2020-06-11,171,10:57:00,18:34:00,7.62,exact,ltja,1,1,0,n,bwilkinson
2011,colv,2020-06-11,171,10:57:00,18:34:00,7.62,exact,paja,2,1,0,n,bwilkinson
2011,colv,2020-06-11,171,10:57:00,18:34:00,7.62,exact,rutu,4,1,0,n,bwilkinson
2013,cari,2020-06-13,171,10:30:00,18:53:00,8.38,exact,glgu,5,1,0,n,bhiggins
2013,cari,2020-06-13,171,10:30:00,18:53:00,8.38,exact,paja,6,1,0,n,bhiggins
2012,lkri,2019-06-12,171,13:30:00,22:00:00,8.5,exact,arfo,3,1,0,n,apopovkina
2011,ikpi,2020-06-11,171,10:00:00,18:50:00,8.83,exact,glgu,7,1,0,n,jwright
2011,ikpi,2020-06-11,171,10:00:00,18:50:00,8.83,exact,ltja,3,1,0,n,jwright
2011,ikpi,2020-06-11,171,10:00:00,18:50:00,8.83,exact,paja,1,1,0,n,jwright
2011,ikpi,2020-06-11,171,10:00:00,18:50:00,8.83,exact,poja,2,1,0,n,jwright
2013,cari,2020-06-13,171,10:33:00,20:03:00,9.5,exact,agsq,1,1,0,n,idavies
2013,cari,2020-06-13,171,10:33:00,20:03:00,9.5,exact,brle,1,1,0,n,idavies
2013,cari,2020-06-13,171,10:33:00,20:03:00,9.5,exact,cora,1,1,0,n,idavies
2013,cari,2020-06-13,171,10:33:00,20:03:00,9.5,exact,glgu,12,1,0,n,idavies
2013,cari,2020-06-13,171,10:33:00,20:03:00,9.5,exact,ltja,1,1,0,n,idavies
2013,cari,2020-06-13,171,10:33:00,20:03:00,9.5,exact,paja,2,1,0,n,idavies
2013,cari,2020-06-13,171,10:33:00,20:03:00,9.5,exact,pefa,1,1,0,n,idavies
2013,cari,2020-06-13,171,10:33:00,20:03:00,9.5,exact,rutu,2,1,0,n,idavies
2011,made,2020-06-11,171,14:00:00,23:58:00,9.97,exact,arte,6,1,0,n,lpirie
2011,made,2020-06-11,171,14:00:00,23:58:00,9.97,exact,glgu,3,1,0,n,lpirie
2011,made,2020-06-11,171,14:00:00,23:58:00,9.97,exact,ltja,1,1,0,n,lpirie
2011,made,2020-06-11,171,14:00:00,23:58:00,9.97,exact,refo,1,1,0,n,lpirie
2011,made,2020-06-11,171,14:00:00,23:58:00,9.97,exact,sacr,2,1,0,n,lpirie
2014,chur,2020-06-14,171,19:20:00,20:30:00,1.17,exact,cora,2,2,0,y,jperz
2014,chur,2020-06-14,171,19:20:00,20:30:00,1.17,est,herg,10,2,0,y,jperz
2014,chur,2020-06-14,171,19:20:00,20:30:00,1.17,exact,paja,2,2,0,y,jperz
2014,chur,2020-06-14,171,19:20:00,20:30:00,1.17,exact,sacr,2,2,0,y,jperz
2014,chur,2020-06-14,171,10:00:00,13:00:00,3,exact,cora,1,2,0,y,lkoloski
2014,chur,2020-06-14,171,10:00:00,13:00:00,3,exact,paja,2,2,0,y,lkoloski
2014,chur,2020-06-14,171,08:45:00,11:45:00,3,exact,amcr,1,2,0,y,jperz
2014,chur,2020-06-14,171,08:45:00,11:45:00,3,exact,cora,2,2,0,y,jperz
2014,chur,2020-06-14,171,08:45:00,11:45:00,3,exact,herg,1,2,0,y,jperz
2014,chur,2020-06-14,171,08:45:00,11:45:00,3,exact,merl,2,2,0,y,jperz
2014,chur,2020-06-14,171,08:45:00,11:45:00,3,exact,paja,1,2,0,y,jperz
2014,made,2020-06-14,171,12:00:00,16:00:00,4,exact,glgu,1,2,0,y,tkydd
2014,made,2020-06-14,171,12:00:00,16:00:00,4,exact,paja,3,2,0,y,tkydd
2014,made,2020-06-14,171,12:00:00,16:00:00,4,est,cora,5,2,0,y,tkydd
2014,made,2020-06-14,171,12:00:00,16:00:00,4,est,sacr,15,2,0,y,tkydd
2012,made,2019-06-12,171,10:53:00,16:00:00,5.12,exact,glgu,2,2,0,n,kbeckmann
2012,made,2019-06-12,171,10:53:00,16:00:00,5.12,exact,paja,6,2,0,n,kbeckmann
2012,made,2019-06-12,171,10:53:00,16:00:00,5.12,exact,sacr,10,2,0,n,kbeckmann
2011,made,2020-06-11,171,09:00:00,15:00:00,6,est,glgu,2,2,0,y,knuyaviak
2011,made,2020-06-11,171,09:00:00,15:00:00,6,est,paja,1,2,0,y,knuyaviak
2011,made,2020-06-11,171,09:00:00,15:00:00,6,est,sacr,2,2,0,y,knuyaviak
2014,nome,2020-06-14,171,09:00:00,15:30:00,6.5,exact,paja,7,2,0,y,NA
2014,nome,2020-06-14,171,09:00:00,15:30:00,6.5,exact,glgu,6,2,0,y,NA
2014,nome,2020-06-14,171,09:00:00,15:30:00,6.5,exact,megu,5,2,0,y,NA
2014,nome,2020-06-14,171,09:00:00,15:30:00,6.5,exact,sacr,2,2,0,y,NA
2014,nome,2020-06-14,171,09:00:00,15:30:00,6.5,exact,cora,2,2,0,y,NA
2012,made,2019-06-12,171,10:00:00,17:00:00,7,exact,cora,3,2,0,n,fsmith
2012,made,2019-06-12,171,10:00:00,17:00:00,7,exact,glgu,3,2,0,n,fsmith
2012,made,2019-06-12,171,10:00:00,17:00:00,7,exact,paja,3,2,0,n,fsmith
2012,made,2019-06-12,171,10:00:00,17:00:00,7,exact,sacr,7,2,0,n,fsmith
2013,cari,2020-06-13,171,10:30:00,18:53:00,8.38,exact,arfo,1,2,0,n,bhiggins
2014,coat,2020-06-14,171,08:30:00,17:30:00,9,est,herg,68,2,0,y,crew2
2014,coat,2020-06-14,171,08:30:00,17:30:00,9,exact,glgu,3,2,0,y,crew2
2014,coat,2020-06-14,171,08:30:00,17:30:00,9,exact,arfo,3,2,0,y,crew2
2014,coat,2020-06-14,171,08:00:00,16:00:00,8,exact,pefa,1,3,0,y,crew1
2014,coat,2020-06-14,171,08:00:00,16:00:00,8,exact,paja,8,3,0,y,crew1
2014,coat,2020-06-14,171,08:00:00,16:00:00,8,exact,ltja,1,3,0,y,crew1
2013,ikpi,2020-06-13,171,10:00:00,20:00:00,10,est,agsq,10,3,0,y,acook
2013,ikpi,2020-06-13,171,10:00:00,20:00:00,10,exact,glgu,5,3,0,y,acook
2013,ikpi,2020-06-13,171,10:00:00,20:00:00,10,exact,ltja,3,3,0,y,acook
2013,ikpi,2020-06-13,171,10:00:00,20:00:00,10,exact,paja,4,3,0,y,acook
2013,ikpi,2020-06-13,171,10:00:00,20:00:00,10,exact,sacr,1,3,0,y,acook
2012,nome,2019-06-12,171,10:00:00,17:30:00,7.5,exact,cora,2,5,0,y,NA
2012,nome,2019-06-12,171,10:00:00,17:30:00,7.5,exact,glgu,7,5,0,y,NA
2012,nome,2019-06-12,171,10:00:00,17:30:00,7.5,exact,megu,2,5,0,y,NA
2012,nome,2019-06-12,171,10:00:00,17:30:00,7.5,exact,sacr,8,5,0,y,NA
2011,nome,2020-06-11,171,07:30:00,15:30:00,8,exact,agsq,2,5,0,y,wenglish
2011,nome,2020-06-11,171,07:30:00,15:30:00,8,exact,cora,8,5,0,y,wenglish
2011,nome,2020-06-11,171,07:30:00,15:30:00,8,exact,glgu,4,5,0,y,wenglish
2014,cari,2020-06-14,171,10:00:00,16:00:00,6,exact,glgu,15,1,0,n,idavies
2014,cari,2020-06-14,171,10:00:00,16:00:00,6,exact,poja,4,1,0,n,idavies
2014,cari,2020-06-14,171,10:00:00,16:00:00,6,exact,paja,2,1,0,n,idavies
2014,cari,2020-06-14,171,10:00:00,16:00:00,6,exact,ltja,1,1,0,n,idavies
2014,cari,2020-06-14,171,10:00:00,16:00:00,6,exact,rutu,1,1,0,n,idavies
2014,cari,2020-06-14,171,10:00:00,16:00:00,6,exact,pefa,1,1,0,n,idavies
2014,cari,2020-06-14,171,10:00:00,16:00:00,6,exact,rlha,1,1,0,n,idavies
2014,cari,2020-06-14,171,10:00:00,16:00:00,6,exact,seow,3,1,0,n,idavies
2012,ikpi,2019-06-12,171,11:53:00,18:30:00,6.62,est,glgu,6,1,0,y,mmudge
2012,ikpi,2019-06-12,171,11:53:00,18:30:00,6.62,est,paja,4,1,0,n,mmudge
2012,ikpi,2019-06-12,171,11:53:00,18:30:00,6.62,est,ltja,2,1,0,n,mmudge
2012,ikpi,2019-06-12,171,11:53:00,18:30:00,6.62,est,agsq,2,1,0,n,mmudge
2013,nome,2020-06-13,171,09:00:00,11:00:00,2,exact,cora,1,4,0,y,NA
2013,nome,2020-06-13,171,09:00:00,11:00:00,2,exact,tuvo,1,4,0,y,NA
2013,nome,2020-06-13,171,09:00:00,11:00:00,2,exact,glgu,1,4,0,y,NA
2013,nome,2020-06-13,171,09:00:00,11:00:00,2,exact,sacr,1,4,0,y,NA
2013,nome,2020-06-13,171,09:00:00,11:00:00,2,exact,paja,1,4,0,y,NA
2013,nome,2020-06-13,171,09:00:00,11:00:00,2,exact,megu,2,4,0,y,NA
2014,cakr,2019-06-14,170,11:00:00,12:00:00,1,exact,glgu,14,1,0,n,jhughey
2014,cakr,2019-06-14,170,11:00:00,12:00:00,1,exact,paja,3,1,0,n,jhughey
2014,cakr,2019-06-14,170,11:00:00,12:00:00,1,exact,ltja,1,1,0,n,jhughey
2014,cakr,2019-06-14,170,11:00:00,12:00:00,1,exact,arfo,1,1,0,n,jhughey
2014,cakr,2019-06-14,170,11:00:00,12:00:00,1,exact,megu,2,1,0,n,jhughey
2014,ikpi,2019-06-14,170,14:08:00,15:13:00,1.08,exact,glgu,1,1,0,n,rhammond
2014,ikpi,2019-06-14,170,14:08:00,15:13:00,1.08,exact,ltja,2,1,0,n,rhammond
2014,ikpi,2019-06-14,170,14:08:00,15:13:00,1.08,exact,agsq,2,1,0,n,rhammond
2013,cakr,2019-06-13,170,19:32:00,20:41:00,1.15,exact,glgu,9,1,0,n,mboldenow
2013,cakr,2019-06-13,170,19:32:00,20:41:00,1.15,exact,megu,3,1,0,n,mboldenow
2013,cakr,2019-06-13,170,19:32:00,20:41:00,1.15,exact,paja,3,1,0,n,mboldenow
2012,colv,2018-06-12,170,09:41:00,11:37:00,1.93,exact,agsq,4,1,0,n,bwilkinson
2012,colv,2018-06-12,170,09:41:00,11:37:00,1.93,exact,glgu,6,1,0,n,bwilkinson
2012,colv,2018-06-12,170,09:41:00,11:37:00,1.93,exact,paja,2,1,0,n,bwilkinson
2012,colv,2018-06-12,170,09:41:00,11:37:00,1.93,exact,rutu,2,1,0,n,bwilkinson
2013,cari,2019-06-13,170,14:50:00,17:21:00,2.52,exact,ltja,5,1,0,n,rchurchwell
2013,cari,2019-06-13,170,14:50:00,17:21:00,2.52,exact,paja,2,1,0,n,rchurchwell
2012,colv,2018-06-12,170,09:24:00,12:03:00,2.65,exact,agsq,3,1,0,n,dpavlik
2012,colv,2018-06-12,170,09:24:00,12:03:00,2.65,exact,cole,1,1,0,n,dpavlik
2012,colv,2018-06-12,170,09:24:00,12:03:00,2.65,exact,glgu,3,1,0,n,dpavlik
2012,colv,2018-06-12,170,09:24:00,12:03:00,2.65,exact,ltja,1,1,0,n,dpavlik
2012,colv,2018-06-12,170,09:24:00,12:03:00,2.65,exact,paja,2,1,0,n,dpavlik
2012,colv,2018-06-12,170,09:24:00,12:03:00,2.65,exact,rutu,4,1,1,n,dpavlik
2012,colv,2018-06-12,170,09:24:00,12:03:00,2.65,exact,seow,1,1,0,n,dpavlik
2014,ikpi,2019-06-14,170,09:51:00,13:50:00,3.98,exact,glgu,3,1,0,n,rhammond
2014,ikpi,2019-06-14,170,09:51:00,13:50:00,3.98,exact,paja,2,1,0,n,rhammond
2014,ikpi,2019-06-14,170,09:51:00,13:50:00,3.98,exact,ltja,2,1,0,n,rhammond
2014,ikpi,2019-06-14,170,09:51:00,13:50:00,3.98,exact,sagu,2,1,0,n,rhammond
2012,barr,2018-06-12,170,12:50:00,16:50:00,4,exact,glgu,11,1,0,n,mmcconell
2012,barr,2018-06-12,170,12:50:00,16:50:00,4,exact,ltja,1,1,0,n,mmcconell
2012,barr,2018-06-12,170,12:50:00,16:50:00,4,exact,paja,2,1,0,n,mmcconell
2012,barr,2018-06-12,170,12:50:00,16:50:00,4,exact,poja,1,1,0,n,mmcconell
2012,barr,2018-06-12,170,12:50:00,16:50:00,4,exact,snow,2,1,0,n,mmcconell
2012,barr,2018-06-12,170,13:30:00,17:30:00,4,exact,brle,1,1,0,n,bverheijen
2012,barr,2018-06-12,170,13:30:00,17:30:00,4,exact,glgu,2,1,0,n,bverheijen
2012,barr,2018-06-12,170,13:30:00,17:30:00,4,exact,paja,2,1,0,n,bverheijen
2012,barr,2018-06-12,170,13:30:00,17:30:00,4,exact,poja,3,1,0,n,bverheijen
2012,barr,2018-06-12,170,08:20:00,12:20:00,4,exact,glgu,3,1,0,n,mmcconell
2012,barr,2018-06-12,170,08:20:00,12:20:00,4,exact,paja,3,1,0,n,mmcconell
2012,barr,2018-06-12,170,08:20:00,12:20:00,4,exact,poja,1,1,0,n,mmcconell
2012,barr,2018-06-12,170,08:20:00,12:20:00,4,exact,snow,1,1,0,n,mmcconell
2012,barr,2018-06-12,170,09:20:00,13:20:00,4,exact,glgu,3,1,0,n,bverheijen
2012,barr,2018-06-12,170,09:20:00,13:20:00,4,exact,ltja,2,1,0,n,bverheijen
2012,barr,2018-06-12,170,09:20:00,13:20:00,4,exact,poja,4,1,0,n,bverheijen
2012,barr,2018-06-12,170,13:45:00,17:45:00,4,est,glgu,25,1,0,n,pherzog
2012,barr,2018-06-12,170,13:45:00,17:45:00,4,exact,paja,3,1,0,n,pherzog
2012,barr,2018-06-12,170,13:45:00,17:45:00,4,exact,poja,1,1,0,n,pherzog
2014,iglo,2019-06-14,170,14:15:00,18:30:00,4.25,est,ungu,1,1,0,n,mgiroux
2014,iglo,2019-06-14,170,14:15:00,18:30:00,4.25,est,rutu,3,1,0,n,mgiroux
2014,iglo,2019-06-14,170,14:15:00,18:30:00,4.25,est,sagu,2,1,0,n,mgiroux
2012,barr,2018-06-12,170,08:55:00,13:15:00,4.33,exact,brle,2,1,0,n,pherzog
2012,barr,2018-06-12,170,08:55:00,13:15:00,4.33,exact,cora,2,1,0,n,pherzog
2012,barr,2018-06-12,170,08:55:00,13:15:00,4.33,est,glgu,40,1,0,n,pherzog
2012,barr,2018-06-12,170,08:55:00,13:15:00,4.33,exact,paja,3,1,0,n,pherzog
2012,barr,2018-06-12,170,08:55:00,13:15:00,4.33,exact,poja,1,1,0,n,pherzog
2012,barr,2018-06-12,170,08:55:00,13:15:00,4.33,exact,snow,1,1,0,n,pherzog
2014,iglo,2019-06-14,170,13:50:00,18:30:00,4.67,est,ltja,1,1,0,n,mtpaquet
2014,iglo,2019-06-14,170,13:50:00,18:30:00,4.67,est,unja,3,1,0,n,mtpaquet
2014,iglo,2019-06-14,170,14:00:00,19:00:00,5,est,ltja,2,1,0,n,mcfrenette
2014,chau,2019-06-14,170,11:15:00,16:20:00,5.08,exact,glgu,2,1,0,n,lgoodrick
2014,chau,2019-06-14,170,11:15:00,16:20:00,5.08,exact,paja,2,1,0,n,lgoodrick
2014,chau,2019-06-14,170,11:15:00,16:20:00,5.08,exact,ltja,1,1,0,n,lgoodrick
2014,chau,2019-06-14,170,11:15:00,16:20:00,5.08,est,sacr,5,1,0,n,lgoodrick
2014,chau,2019-06-14,170,11:15:00,16:20:00,5.08,est,vegu,10,1,0,n,lgoodrick
2013,prba,2019-06-13,170,10:00:00,15:30:00,5.5,exact,arfo,1,1,0,n,brobinson
2013,prba,2019-06-13,170,10:00:00,15:30:00,5.5,exact,cora,4,1,0,n,brobinson
2013,prba,2019-06-13,170,10:00:00,15:30:00,5.5,est,glgu,8,1,0,n,brobinson
2013,prba,2019-06-13,170,10:00:00,15:30:00,5.5,exact,paja,2,1,0,n,brobinson
2012,lkri,2018-06-12,170,17:45:00,23:20:00,5.58,exact,arfo,1,1,0,n,apopovkina
2011,cakr,2019-06-11,170,10:30:00,16:12:00,5.7,exact,cora,1,1,0,n,rgates
2011,cakr,2019-06-11,170,10:30:00,16:12:00,5.7,est,glgu,15,1,0,n,rgates
2011,cakr,2019-06-11,170,10:30:00,16:12:00,5.7,est,megu,6,1,0,n,rgates
2011,cakr,2019-06-11,170,10:30:00,16:12:00,5.7,exact,paja,3,1,0,n,rgates
2011,cakr,2019-06-11,170,10:30:00,16:12:00,5.7,exact,sacr,15,1,0,n,rgates
2012,lkri,2018-06-12,170,00:00:00,06:00:00,6,exact,arfo,2,1,0,n,apopovkina
2013,ikpi,2019-06-13,170,10:30:00,16:30:00,6,est,glgu,5,1,0,n,ojames
2013,ikpi,2019-06-13,170,10:30:00,16:30:00,6,est,paja,5,1,0,n,ojames
2011,colv,2019-06-11,170,10:16:00,17:00:00,6.73,exact,agsq,1,1,0,n,dpavlik
2011,colv,2019-06-11,170,10:16:00,17:00:00,6.73,exact,glgu,2,1,0,n,dpavlik
2011,colv,2019-06-11,170,10:16:00,17:00:00,6.73,exact,ltja,2,1,0,n,dpavlik
2011,colv,2019-06-11,170,10:16:00,17:00:00,6.73,exact,paja,4,1,0,n,dpavlik
2011,colv,2019-06-11,170,10:16:00,17:00:00,6.73,exact,rutu,6,1,0,n,dpavlik
2011,colv,2019-06-11,170,10:34:00,17:26:00,6.87,exact,agsq,9,1,0,n,bwilkinson
2011,colv,2019-06-11,170,10:34:00,17:26:00,6.87,exact,glgu,7,1,0,n,bwilkinson
2011,colv,2019-06-11,170,10:34:00,17:26:00,6.87,exact,paja,3,1,0,n,bwilkinson
2011,colv,2019-06-11,170,10:34:00,17:26:00,6.87,exact,poja,1,1,0,n,bwilkinson
2011,colv,2019-06-11,170,10:34:00,17:26:00,6.87,exact,rutu,4,1,0,n,bwilkinson
2013,chau,2019-06-13,170,11:30:00,18:40:00,7.17,est,agsq,4,1,0,n,kpietrzak
2013,chau,2019-06-13,170,11:30:00,18:40:00,7.17,est,glgu,4,1,0,n,kpietrzak
2013,chau,2019-06-13,170,11:30:00,18:40:00,7.17,est,ltja,50,1,0,n,kpietrzak
2013,chau,2019-06-13,170,11:30:00,18:40:00,7.17,est,sacr,14,1,0,n,kpietrzak
2013,chau,2019-06-13,170,11:30:00,18:40:00,7.17,est,vegu,8,1,0,n,kpietrzak
2011,ikpi,2019-06-11,170,10:00:00,17:30:00,7.5,exact,agsq,2,1,0,n,acook
2011,ikpi,2019-06-11,170,10:00:00,17:30:00,7.5,exact,glgu,5,1,0,n,acook
2011,ikpi,2019-06-11,170,10:00:00,17:30:00,7.5,exact,ltja,4,1,0,n,acook
2011,ikpi,2019-06-11,170,10:00:00,17:30:00,7.5,exact,paja,2,1,0,n,acook
2011,ikpi,2019-06-11,170,10:00:00,17:30:00,7.5,exact,seow,1,1,0,n,acook
2011,made,2019-06-11,170,18:57:00,02:56:00,8,exact,ltja,1,1,0,n,lpirie
2011,made,2019-06-11,170,18:57:00,02:56:00,8,exact,paja,2,1,0,n,lpirie
2011,made,2019-06-11,170,18:57:00,02:56:00,8,exact,sacr,2,1,0,n,lpirie
2013,bylo,2019-06-13,170,10:00:00,18:00:00,8,exact,sacr,2,1,0,n,fsenezgagnon
2013,colv,2019-06-13,170,10:22:00,18:30:00,8.13,exact,agsq,16,1,0,n,rharned
2013,colv,2019-06-13,170,10:22:00,18:30:00,8.13,exact,glgu,9,1,0,n,rharned
2013,colv,2019-06-13,170,10:22:00,18:30:00,8.13,exact,ltja,6,1,0,n,rharned
2013,colv,2019-06-13,170,10:22:00,18:30:00,8.13,exact,noha,1,1,0,n,rharned
2013,colv,2019-06-13,170,10:22:00,18:30:00,8.13,exact,paja,6,1,0,n,rharned
2013,colv,2019-06-13,170,10:22:00,18:30:00,8.13,exact,rutu,2,1,0,n,rharned
2013,colv,2019-06-13,170,10:30:00,20:15:00,9.75,exact,agsq,7,1,0,n,scarvey
2013,colv,2019-06-13,170,10:30:00,20:15:00,9.75,exact,arfo,1,1,0,n,scarvey
2013,colv,2019-06-13,170,10:30:00,20:15:00,9.75,exact,glgu,15,1,0,n,scarvey
2013,colv,2019-06-13,170,10:30:00,20:15:00,9.75,exact,ltja,3,1,0,n,scarvey
2013,colv,2019-06-13,170,10:30:00,20:15:00,9.75,exact,paja,4,1,0,n,scarvey
2013,colv,2019-06-13,170,10:30:00,20:15:00,9.75,exact,rutu,3,1,0,n,scarvey
2013,cari,2019-06-13,170,08:40:00,19:00:00,10.33,exact,agsq,1,1,0,n,bhiggins
2013,cari,2019-06-13,170,08:40:00,19:00:00,10.33,exact,glgu,4,1,0,n,bhiggins
2013,cari,2019-06-13,170,08:40:00,19:00:00,10.33,exact,gyrf,1,1,0,n,bhiggins
2013,cari,2019-06-13,170,08:40:00,19:00:00,10.33,exact,ltja,13,1,0,n,bhiggins
2013,cari,2019-06-13,170,08:40:00,19:00:00,10.33,exact,paja,6,1,0,n,bhiggins
2013,cari,2019-06-13,170,08:40:00,19:00:00,10.33,exact,poja,2,1,0,n,bhiggins
2013,cari,2019-06-13,170,08:40:00,19:00:00,10.33,exact,rutu,1,1,0,n,bhiggins
2014,nome,2019-06-14,170,09:00:00,11:00:00,2,exact,megu,3,2,0,y,NA
2014,nome,2019-06-14,170,09:00:00,11:00:00,2,exact,glgu,1,2,0,y,NA
2014,chur,2019-06-14,170,12:30:00,16:00:00,3.5,exact,cora,2,2,0,y,lkoloski
2014,chur,2019-06-14,170,12:30:00,16:00:00,3.5,exact,paja,2,2,0,y,lkoloski
2014,chur,2019-06-14,170,10:09:00,16:00:00,5.85,exact,cora,1,2,0,y,jperz
2014,chur,2019-06-14,170,10:09:00,16:00:00,5.85,exact,noha,1,2,0,y,jperz
2014,chur,2019-06-14,170,10:09:00,16:00:00,5.85,exact,paja,3,2,0,y,jperz
2011,made,2019-06-11,170,11:00:00,18:00:00,7,exact,cora,1,2,0,y,knuyaviak
2011,made,2019-06-11,170,11:00:00,18:00:00,7,exact,glgu,5,2,0,y,knuyaviak
2011,made,2019-06-11,170,11:00:00,18:00:00,7,exact,paja,3,2,0,y,knuyaviak
2011,made,2019-06-11,170,11:00:00,18:00:00,7,exact,sacr,5,2,0,y,knuyaviak
2011,made,2019-06-11,170,11:00:00,18:00:00,7,exact,unle,2,2,0,y,knuyaviak
2014,coat,2019-06-14,170,08:30:00,16:30:00,8,exact,herg,14,2,0,y,crew2
2014,colv,2019-06-14,170,15:20:00,17:20:00,2,exact,glgu,5,3,0,y,tdonnelly
2014,colv,2019-06-14,170,15:20:00,17:20:00,2,exact,paja,7,3,0,y,tdonnelly
2014,colv,2019-06-14,170,15:20:00,17:20:00,2,exact,ltja,2,3,0,y,tdonnelly
2014,colv,2019-06-14,170,15:20:00,17:20:00,2,exact,rutu,4,3,0,y,tdonnelly
2014,colv,2019-06-14,170,15:20:00,17:20:00,2,exact,sacr,1,3,0,y,tdonnelly
2014,colv,2019-06-14,170,15:20:00,17:20:00,2,exact,agsq,2,3,0,y,tdonnelly
2014,coat,2019-06-14,170,09:00:00,18:00:00,9,exact,paja,2,3,0,y,crew1
2011,nome,2019-06-11,170,18:00:00,22:00:00,4,exact,agsq,1,5,0,y,wenglish
2011,nome,2019-06-11,170,18:00:00,22:00:00,4,exact,cora,4,5,0,y,wenglish
2011,nome,2019-06-11,170,18:00:00,22:00:00,4,exact,glgu,6,5,0,y,wenglish
2011,nome,2019-06-11,170,18:00:00,22:00:00,4,exact,paja,1,5,0,y,wenglish
2012,nome,2018-06-12,170,10:00:00,18:30:00,8.5,exact,cora,2,5,0,y,NA
2012,nome,2018-06-12,170,10:00:00,18:30:00,8.5,exact,glgu,23,5,0,y,NA
2012,nome,2018-06-12,170,10:00:00,18:30:00,8.5,exact,megu,3,5,0,y,NA
2012,nome,2018-06-12,170,10:00:00,18:30:00,8.5,exact,paja,6,5,0,y,NA
2012,nome,2018-06-12,170,10:00:00,18:30:00,8.5,exact,sacr,8,5,0,y,NA
2012,nome,2018-06-12,170,10:00:00,18:30:00,8.5,exact,tuvo,1,5,0,y,NA
2014,cari,2019-06-14,170,09:00:00,17:00:00,8,exact,glgu,15,1,0,n,idavies
2014,cari,2019-06-14,170,09:00:00,17:00:00,8,exact,poja,5,1,0,n,idavies
2014,cari,2019-06-14,170,09:00:00,17:00:00,8,exact,paja,3,1,0,n,idavies
2014,cari,2019-06-14,170,09:00:00,17:00:00,8,exact,snow,2,1,0,n,idavies
2014,cari,2019-06-14,170,09:00:00,17:00:00,8,exact,seow,3,1,1,n,idavies
2012,ikpi,2018-06-12,170,10:20:00,15:46:00,5.43,est,glgu,15,1,0,y,kpietrzak
2012,ikpi,2018-06-12,170,10:20:00,15:46:00,5.43,est,paja,6,1,0,n,kpietrzak
2012,ikpi,2018-06-12,170,10:20:00,15:46:00,5.43,est,ltja,3,1,0,n,kpietrzak
2012,ikpi,2018-06-12,170,10:20:00,15:46:00,5.43,exact,cora,2,1,0,n,kpietrzak
2012,ikpi,2018-06-12,170,10:20:00,15:46:00,5.43,est,agsq,4,1,0,n,kpietrzak
2012,ikpi,2018-06-12,170,10:20:00,15:46:00,5.43,exact,brle,6,1,0,n,kpietrzak
2012,ikpi,2018-06-12,170,10:20:00,15:46:00,5.43,exact,cole,2,1,0,n,kpietrzak
2013,nome,2019-06-13,170,10:00:00,19:30:00,9.5,exact,seow,1,4,0,y,NA
2013,nome,2019-06-13,170,10:00:00,19:30:00,9.5,exact,cora,1,4,0,y,NA
2013,nome,2019-06-13,170,10:00:00,19:30:00,9.5,exact,agsq,1,4,0,y,NA
2013,nome,2019-06-13,170,10:00:00,19:30:00,9.5,exact,megu,1,4,0,y,NA
2013,nome,2019-06-13,170,10:00:00,19:30:00,9.5,exact,paja,1,4,0,y,NA
2013,nome,2019-06-13,170,10:00:00,19:30:00,9.5,exact,sacr,1,4,0,y,NA
2013,nome,2019-06-13,170,10:00:00,19:30:00,9.5,exact,unle,2,4,0,y,NA
2013,nome,2019-06-13,170,10:00:00,19:30:00,9.5,exact,glgu,3,4,0,y,NA
2014,cakr,2018-06-14,169,18:15:00,19:00:00,0.75,exact,glgu,15,1,0,n,jeschenroeder
2014,cakr,2018-06-14,169,18:15:00,19:00:00,0.75,exact,ltja,1,1,0,n,jeschenroeder
2014,cakr,2018-06-14,169,18:15:00,19:00:00,0.75,exact,sacr,6,1,0,n,jeschenroeder
2014,cakr,2018-06-14,169,18:15:00,19:00:00,0.75,exact,sagu,2,1,0,n,jeschenroeder
2014,cakr,2018-06-14,169,18:15:00,19:00:00,0.75,exact,megu,1,1,0,n,jeschenroeder
2011,prba,2018-06-11,169,14:50:00,17:09:00,2.32,exact,glgu,2,1,0,n,eames
2011,prba,2018-06-11,169,14:50:00,17:09:00,2.32,exact,ltja,2,1,0,n,eames
2011,prba,2018-06-11,169,14:50:00,17:09:00,2.32,exact,poja,1,1,0,n,eames
2011,prba,2018-06-11,169,14:50:00,17:09:00,2.32,exact,sacr,1,1,0,n,eames
2011,prba,2018-06-11,169,14:50:00,17:09:00,2.32,exact,snow,1,1,0,n,eames
2012,lkri,2017-06-12,169,21:30:00,23:59:00,2.48,exact,arfo,1,1,0,n,apopovkina
2013,prba,2018-06-13,169,09:00:00,12:00:00,3,exact,cora,3,1,0,n,brobinson
2013,prba,2018-06-13,169,09:00:00,12:00:00,3,exact,glgu,2,1,0,n,brobinson
2013,prba,2018-06-13,169,09:00:00,12:00:00,3,exact,ltja,3,1,0,n,brobinson
2013,prba,2018-06-13,169,09:00:00,12:00:00,3,exact,paja,2,1,0,n,brobinson
2014,barr,2018-06-14,169,12:30:00,15:30:00,3,exact,glgu,5,1,0,n,jmarin
2014,barr,2018-06-14,169,12:30:00,15:30:00,3,exact,poja,7,1,0,n,jmarin
2014,barr,2018-06-14,169,12:30:00,15:30:00,3,exact,paja,1,1,0,n,jmarin
2014,barr,2018-06-14,169,12:30:00,15:30:00,3,exact,cora,1,1,0,n,jmarin
2014,barr,2018-06-14,169,12:30:00,15:30:00,3,exact,snow,2,1,0,n,jmarin
2014,barr,2018-06-14,169,12:30:00,15:30:00,3,exact,brle,2,1,0,n,jmarin
2012,colv,2017-06-12,169,09:57:00,13:05:00,3.13,exact,agsq,5,1,0,n,dpavlik
2012,colv,2017-06-12,169,09:57:00,13:05:00,3.13,exact,glgu,4,1,0,n,dpavlik
2012,colv,2017-06-12,169,09:57:00,13:05:00,3.13,exact,ltja,1,1,0,n,dpavlik
2012,colv,2017-06-12,169,09:57:00,13:05:00,3.13,exact,paja,4,1,0,n,dpavlik
2012,colv,2017-06-12,169,09:57:00,13:05:00,3.13,exact,poja,1,1,0,n,dpavlik
2012,colv,2017-06-12,169,09:57:00,13:05:00,3.13,exact,rutu,4,1,0,n,dpavlik
2012,colv,2017-06-12,169,09:57:00,13:05:00,3.13,exact,seow,1,1,0,n,dpavlik
2013,chau,2018-06-13,169,14:50:00,18:05:00,3.25,est,agsq,6,1,1,n,mmudge
2013,chau,2018-06-13,169,14:50:00,18:05:00,3.25,est,glgu,3,1,0,n,mmudge
2013,chau,2018-06-13,169,14:50:00,18:05:00,3.25,est,paja,3,1,0,n,mmudge
2013,chau,2018-06-13,169,14:50:00,18:05:00,3.25,est,sacr,8,1,1,n,mmudge
2013,chau,2018-06-13,169,14:50:00,18:05:00,3.25,est,vegu,9,1,0,n,mmudge
2013,cakr,2018-06-13,169,11:00:00,14:18:00,3.3,exact,glgu,2,1,0,n,mboldenow
2013,cakr,2018-06-13,169,11:00:00,14:18:00,3.3,exact,paja,3,1,0,n,mboldenow
2013,cakr,2018-06-13,169,11:00:00,14:18:00,3.3,exact,sacr,2,1,0,n,mboldenow
2011,prba,2018-06-11,169,11:20:00,14:50:00,3.5,exact,glgu,2,1,0,n,chojnowski
2014,barr,2018-06-14,169,09:00:00,12:30:00,3.5,exact,glgu,16,1,0,n,jmarin
2014,barr,2018-06-14,169,09:00:00,12:30:00,3.5,exact,poja,11,1,0,n,jmarin
2014,barr,2018-06-14,169,09:00:00,12:30:00,3.5,exact,paja,6,1,0,n,jmarin
2014,barr,2018-06-14,169,09:00:00,12:30:00,3.5,exact,brle,3,1,0,n,jmarin
2012,colv,2017-06-12,169,10:07:00,13:46:00,3.65,exact,agsq,3,1,0,n,bwilkinson
2012,colv,2017-06-12,169,10:07:00,13:46:00,3.65,exact,glgu,8,1,0,n,bwilkinson
2012,colv,2017-06-12,169,10:07:00,13:46:00,3.65,exact,ltja,2,1,0,n,bwilkinson
2012,colv,2017-06-12,169,10:07:00,13:46:00,3.65,exact,paja,1,1,0,n,bwilkinson
2012,colv,2017-06-12,169,10:07:00,13:46:00,3.65,exact,rutu,2,1,0,n,bwilkinson
2014,barr,2018-06-14,169,09:00:00,13:00:00,4,exact,glgu,1,1,0,n,ssheedy
2014,barr,2018-06-14,169,09:00:00,13:00:00,4,exact,poja,12,1,0,n,ssheedy
2014,barr,2018-06-14,169,09:00:00,13:00:00,4,exact,paja,2,1,0,n,ssheedy
2013,barr,2018-06-13,169,13:15:00,17:15:00,4,exact,glgu,4,1,0,n,lrensel
2014,barr,2018-06-14,169,13:35:00,17:35:00,4,exact,glgu,3,1,0,n,asterling
2014,barr,2018-06-14,169,13:35:00,17:35:00,4,exact,poja,6,1,0,n,asterling
2012,prba,2017-06-12,169,08:20:00,12:20:00,4,exact,cora,4,1,0,n,jlautenbach
2012,prba,2017-06-12,169,08:20:00,12:20:00,4,exact,glgu,14,1,0,n,jlautenbach
2012,prba,2017-06-12,169,08:20:00,12:20:00,4,exact,ltja,4,1,0,n,jlautenbach
2012,prba,2017-06-12,169,08:20:00,12:20:00,4,exact,paja,2,1,0,n,jlautenbach
2012,prba,2017-06-12,169,08:20:00,12:20:00,4,exact,poja,1,1,0,n,jlautenbach
2014,barr,2018-06-14,169,09:30:00,13:30:00,4,exact,glgu,5,1,0,n,asterling
2014,barr,2018-06-14,169,09:30:00,13:30:00,4,exact,poja,14,1,0,n,asterling
2014,barr,2018-06-14,169,09:30:00,13:30:00,4,exact,paja,2,1,0,n,asterling
2014,barr,2018-06-14,169,09:30:00,13:30:00,4,exact,snow,2,1,0,n,asterling
2014,barr,2018-06-14,169,09:30:00,13:30:00,4,exact,unle,2,1,0,n,asterling
2013,barr,2018-06-13,169,10:15:00,14:15:00,4,exact,glgu,16,1,0,n,kgrond
2013,barr,2018-06-13,169,10:15:00,14:15:00,4,exact,paja,4,1,0,n,kgrond
2013,barr,2018-06-13,169,11:30:00,15:30:00,4,exact,glgu,5,1,0,n,jcunningham
2013,barr,2018-06-13,169,11:30:00,15:30:00,4,exact,paja,3,1,0,n,jcunningham
2014,barr,2018-06-14,169,13:55:00,17:55:00,4,exact,glgu,20,1,0,n,ssheedy
2014,barr,2018-06-14,169,13:55:00,17:55:00,4,exact,poja,3,1,0,n,ssheedy
2014,barr,2018-06-14,169,13:55:00,17:55:00,4,exact,paja,6,1,1,n,ssheedy
2013,barr,2018-06-13,169,13:55:00,18:00:00,4.08,exact,cora,1,1,0,n,pherzog
2013,barr,2018-06-13,169,13:55:00,18:00:00,4.08,exact,glgu,7,1,0,n,pherzog
2013,barr,2018-06-13,169,13:55:00,18:00:00,4.08,exact,ltja,2,1,0,n,pherzog
2013,barr,2018-06-13,169,13:55:00,18:00:00,4.08,exact,paja,8,1,0,n,pherzog
2013,barr,2018-06-13,169,09:10:00,13:20:00,4.17,est,glgu,50,1,0,n,lrensel
2013,barr,2018-06-13,169,09:10:00,13:20:00,4.17,exact,paja,4,1,0,n,lrensel
2011,colv,2018-06-11,169,13:50:00,18:05:00,4.25,exact,agsq,10,1,1,n,dpavlik
2011,colv,2018-06-11,169,13:50:00,18:05:00,4.25,exact,glgu,4,1,0,n,dpavlik
2011,colv,2018-06-11,169,13:50:00,18:05:00,4.25,exact,paja,4,1,0,n,dpavlik
2011,colv,2018-06-11,169,13:50:00,18:05:00,4.25,exact,rutu,6,1,0,n,dpavlik
2011,colv,2018-06-11,169,13:50:00,18:05:00,4.25,exact,sacr,1,1,0,n,dpavlik
2013,barr,2018-06-13,169,09:17:00,13:37:00,4.33,exact,glgu,16,1,0,n,pherzog
2013,barr,2018-06-13,169,09:17:00,13:37:00,4.33,exact,paja,8,1,0,n,pherzog
2013,barr,2018-06-13,169,09:17:00,13:37:00,4.33,exact,unja,1,1,0,n,pherzog
2012,prba,2017-06-12,169,13:20:00,18:20:00,5,exact,cora,6,1,0,n,jlautenbach
2012,prba,2017-06-12,169,13:20:00,18:20:00,5,exact,glgu,6,1,0,n,jlautenbach
2012,prba,2017-06-12,169,13:20:00,18:20:00,5,exact,unle,1,1,0,n,jlautenbach
2012,prba,2017-06-12,169,13:20:00,18:20:00,5,exact,ltja,3,1,0,n,jlautenbach
2012,prba,2017-06-12,169,13:20:00,18:20:00,5,exact,paja,4,1,0,n,jlautenbach
2012,prba,2017-06-12,169,13:20:00,18:20:00,5,exact,poja,10,1,0,n,jlautenbach
2013,prba,2018-06-13,169,13:00:00,18:00:00,5,exact,cora,1,1,0,n,brobinson
2013,prba,2018-06-13,169,13:00:00,18:00:00,5,exact,glgu,4,1,0,n,brobinson
2013,prba,2018-06-13,169,13:00:00,18:00:00,5,exact,paja,2,1,0,n,brobinson
2013,prba,2018-06-13,169,13:00:00,18:00:00,5,exact,pefa,2,1,0,n,brobinson
2014,prba,2018-06-14,169,09:15:00,15:05:00,5.83,est,glgu,6,1,0,n,chelms
2014,chau,2018-06-14,169,12:00:00,18:00:00,6,exact,glgu,2,1,0,n,lgoodrick
2014,chau,2018-06-14,169,12:00:00,18:00:00,6,exact,paja,2,1,0,n,lgoodrick
2014,chau,2018-06-14,169,12:00:00,18:00:00,6,est,sacr,7,1,0,n,lgoodrick
2014,chau,2018-06-14,169,12:00:00,18:00:00,6,est,vegu,10,1,0,n,lgoodrick
2014,chau,2018-06-14,169,12:00:00,18:00:00,6,exact,arfo,1,1,0,n,lgoodrick
2014,chau,2018-06-14,169,12:00:00,18:00:00,6,exact,agsq,2,1,1,n,lgoodrick
2014,colv,2018-06-14,169,12:30:00,18:30:00,6,exact,glgu,6,1,0,n,tdonnelly
2014,colv,2018-06-14,169,12:30:00,18:30:00,6,exact,paja,4,1,0,n,tdonnelly
2014,colv,2018-06-14,169,12:30:00,18:30:00,6,exact,ltja,2,1,0,n,tdonnelly
2014,colv,2018-06-14,169,12:30:00,18:30:00,6,exact,rutu,4,1,0,n,tdonnelly
2014,colv,2018-06-14,169,12:30:00,18:30:00,6,exact,agsq,4,1,0,n,tdonnelly
2014,colv,2018-06-14,169,12:30:00,18:30:00,6,exact,tuvo,1,1,0,n,tdonnelly
2013,bylo,2018-06-13,169,15:00:00,21:00:00,6,exact,glgu,1,1,0,n,fsenezgagnon
2013,bylo,2018-06-13,169,15:00:00,21:00:00,6,exact,ltja,2,1,0,n,fsenezgagnon
2013,bylo,2018-06-13,169,15:00:00,21:00:00,6,exact,sacr,2,1,0,n,fsenezgagnon
2011,ikpi,2018-06-11,169,11:00:00,18:32:00,7.53,exact,agsq,2,1,0,n,kpietrzak
2011,ikpi,2018-06-11,169,11:00:00,18:32:00,7.53,exact,arfo,1,1,0,n,kpietrzak
2011,ikpi,2018-06-11,169,11:00:00,18:32:00,7.53,exact,glgu,3,1,0,n,kpietrzak
2011,ikpi,2018-06-11,169,11:00:00,18:32:00,7.53,exact,paja,1,1,0,n,kpietrzak
2011,ikpi,2018-06-11,169,11:00:00,18:32:00,7.53,exact,poja,1,1,0,n,kpietrzak
2011,ikpi,2018-06-11,169,11:00:00,18:32:00,7.53,exact,seow,1,1,0,n,kpietrzak
2014,ikpi,2018-06-14,169,08:31:00,16:30:00,7.98,exact,glgu,7,1,0,n,pchilton
2014,ikpi,2018-06-14,169,08:31:00,16:30:00,7.98,exact,poja,2,1,0,n,pchilton
2014,ikpi,2018-06-14,169,08:31:00,16:30:00,7.98,exact,paja,6,1,0,n,pchilton
2014,ikpi,2018-06-14,169,08:31:00,16:30:00,7.98,exact,ltja,2,1,0,n,pchilton
2014,ikpi,2018-06-14,169,08:31:00,16:30:00,7.98,exact,snow,1,1,0,n,pchilton
2014,ikpi,2018-06-14,169,08:31:00,16:30:00,7.98,exact,agsq,1,1,0,n,pchilton
2011,colv,2018-06-11,169,10:46:00,19:21:00,8.58,exact,agsq,3,1,1,n,bwilkinson
2011,colv,2018-06-11,169,10:46:00,19:21:00,8.58,exact,glgu,18,1,0,n,bwilkinson
2011,colv,2018-06-11,169,10:46:00,19:21:00,8.58,exact,ltja,2,1,0,n,bwilkinson
2011,colv,2018-06-11,169,10:46:00,19:21:00,8.58,exact,paja,1,1,0,n,bwilkinson
2011,colv,2018-06-11,169,10:46:00,19:21:00,8.58,exact,rutu,5,1,0,n,bwilkinson
2011,cari,2018-06-11,169,10:00:00,19:00:00,9,exact,arfo,1,1,0,n,bwinn
2011,cari,2018-06-11,169,10:00:00,19:00:00,9,exact,glgu,10,1,0,n,bwinn
2011,cari,2018-06-11,169,10:00:00,19:00:00,9,exact,paja,2,1,0,n,bwinn
2011,cari,2018-06-11,169,10:00:00,19:00:00,9,exact,poja,7,1,0,n,bwinn
2011,cari,2018-06-11,169,10:00:00,19:00:00,9,exact,sacr,2,1,0,n,bwinn
2011,cari,2018-06-11,169,10:00:00,19:00:00,9,exact,snow,1,1,0,n,bwinn
2013,colv,2018-06-13,169,10:55:00,20:15:00,9.33,exact,agsq,19,1,0,n,scarvey
2013,colv,2018-06-13,169,10:55:00,20:15:00,9.33,exact,glgu,12,1,0,n,scarvey
2013,colv,2018-06-13,169,10:55:00,20:15:00,9.33,exact,ltja,3,1,0,n,scarvey
2013,colv,2018-06-13,169,10:55:00,20:15:00,9.33,exact,paja,6,1,0,n,scarvey
2013,colv,2018-06-13,169,10:55:00,20:15:00,9.33,exact,poja,3,1,0,n,scarvey
2013,colv,2018-06-13,169,10:55:00,20:15:00,9.33,exact,rutu,5,1,0,n,scarvey
2014,chur,2018-06-14,169,11:00:00,13:00:00,2,exact,cora,4,2,0,y,jperz
2014,chur,2018-06-14,169,11:00:00,13:00:00,2,exact,paja,2,2,0,y,jperz
2014,chur,2018-06-14,169,08:50:00,11:00:00,2.17,exact,cora,2,2,0,y,jperz
2014,chur,2018-06-14,169,08:50:00,11:00:00,2.17,exact,paja,2,2,0,y,jperz
2013,colv,2018-06-13,169,10:30:00,13:30:00,3,exact,agsq,5,2,0,y,rharned
2013,colv,2018-06-13,169,10:30:00,13:30:00,3,exact,glgu,5,2,0,y,rharned
2013,colv,2018-06-13,169,10:30:00,13:30:00,3,exact,ltja,4,2,0,y,rharned
2013,colv,2018-06-13,169,10:30:00,13:30:00,3,exact,paja,2,2,0,y,rharned
2013,colv,2018-06-13,169,10:30:00,13:30:00,3,exact,poja,1,2,0,y,rharned
2013,colv,2018-06-13,169,10:30:00,13:30:00,3,exact,rutu,4,2,1,y,rharned
2014,colv,2018-06-14,169,12:30:00,18:30:00,6,exact,glgu,3,2,0,y,agottesman
2014,colv,2018-06-14,169,12:30:00,18:30:00,6,exact,paja,6,2,0,y,agottesman
2014,colv,2018-06-14,169,12:30:00,18:30:00,6,exact,ltja,4,2,0,y,agottesman
2014,colv,2018-06-14,169,12:30:00,18:30:00,6,exact,rutu,6,2,0,y,agottesman
2014,colv,2018-06-14,169,12:30:00,18:30:00,6,exact,brbe,1,2,0,y,agottesman
2014,colv,2018-06-14,169,12:30:00,18:30:00,6,exact,agsq,4,2,0,y,agottesman
2014,nome,2018-06-14,169,09:00:00,16:00:00,7,exact,megu,6,2,0,y,NA
2014,nome,2018-06-14,169,09:00:00,16:00:00,7,exact,glgu,4,2,0,y,NA
2014,nome,2018-06-14,169,09:00:00,16:00:00,7,exact,paja,4,2,0,y,NA
2014,nome,2018-06-14,169,09:00:00,16:00:00,7,exact,cora,2,2,0,y,NA
2014,nome,2018-06-14,169,09:00:00,16:00:00,7,exact,sacr,1,2,0,y,NA
2014,nome,2018-06-14,169,09:00:00,16:00:00,7,exact,ltja,1,2,0,y,NA
2014,coat,2018-06-14,169,08:30:00,16:30:00,8,exact,herg,15,2,0,y,crew2
2014,coat,2018-06-14,169,08:00:00,21:00:00,13,exact,paja,3,2,0,y,crew1
2014,chur,2018-06-14,169,09:00:00,13:00:00,4,exact,cora,1,3,0,y,lkoloski
2014,chur,2018-06-14,169,09:00:00,13:00:00,4,exact,herg,1,3,0,y,lkoloski
2014,chur,2018-06-14,169,09:00:00,13:00:00,4,exact,paja,2,3,0,y,lkoloski
2014,coat,2018-06-14,169,08:30:00,16:30:00,8,exact,arfo,3,3,0,y,crew2
2013,ikpi,2018-06-13,169,10:30:00,19:30:00,9,est,agsq,3,3,0,y,acook
2013,ikpi,2018-06-13,169,10:30:00,19:30:00,9,est,glgu,4,3,0,y,acook
2013,ikpi,2018-06-13,169,10:30:00,19:30:00,9,est,ltja,1,3,0,y,acook
2013,ikpi,2018-06-13,169,10:30:00,19:30:00,9,est,paja,4,3,0,y,acook
2014,coat,2018-06-14,169,08:00:00,21:00:00,13,exact,pefa,1,3,0,y,crew1
2011,nome,2018-06-11,169,07:00:00,10:00:00,3,exact,cora,4,5,0,y,wenglish
2011,nome,2018-06-11,169,07:00:00,10:00:00,3,exact,glgu,4,5,0,y,wenglish
2011,nome,2018-06-11,169,07:00:00,10:00:00,3,exact,noha,1,5,0,y,wenglish
2011,nome,2018-06-11,169,07:00:00,10:00:00,3,exact,paja,1,5,0,y,wenglish
2012,nome,2017-06-12,169,10:00:00,18:30:00,8.5,exact,agsq,1,5,0,y,NA
2012,nome,2017-06-12,169,10:00:00,18:30:00,8.5,exact,cora,2,5,0,y,NA
2012,nome,2017-06-12,169,10:00:00,18:30:00,8.5,exact,glgu,11,5,0,y,NA
2012,nome,2017-06-12,169,10:00:00,18:30:00,8.5,exact,ltja,1,5,0,y,NA
2012,nome,2017-06-12,169,10:00:00,18:30:00,8.5,exact,megu,11,5,0,y,NA
2012,nome,2017-06-12,169,10:00:00,18:30:00,8.5,exact,paja,8,5,0,y,NA
2014,cari,2018-06-14,169,09:00:00,17:00:00,8,exact,glgu,8,1,0,n,idavies
2014,cari,2018-06-14,169,09:00:00,17:00:00,8,exact,poja,6,1,0,n,idavies
2014,cari,2018-06-14,169,09:00:00,17:00:00,8,exact,paja,4,1,0,n,idavies
2014,cari,2018-06-14,169,09:00:00,17:00:00,8,exact,ltja,1,1,0,n,idavies
2014,cari,2018-06-14,169,09:00:00,17:00:00,8,exact,cora,1,1,0,n,idavies
2014,cari,2018-06-14,169,09:00:00,17:00:00,8,exact,snow,2,1,0,n,idavies
2014,cari,2018-06-14,169,09:00:00,17:00:00,8,exact,pefa,1,1,0,n,idavies
2014,cari,2018-06-14,169,09:00:00,17:00:00,8,exact,seow,3,1,0,n,idavies
2012,ikpi,2017-06-12,169,10:30:00,17:41:00,7.18,est,glgu,7,1,0,y,mmudge
2012,ikpi,2017-06-12,169,10:30:00,17:41:00,7.18,exact,poja,7,1,0,n,mmudge
2012,ikpi,2017-06-12,169,10:30:00,17:41:00,7.18,est,paja,4,1,0,n,mmudge
2012,ikpi,2017-06-12,169,10:30:00,17:41:00,7.18,est,ltja,2,1,0,n,mmudge
2012,ikpi,2017-06-12,169,10:30:00,17:41:00,7.18,exact,cora,2,1,0,n,mmudge
2012,ikpi,2017-06-12,169,10:30:00,17:41:00,7.18,exact,seow,2,1,0,n,mmudge
2013,nome,2018-06-13,169,10:00:00,18:00:00,8,exact,seow,1,4,0,y,NA
2013,nome,2018-06-13,169,10:00:00,18:00:00,8,exact,cora,1,4,0,y,NA
2013,nome,2018-06-13,169,10:00:00,18:00:00,8,exact,agsq,1,4,0,y,NA
2013,nome,2018-06-13,169,10:00:00,18:00:00,8,exact,megu,1,4,0,y,NA
2013,nome,2018-06-13,169,10:00:00,18:00:00,8,exact,paja,1,4,0,y,NA
2013,nome,2018-06-13,169,10:00:00,18:00:00,8,exact,sacr,1,4,0,y,NA
2013,nome,2018-06-13,169,10:00:00,18:00:00,8,exact,unle,1,4,0,y,NA
2013,nome,2018-06-13,169,10:00:00,18:00:00,8,exact,glgu,2,4,0,y,NA
2011,chur,2018-06-11,169,16:00:00,17:45:00,1.75,NA,paja,2,3,0,y,edastous
2011,chur,2018-06-11,169,16:00:00,17:45:00,1.75,NA,refo,2,3,0,y,edastous
2012,colv,2016-06-12,168,09:47:00,11:53:00,2.1,exact,agsq,2,1,0,n,dpavlik
2012,colv,2016-06-12,168,09:47:00,11:53:00,2.1,exact,glgu,5,1,0,n,dpavlik
2012,colv,2016-06-12,168,09:47:00,11:53:00,2.1,exact,ltja,2,1,0,n,dpavlik
2012,colv,2016-06-12,168,09:47:00,11:53:00,2.1,exact,poja,1,1,0,n,dpavlik
2012,colv,2016-06-12,168,09:47:00,11:53:00,2.1,exact,rutu,2,1,0,n,dpavlik
2012,colv,2016-06-12,168,09:47:00,11:53:00,2.1,exact,seow,1,1,0,n,dpavlik
2012,colv,2016-06-12,168,09:47:00,11:53:00,2.1,exact,snow,1,1,0,n,dpavlik
2014,iglo,2017-06-14,168,12:30:00,15:00:00,2.5,est,glgu,1,1,0,n,mtpaquet
2014,iglo,2017-06-14,168,12:30:00,15:00:00,2.5,est,ungu,6,1,0,n,mtpaquet
2014,ikpi,2017-06-14,168,14:00:00,17:00:00,3,exact,glgu,5,1,0,n,mdodds
2014,ikpi,2017-06-14,168,14:00:00,17:00:00,3,exact,poja,4,1,0,n,mdodds
2014,ikpi,2017-06-14,168,14:00:00,17:00:00,3,exact,paja,2,1,0,n,mdodds
2014,ikpi,2017-06-14,168,14:00:00,17:00:00,3,exact,ltja,1,1,0,n,mdodds
2013,cakr,2017-06-13,168,12:11:00,15:40:00,3.48,exact,glgu,4,1,0,n,mboldenow
2013,cakr,2017-06-13,168,12:11:00,15:40:00,3.48,exact,herg,2,1,0,n,mboldenow
2013,cakr,2017-06-13,168,12:11:00,15:40:00,3.48,exact,paja,2,1,0,n,mboldenow
2013,cakr,2017-06-13,168,12:11:00,15:40:00,3.48,exact,sacr,2,1,0,n,mboldenow
2011,colv,2017-06-11,168,10:25:00,14:02:00,3.62,exact,agsq,1,1,0,n,dpavlik
2011,colv,2017-06-11,168,10:25:00,14:02:00,3.62,exact,glgu,2,1,0,n,dpavlik
2011,colv,2017-06-11,168,10:25:00,14:02:00,3.62,exact,ltja,2,1,0,n,dpavlik
2011,colv,2017-06-11,168,10:25:00,14:02:00,3.62,exact,paja,2,1,0,n,dpavlik
2011,colv,2017-06-11,168,10:25:00,14:02:00,3.62,exact,rutu,8,1,0,n,dpavlik
2014,iglo,2017-06-14,168,11:15:00,15:00:00,3.75,est,glgu,1,1,0,n,mcfrenette
2014,iglo,2017-06-14,168,11:15:00,15:00:00,3.75,est,ungu,4,1,0,n,mcfrenette
2011,prba,2017-06-11,168,13:10:00,17:15:00,4.08,exact,glgu,4,1,0,n,eames
2011,prba,2017-06-11,168,13:10:00,17:15:00,4.08,exact,paja,1,1,0,n,eames
2011,prba,2017-06-11,168,13:10:00,17:15:00,4.08,exact,snow,2,1,0,n,eames
2012,prba,2016-06-12,168,14:41:00,18:48:00,4.12,exact,cora,3,1,0,n,apham
2012,prba,2016-06-12,168,14:41:00,18:48:00,4.12,est,glgu,10,1,0,n,apham
2012,prba,2016-06-12,168,14:41:00,18:48:00,4.12,exact,ltja,2,1,0,n,apham
2012,prba,2016-06-12,168,14:41:00,18:48:00,4.12,exact,paja,1,1,0,n,apham
2011,prba,2017-06-11,168,08:30:00,12:40:00,4.17,exact,glgu,2,1,0,n,chojnowski
2011,prba,2017-06-11,168,08:30:00,12:40:00,4.17,exact,ltja,1,1,0,n,chojnowski
2011,prba,2017-06-11,168,08:30:00,12:40:00,4.17,exact,snow,1,1,0,n,chojnowski
2013,colv,2017-06-13,168,10:53:00,15:05:00,4.2,exact,agsq,7,1,0,n,bwilkinson
2013,colv,2017-06-13,168,10:53:00,15:05:00,4.2,exact,glgu,5,1,0,n,bwilkinson
2013,colv,2017-06-13,168,10:53:00,15:05:00,4.2,exact,ltja,2,1,0,n,bwilkinson
2013,colv,2017-06-13,168,10:53:00,15:05:00,4.2,exact,paja,4,1,0,n,bwilkinson
2013,colv,2017-06-13,168,10:53:00,15:05:00,4.2,exact,poja,1,1,0,n,bwilkinson
2013,colv,2017-06-13,168,10:53:00,15:05:00,4.2,exact,rutu,2,1,0,n,bwilkinson
2013,colv,2017-06-13,168,11:10:00,15:30:00,4.33,exact,agsq,2,1,0,n,scarvey
2013,colv,2017-06-13,168,11:10:00,15:30:00,4.33,exact,glgu,8,1,0,n,scarvey
2013,colv,2017-06-13,168,11:10:00,15:30:00,4.33,exact,ltja,3,1,0,n,scarvey
2013,colv,2017-06-13,168,11:10:00,15:30:00,4.33,exact,paja,6,1,0,n,scarvey
2013,colv,2017-06-13,168,11:10:00,15:30:00,4.33,exact,poja,3,1,0,n,scarvey
2013,colv,2017-06-13,168,11:10:00,15:30:00,4.33,exact,rutu,6,1,0,n,scarvey
2013,colv,2017-06-13,168,11:10:00,15:30:00,4.33,exact,sacr,2,1,0,n,scarvey
2014,prba,2017-06-14,168,09:30:00,14:30:00,5,est,glgu,10,1,0,n,chelms
2014,prba,2017-06-14,168,09:30:00,14:30:00,5,exact,poja,2,1,0,n,chelms
2014,prba,2017-06-14,168,09:30:00,14:30:00,5,exact,ltja,1,1,0,n,chelms
2014,prba,2017-06-14,168,09:30:00,14:30:00,5,exact,cora,1,1,0,n,chelms
2013,prba,2017-06-13,168,10:30:00,15:30:00,5,exact,glgu,4,1,0,n,brobinson
2013,prba,2017-06-13,168,10:30:00,15:30:00,5,exact,paja,1,1,0,n,brobinson
2013,prba,2017-06-13,168,10:30:00,15:30:00,5,exact,poja,1,1,0,n,brobinson
2013,prba,2017-06-13,168,10:30:00,15:30:00,5,exact,sacr,3,1,0,n,brobinson
2012,prba,2016-06-12,168,08:30:00,13:39:00,5.15,exact,cora,1,1,0,n,apham
2012,prba,2016-06-12,168,08:30:00,13:39:00,5.15,est,glgu,25,1,0,n,apham
2012,prba,2016-06-12,168,08:30:00,13:39:00,5.15,exact,paja,3,1,1,n,apham
2012,prba,2016-06-12,168,08:30:00,13:39:00,5.15,exact,pefa,1,1,0,n,apham
2012,prba,2016-06-12,168,08:30:00,13:39:00,5.15,exact,poja,4,1,0,n,apham
2012,prba,2016-06-12,168,08:30:00,13:39:00,5.15,exact,refo,1,1,0,n,apham
2013,ikpi,2017-06-13,168,09:35:00,15:30:00,5.92,exact,agsq,1,1,1,n,epayne
2013,ikpi,2017-06-13,168,09:35:00,15:30:00,5.92,est,glgu,5,1,0,n,epayne
2013,ikpi,2017-06-13,168,09:35:00,15:30:00,5.92,exact,ltja,1,1,0,n,epayne
2013,ikpi,2017-06-13,168,09:35:00,15:30:00,5.92,exact,paja,4,1,0,n,epayne
2013,ikpi,2017-06-13,168,09:35:00,15:30:00,5.92,exact,refo,1,1,0,n,epayne
2011,colv,2017-06-11,168,12:18:00,18:34:00,6.27,exact,agsq,3,1,0,n,bwilkinson
2011,colv,2017-06-11,168,12:18:00,18:34:00,6.27,exact,glgu,4,1,0,n,bwilkinson
2011,colv,2017-06-11,168,12:18:00,18:34:00,6.27,exact,paja,3,1,0,n,bwilkinson
2011,colv,2017-06-11,168,12:18:00,18:34:00,6.27,exact,rutu,5,1,0,n,bwilkinson
2014,colv,2017-06-14,168,12:12:00,19:05:00,6.88,exact,glgu,8,1,0,n,agottesman
2014,colv,2017-06-14,168,12:12:00,19:05:00,6.88,exact,paja,7,1,0,n,agottesman
2014,colv,2017-06-14,168,12:12:00,19:05:00,6.88,exact,ltja,1,1,0,n,agottesman
2014,colv,2017-06-14,168,12:12:00,19:05:00,6.88,exact,rutu,2,1,0,n,agottesman
2014,colv,2017-06-14,168,12:12:00,19:05:00,6.88,exact,agsq,9,1,0,n,agottesman
2014,colv,2017-06-14,168,12:12:00,19:05:00,6.88,exact,refo,2,1,1,n,agottesman
2011,ikpi,2017-06-11,168,10:30:00,17:30:00,7,exact,agsq,3,1,0,n,mmudge
2011,ikpi,2017-06-11,168,10:30:00,17:30:00,7,exact,cole,1,1,0,n,mmudge
2011,ikpi,2017-06-11,168,10:30:00,17:30:00,7,est,glgu,5,1,1,n,mmudge
2011,ikpi,2017-06-11,168,10:30:00,17:30:00,7,est,ltja,5,1,0,n,mmudge
2011,ikpi,2017-06-11,168,10:30:00,17:30:00,7,est,paja,2,1,0,n,mmudge
2011,ikpi,2017-06-11,168,10:30:00,17:30:00,7,est,poja,3,1,0,n,mmudge
2013,chau,2017-06-13,168,10:30:00,18:00:00,7.5,est,agsq,2,1,1,n,agleizer
2013,chau,2017-06-13,168,10:30:00,18:00:00,7.5,est,glgu,3,1,0,n,agleizer
2013,chau,2017-06-13,168,10:30:00,18:00:00,7.5,est,ltja,1,1,0,n,agleizer
2013,chau,2017-06-13,168,10:30:00,18:00:00,7.5,est,paja,5,1,0,n,agleizer
2013,chau,2017-06-13,168,10:30:00,18:00:00,7.5,est,sacr,3,1,0,n,agleizer
2013,chau,2017-06-13,168,10:30:00,18:00:00,7.5,est,vegu,5,1,0,n,agleizer
2013,bylo,2017-06-13,168,11:00:00,19:00:00,8,exact,ltja,4,1,0,n,fsenezgagnon
2013,bylo,2017-06-13,168,11:00:00,19:00:00,8,exact,paja,1,1,0,n,fsenezgagnon
2013,bylo,2017-06-13,168,11:00:00,19:00:00,8,exact,sacr,6,1,0,n,fsenezgagnon
2014,colv,2017-06-14,168,12:00:00,20:00:00,8,exact,glgu,8,1,0,n,tdonnelly
2014,colv,2017-06-14,168,12:00:00,20:00:00,8,exact,paja,4,1,0,n,tdonnelly
2014,colv,2017-06-14,168,12:00:00,20:00:00,8,exact,ltja,2,1,0,n,tdonnelly
2014,colv,2017-06-14,168,12:00:00,20:00:00,8,exact,rutu,4,1,0,n,tdonnelly
2014,colv,2017-06-14,168,12:00:00,20:00:00,8,exact,agsq,4,1,0,n,tdonnelly
2012,colv,2016-06-12,168,09:55:00,18:03:00,8.13,exact,agsq,4,1,0,n,bwilkinson
2012,colv,2016-06-12,168,09:55:00,18:03:00,8.13,exact,glgu,6,1,0,n,bwilkinson
2012,colv,2016-06-12,168,09:55:00,18:03:00,8.13,exact,ltja,1,1,0,n,bwilkinson
2012,colv,2016-06-12,168,09:55:00,18:03:00,8.13,exact,paja,2,1,0,n,bwilkinson
2012,colv,2016-06-12,168,09:55:00,18:03:00,8.13,exact,poja,3,1,0,n,bwilkinson
2012,colv,2016-06-12,168,09:55:00,18:03:00,8.13,exact,refo,1,1,1,n,bwilkinson
2012,colv,2016-06-12,168,09:55:00,18:03:00,8.13,exact,rutu,2,1,0,n,bwilkinson
2012,colv,2016-06-12,168,09:55:00,18:03:00,8.13,exact,snow,1,1,0,n,bwilkinson
2011,cari,2017-06-11,168,09:36:00,20:11:00,10.58,exact,agsq,1,1,0,n,ecorp
2011,cari,2017-06-11,168,09:36:00,20:11:00,10.58,exact,arfo,1,1,0,n,ecorp
2011,cari,2017-06-11,168,09:36:00,20:11:00,10.58,exact,cole,1,1,0,n,ecorp
2011,cari,2017-06-11,168,09:36:00,20:11:00,10.58,exact,glgu,11,1,0,n,ecorp
2011,cari,2017-06-11,168,09:36:00,20:11:00,10.58,exact,ltja,2,1,0,n,ecorp
2011,cari,2017-06-11,168,09:36:00,20:11:00,10.58,exact,paja,3,1,0,n,ecorp
2011,cari,2017-06-11,168,09:36:00,20:11:00,10.58,exact,poja,12,1,0,n,ecorp
2011,cari,2017-06-11,168,09:36:00,20:11:00,10.58,exact,rutu,2,1,0,n,ecorp
2011,cari,2017-06-11,168,09:36:00,20:11:00,10.58,exact,snow,3,1,0,n,ecorp
2014,chur,2017-06-14,168,08:30:00,16:15:00,7.75,exact,cora,2,2,0,y,jperz
2014,chur,2017-06-14,168,08:30:00,16:15:00,7.75,exact,paja,5,2,0,y,jperz
2014,nome,2017-06-14,168,09:00:00,17:00:00,8,exact,sacr,9,2,0,y,NA
2014,nome,2017-06-14,168,09:00:00,17:00:00,8,exact,glgu,2,2,0,y,NA
2014,nome,2017-06-14,168,09:00:00,17:00:00,8,exact,megu,2,2,0,y,NA
2014,nome,2017-06-14,168,09:00:00,17:00:00,8,exact,paja,2,2,0,y,NA
2014,nome,2017-06-14,168,09:00:00,17:00:00,8,exact,cora,2,2,0,y,NA
2014,chau,2017-06-14,168,11:30:00,19:50:00,8.33,exact,glgu,10,2,0,y,amatsyna
2014,chau,2017-06-14,168,11:30:00,19:50:00,8.33,exact,poja,1,2,0,y,amatsyna
2014,chau,2017-06-14,168,11:30:00,19:50:00,8.33,exact,paja,1,2,0,y,amatsyna
2014,chau,2017-06-14,168,11:30:00,19:50:00,8.33,exact,ltja,2,2,0,y,amatsyna
2014,chau,2017-06-14,168,11:30:00,19:50:00,8.33,exact,sacr,27,2,0,y,amatsyna
2014,chau,2017-06-14,168,11:30:00,19:50:00,8.33,exact,unja,2,2,0,y,amatsyna
2014,chau,2017-06-14,168,11:30:00,19:50:00,8.33,exact,vegu,13,2,0,y,amatsyna
2014,chau,2017-06-14,168,11:30:00,19:50:00,8.33,exact,arfo,1,2,0,y,amatsyna
2014,coat,2017-06-14,168,08:30:00,17:30:00,9,exact,paja,3,2,0,y,crew1
2014,coat,2017-06-14,168,08:30:00,17:30:00,9,exact,herg,5,2,0,y,crew1
2014,coat,2017-06-14,168,08:00:00,17:00:00,9,exact,arfo,1,3,0,y,crew2
2011,nome,2017-06-11,168,10:00:00,14:00:00,4,exact,agsq,1,5,0,y,wenglish
2011,nome,2017-06-11,168,10:00:00,14:00:00,4,exact,glgu,3,5,0,y,wenglish
2011,nome,2017-06-11,168,10:00:00,14:00:00,4,exact,paja,1,5,0,y,wenglish
2011,nome,2017-06-11,168,10:00:00,14:00:00,4,exact,sacr,1,5,0,y,wenglish
2012,nome,2016-06-12,168,10:00:00,16:00:00,6,exact,cora,2,5,0,y,NA
2012,nome,2016-06-12,168,10:00:00,16:00:00,6,exact,glgu,1,5,0,y,NA
2012,nome,2016-06-12,168,10:00:00,16:00:00,6,exact,megu,2,5,0,y,NA
2012,nome,2016-06-12,168,10:00:00,16:00:00,6,exact,paja,2,5,0,y,NA
2012,nome,2016-06-12,168,10:00:00,16:00:00,6,exact,sacr,7,5,0,y,NA
2014,cari,2017-06-14,168,10:00:00,15:00:00,5,exact,glgu,6,1,0,n,idavies
2014,cari,2017-06-14,168,10:00:00,15:00:00,5,exact,poja,5,1,0,n,idavies
2014,cari,2017-06-14,168,10:00:00,15:00:00,5,exact,paja,2,1,0,n,idavies
2014,cari,2017-06-14,168,10:00:00,15:00:00,5,exact,snow,2,1,0,n,idavies
2014,cari,2017-06-14,168,10:00:00,15:00:00,5,exact,seow,2,1,0,n,idavies
2012,ikpi,2016-06-12,168,10:06:00,17:31:00,7.42,est,glgu,6,1,0,y,kpietrzak
2012,ikpi,2016-06-12,168,10:06:00,17:31:00,7.42,est,paja,4,1,0,n,kpietrzak
2012,ikpi,2016-06-12,168,10:06:00,17:31:00,7.42,exact,ltja,1,1,0,n,kpietrzak
2012,ikpi,2016-06-12,168,10:06:00,17:31:00,7.42,exact,snow,1,1,0,n,kpietrzak
2012,ikpi,2016-06-12,168,10:06:00,17:31:00,7.42,est,agsq,7,1,0,y,kpietrzak
2013,nome,2017-06-13,168,10:00:00,18:00:00,8,exact,refo,1,4,0,y,NA
2013,nome,2017-06-13,168,10:00:00,18:00:00,8,exact,rlha,1,4,0,y,NA
2013,nome,2017-06-13,168,10:00:00,18:00:00,8,exact,seow,1,4,0,y,NA
2013,nome,2017-06-13,168,10:00:00,18:00:00,8,exact,tuvo,1,4,0,y,NA
2013,nome,2017-06-13,168,10:00:00,18:00:00,8,exact,cora,1,4,0,y,NA
2013,nome,2017-06-13,168,10:00:00,18:00:00,8,exact,paja,1,4,0,y,NA
2013,nome,2017-06-13,168,10:00:00,18:00:00,8,exact,ltja,1,4,0,y,NA
2013,nome,2017-06-13,168,10:00:00,18:00:00,8,exact,unle,2,4,0,y,NA
2013,nome,2017-06-13,168,10:00:00,18:00:00,8,exact,glgu,2,4,0,y,NA
2013,nome,2017-06-13,168,10:00:00,18:00:00,8,exact,megu,3,4,0,y,NA
2013,nome,2017-06-13,168,10:00:00,18:00:00,8,exact,sacr,3,4,0,y,NA
2014,cakr,2016-06-14,167,15:55:00,17:05:00,1.17,est,glgu,1,1,0,n,mboldenow
2014,cakr,2016-06-14,167,15:55:00,17:05:00,1.17,est,paja,1,1,0,n,mboldenow
2014,cakr,2016-06-14,167,15:55:00,17:05:00,1.17,est,sacr,2,1,0,n,mboldenow
2014,cakr,2016-06-14,167,15:55:00,17:05:00,1.17,est,megu,3,1,0,n,mboldenow
2014,iglo,2016-06-14,167,15:18:00,17:30:00,2.2,est,glgu,1,1,0,n,mcfrenette
2014,iglo,2016-06-14,167,15:18:00,17:30:00,2.2,est,ltja,2,1,0,n,mcfrenette
2011,colv,2016-06-11,167,17:45:00,20:05:00,2.33,exact,glgu,1,1,0,n,dpavlik
2011,colv,2016-06-11,167,17:45:00,20:05:00,2.33,exact,paja,2,1,0,n,dpavlik
2011,colv,2016-06-11,167,17:45:00,20:05:00,2.33,exact,rutu,2,1,0,n,dpavlik
2014,colv,2016-06-14,167,14:00:00,16:30:00,2.5,exact,glgu,4,1,0,n,tdonnelly
2014,colv,2016-06-14,167,14:00:00,16:30:00,2.5,exact,poja,2,1,0,n,tdonnelly
2014,colv,2016-06-14,167,14:00:00,16:30:00,2.5,exact,paja,2,1,0,n,tdonnelly
2014,colv,2016-06-14,167,14:00:00,16:30:00,2.5,exact,ltja,2,1,0,n,tdonnelly
2014,colv,2016-06-14,167,14:00:00,16:30:00,2.5,exact,rutu,2,1,0,n,tdonnelly
2014,colv,2016-06-14,167,14:00:00,16:30:00,2.5,exact,agsq,3,1,0,n,tdonnelly
2012,colv,2015-06-12,167,09:24:00,11:56:00,2.53,exact,agsq,5,1,0,n,dpavlik
2012,colv,2015-06-12,167,09:24:00,11:56:00,2.53,exact,glgu,3,1,0,n,dpavlik
2012,colv,2015-06-12,167,09:24:00,11:56:00,2.53,exact,ltja,1,1,0,n,dpavlik
2012,colv,2015-06-12,167,09:24:00,11:56:00,2.53,exact,paja,4,1,0,n,dpavlik
2012,colv,2015-06-12,167,09:24:00,11:56:00,2.53,exact,rutu,2,1,0,n,dpavlik
2011,prba,2016-06-11,167,13:25:00,16:44:00,3.32,exact,glgu,3,1,0,n,chojnowski
2011,prba,2016-06-11,167,13:25:00,16:44:00,3.32,exact,ltja,1,1,0,n,chojnowski
2011,barr,2016-06-11,167,12:55:00,16:18:00,3.38,exact,glgu,1,1,0,n,jzamudio
2011,barr,2016-06-11,167,12:55:00,16:18:00,3.38,exact,poja,4,1,0,n,jzamudio
2011,prba,2016-06-11,167,09:20:00,12:48:00,3.47,exact,arfo,1,1,0,n,eames
2011,prba,2016-06-11,167,09:20:00,12:48:00,3.47,exact,glgu,6,1,0,n,eames
2011,prba,2016-06-11,167,09:20:00,12:48:00,3.47,exact,ltja,2,1,0,n,eames
2011,prba,2016-06-11,167,09:20:00,12:48:00,3.47,exact,poja,1,1,0,n,eames
2011,prba,2016-06-11,167,09:20:00,12:48:00,3.47,exact,snow,1,1,0,n,eames
2011,barr,2016-06-11,167,08:45:00,12:35:00,3.83,exact,glgu,1,1,0,n,jzamudio
2011,barr,2016-06-11,167,08:45:00,12:35:00,3.83,exact,poja,3,1,0,n,jzamudio
2011,barr,2016-06-11,167,09:00:00,12:55:00,3.92,exact,glgu,6,1,0,n,pherzog
2013,prba,2016-06-13,167,09:30:00,13:30:00,4,exact,agsq,1,1,0,n,brobinson
2013,prba,2016-06-13,167,09:30:00,13:30:00,4,exact,glgu,5,1,0,n,brobinson
2013,prba,2016-06-13,167,09:30:00,13:30:00,4,exact,ltja,2,1,0,n,brobinson
2013,prba,2016-06-13,167,09:30:00,13:30:00,4,exact,stwe,1,1,0,n,brobinson
2011,barr,2016-06-11,167,13:10:00,17:10:00,4,exact,glgu,5,1,0,n,pherzog
2011,barr,2016-06-11,167,13:10:00,17:10:00,4,exact,poja,1,1,0,n,pherzog
2011,barr,2016-06-11,167,09:05:00,13:15:00,4.17,est,glgu,33,1,0,n,jcunningham
2011,barr,2016-06-11,167,09:05:00,13:15:00,4.17,exact,poja,1,1,0,n,jcunningham
2012,prba,2015-06-12,167,15:00:00,19:15:00,4.25,exact,cora,1,1,0,n,jlautenbach
2012,prba,2015-06-12,167,15:00:00,19:15:00,4.25,exact,glgu,2,1,0,n,jlautenbach
2012,prba,2015-06-12,167,15:00:00,19:15:00,4.25,exact,ltja,2,1,0,n,jlautenbach
2012,prba,2015-06-12,167,15:00:00,19:15:00,4.25,exact,paja,3,1,0,n,jlautenbach
2011,barr,2016-06-11,167,14:15:00,18:45:00,4.5,exact,cora,2,1,0,n,jcunningham
2011,barr,2016-06-11,167,14:15:00,18:45:00,4.5,exact,glgu,5,1,0,n,jcunningham
2011,barr,2016-06-11,167,14:15:00,18:45:00,4.5,exact,paja,1,1,0,n,jcunningham
2011,barr,2016-06-11,167,14:15:00,18:45:00,4.5,exact,unle,1,1,0,n,jcunningham
2013,prba,2016-06-13,167,15:00:00,19:30:00,4.5,exact,glgu,9,1,0,n,brobinson
2013,prba,2016-06-13,167,15:00:00,19:30:00,4.5,exact,ltja,1,1,0,n,brobinson
2013,prba,2016-06-13,167,15:00:00,19:30:00,4.5,exact,paja,4,1,0,n,brobinson
2013,cari,2016-06-13,167,11:00:00,15:30:00,4.5,exact,glgu,2,1,0,n,bhiggins
2013,cari,2016-06-13,167,11:00:00,15:30:00,4.5,exact,ltwe,1,1,0,n,bhiggins
2013,cari,2016-06-13,167,11:00:00,15:30:00,4.5,exact,paja,6,1,0,n,bhiggins
2012,prba,2015-06-12,167,08:15:00,13:00:00,4.75,est,glgu,8,1,0,n,jlautenbach
2012,prba,2015-06-12,167,08:15:00,13:00:00,4.75,exact,ltja,5,1,0,n,jlautenbach
2012,prba,2015-06-12,167,08:15:00,13:00:00,4.75,exact,paja,2,1,0,n,jlautenbach
2012,prba,2015-06-12,167,08:15:00,13:00:00,4.75,exact,poja,3,1,0,n,jlautenbach
2011,colv,2016-06-11,167,12:42:00,17:41:00,4.98,exact,agsq,1,1,0,n,bwilkinson
2011,colv,2016-06-11,167,12:42:00,17:41:00,4.98,exact,brle,1,1,0,n,bwilkinson
2011,colv,2016-06-11,167,12:42:00,17:41:00,4.98,exact,glgu,6,1,0,n,bwilkinson
2011,colv,2016-06-11,167,12:42:00,17:41:00,4.98,exact,ltja,2,1,0,n,bwilkinson
2011,colv,2016-06-11,167,12:42:00,17:41:00,4.98,exact,paja,1,1,0,n,bwilkinson
2011,colv,2016-06-11,167,12:42:00,17:41:00,4.98,exact,rutu,2,1,0,n,bwilkinson
2013,chau,2016-06-13,167,12:30:00,18:20:00,5.83,est,agsq,2,1,1,n,mmudge
2013,chau,2016-06-13,167,12:30:00,18:20:00,5.83,est,cora,1,1,0,n,mmudge
2013,chau,2016-06-13,167,12:30:00,18:20:00,5.83,est,glgu,5,1,1,n,mmudge
2013,chau,2016-06-13,167,12:30:00,18:20:00,5.83,est,ltja,10,1,0,n,mmudge
2013,chau,2016-06-13,167,12:30:00,18:20:00,5.83,est,paja,1,1,0,n,mmudge
2013,chau,2016-06-13,167,12:30:00,18:20:00,5.83,est,sacr,15,1,1,n,mmudge
2013,chau,2016-06-13,167,12:30:00,18:20:00,5.83,est,vegu,7,1,0,n,mmudge
2011,cakr,2016-06-11,167,11:55:00,17:55:00,6,est,glgu,20,1,0,n,mvanderheyden
2011,cakr,2016-06-11,167,11:55:00,17:55:00,6,exact,paja,4,1,0,n,mvanderheyden
2011,cakr,2016-06-11,167,11:55:00,17:55:00,6,exact,cora,1,1,0,n,mvanderheyden
2011,cakr,2016-06-11,167,11:55:00,17:55:00,6,exact,ltja,1,1,0,n,mvanderheyden
2011,cakr,2016-06-11,167,11:55:00,17:55:00,6,exact,sacr,4,1,0,n,mvanderheyden
2014,chau,2016-06-14,167,10:35:00,17:00:00,6.42,exact,paja,1,1,0,n,jdiener
2014,chau,2016-06-14,167,10:35:00,17:00:00,6.42,exact,ltja,12,1,0,n,jdiener
2014,chau,2016-06-14,167,10:35:00,17:00:00,6.42,exact,vegu,2,1,0,n,jdiener
2014,colv,2016-06-14,167,12:00:00,18:30:00,6.5,exact,glgu,14,1,0,n,agottesman
2014,colv,2016-06-14,167,12:00:00,18:30:00,6.5,exact,paja,5,1,0,n,agottesman
2014,colv,2016-06-14,167,12:00:00,18:30:00,6.5,exact,ltja,1,1,0,n,agottesman
2014,colv,2016-06-14,167,12:00:00,18:30:00,6.5,exact,rutu,4,1,0,n,agottesman
2014,colv,2016-06-14,167,12:00:00,18:30:00,6.5,exact,agsq,6,1,0,n,agottesman
2014,ikpi,2016-06-14,167,08:07:00,15:36:00,7.48,exact,glgu,6,1,0,n,rhammond
2014,ikpi,2016-06-14,167,08:07:00,15:36:00,7.48,exact,poja,1,1,0,n,rhammond
2014,ikpi,2016-06-14,167,08:07:00,15:36:00,7.48,exact,paja,3,1,0,n,rhammond
2014,ikpi,2016-06-14,167,08:07:00,15:36:00,7.48,exact,ltja,1,1,0,n,rhammond
2014,ikpi,2016-06-14,167,08:07:00,15:36:00,7.48,exact,agsq,2,1,0,n,rhammond
2014,ikpi,2016-06-14,167,08:07:00,15:36:00,7.48,exact,sagu,4,1,0,n,rhammond
2011,ikpi,2016-06-11,167,10:10:00,17:51:00,7.68,est,agsq,10,1,1,n,jwright
2011,ikpi,2016-06-11,167,10:10:00,17:51:00,7.68,exact,arfo,1,1,0,n,jwright
2011,ikpi,2016-06-11,167,10:10:00,17:51:00,7.68,est,brle,5,1,0,n,jwright
2011,ikpi,2016-06-11,167,10:10:00,17:51:00,7.68,est,glgu,15,1,1,n,jwright
2011,ikpi,2016-06-11,167,10:10:00,17:51:00,7.68,est,ltja,12,1,0,n,jwright
2011,ikpi,2016-06-11,167,10:10:00,17:51:00,7.68,est,paja,7,1,0,n,jwright
2011,ikpi,2016-06-11,167,10:10:00,17:51:00,7.68,est,poja,2,1,0,n,jwright
2014,prba,2016-06-14,167,09:30:00,17:30:00,8,est,glgu,6,1,0,n,chelms
2014,prba,2016-06-14,167,09:30:00,17:30:00,8,est,poja,2,1,0,n,chelms
2014,prba,2016-06-14,167,09:30:00,17:30:00,8,exact,paja,2,1,0,n,chelms
2013,bylo,2016-06-13,167,11:30:00,19:30:00,8,exact,glgu,10,1,0,n,fsenezgagnon
2013,bylo,2016-06-13,167,11:30:00,19:30:00,8,exact,ltja,9,1,0,n,fsenezgagnon
2013,bylo,2016-06-13,167,11:30:00,19:30:00,8,exact,sacr,8,1,0,n,fsenezgagnon
2012,colv,2015-06-12,167,09:48:00,18:04:00,8.27,exact,agsq,4,1,0,n,bwilkinson
2012,colv,2015-06-12,167,09:48:00,18:04:00,8.27,exact,brle,1,1,0,n,bwilkinson
2012,colv,2015-06-12,167,09:48:00,18:04:00,8.27,exact,cora,1,1,0,n,bwilkinson
2012,colv,2015-06-12,167,09:48:00,18:04:00,8.27,exact,glgu,6,1,0,n,bwilkinson
2012,colv,2015-06-12,167,09:48:00,18:04:00,8.27,exact,ltja,1,1,0,n,bwilkinson
2012,colv,2015-06-12,167,09:48:00,18:04:00,8.27,exact,paja,1,1,0,n,bwilkinson
2012,colv,2015-06-12,167,09:48:00,18:04:00,8.27,exact,pefa,1,1,0,n,bwilkinson
2012,colv,2015-06-12,167,09:48:00,18:04:00,8.27,exact,rutu,2,1,0,n,bwilkinson
2012,colv,2015-06-12,167,09:48:00,18:04:00,8.27,exact,sacr,1,1,0,n,bwilkinson
2012,colv,2015-06-12,167,09:48:00,18:04:00,8.27,exact,snow,1,1,0,n,bwilkinson
2013,ikpi,2016-06-13,167,11:00:00,20:00:00,9,exact,agsq,1,1,0,n,ojames
2013,ikpi,2016-06-13,167,11:00:00,20:00:00,9,exact,glgu,3,1,0,n,ojames
2013,ikpi,2016-06-13,167,11:00:00,20:00:00,9,exact,ltja,1,1,0,n,ojames
2013,ikpi,2016-06-13,167,11:00:00,20:00:00,9,est,paja,6,1,0,n,ojames
2013,made,2016-06-13,167,10:00:00,13:00:00,3,exact,cora,1,2,0,y,kbeckmann
2013,made,2016-06-13,167,10:00:00,13:00:00,3,exact,glgu,3,2,0,y,kbeckmann
2013,made,2016-06-13,167,10:00:00,13:00:00,3,exact,paja,2,2,1,y,kbeckmann
2013,made,2016-06-13,167,10:00:00,13:00:00,3,est,sacr,21,2,0,y,kbeckmann
2014,chur,2016-06-14,167,13:30:00,16:30:00,3,exact,cora,2,2,0,y,jperz
2013,made,2016-06-13,167,14:00:00,17:15:00,3.25,exact,glgu,10,2,0,y,gmccune
2013,made,2016-06-13,167,14:00:00,17:15:00,3.25,exact,sacr,7,2,0,y,gmccune
2014,chur,2016-06-14,167,09:30:00,13:30:00,4,exact,cora,3,2,0,y,jperz
2014,chur,2016-06-14,167,09:30:00,13:30:00,4,exact,paja,2,2,0,y,jperz
2014,chur,2016-06-14,167,08:30:00,14:00:00,5.5,exact,cora,1,2,0,y,lkoloski
2014,chur,2016-06-14,167,08:30:00,14:00:00,5.5,exact,paja,4,2,0,y,lkoloski
2014,nome,2016-06-14,167,09:00:00,15:30:00,6.5,exact,glgu,6,2,0,y,NA
2014,nome,2016-06-14,167,09:00:00,15:30:00,6.5,exact,ltja,3,2,0,y,NA
2014,nome,2016-06-14,167,09:00:00,15:30:00,6.5,exact,megu,2,2,0,y,NA
2014,nome,2016-06-14,167,09:00:00,15:30:00,6.5,exact,paja,2,2,0,y,NA
2014,nome,2016-06-14,167,09:00:00,15:30:00,6.5,exact,cora,2,2,0,y,NA
2014,nome,2016-06-14,167,09:00:00,15:30:00,6.5,exact,sacr,1,2,0,y,NA
2014,coat,2016-06-14,167,08:30:00,15:30:00,7,exact,herg,7,2,0,y,crew2
2014,coat,2016-06-14,167,08:30:00,15:30:00,7,exact,arfo,3,2,0,y,crew2
2013,colv,2016-06-13,167,11:00:00,18:30:00,7.5,exact,agsq,5,2,0,y,scarvey
2013,colv,2016-06-13,167,11:00:00,18:30:00,7.5,exact,arfo,3,2,0,y,scarvey
2013,colv,2016-06-13,167,11:00:00,18:30:00,7.5,exact,glgu,7,2,0,y,scarvey
2013,colv,2016-06-13,167,11:00:00,18:30:00,7.5,exact,ltja,1,2,0,y,scarvey
2013,colv,2016-06-13,167,11:00:00,18:30:00,7.5,exact,paja,5,2,0,y,scarvey
2013,colv,2016-06-13,167,11:00:00,18:30:00,7.5,exact,refo,1,2,0,y,scarvey
2013,colv,2016-06-13,167,11:00:00,18:30:00,7.5,exact,rutu,2,2,1,y,scarvey
2013,made,2016-06-13,167,15:00:00,17:00:00,2,est,cora,2,3,0,y,abuckley
2013,made,2016-06-13,167,15:00:00,17:00:00,2,est,glgu,2,3,0,y,abuckley
2013,made,2016-06-13,167,15:00:00,17:00:00,2,est,paja,2,3,0,y,abuckley
2013,made,2016-06-13,167,15:00:00,17:00:00,2,est,sacr,6,3,0,y,abuckley
2014,coat,2016-06-14,167,08:30:00,15:30:00,7,exact,paja,2,3,0,y,crew1
2012,nome,2015-06-12,167,10:00:00,18:00:00,8,exact,agsq,2,5,0,y,NA
2012,nome,2015-06-12,167,10:00:00,18:00:00,8,exact,brbe,1,5,0,y,NA
2012,nome,2015-06-12,167,10:00:00,18:00:00,8,exact,cora,2,5,0,y,NA
2012,nome,2015-06-12,167,10:00:00,18:00:00,8,exact,megu,12,5,0,y,NA
2012,nome,2015-06-12,167,10:00:00,18:00:00,8,exact,noha,1,5,0,y,NA
2012,nome,2015-06-12,167,10:00:00,18:00:00,8,exact,paja,3,5,0,y,NA
2011,nome,2016-06-11,167,11:00:00,20:00:00,9,exact,agsq,4,5,0,y,wenglish
2011,nome,2016-06-11,167,11:00:00,20:00:00,9,exact,cora,5,5,0,y,wenglish
2011,nome,2016-06-11,167,11:00:00,20:00:00,9,exact,glgu,2,5,0,y,wenglish
2011,nome,2016-06-11,167,11:00:00,20:00:00,9,exact,paja,4,5,0,y,wenglish
2011,nome,2016-06-11,167,11:00:00,20:00:00,9,exact,sacr,7,5,0,y,wenglish
2012,eaba,2015-06-12,167,09:08:00,17:00:00,7.87,exact,arfo,2,6,0,y,ALL
2012,eaba,2015-06-12,167,09:08:00,17:00:00,7.87,exact,glgu,1,6,0,y,ALL
2012,eaba,2015-06-12,167,09:08:00,17:00:00,7.87,exact,herg,18,6,0,y,ALL
2012,eaba,2015-06-12,167,09:08:00,17:00:00,7.87,exact,paja,2,6,0,y,ALL
2012,eaba,2015-06-12,167,09:08:00,17:00:00,7.87,exact,rutu,9,6,0,y,ALL
2014,cari,2016-06-14,167,10:00:00,15:00:00,5,exact,glgu,15,1,0,n,idavies
2014,cari,2016-06-14,167,10:00:00,15:00:00,5,exact,paja,2,1,0,n,idavies
2014,cari,2016-06-14,167,10:00:00,15:00:00,5,exact,cora,2,1,0,n,idavies
2014,cari,2016-06-14,167,10:00:00,15:00:00,5,exact,noha,1,1,0,n,idavies
2014,cari,2016-06-14,167,10:00:00,15:00:00,5,exact,seow,2,1,0,n,idavies
2014,cari,2016-06-14,167,10:00:00,15:00:00,5,exact,poja,6,1,1,n,idavies
2012,ikpi,2015-06-12,167,09:53:00,18:00:00,8.12,est,glgu,4,1,0,n,mmudge
2012,ikpi,2015-06-12,167,09:53:00,18:00:00,8.12,exact,poja,2,1,0,n,mmudge
2012,ikpi,2015-06-12,167,09:53:00,18:00:00,8.12,est,paja,5,1,0,n,mmudge
2012,ikpi,2015-06-12,167,09:53:00,18:00:00,8.12,est,ltja,3,1,0,n,mmudge
2012,ikpi,2015-06-12,167,09:53:00,18:00:00,8.12,exact,cora,2,1,0,n,mmudge
2012,ikpi,2015-06-12,167,09:53:00,18:00:00,8.12,exact,agsq,1,1,0,n,mmudge
2012,ikpi,2015-06-12,167,09:53:00,18:00:00,8.12,exact,brle,6,1,0,n,mmudge
2012,ikpi,2015-06-12,167,09:53:00,18:00:00,8.12,exact,unle,1,1,0,n,mmudge
2013,nome,2016-06-13,167,NA,NA,6,exact,noha,1,4,0,y,NA
2013,nome,2016-06-13,167,NA,NA,6,exact,refo,1,4,0,y,NA
2013,nome,2016-06-13,167,NA,NA,6,exact,tuvo,1,4,0,y,NA
2013,nome,2016-06-13,167,NA,NA,6,exact,unle,1,4,0,y,NA
2013,nome,2016-06-13,167,NA,NA,6,exact,cora,1,4,0,y,NA
2013,nome,2016-06-13,167,NA,NA,6,exact,sacr,1,4,0,y,NA
2013,nome,2016-06-13,167,NA,NA,6,exact,agsq,1,4,0,y,NA
2013,nome,2016-06-13,167,NA,NA,6,exact,glgu,1,4,0,y,NA
2013,nome,2016-06-13,167,NA,NA,6,exact,paja,1,4,0,y,NA
2013,nome,2016-06-13,167,NA,NA,6,exact,megu,2,4,0,y,NA
2011,chur,2016-06-11,167,10:00:00,13:55:00,3.92,NA,paja,2,3,0,y,edastous
2011,chur,2016-06-11,167,09:10:00,09:50:00,0.67,NA,cora,4,3,0,y,edastous
2011,chur,2016-06-11,167,09:10:00,09:50:00,0.67,NA,sacr,100,3,0,y,edastous
2013,prba,2015-06-13,166,14:45:00,16:00:00,1.25,exact,glgu,1,1,0,n,brobinson
2013,prba,2015-06-13,166,14:45:00,16:00:00,1.25,exact,ltja,2,1,0,n,brobinson
2013,prba,2015-06-13,166,14:45:00,16:00:00,1.25,exact,paja,2,1,0,n,brobinson
2013,prba,2015-06-13,166,12:45:00,14:15:00,1.5,exact,glgu,1,1,0,n,brobinson
2013,prba,2015-06-13,166,12:45:00,14:15:00,1.5,exact,ltja,1,1,0,n,brobinson
2013,prba,2015-06-13,166,10:00:00,12:00:00,2,exact,arfo,1,1,0,n,brobinson
2013,prba,2015-06-13,166,10:00:00,12:00:00,2,exact,cora,1,1,0,n,brobinson
2013,prba,2015-06-13,166,10:00:00,12:00:00,2,exact,glgu,1,1,0,n,brobinson
2013,prba,2015-06-13,166,10:00:00,12:00:00,2,exact,paja,2,1,0,n,brobinson
2014,iglo,2015-06-14,166,15:55:00,18:00:00,2.08,est,glgu,1,1,0,n,mcfrenette
2014,iglo,2015-06-14,166,15:55:00,18:00:00,2.08,est,ungu,1,1,0,n,mcfrenette
2014,iglo,2015-06-14,166,15:55:00,18:00:00,2.08,est,snow,1,1,0,n,mcfrenette
2012,cari,2014-06-12,166,10:25:00,13:00:00,2.58,exact,agsq,1,1,0,n,akneidel
2012,cari,2014-06-12,166,10:25:00,13:00:00,2.58,exact,arfo,1,1,0,n,akneidel
2012,cari,2014-06-12,166,10:25:00,13:00:00,2.58,exact,cole,1,1,0,n,akneidel
2012,cari,2014-06-12,166,10:25:00,13:00:00,2.58,exact,glgu,18,1,0,n,akneidel
2012,cari,2014-06-12,166,10:25:00,13:00:00,2.58,exact,paja,3,1,0,n,akneidel
2012,cari,2014-06-12,166,10:25:00,13:00:00,2.58,exact,poja,4,1,0,n,akneidel
2011,prba,2015-06-11,166,14:17:00,17:37:00,3.33,exact,cora,1,1,0,n,eames
2011,prba,2015-06-11,166,14:17:00,17:37:00,3.33,exact,glgu,1,1,0,n,eames
2011,prba,2015-06-11,166,14:17:00,17:37:00,3.33,exact,unle,3,1,0,n,eames
2011,prba,2015-06-11,166,14:17:00,17:37:00,3.33,exact,ltja,1,1,0,n,eames
2011,prba,2015-06-11,166,14:17:00,17:37:00,3.33,exact,paja,1,1,0,n,eames
2011,prba,2015-06-11,166,14:17:00,17:37:00,3.33,exact,poja,2,1,0,n,eames
2013,bylo,2015-06-13,166,10:30:00,14:30:00,4,exact,glgu,12,1,0,n,fsenezgagnon
2013,bylo,2015-06-13,166,10:30:00,14:30:00,4,exact,ltja,5,1,0,n,fsenezgagnon
2013,bylo,2015-06-13,166,10:30:00,14:30:00,4,exact,sacr,4,1,0,n,fsenezgagnon
2011,prba,2015-06-11,166,09:20:00,13:22:00,4.03,exact,cora,1,1,0,n,chojnowski
2011,prba,2015-06-11,166,09:20:00,13:22:00,4.03,exact,glgu,2,1,0,n,chojnowski
2011,prba,2015-06-11,166,09:20:00,13:22:00,4.03,exact,ltja,1,1,0,n,chojnowski
2011,prba,2015-06-11,166,09:20:00,13:22:00,4.03,exact,paja,2,1,0,n,chojnowski
2011,prba,2015-06-11,166,09:20:00,13:22:00,4.03,exact,poja,3,1,0,n,chojnowski
2011,prba,2015-06-11,166,09:20:00,13:22:00,4.03,exact,snow,1,1,0,n,chojnowski
2011,colv,2015-06-11,166,10:21:00,14:34:00,4.22,exact,agsq,2,1,0,n,bwilkinson
2011,colv,2015-06-11,166,10:21:00,14:34:00,4.22,exact,glgu,5,1,0,n,bwilkinson
2011,colv,2015-06-11,166,10:21:00,14:34:00,4.22,exact,paja,1,1,0,n,bwilkinson
2011,colv,2015-06-11,166,10:21:00,14:34:00,4.22,exact,rutu,1,1,0,n,bwilkinson
2012,cari,2014-06-12,166,12:05:00,17:02:00,4.95,exact,brle,1,1,0,n,idavies
2012,cari,2014-06-12,166,12:05:00,17:02:00,4.95,exact,glgu,24,1,0,n,idavies
2012,cari,2014-06-12,166,12:05:00,17:02:00,4.95,exact,ltja,2,1,0,n,idavies
2012,cari,2014-06-12,166,12:05:00,17:02:00,4.95,exact,paja,3,1,0,n,idavies
2012,cari,2014-06-12,166,12:05:00,17:02:00,4.95,exact,pefa,1,1,0,n,idavies
2012,cari,2014-06-12,166,12:05:00,17:02:00,4.95,exact,poja,6,1,0,n,idavies
2012,colv,2014-06-12,166,10:50:00,15:54:00,5.07,exact,agsq,4,1,0,n,dpavlik
2012,colv,2014-06-12,166,10:50:00,15:54:00,5.07,exact,cole,1,1,0,n,dpavlik
2012,colv,2014-06-12,166,10:50:00,15:54:00,5.07,exact,glgu,9,1,0,n,dpavlik
2012,colv,2014-06-12,166,10:50:00,15:54:00,5.07,exact,ltja,1,1,0,n,dpavlik
2012,colv,2014-06-12,166,10:50:00,15:54:00,5.07,exact,paja,3,1,0,n,dpavlik
2012,colv,2014-06-12,166,10:50:00,15:54:00,5.07,exact,rutu,2,1,0,n,dpavlik
2013,chau,2015-06-13,166,11:30:00,17:00:00,5.5,est,glgu,5,1,0,n,kpietrzak
2013,chau,2015-06-13,166,11:30:00,17:00:00,5.5,est,ltja,180,1,0,n,kpietrzak
2013,chau,2015-06-13,166,11:30:00,17:00:00,5.5,est,paja,3,1,0,n,kpietrzak
2013,chau,2015-06-13,166,11:30:00,17:00:00,5.5,est,sacr,10,1,0,n,kpietrzak
2013,chau,2015-06-13,166,11:30:00,17:00:00,5.5,est,ungu,60,1,0,n,kpietrzak
2013,chau,2015-06-13,166,11:30:00,17:00:00,5.5,est,vegu,13,1,0,n,kpietrzak
2014,made,2015-06-14,166,10:30:00,16:30:00,6,est,sacr,9,1,0,n,lbachellier
2014,made,2015-06-14,166,10:30:00,16:30:00,6,est,gyrf,2,1,0,n,lbachellier
2014,made,2015-06-14,166,10:30:00,16:30:00,6,est,paja,3,1,0,n,lbachellier
2014,made,2015-06-14,166,10:30:00,16:30:00,6,est,cora,1,1,0,n,lbachellier
2011,made,2015-06-11,166,10:40:00,17:11:00,6.52,est,brbe,2,1,0,n,mmichaud
2011,made,2015-06-11,166,10:40:00,17:11:00,6.52,exact,glgu,2,1,0,n,mmichaud
2011,made,2015-06-11,166,10:40:00,17:11:00,6.52,exact,paja,2,1,0,n,mmichaud
2011,made,2015-06-11,166,10:40:00,17:11:00,6.52,exact,pefa,1,1,0,n,mmichaud
2011,made,2015-06-11,166,10:40:00,17:11:00,6.52,exact,rlha,1,1,0,n,mmichaud
2011,made,2015-06-11,166,10:40:00,17:11:00,6.52,est,sacr,8,1,0,n,mmichaud
2012,cari,2014-06-12,166,10:30:00,17:30:00,7,exact,glgu,13,1,0,n,bwinn
2012,cari,2014-06-12,166,10:30:00,17:30:00,7,exact,paja,10,1,0,n,bwinn
2012,cari,2014-06-12,166,10:30:00,17:30:00,7,exact,poja,3,1,0,n,bwinn
2013,colv,2015-06-13,166,12:40:00,20:01:00,7.35,exact,agsq,9,1,0,n,bwilkinson
2013,colv,2015-06-13,166,12:40:00,20:01:00,7.35,exact,arfo,1,1,0,n,bwilkinson
2013,colv,2015-06-13,166,12:40:00,20:01:00,7.35,exact,glgu,5,1,0,n,bwilkinson
2013,colv,2015-06-13,166,12:40:00,20:01:00,7.35,exact,ltja,2,1,0,n,bwilkinson
2013,colv,2015-06-13,166,12:40:00,20:01:00,7.35,exact,paja,3,1,0,n,bwilkinson
2013,colv,2015-06-13,166,12:40:00,20:01:00,7.35,exact,rutu,2,1,0,n,bwilkinson
2014,colv,2015-06-14,166,11:20:00,18:50:00,7.5,exact,glgu,7,1,0,n,agottesman
2014,colv,2015-06-14,166,11:20:00,18:50:00,7.5,exact,poja,1,1,0,n,agottesman
2014,colv,2015-06-14,166,11:20:00,18:50:00,7.5,exact,paja,8,1,0,n,agottesman
2014,colv,2015-06-14,166,11:20:00,18:50:00,7.5,exact,ltja,1,1,0,n,agottesman
2014,colv,2015-06-14,166,11:20:00,18:50:00,7.5,exact,rutu,2,1,0,n,agottesman
2014,colv,2015-06-14,166,11:20:00,18:50:00,7.5,exact,sacr,1,1,0,n,agottesman
2014,colv,2015-06-14,166,11:20:00,18:50:00,7.5,exact,noha,1,1,0,n,agottesman
2014,colv,2015-06-14,166,11:20:00,18:50:00,7.5,exact,refo,1,1,0,n,agottesman
2014,colv,2015-06-14,166,11:20:00,18:50:00,7.5,exact,agsq,15,1,0,n,agottesman
2014,colv,2015-06-14,166,11:30:00,19:00:00,7.5,exact,glgu,8,1,0,n,tdonnelly
2014,colv,2015-06-14,166,11:30:00,19:00:00,7.5,exact,paja,6,1,0,n,tdonnelly
2014,colv,2015-06-14,166,11:30:00,19:00:00,7.5,exact,ltja,3,1,0,n,tdonnelly
2014,colv,2015-06-14,166,11:30:00,19:00:00,7.5,exact,rutu,6,1,0,n,tdonnelly
2014,colv,2015-06-14,166,11:30:00,19:00:00,7.5,exact,agsq,6,1,0,n,tdonnelly
2012,prba,2014-06-12,166,08:05:00,15:45:00,7.67,exact,cora,3,1,0,n,apham
2012,prba,2014-06-12,166,08:05:00,15:45:00,7.67,exact,glgu,14,1,0,n,apham
2012,prba,2014-06-12,166,08:05:00,15:45:00,7.67,exact,ltja,4,1,1,n,apham
2012,prba,2014-06-12,166,08:05:00,15:45:00,7.67,exact,paja,2,1,0,n,apham
2012,colv,2014-06-12,166,10:23:00,18:31:00,8.13,exact,agsq,5,1,0,n,bwilkinson
2012,colv,2014-06-12,166,10:23:00,18:31:00,8.13,exact,glgu,10,1,0,n,bwilkinson
2012,colv,2014-06-12,166,10:23:00,18:31:00,8.13,exact,ltja,1,1,0,n,bwilkinson
2012,colv,2014-06-12,166,10:23:00,18:31:00,8.13,exact,noha,1,1,0,n,bwilkinson
2012,colv,2014-06-12,166,10:23:00,18:31:00,8.13,exact,paja,3,1,0,n,bwilkinson
2012,colv,2014-06-12,166,10:23:00,18:31:00,8.13,exact,poja,3,1,0,n,bwilkinson
2012,colv,2014-06-12,166,10:23:00,18:31:00,8.13,exact,rutu,4,1,0,n,bwilkinson
2012,colv,2014-06-12,166,10:23:00,18:31:00,8.13,exact,seow,1,1,0,n,bwilkinson
2014,made,2015-06-14,166,10:40:00,18:50:00,8.17,exact,paja,4,1,0,y,pwoodard
2014,made,2015-06-14,166,10:40:00,18:50:00,8.17,est,sacr,30,1,0,y,pwoodard
2014,made,2015-06-14,166,10:40:00,18:50:00,8.17,exact,cora,1,1,0,y,pwoodard
2011,ikpi,2015-06-11,166,10:00:00,18:30:00,8.5,exact,agsq,5,1,1,n,acook
2011,ikpi,2015-06-11,166,10:00:00,18:30:00,8.5,exact,glgu,4,1,0,n,acook
2011,ikpi,2015-06-11,166,10:00:00,18:30:00,8.5,exact,ltja,3,1,0,n,acook
2011,ikpi,2015-06-11,166,10:00:00,18:30:00,8.5,exact,paja,3,1,0,n,acook
2011,ikpi,2015-06-11,166,10:00:00,18:30:00,8.5,exact,poja,4,1,0,n,acook
2014,ikpi,2015-06-14,166,08:48:00,17:30:00,8.7,exact,glgu,5,1,0,n,pchilton
2014,ikpi,2015-06-14,166,08:48:00,17:30:00,8.7,exact,poja,2,1,0,n,pchilton
2014,ikpi,2015-06-14,166,08:48:00,17:30:00,8.7,exact,paja,1,1,0,n,pchilton
2014,ikpi,2015-06-14,166,08:48:00,17:30:00,8.7,exact,agsq,1,1,0,n,pchilton
2014,ikpi,2015-06-14,166,08:48:00,17:30:00,8.7,exact,unle,1,1,0,n,pchilton
2011,cari,2015-06-11,166,10:00:00,18:50:00,8.83,exact,brle,4,1,0,n,ecorp
2011,cari,2015-06-11,166,10:00:00,18:50:00,8.83,exact,cole,1,1,0,n,ecorp
2011,cari,2015-06-11,166,10:00:00,18:50:00,8.83,exact,cora,1,1,0,n,ecorp
2011,cari,2015-06-11,166,10:00:00,18:50:00,8.83,exact,glgu,7,1,0,n,ecorp
2011,cari,2015-06-11,166,10:00:00,18:50:00,8.83,exact,ltja,4,1,0,n,ecorp
2011,cari,2015-06-11,166,10:00:00,18:50:00,8.83,exact,paja,5,1,0,n,ecorp
2011,cari,2015-06-11,166,10:00:00,18:50:00,8.83,exact,poja,5,1,0,n,ecorp
2011,cari,2015-06-11,166,10:00:00,18:50:00,8.83,exact,sacr,6,1,0,n,ecorp
2011,cari,2015-06-11,166,10:00:00,18:50:00,8.83,exact,snow,4,1,0,n,ecorp
2011,cari,2015-06-11,166,09:57:00,18:50:00,8.88,exact,glgu,14,1,0,n,rburner
2011,cari,2015-06-11,166,09:57:00,18:50:00,8.88,exact,ltja,1,1,0,n,rburner
2011,cari,2015-06-11,166,09:57:00,18:50:00,8.88,exact,paja,9,1,0,n,rburner
2011,cari,2015-06-11,166,09:57:00,18:50:00,8.88,exact,pefa,1,1,0,n,rburner
2011,cari,2015-06-11,166,09:57:00,18:50:00,8.88,exact,poja,13,1,0,n,rburner
2011,cari,2015-06-11,166,09:57:00,18:50:00,8.88,exact,snow,5,1,0,n,rburner
2011,colv,2015-06-11,166,10:15:00,19:45:00,9.5,exact,agsq,7,1,0,n,epalm
2011,colv,2015-06-11,166,10:15:00,19:45:00,9.5,exact,glgu,12,1,0,n,epalm
2011,colv,2015-06-11,166,10:15:00,19:45:00,9.5,exact,ltja,4,1,0,n,epalm
2011,colv,2015-06-11,166,10:15:00,19:45:00,9.5,exact,paja,8,1,0,n,epalm
2011,colv,2015-06-11,166,10:15:00,19:45:00,9.5,exact,pefa,1,1,0,n,epalm
2011,colv,2015-06-11,166,10:15:00,19:45:00,9.5,exact,rutu,4,1,0,n,epalm
2013,ikpi,2015-06-13,166,10:00:00,20:00:00,10,est,agsq,4,1,0,n,acook
2013,ikpi,2015-06-13,166,10:00:00,20:00:00,10,exact,arfo,1,1,0,n,acook
2013,ikpi,2015-06-13,166,10:00:00,20:00:00,10,est,glgu,4,1,0,n,acook
2013,ikpi,2015-06-13,166,10:00:00,20:00:00,10,est,paja,2,1,0,n,acook
2012,nome,2014-06-12,166,10:00:00,21:00:00,11,exact,cora,2,1,0,y,NA
2012,nome,2014-06-12,166,10:00:00,21:00:00,11,exact,glgu,9,1,0,y,NA
2012,nome,2014-06-12,166,10:00:00,21:00:00,11,exact,megu,8,1,0,y,NA
2012,nome,2014-06-12,166,10:00:00,21:00:00,11,exact,paja,2,1,0,y,NA
2014,chur,2015-06-14,166,13:00:00,14:20:00,1.33,exact,cora,1,2,0,y,lkoloski
2014,chur,2015-06-14,166,13:00:00,14:20:00,1.33,exact,herg,1,2,0,y,lkoloski
2014,chur,2015-06-14,166,08:45:00,11:45:00,3,exact,cora,3,2,0,y,lkoloski
2014,chur,2015-06-14,166,08:45:00,11:45:00,3,exact,herg,4,2,0,y,lkoloski
2014,chur,2015-06-14,166,08:45:00,11:45:00,3,exact,noha,1,2,0,y,lkoloski
2014,chur,2015-06-14,166,08:45:00,11:45:00,3,exact,paja,2,2,0,y,lkoloski
2014,chur,2015-06-14,166,08:30:00,12:00:00,3.5,exact,cora,2,2,0,y,jperz
2014,chur,2015-06-14,166,08:30:00,12:00:00,3.5,exact,herg,3,2,0,y,jperz
2014,chur,2015-06-14,166,08:30:00,12:00:00,3.5,exact,paja,2,2,0,y,jperz
2011,made,2015-06-11,166,11:44:00,17:35:00,5.85,est,arte,4,2,0,y,lpirie
2011,made,2015-06-11,166,11:44:00,17:35:00,5.85,est,cora,3,2,0,y,lpirie
2011,made,2015-06-11,166,11:44:00,17:35:00,5.85,est,glgu,5,2,0,y,lpirie
2011,made,2015-06-11,166,11:44:00,17:35:00,5.85,est,paja,3,2,0,y,lpirie
2011,made,2015-06-11,166,11:44:00,17:35:00,5.85,est,rlha,2,2,0,y,lpirie
2011,made,2015-06-11,166,11:44:00,17:35:00,5.85,est,sacr,6,2,0,y,lpirie
2014,nome,2015-06-14,166,09:00:00,15:00:00,6,exact,glgu,15,2,0,y,NA
2014,nome,2015-06-14,166,09:00:00,15:00:00,6,exact,megu,3,2,0,y,NA
2013,colv,2015-06-13,166,12:00:00,18:30:00,6.5,exact,agsq,6,2,0,n,scarvey
2013,colv,2015-06-13,166,12:00:00,18:30:00,6.5,exact,glgu,12,2,0,n,scarvey
2013,colv,2015-06-13,166,12:00:00,18:30:00,6.5,exact,ltja,4,2,0,n,scarvey
2013,colv,2015-06-13,166,12:00:00,18:30:00,6.5,exact,paja,7,2,0,n,scarvey
2013,colv,2015-06-13,166,12:00:00,18:30:00,6.5,exact,poja,1,2,0,n,scarvey
2013,colv,2015-06-13,166,12:00:00,18:30:00,6.5,exact,rutu,5,2,0,n,scarvey
2014,chau,2015-06-14,166,11:40:00,18:30:00,6.83,exact,glgu,5,2,0,y,amatsyna
2014,chau,2015-06-14,166,11:40:00,18:30:00,6.83,exact,paja,4,2,0,y,amatsyna
2014,chau,2015-06-14,166,11:40:00,18:30:00,6.83,exact,ltja,2,2,0,y,amatsyna
2014,chau,2015-06-14,166,11:40:00,18:30:00,6.83,exact,sacr,13,2,0,y,amatsyna
2014,made,2015-06-14,166,11:00:00,18:00:00,7,exact,glgu,2,2,0,y,fsmith
2014,made,2015-06-14,166,11:00:00,18:00:00,7,exact,paja,1,2,0,y,fsmith
2014,made,2015-06-14,166,11:00:00,18:00:00,7,exact,cora,2,2,0,y,fsmith
2014,made,2015-06-14,166,11:00:00,18:00:00,7,exact,sacr,6,2,0,y,fsmith
2014,coat,2015-06-14,166,08:00:00,18:00:00,10,est,herg,22,2,0,y,crew2
2014,coat,2015-06-14,166,08:00:00,18:00:00,10,exact,arfo,3,2,0,y,crew2
2014,chur,2015-06-14,166,02:30:00,17:15:00,14.75,exact,amcr,1,2,0,y,jperz
2014,chur,2015-06-14,166,02:30:00,17:15:00,14.75,exact,cora,1,2,0,y,jperz
2014,chur,2015-06-14,166,02:30:00,17:15:00,14.75,exact,merl,2,2,0,y,jperz
2014,chur,2015-06-14,166,02:30:00,17:15:00,14.75,exact,paja,1,2,0,y,jperz
2014,coat,2015-06-14,166,08:00:00,17:00:00,9,est,paja,16,3,0,y,crew1
2014,coat,2015-06-14,166,08:00:00,17:00:00,9,exact,ltja,2,3,0,y,crew1
2011,nome,2015-06-11,166,09:30:00,19:00:00,9.5,exact,agsq,2,5,0,y,wenglish
2011,nome,2015-06-11,166,09:30:00,19:00:00,9.5,exact,cora,6,5,0,y,wenglish
2011,nome,2015-06-11,166,09:30:00,19:00:00,9.5,exact,glgu,7,5,0,y,wenglish
2011,nome,2015-06-11,166,09:30:00,19:00:00,9.5,exact,paja,7,5,0,y,wenglish
2011,nome,2015-06-11,166,09:30:00,19:00:00,9.5,exact,sacr,6,5,0,y,wenglish
2012,eaba,2014-06-12,166,09:00:00,17:00:00,8,exact,arfo,1,6,0,y,ALL
2012,eaba,2014-06-12,166,09:00:00,17:00:00,8,exact,herg,21,6,0,y,ALL
2012,eaba,2014-06-12,166,09:00:00,17:00:00,8,exact,paja,1,6,0,y,ALL
2012,eaba,2014-06-12,166,09:00:00,17:00:00,8,exact,rutu,12,6,0,y,ALL
2014,cari,2015-06-14,166,09:00:00,17:30:00,8.5,exact,glgu,30,1,0,n,idavies
2014,cari,2015-06-14,166,09:00:00,17:30:00,8.5,exact,poja,8,1,0,n,idavies
2014,cari,2015-06-14,166,09:00:00,17:30:00,8.5,exact,sacr,1,1,0,n,idavies
2014,cari,2015-06-14,166,09:00:00,17:30:00,8.5,exact,pefa,1,1,0,n,idavies
2014,cari,2015-06-14,166,09:00:00,17:30:00,8.5,exact,seow,2,1,0,n,idavies
2014,cari,2015-06-14,166,09:00:00,17:30:00,8.5,exact,paja,4,1,1,n,idavies
2014,cari,2015-06-14,166,09:00:00,17:30:00,8.5,exact,snow,1,1,1,n,idavies
2012,ikpi,2014-06-12,166,09:50:00,18:20:00,8.5,est,glgu,9,1,0,y,kpietrzak
2012,ikpi,2014-06-12,166,09:50:00,18:20:00,8.5,exact,poja,1,1,0,n,kpietrzak
2012,ikpi,2014-06-12,166,09:50:00,18:20:00,8.5,est,paja,7,1,0,n,kpietrzak
2012,ikpi,2014-06-12,166,09:50:00,18:20:00,8.5,est,ltja,4,1,0,n,kpietrzak
2012,ikpi,2014-06-12,166,09:50:00,18:20:00,8.5,exact,snow,1,1,0,n,kpietrzak
2012,ikpi,2014-06-12,166,09:50:00,18:20:00,8.5,exact,brle,1,1,0,n,kpietrzak
2011,chur,2015-06-11,166,09:30:00,11:30:00,2,NA,paja,3,2,0,y,edastous
2011,chur,2015-06-11,166,14:00:00,16:30:00,2.5,NA,paja,2,2,0,y,edastous
2011,chur,2015-06-11,166,09:30:00,11:30:00,2,NA,cora,1,2,0,y,edastous
2012,made,2013-06-12,165,17:14:00,18:50:00,1.6,exact,paja,2,1,0,n,asmith
2012,made,2013-06-12,165,17:14:00,18:50:00,1.6,exact,sacr,3,1,0,n,asmith
2011,colv,2014-06-11,165,10:22:00,12:35:00,2.22,exact,agsq,2,1,0,n,dpavlik
2011,colv,2014-06-11,165,10:22:00,12:35:00,2.22,exact,cora,1,1,0,n,dpavlik
2011,colv,2014-06-11,165,10:22:00,12:35:00,2.22,exact,glgu,2,1,0,n,dpavlik
2011,colv,2014-06-11,165,10:22:00,12:35:00,2.22,exact,ltja,1,1,0,n,dpavlik
2011,colv,2014-06-11,165,10:22:00,12:35:00,2.22,exact,paja,3,1,0,n,dpavlik
2011,colv,2014-06-11,165,10:22:00,12:35:00,2.22,exact,rutu,2,1,0,n,dpavlik
2011,prba,2014-06-11,165,14:34:00,17:17:00,2.72,exact,cora,1,1,0,n,eames
2011,prba,2014-06-11,165,14:34:00,17:17:00,2.72,exact,glgu,4,1,0,n,eames
2011,prba,2014-06-11,165,14:34:00,17:17:00,2.72,exact,poja,3,1,0,n,eames
2014,ikpi,2014-06-14,165,14:00:00,17:30:00,3.5,est,glgu,5,1,0,n,mdodds
2014,ikpi,2014-06-14,165,14:00:00,17:30:00,3.5,est,poja,3,1,0,n,mdodds
2014,ikpi,2014-06-14,165,14:00:00,17:30:00,3.5,est,paja,3,1,0,n,mdodds
2014,ikpi,2014-06-14,165,14:00:00,17:30:00,3.5,est,ltja,2,1,0,n,mdodds
2011,prba,2014-06-11,165,10:10:00,14:00:00,3.83,exact,arfo,1,1,0,n,chojnowski
2011,prba,2014-06-11,165,10:10:00,14:00:00,3.83,exact,glgu,2,1,0,n,chojnowski
2011,prba,2014-06-11,165,10:10:00,14:00:00,3.83,exact,unle,1,1,0,n,chojnowski
2011,prba,2014-06-11,165,10:10:00,14:00:00,3.83,exact,poja,2,1,0,n,chojnowski
2011,made,2014-06-11,165,13:15:00,17:15:00,4,est,cora,2,1,0,n,knuyaviak
2011,made,2014-06-11,165,13:15:00,17:15:00,4,est,glgu,3,1,0,n,knuyaviak
2011,made,2014-06-11,165,13:15:00,17:15:00,4,exact,paja,4,1,0,n,knuyaviak
2011,made,2014-06-11,165,13:15:00,17:15:00,4,est,sacr,6,1,0,n,knuyaviak
2011,made,2014-06-11,165,13:15:00,17:15:00,4,exact,unle,3,1,0,n,knuyaviak
2012,prba,2013-06-12,165,08:20:00,13:00:00,4.67,exact,agsq,1,1,0,n,jlautenbach
2012,prba,2013-06-12,165,08:20:00,13:00:00,4.67,exact,brle,1,1,0,n,jlautenbach
2012,prba,2013-06-12,165,08:20:00,13:00:00,4.67,exact,cora,3,1,0,n,jlautenbach
2012,prba,2013-06-12,165,08:20:00,13:00:00,4.67,exact,glgu,6,1,0,n,jlautenbach
2012,prba,2013-06-12,165,08:20:00,13:00:00,4.67,exact,ltja,4,1,0,n,jlautenbach
2012,prba,2013-06-12,165,08:20:00,13:00:00,4.67,exact,paja,2,1,0,n,jlautenbach
2012,prba,2013-06-12,165,08:20:00,13:00:00,4.67,exact,poja,2,1,0,n,jlautenbach
2012,prba,2013-06-12,165,08:20:00,13:00:00,4.67,exact,sacr,2,1,0,n,jlautenbach
2012,prba,2013-06-12,165,08:20:00,13:00:00,4.67,exact,snow,1,1,0,n,jlautenbach
2013,bylo,2014-06-13,165,13:30:00,19:00:00,5.5,exact,glgu,8,1,0,n,fsenezgagnon
2013,bylo,2014-06-13,165,13:30:00,19:00:00,5.5,exact,ltja,4,1,0,n,fsenezgagnon
2013,bylo,2014-06-13,165,13:30:00,19:00:00,5.5,exact,sacr,6,1,0,n,fsenezgagnon
2013,cari,2014-06-13,165,14:00:00,19:30:00,5.5,exact,agsq,6,1,0,n,bhiggins
2013,cari,2014-06-13,165,14:00:00,19:30:00,5.5,exact,cora,2,1,0,n,bhiggins
2013,cari,2014-06-13,165,14:00:00,19:30:00,5.5,exact,glgu,5,1,0,n,bhiggins
2013,cari,2014-06-13,165,14:00:00,19:30:00,5.5,exact,paja,3,1,0,n,bhiggins
2013,cari,2014-06-13,165,14:00:00,19:30:00,5.5,exact,rutu,1,1,0,n,bhiggins
2012,colv,2013-06-12,165,08:55:00,14:25:00,5.5,exact,agsq,10,1,0,n,dpavlik
2012,colv,2013-06-12,165,08:55:00,14:25:00,5.5,exact,glgu,6,1,0,n,dpavlik
2012,colv,2013-06-12,165,08:55:00,14:25:00,5.5,exact,ltja,4,1,0,n,dpavlik
2012,colv,2013-06-12,165,08:55:00,14:25:00,5.5,exact,paja,4,1,1,n,dpavlik
2012,colv,2013-06-12,165,08:55:00,14:25:00,5.5,exact,rutu,2,1,0,n,dpavlik
2013,prba,2014-06-13,165,10:00:00,16:00:00,6,exact,cole,1,1,0,n,brobinson
2013,prba,2014-06-13,165,10:00:00,16:00:00,6,exact,glgu,8,1,0,n,brobinson
2013,prba,2014-06-13,165,10:00:00,16:00:00,6,exact,gyrf,1,1,0,n,brobinson
2013,prba,2014-06-13,165,10:00:00,16:00:00,6,exact,paja,5,1,0,n,brobinson
2013,prba,2014-06-13,165,10:00:00,16:00:00,6,exact,refo,1,1,0,n,brobinson
2014,chau,2014-06-14,165,12:00:00,18:15:00,6.25,est,glgu,2,1,0,n,lgoodrick
2014,chau,2014-06-14,165,12:00:00,18:15:00,6.25,exact,poja,2,1,0,n,lgoodrick
2014,chau,2014-06-14,165,12:00:00,18:15:00,6.25,exact,paja,3,1,0,n,lgoodrick
2014,chau,2014-06-14,165,12:00:00,18:15:00,6.25,exact,ltja,5,1,0,n,lgoodrick
2014,chau,2014-06-14,165,12:00:00,18:15:00,6.25,est,sacr,14,1,0,n,lgoodrick
2014,chau,2014-06-14,165,12:00:00,18:15:00,6.25,est,vegu,23,1,0,n,lgoodrick
2014,chau,2014-06-14,165,12:00:00,18:15:00,6.25,est,agsq,6,1,1,n,lgoodrick
2014,colv,2014-06-14,165,11:30:00,18:00:00,6.5,exact,glgu,3,1,0,n,tdonnelly
2014,colv,2014-06-14,165,11:30:00,18:00:00,6.5,exact,poja,2,1,0,n,tdonnelly
2014,colv,2014-06-14,165,11:30:00,18:00:00,6.5,exact,paja,6,1,0,n,tdonnelly
2014,colv,2014-06-14,165,11:30:00,18:00:00,6.5,exact,ltja,1,1,0,n,tdonnelly
2014,colv,2014-06-14,165,11:30:00,18:00:00,6.5,exact,rutu,2,1,0,n,tdonnelly
2014,colv,2014-06-14,165,11:30:00,18:00:00,6.5,exact,noha,1,1,0,n,tdonnelly
2014,colv,2014-06-14,165,11:30:00,18:00:00,6.5,exact,agsq,8,1,0,n,tdonnelly
2013,colv,2014-06-13,165,10:47:00,17:25:00,6.63,exact,agsq,7,1,0,n,bwilkinson
2013,colv,2014-06-13,165,10:47:00,17:25:00,6.63,exact,glgu,9,1,0,n,bwilkinson
2013,colv,2014-06-13,165,10:47:00,17:25:00,6.63,exact,ltja,2,1,0,n,bwilkinson
2013,colv,2014-06-13,165,10:47:00,17:25:00,6.63,exact,paja,2,1,0,n,bwilkinson
2013,colv,2014-06-13,165,10:47:00,17:25:00,6.63,exact,rutu,6,1,0,n,bwilkinson
2012,colv,2013-06-12,165,10:23:00,17:16:00,6.88,exact,agsq,4,1,0,n,bwilkinson
2012,colv,2013-06-12,165,10:23:00,17:16:00,6.88,exact,cole,1,1,0,n,bwilkinson
2012,colv,2013-06-12,165,10:23:00,17:16:00,6.88,exact,glgu,21,1,0,n,bwilkinson
2012,colv,2013-06-12,165,10:23:00,17:16:00,6.88,exact,ltja,2,1,0,n,bwilkinson
2012,colv,2013-06-12,165,10:23:00,17:16:00,6.88,exact,paja,1,1,0,n,bwilkinson
2012,colv,2013-06-12,165,10:23:00,17:16:00,6.88,exact,poja,2,1,0,n,bwilkinson
2012,colv,2013-06-12,165,10:23:00,17:16:00,6.88,exact,refo,1,1,0,n,bwilkinson
2012,colv,2013-06-12,165,10:23:00,17:16:00,6.88,exact,rutu,2,1,0,n,bwilkinson
2011,ikpi,2014-06-11,165,09:59:00,17:20:00,7.35,est,agsq,2,1,0,n,kpietrzak
2011,ikpi,2014-06-11,165,09:59:00,17:20:00,7.35,est,glgu,4,1,0,n,kpietrzak
2011,ikpi,2014-06-11,165,09:59:00,17:20:00,7.35,est,ltja,2,1,0,n,kpietrzak
2011,ikpi,2014-06-11,165,09:59:00,17:20:00,7.35,est,paja,2,1,0,n,kpietrzak
2011,ikpi,2014-06-11,165,09:59:00,17:20:00,7.35,est,poja,5,1,0,n,kpietrzak
2013,chau,2014-06-13,165,10:50:00,18:50:00,8,est,glgu,10,1,0,n,mmudge
2013,chau,2014-06-13,165,10:50:00,18:50:00,8,est,ltja,300,1,0,n,mmudge
2013,chau,2014-06-13,165,10:50:00,18:50:00,8,est,sacr,13,1,0,n,mmudge
2013,chau,2014-06-13,165,10:50:00,18:50:00,8,est,vegu,50,1,0,n,mmudge
2013,colv,2014-06-13,165,10:10:00,18:45:00,8.58,exact,agsq,21,1,0,n,scarvey
2013,colv,2014-06-13,165,10:10:00,18:45:00,8.58,exact,glgu,7,1,0,n,scarvey
2013,colv,2014-06-13,165,10:10:00,18:45:00,8.58,exact,ltja,1,1,0,n,scarvey
2013,colv,2014-06-13,165,10:10:00,18:45:00,8.58,exact,paja,5,1,0,n,scarvey
2013,colv,2014-06-13,165,10:10:00,18:45:00,8.58,exact,poja,1,1,0,n,scarvey
2013,colv,2014-06-13,165,10:10:00,18:45:00,8.58,exact,rutu,4,1,0,n,scarvey
2013,ikpi,2014-06-13,165,09:45:00,19:30:00,9.75,est,glgu,3,1,0,n,ojames
2013,ikpi,2014-06-13,165,09:45:00,19:30:00,9.75,exact,ltja,1,1,0,n,ojames
2013,ikpi,2014-06-13,165,09:45:00,19:30:00,9.75,est,paja,5,1,0,n,ojames
2013,cari,2014-06-13,165,08:30:00,19:45:00,11.25,exact,glgu,6,1,0,n,rchurchwell
2013,cari,2014-06-13,165,08:30:00,19:45:00,11.25,exact,ltja,1,1,0,n,rchurchwell
2013,cari,2014-06-13,165,08:30:00,19:45:00,11.25,exact,paja,8,1,0,n,rchurchwell
2013,cari,2014-06-13,165,08:30:00,19:45:00,11.25,exact,poja,2,1,0,n,rchurchwell
2014,chur,2014-06-14,165,08:30:00,12:30:00,4,exact,cora,3,2,0,y,jperz
2014,chur,2014-06-14,165,08:30:00,12:30:00,4,exact,paja,3,2,0,y,jperz
2014,chur,2014-06-14,165,12:30:00,17:00:00,4.5,exact,cora,3,2,0,y,lkoloski
2014,chur,2014-06-14,165,12:30:00,17:00:00,4.5,exact,herg,1,2,0,y,lkoloski
2014,chur,2014-06-14,165,12:30:00,17:00:00,4.5,exact,noha,1,2,0,y,lkoloski
2014,chur,2014-06-14,165,12:30:00,17:00:00,4.5,exact,paja,4,2,0,y,lkoloski
2014,chur,2014-06-14,165,12:30:00,17:00:00,4.5,exact,sacr,1,2,0,y,lkoloski
2014,nome,2014-06-14,165,09:00:00,15:00:00,6,exact,glgu,3,2,0,y,NA
2014,nome,2014-06-14,165,09:00:00,15:00:00,6,exact,paja,3,2,0,y,NA
2014,nome,2014-06-14,165,09:00:00,15:00:00,6,exact,megu,1,2,0,y,NA
2014,nome,2014-06-14,165,09:00:00,15:00:00,6,exact,cora,1,2,0,y,NA
2014,prba,2014-06-14,165,09:15:00,15:30:00,6.25,est,glgu,4,2,0,y,chelms
2014,prba,2014-06-14,165,09:15:00,15:30:00,6.25,est,glgu,1,2,0,y,chelms
2014,prba,2014-06-14,165,09:15:00,15:30:00,6.25,est,poja,1,2,0,y,chelms
2014,prba,2014-06-14,165,09:15:00,15:30:00,6.25,est,poja,2,2,0,y,chelms
2014,prba,2014-06-14,165,09:15:00,15:30:00,6.25,est,paja,1,2,0,y,chelms
2014,prba,2014-06-14,165,09:15:00,15:30:00,6.25,est,cora,1,2,0,y,chelms
2014,colv,2014-06-14,165,11:40:00,18:00:00,6.33,exact,glgu,6,2,0,y,agottesman
2014,colv,2014-06-14,165,11:40:00,18:00:00,6.33,exact,poja,4,2,0,y,agottesman
2014,colv,2014-06-14,165,11:40:00,18:00:00,6.33,exact,paja,5,2,0,y,agottesman
2014,colv,2014-06-14,165,11:40:00,18:00:00,6.33,exact,ltja,3,2,0,y,agottesman
2014,colv,2014-06-14,165,11:40:00,18:00:00,6.33,exact,rutu,3,2,0,y,agottesman
2012,made,2013-06-12,165,10:00:00,14:00:00,4,exact,arfo,1,3,0,n,fsmith
2012,made,2013-06-12,165,10:00:00,14:00:00,4,exact,cora,1,3,0,n,fsmith
2012,made,2013-06-12,165,10:00:00,14:00:00,4,exact,glgu,10,3,0,n,fsmith
2012,made,2013-06-12,165,10:00:00,14:00:00,4,exact,ltja,3,3,0,n,fsmith
2012,made,2013-06-12,165,10:00:00,14:00:00,4,exact,noha,1,3,0,n,fsmith
2012,made,2013-06-12,165,10:00:00,14:00:00,4,exact,paja,10,3,0,n,fsmith
2012,made,2013-06-12,165,10:00:00,14:00:00,4,exact,rlha,2,3,0,n,fsmith
2012,made,2013-06-12,165,10:00:00,14:00:00,4,exact,sacr,9,3,0,n,fsmith
2012,made,2013-06-12,165,15:00:00,20:00:00,5,exact,cora,1,3,0,n,fsmith
2012,made,2013-06-12,165,15:00:00,20:00:00,5,exact,paja,1,3,0,n,fsmith
2012,made,2013-06-12,165,15:00:00,20:00:00,5,exact,rlha,2,3,0,n,fsmith
2012,made,2013-06-12,165,15:00:00,20:00:00,5,exact,sacr,8,3,0,n,fsmith
2014,coat,2014-06-14,165,08:30:00,15:00:00,6.5,exact,arfo,1,3,0,y,crew1
2012,nome,2013-06-12,165,10:00:00,19:30:00,9.5,exact,bltu,1,5,0,y,NA
2012,nome,2013-06-12,165,10:00:00,19:30:00,9.5,exact,cora,2,5,0,y,NA
2012,nome,2013-06-12,165,10:00:00,19:30:00,9.5,exact,glgu,6,5,0,y,NA
2012,nome,2013-06-12,165,10:00:00,19:30:00,9.5,exact,ltja,2,5,0,y,NA
2012,nome,2013-06-12,165,10:00:00,19:30:00,9.5,exact,megu,12,5,0,y,NA
2012,nome,2013-06-12,165,10:00:00,19:30:00,9.5,exact,paja,6,5,0,y,NA
2012,nome,2013-06-12,165,10:00:00,19:30:00,9.5,exact,sacr,16,5,0,y,NA
2011,nome,2014-06-11,165,11:00:00,20:30:00,9.5,exact,cora,3,5,0,y,wenglish
2011,nome,2014-06-11,165,11:00:00,20:30:00,9.5,exact,glgu,6,5,0,y,wenglish
2011,nome,2014-06-11,165,11:00:00,20:30:00,9.5,exact,noha,1,5,0,y,wenglish
2011,nome,2014-06-11,165,11:00:00,20:30:00,9.5,exact,paja,8,5,0,y,wenglish
2012,eaba,2013-06-12,165,09:00:00,17:00:00,8,exact,herg,3,6,0,y,bad weather day
2012,eaba,2013-06-12,165,09:00:00,17:00:00,8,exact,ltja,1,6,0,y,bad weather day
2014,cari,2014-06-14,165,10:00:00,17:00:00,7,exact,glgu,40,1,0,n,idavies
2014,cari,2014-06-14,165,10:00:00,17:00:00,7,exact,poja,11,1,0,n,idavies
2014,cari,2014-06-14,165,10:00:00,17:00:00,7,exact,paja,3,1,0,n,idavies
2014,cari,2014-06-14,165,10:00:00,17:00:00,7,exact,ltja,13,1,0,n,idavies
2014,cari,2014-06-14,165,10:00:00,17:00:00,7,exact,cora,1,1,0,n,idavies
2014,cari,2014-06-14,165,10:00:00,17:00:00,7,exact,sacr,1,1,0,n,idavies
2014,cari,2014-06-14,165,10:00:00,17:00:00,7,exact,noha,1,1,0,n,idavies
2014,cari,2014-06-14,165,10:00:00,17:00:00,7,exact,seow,3,1,0,n,idavies
2012,ikpi,2013-06-12,165,10:00:00,17:30:00,7.5,est,glgu,6,3,1,y,mmudge
2012,ikpi,2013-06-12,165,10:00:00,17:30:00,7.5,est,paja,5,3,1,n,mmudge
2012,ikpi,2013-06-12,165,10:00:00,17:30:00,7.5,est,ltja,5,3,1,n,mmudge
2012,ikpi,2013-06-12,165,10:00:00,17:30:00,7.5,exact,cora,1,3,1,n,mmudge
2012,ikpi,2013-06-12,165,10:00:00,17:30:00,7.5,exact,snow,1,3,1,n,mmudge
2012,ikpi,2013-06-12,165,10:00:00,17:30:00,7.5,exact,pefa,1,3,1,n,mmudge
2012,ikpi,2013-06-12,165,10:00:00,17:30:00,7.5,exact,seow,1,3,1,n,mmudge
2012,ikpi,2013-06-12,165,10:00:00,17:30:00,7.5,exact,gyrf,1,3,1,n,mmudge
2012,ikpi,2013-06-12,165,10:00:00,17:30:00,7.5,est,agsq,1,3,1,n,mmudge
2012,ikpi,2013-06-12,165,10:00:00,17:30:00,7.5,est,brle,4,3,1,n,mmudge
2012,ikpi,2013-06-12,165,10:00:00,17:30:00,7.5,est,cole,3,3,1,n,mmudge
2013,nome,2014-06-13,165,NA,NA,6,exact,agsq,1,4,0,y,NA
2013,nome,2014-06-13,165,NA,NA,6,exact,paja,1,4,0,y,NA
2013,nome,2014-06-13,165,NA,NA,6,exact,unle,1,4,0,y,NA
2013,nome,2014-06-13,165,NA,NA,6,exact,cora,1,4,0,y,NA
2013,nome,2014-06-13,165,NA,NA,6,exact,megu,1,4,0,y,NA
2013,nome,2014-06-13,165,NA,NA,6,exact,glgu,1,4,0,y,NA
2013,nome,2014-06-13,165,NA,NA,6,exact,sacr,3,4,0,y,NA
2011,prba,2013-06-11,164,08:30:00,09:40:00,1.17,exact,glgu,1,1,0,n,chojnowski
2011,prba,2013-06-11,164,08:30:00,09:40:00,1.17,exact,poja,3,1,0,n,chojnowski
2011,prba,2013-06-11,164,08:30:00,09:40:00,1.17,exact,sacr,1,1,0,n,chojnowski
2012,prba,2012-06-12,164,08:43:00,11:10:00,2.45,exact,glgu,7,1,0,n,apham
2012,prba,2012-06-12,164,08:43:00,11:10:00,2.45,exact,paja,2,1,0,n,apham
2011,prba,2013-06-11,164,10:27:00,13:57:00,3.5,exact,cora,2,1,0,n,eames
2011,prba,2013-06-11,164,10:27:00,13:57:00,3.5,exact,glgu,5,1,0,n,eames
2011,prba,2013-06-11,164,10:27:00,13:57:00,3.5,exact,ltja,2,1,0,n,eames
2011,prba,2013-06-11,164,10:27:00,13:57:00,3.5,exact,poja,3,1,0,n,eames
2014,ikpi,2013-06-14,164,08:30:00,13:00:00,4.5,exact,sagu,1,1,0,n,rhammond
2011,colv,2013-06-11,164,09:51:00,15:05:00,5.23,exact,agsq,9,1,0,n,dpavlik
2011,colv,2013-06-11,164,09:51:00,15:05:00,5.23,exact,glgu,5,1,0,n,dpavlik
2011,colv,2013-06-11,164,09:51:00,15:05:00,5.23,exact,ltja,1,1,0,n,dpavlik
2011,colv,2013-06-11,164,09:51:00,15:05:00,5.23,exact,paja,2,1,0,n,dpavlik
2011,colv,2013-06-11,164,09:51:00,15:05:00,5.23,exact,poja,2,1,0,n,dpavlik
2011,colv,2013-06-11,164,09:51:00,15:05:00,5.23,exact,refo,1,1,0,n,dpavlik
2011,colv,2013-06-11,164,09:51:00,15:05:00,5.23,exact,rutu,3,1,0,n,dpavlik
2011,ikpi,2013-06-11,164,10:35:00,16:30:00,5.92,est,brle,1,1,0,n,mmudge
2011,ikpi,2013-06-11,164,10:35:00,16:30:00,5.92,est,cole,1,1,0,n,mmudge
2011,ikpi,2013-06-11,164,10:35:00,16:30:00,5.92,est,glgu,5,1,1,n,mmudge
2011,ikpi,2013-06-11,164,10:35:00,16:30:00,5.92,est,ltja,3,1,0,n,mmudge
2011,ikpi,2013-06-11,164,10:35:00,16:30:00,5.92,est,poja,6,1,0,n,mmudge
2013,chau,2013-06-13,164,10:45:00,17:00:00,6.25,est,glgu,4,1,0,n,kpietrzak
2013,chau,2013-06-13,164,10:45:00,17:00:00,6.25,est,ltja,30,1,0,n,kpietrzak
2013,chau,2013-06-13,164,10:45:00,17:00:00,6.25,est,rutu,1,1,0,n,kpietrzak
2013,chau,2013-06-13,164,10:45:00,17:00:00,6.25,est,sacr,7,1,0,n,kpietrzak
2013,chau,2013-06-13,164,10:45:00,17:00:00,6.25,est,ungu,58,1,0,n,kpietrzak
2013,chau,2013-06-13,164,10:45:00,17:00:00,6.25,est,vegu,6,1,0,n,kpietrzak
2013,prba,2013-06-13,164,09:30:00,16:00:00,6.5,exact,cora,1,1,0,n,brobinson
2013,prba,2013-06-13,164,09:30:00,16:00:00,6.5,exact,glgu,5,1,0,n,brobinson
2013,prba,2013-06-13,164,09:30:00,16:00:00,6.5,exact,ltja,4,1,0,n,brobinson
2013,prba,2013-06-13,164,09:30:00,16:00:00,6.5,exact,paja,3,1,0,n,brobinson
2011,cakr,2013-06-11,164,09:56:00,17:12:00,7.27,est,glgu,80,1,0,n,rgates
2011,cakr,2013-06-11,164,09:56:00,17:12:00,7.27,exact,ltja,1,1,0,n,rgates
2011,cakr,2013-06-11,164,09:56:00,17:12:00,7.27,est,megu,30,1,0,n,rgates
2011,cakr,2013-06-11,164,09:56:00,17:12:00,7.27,est,paja,15,1,1,n,rgates
2011,cakr,2013-06-11,164,09:56:00,17:12:00,7.27,exact,poja,1,1,0,n,rgates
2011,cakr,2013-06-11,164,09:56:00,17:12:00,7.27,exact,sacr,3,1,0,n,rgates
2012,colv,2012-06-12,164,10:16:00,17:32:00,7.27,exact,agsq,5,1,0,n,bwilkinson
2012,colv,2012-06-12,164,10:16:00,17:32:00,7.27,exact,glgu,11,1,0,n,bwilkinson
2012,colv,2012-06-12,164,10:16:00,17:32:00,7.27,exact,ltja,2,1,0,n,bwilkinson
2012,colv,2012-06-12,164,10:16:00,17:32:00,7.27,exact,paja,3,1,0,n,bwilkinson
2012,colv,2012-06-12,164,10:16:00,17:32:00,7.27,exact,refo,1,1,0,n,bwilkinson
2012,colv,2012-06-12,164,10:16:00,17:32:00,7.27,exact,rutu,4,1,0,n,bwilkinson
2011,colv,2013-06-11,164,09:33:00,16:50:00,7.28,exact,glgu,6,1,0,n,bwilkinson
2011,colv,2013-06-11,164,09:33:00,16:50:00,7.28,exact,ltja,3,1,0,n,bwilkinson
2011,colv,2013-06-11,164,09:33:00,16:50:00,7.28,exact,paja,1,1,0,n,bwilkinson
2011,colv,2013-06-11,164,09:33:00,16:50:00,7.28,exact,rutu,3,1,0,n,bwilkinson
2012,colv,2012-06-12,164,09:50:00,17:10:00,7.33,exact,agsq,4,1,0,n,dpavlik
2012,colv,2012-06-12,164,09:50:00,17:10:00,7.33,exact,brle,1,1,0,n,dpavlik
2012,colv,2012-06-12,164,09:50:00,17:10:00,7.33,exact,cole,3,1,0,n,dpavlik
2012,colv,2012-06-12,164,09:50:00,17:10:00,7.33,exact,glgu,11,1,0,n,dpavlik
2012,colv,2012-06-12,164,09:50:00,17:10:00,7.33,exact,ltja,2,1,0,n,dpavlik
2012,colv,2012-06-12,164,09:50:00,17:10:00,7.33,exact,paja,1,1,0,n,dpavlik
2012,colv,2012-06-12,164,09:50:00,17:10:00,7.33,exact,poja,1,1,0,n,dpavlik
2012,colv,2012-06-12,164,09:50:00,17:10:00,7.33,exact,rutu,5,1,0,n,dpavlik
2012,colv,2012-06-12,164,09:50:00,17:10:00,7.33,exact,sacr,1,1,0,n,dpavlik
2012,colv,2012-06-12,164,09:50:00,17:10:00,7.33,exact,snow,1,1,0,n,dpavlik
2014,colv,2013-06-14,164,11:05:00,19:00:00,7.92,exact,glgu,8,1,0,n,agottesman
2014,colv,2013-06-14,164,11:05:00,19:00:00,7.92,exact,poja,2,1,0,n,agottesman
2014,colv,2013-06-14,164,11:05:00,19:00:00,7.92,exact,paja,7,1,0,n,agottesman
2014,colv,2013-06-14,164,11:05:00,19:00:00,7.92,exact,ltja,3,1,0,n,agottesman
2014,colv,2013-06-14,164,11:05:00,19:00:00,7.92,exact,rutu,4,1,0,n,agottesman
2014,colv,2013-06-14,164,11:05:00,19:00:00,7.92,exact,refo,1,1,0,n,agottesman
2014,colv,2013-06-14,164,11:05:00,19:00:00,7.92,exact,agsq,6,1,0,n,agottesman
2014,burn,2013-06-14,164,09:00:00,17:00:00,8,exact,noha,2,1,0,n,dmcrae
2014,burn,2013-06-14,164,09:00:00,17:00:00,8,exact,sacr,2,1,0,n,dmcrae
2014,burn,2013-06-14,164,09:00:00,17:00:00,8,exact,herg,12,1,0,n,dmcrae
2014,burn,2013-06-14,164,09:00:00,17:00:00,8,exact,paja,2,1,0,n,dmcrae
2014,burn,2013-06-14,164,09:00:00,17:00:00,8,exact,cora,2,1,0,n,dmcrae
2013,colv,2013-06-13,164,10:31:00,19:05:00,8.57,exact,agsq,8,1,0,n,bwilkinson
2013,colv,2013-06-13,164,10:31:00,19:05:00,8.57,exact,glgu,6,1,0,n,bwilkinson
2013,colv,2013-06-13,164,10:31:00,19:05:00,8.57,exact,paja,3,1,0,n,bwilkinson
2013,colv,2013-06-13,164,10:31:00,19:05:00,8.57,exact,rutu,3,1,0,n,bwilkinson
2013,colv,2013-06-13,164,10:31:00,19:05:00,8.57,exact,snow,1,1,0,n,bwilkinson
2014,burn,2013-06-14,164,09:00:00,18:00:00,9,exact,noha,1,1,0,n,dmcrae
2014,burn,2013-06-14,164,09:00:00,18:00:00,9,exact,sacr,2,1,0,n,dmcrae
2014,burn,2013-06-14,164,09:00:00,18:00:00,9,exact,herg,7,1,0,n,dmcrae
2014,burn,2013-06-14,164,09:00:00,18:00:00,9,exact,paja,4,1,0,n,dmcrae
2014,burn,2013-06-14,164,09:00:00,18:00:00,9,exact,cora,3,1,0,n,dmcrae
2013,ikpi,2013-06-13,164,09:30:00,18:45:00,9.25,est,agsq,3,1,1,n,acook
2013,ikpi,2013-06-13,164,09:30:00,18:45:00,9.25,exact,cole,1,1,0,n,acook
2013,ikpi,2013-06-13,164,09:30:00,18:45:00,9.25,est,glgu,4,1,0,n,acook
2013,ikpi,2013-06-13,164,09:30:00,18:45:00,9.25,est,paja,5,1,0,n,acook
2013,ikpi,2013-06-13,164,09:30:00,18:45:00,9.25,exact,poja,1,1,0,n,acook
2011,cari,2013-06-11,164,10:00:00,19:45:00,9.75,exact,arfo,2,1,0,n,rchurchwell
2011,cari,2013-06-11,164,10:00:00,19:45:00,9.75,exact,cole,1,1,0,n,rchurchwell
2011,cari,2013-06-11,164,10:00:00,19:45:00,9.75,exact,cora,2,1,0,n,rchurchwell
2011,cari,2013-06-11,164,10:00:00,19:45:00,9.75,exact,glgu,5,1,0,n,rchurchwell
2011,cari,2013-06-11,164,10:00:00,19:45:00,9.75,exact,paja,15,1,0,n,rchurchwell
2011,cari,2013-06-11,164,10:00:00,19:45:00,9.75,exact,poja,17,1,0,n,rchurchwell
2011,cari,2013-06-11,164,10:00:00,19:45:00,9.75,exact,snow,2,1,0,n,rchurchwell
2014,chur,2013-06-14,164,08:30:00,13:30:00,5,exact,cora,2,2,0,y,jperz
2014,chur,2013-06-14,164,08:30:00,13:30:00,5,exact,herg,1,2,0,y,jperz
2014,chur,2013-06-14,164,08:30:00,13:30:00,5,exact,noha,1,2,0,y,jperz
2014,prba,2013-06-14,164,09:30:00,15:30:00,6,est,glgu,2,2,0,y,chelms
2014,prba,2013-06-14,164,09:30:00,15:30:00,6,est,glgu,3,2,0,y,chelms
2014,prba,2013-06-14,164,09:30:00,15:30:00,6,est,poja,2,2,0,y,chelms
2014,prba,2013-06-14,164,09:30:00,15:30:00,6,exact,paja,1,2,0,y,chelms
2014,prba,2013-06-14,164,09:30:00,15:30:00,6,est,cora,1,2,0,y,chelms
2014,prba,2013-06-14,164,09:30:00,15:30:00,6,exact,sacr,1,2,0,y,chelms
2014,chur,2013-06-14,164,08:50:00,17:00:00,8.17,exact,cora,3,2,0,y,lkoloski
2014,chur,2013-06-14,164,08:50:00,17:00:00,8.17,exact,paja,3,2,0,y,lkoloski
2014,coat,2013-06-14,164,09:00:00,12:00:00,3,exact,arfo,1,3,0,y,crew1
2011,nome,2013-06-11,164,10:00:00,16:00:00,6,exact,cora,2,3,0,y,wenglish
2011,nome,2013-06-11,164,10:00:00,16:00:00,6,exact,glgu,2,3,0,y,wenglish
2011,nome,2013-06-11,164,10:00:00,16:00:00,6,exact,noha,1,3,0,y,wenglish
2011,nome,2013-06-11,164,10:00:00,16:00:00,6,exact,paja,2,3,0,y,wenglish
2011,nome,2013-06-11,164,10:00:00,16:00:00,6,exact,sacr,4,3,0,y,wenglish
2014,nome,2013-06-14,164,09:00:00,15:00:00,6,exact,glgu,3,3,0,y,NA
2014,nome,2013-06-14,164,09:00:00,15:00:00,6,exact,ltja,3,3,0,y,NA
2014,nome,2013-06-14,164,09:00:00,15:00:00,6,exact,megu,2,3,0,y,NA
2014,nome,2013-06-14,164,09:00:00,15:00:00,6,exact,paja,2,3,0,y,NA
2014,nome,2013-06-14,164,09:00:00,15:00:00,6,exact,cora,2,3,0,y,NA
2014,nome,2013-06-14,164,09:00:00,15:00:00,6,exact,sacr,1,3,0,y,NA
2012,nome,2012-06-12,164,10:00:00,17:00:00,7,exact,agsq,2,5,0,y,NA
2012,nome,2012-06-12,164,10:00:00,17:00:00,7,exact,cora,2,5,0,y,NA
2012,nome,2012-06-12,164,10:00:00,17:00:00,7,exact,glgu,6,5,0,y,NA
2012,nome,2012-06-12,164,10:00:00,17:00:00,7,exact,ltja,5,5,0,y,NA
2012,nome,2012-06-12,164,10:00:00,17:00:00,7,exact,megu,6,5,0,y,NA
2012,nome,2012-06-12,164,10:00:00,17:00:00,7,exact,paja,4,5,0,y,NA
2012,nome,2012-06-12,164,10:00:00,17:00:00,7,exact,sacr,12,5,0,y,NA
2012,eaba,2012-06-12,164,09:00:00,17:00:00,8,exact,herg,3,6,0,y,bad weather day
2014,cari,2013-06-14,164,09:00:00,18:00:00,9,exact,glgu,30,1,0,n,idavies
2014,cari,2013-06-14,164,09:00:00,18:00:00,9,exact,poja,13,1,0,n,idavies
2014,cari,2013-06-14,164,09:00:00,18:00:00,9,exact,paja,2,1,0,n,idavies
2014,cari,2013-06-14,164,09:00:00,18:00:00,9,exact,ltja,1,1,0,n,idavies
2014,cari,2013-06-14,164,09:00:00,18:00:00,9,exact,rutu,1,1,0,n,idavies
2014,cari,2013-06-14,164,09:00:00,18:00:00,9,exact,pefa,1,1,0,n,idavies
2014,cari,2013-06-14,164,09:00:00,18:00:00,9,exact,seow,2,1,0,n,idavies
2012,ikpi,2012-06-12,164,11:00:00,19:18:00,8.3,est,glgu,8,1,0,y,kpietrzak
2012,ikpi,2012-06-12,164,11:00:00,19:18:00,8.3,est,paja,5,1,0,n,kpietrzak
2012,ikpi,2012-06-12,164,11:00:00,19:18:00,8.3,est,ltja,3,1,0,n,kpietrzak
2012,ikpi,2012-06-12,164,11:00:00,19:18:00,8.3,est,agsq,4,1,0,y,kpietrzak
2013,nome,2013-06-13,164,10:00:00,19:00:00,9,exact,agsq,1,4,0,y,NA
2013,nome,2013-06-13,164,10:00:00,19:00:00,9,exact,ltja,1,4,0,y,NA
2013,nome,2013-06-13,164,10:00:00,19:00:00,9,exact,seow,1,4,0,y,NA
2013,nome,2013-06-13,164,10:00:00,19:00:00,9,exact,unle,1,4,0,y,NA
2013,nome,2013-06-13,164,10:00:00,19:00:00,9,exact,brle,1,4,0,y,NA
2013,nome,2013-06-13,164,10:00:00,19:00:00,9,exact,cora,1,4,0,y,NA
2013,nome,2013-06-13,164,10:00:00,19:00:00,9,exact,megu,1,4,0,y,NA
2013,nome,2013-06-13,164,10:00:00,19:00:00,9,exact,paja,1,4,0,y,NA
2013,nome,2013-06-13,164,10:00:00,19:00:00,9,exact,tuvo,1,4,0,y,NA
2013,nome,2013-06-13,164,10:00:00,19:00:00,9,exact,glgu,2,4,0,y,NA
2013,nome,2013-06-13,164,10:00:00,19:00:00,9,exact,sacr,2,4,0,y,NA
2011,prba,2012-06-11,163,15:40:00,16:05:00,0.42,exact,glgu,2,1,0,n,eames
2011,prba,2012-06-11,163,15:40:00,16:05:00,0.42,exact,unle,1,1,0,n,eames
2011,prba,2012-06-11,163,15:40:00,16:05:00,0.42,exact,poja,1,1,0,n,eames
2014,ikpi,2012-06-14,163,08:30:00,10:15:00,1.75,exact,paja,3,1,0,n,pchilton
2011,ikpi,2012-06-11,163,13:45:00,15:45:00,2,est,glgu,2,1,0,n,jwright
2011,ikpi,2012-06-11,163,13:45:00,15:45:00,2,est,ltja,2,1,1,n,jwright
2011,ikpi,2012-06-11,163,13:45:00,15:45:00,2,est,poja,1,1,0,n,jwright
2011,ikpi,2012-06-11,163,10:15:00,12:45:00,2.5,est,glgu,1,1,0,n,jwright
2011,ikpi,2012-06-11,163,10:15:00,12:45:00,2.5,est,ltja,2,1,1,n,jwright
2011,ikpi,2012-06-11,163,10:15:00,12:45:00,2.5,est,poja,3,1,0,n,jwright
2011,ikpi,2012-06-11,163,10:15:00,12:45:00,2.5,exact,snow,1,1,0,n,jwright
2011,made,2012-06-11,163,17:20:00,20:20:00,3,exact,ltja,1,1,0,n,lpirie
2011,made,2012-06-11,163,17:20:00,20:20:00,3,exact,sacr,2,1,0,n,lpirie
2011,prba,2012-06-11,163,08:57:00,12:30:00,3.55,exact,cora,7,1,0,n,eames
2011,prba,2012-06-11,163,08:57:00,12:30:00,3.55,exact,glgu,6,1,0,n,eames
2011,prba,2012-06-11,163,08:57:00,12:30:00,3.55,exact,ltja,2,1,0,n,eames
2011,prba,2012-06-11,163,08:57:00,12:30:00,3.55,exact,poja,5,1,0,n,eames
2012,barr,2011-06-12,163,13:30:00,17:30:00,4,exact,glgu,6,1,0,n,bverheijen
2012,barr,2011-06-12,163,13:30:00,17:30:00,4,exact,paja,1,1,0,n,bverheijen
2012,barr,2011-06-12,163,13:30:00,17:30:00,4,exact,poja,6,1,0,n,bverheijen
2012,barr,2011-06-12,163,08:45:00,12:45:00,4,exact,glgu,9,1,0,n,mmcconell
2012,barr,2011-06-12,163,08:45:00,12:45:00,4,exact,poja,2,1,0,n,mmcconell
2012,barr,2011-06-12,163,09:20:00,13:20:00,4,exact,glgu,3,1,0,n,bverheijen
2012,barr,2011-06-12,163,09:20:00,13:20:00,4,exact,poja,4,1,0,n,bverheijen
2012,barr,2011-06-12,163,13:00:00,17:00:00,4,exact,glgu,6,1,0,n,mmcconell
2012,barr,2011-06-12,163,13:00:00,17:00:00,4,exact,paja,1,1,0,n,mmcconell
2012,barr,2011-06-12,163,13:00:00,17:00:00,4,exact,poja,6,1,0,n,mmcconell
2012,barr,2011-06-12,163,13:00:00,17:00:00,4,exact,snow,3,1,0,n,mmcconell
2012,barr,2011-06-12,163,14:30:00,18:30:00,4,exact,cora,2,1,0,n,pherzog
2012,barr,2011-06-12,163,14:30:00,18:30:00,4,est,glgu,20,1,0,n,pherzog
2012,barr,2011-06-12,163,14:30:00,18:30:00,4,exact,unle,1,1,0,n,pherzog
2012,barr,2011-06-12,163,14:30:00,18:30:00,4,exact,poja,7,1,0,n,pherzog
2011,colv,2012-06-11,163,13:02:00,17:31:00,4.48,exact,glgu,6,1,0,n,bwilkinson
2011,colv,2012-06-11,163,13:02:00,17:31:00,4.48,exact,ltja,1,1,0,n,bwilkinson
2011,colv,2012-06-11,163,13:02:00,17:31:00,4.48,exact,paja,2,1,0,n,bwilkinson
2011,colv,2012-06-11,163,13:02:00,17:31:00,4.48,exact,rutu,2,1,0,n,bwilkinson
2012,barr,2011-06-12,163,09:20:00,14:00:00,4.67,exact,cora,1,1,0,n,pherzog
2012,barr,2011-06-12,163,09:20:00,14:00:00,4.67,est,glgu,50,1,0,n,pherzog
2012,barr,2011-06-12,163,09:20:00,14:00:00,4.67,exact,unle,1,1,0,n,pherzog
2012,barr,2011-06-12,163,09:20:00,14:00:00,4.67,exact,ltja,1,1,0,n,pherzog
2012,barr,2011-06-12,163,09:20:00,14:00:00,4.67,exact,paja,1,1,0,n,pherzog
2012,barr,2011-06-12,163,09:20:00,14:00:00,4.67,exact,poja,1,1,0,n,pherzog
2012,barr,2011-06-12,163,09:20:00,14:00:00,4.67,exact,rutu,1,1,0,n,pherzog
2011,colv,2012-06-11,163,12:44:00,17:29:00,4.75,exact,agsq,4,1,0,n,dpavlik
2011,colv,2012-06-11,163,12:44:00,17:29:00,4.75,exact,glgu,7,1,0,n,dpavlik
2011,colv,2012-06-11,163,12:44:00,17:29:00,4.75,exact,ltja,1,1,0,n,dpavlik
2011,colv,2012-06-11,163,12:44:00,17:29:00,4.75,exact,paja,3,1,0,n,dpavlik
2011,colv,2012-06-11,163,12:44:00,17:29:00,4.75,exact,refo,1,1,0,n,dpavlik
2011,colv,2012-06-11,163,12:44:00,17:29:00,4.75,exact,rutu,4,1,0,n,dpavlik
2012,prba,2011-06-12,163,09:20:00,14:40:00,5.33,est,glgu,8,1,0,n,jlautenbach
2012,prba,2011-06-12,163,09:20:00,14:40:00,5.33,exact,ltja,1,1,0,n,jlautenbach
2012,prba,2011-06-12,163,09:20:00,14:40:00,5.33,exact,paja,1,1,0,n,jlautenbach
2012,prba,2011-06-12,163,09:20:00,14:40:00,5.33,exact,poja,1,1,0,n,jlautenbach
2013,prba,2012-06-13,163,09:00:00,14:30:00,5.5,exact,brbe,2,1,0,n,brobinson
2013,prba,2012-06-13,163,09:00:00,14:30:00,5.5,exact,cora,3,1,0,n,brobinson
2013,prba,2012-06-13,163,09:00:00,14:30:00,5.5,exact,glgu,5,1,0,n,brobinson
2013,prba,2012-06-13,163,09:00:00,14:30:00,5.5,exact,ltja,1,1,0,n,brobinson
2013,prba,2012-06-13,163,09:00:00,14:30:00,5.5,exact,paja,1,1,0,n,brobinson
2013,chau,2012-06-13,163,10:50:00,16:40:00,5.83,est,glgu,5,1,1,n,mmudge
2013,chau,2012-06-13,163,10:50:00,16:40:00,5.83,est,ltja,3,1,0,n,mmudge
2013,chau,2012-06-13,163,10:50:00,16:40:00,5.83,est,paja,4,1,0,n,mmudge
2013,chau,2012-06-13,163,10:50:00,16:40:00,5.83,est,sacr,17,1,1,n,mmudge
2013,chau,2012-06-13,163,10:50:00,16:40:00,5.83,est,vegu,50,1,0,n,mmudge
2014,colv,2012-06-14,163,11:50:00,18:45:00,6.92,exact,glgu,11,1,0,n,agottesman
2014,colv,2012-06-14,163,11:50:00,18:45:00,6.92,exact,poja,2,1,0,n,agottesman
2014,colv,2012-06-14,163,11:50:00,18:45:00,6.92,exact,paja,7,1,0,n,agottesman
2014,colv,2012-06-14,163,11:50:00,18:45:00,6.92,exact,ltja,4,1,0,n,agottesman
2014,colv,2012-06-14,163,11:50:00,18:45:00,6.92,exact,rutu,5,1,0,n,agottesman
2014,colv,2012-06-14,163,11:50:00,18:45:00,6.92,exact,agsq,4,1,0,n,agottesman
2014,colv,2012-06-14,163,11:30:00,18:30:00,7,exact,glgu,8,1,0,n,tdonnelly
2014,colv,2012-06-14,163,11:30:00,18:30:00,7,exact,poja,2,1,0,n,tdonnelly
2014,colv,2012-06-14,163,11:30:00,18:30:00,7,exact,paja,6,1,0,n,tdonnelly
2014,colv,2012-06-14,163,11:30:00,18:30:00,7,exact,ltja,2,1,0,n,tdonnelly
2014,colv,2012-06-14,163,11:30:00,18:30:00,7,exact,cora,1,1,0,n,tdonnelly
2014,colv,2012-06-14,163,11:30:00,18:30:00,7,exact,rutu,3,1,0,n,tdonnelly
2014,colv,2012-06-14,163,11:30:00,18:30:00,7,exact,agsq,8,1,0,n,tdonnelly
2013,cari,2012-06-13,163,09:00:00,16:30:00,7.5,exact,brle,1,1,0,n,bhiggins
2013,cari,2012-06-13,163,09:00:00,16:30:00,7.5,exact,glgu,9,1,0,n,bhiggins
2013,cari,2012-06-13,163,09:00:00,16:30:00,7.5,exact,ltja,2,1,0,n,bhiggins
2013,cari,2012-06-13,163,09:00:00,16:30:00,7.5,exact,noha,1,1,0,n,bhiggins
2013,cari,2012-06-13,163,09:00:00,16:30:00,7.5,exact,paja,6,1,0,n,bhiggins
2013,cari,2012-06-13,163,09:00:00,16:30:00,7.5,exact,poja,1,1,0,n,bhiggins
2013,cari,2012-06-13,163,09:00:00,16:30:00,7.5,exact,sacr,3,1,0,n,bhiggins
2013,cari,2012-06-13,163,09:00:00,16:30:00,7.5,exact,snow,1,1,0,n,bhiggins
2012,ikpi,2011-06-12,163,11:06:00,18:40:00,7.57,est,glgu,7,1,1,n,mmudge
2012,ikpi,2011-06-12,163,11:06:00,18:40:00,7.57,est,poja,1,1,0,n,mmudge
2012,ikpi,2011-06-12,163,11:06:00,18:40:00,7.57,est,paja,3,1,0,n,mmudge
2012,ikpi,2011-06-12,163,11:06:00,18:40:00,7.57,est,ltja,2,1,0,n,mmudge
2012,ikpi,2011-06-12,163,11:06:00,18:40:00,7.57,exact,snow,1,1,0,n,mmudge
2012,ikpi,2011-06-12,163,11:06:00,18:40:00,7.57,exact,arfo,1,1,0,n,mmudge
2012,ikpi,2011-06-12,163,11:06:00,18:40:00,7.57,est,agsq,6,1,0,n,mmudge
2012,ikpi,2011-06-12,163,11:06:00,18:40:00,7.57,est,unle,1,1,0,n,mmudge
2014,chau,2012-06-14,163,10:26:00,18:06:00,7.67,exact,paja,3,1,0,n,jdiener
2014,chau,2012-06-14,163,10:26:00,18:06:00,7.67,exact,ltja,2,1,0,n,jdiener
2014,chau,2012-06-14,163,10:26:00,18:06:00,7.67,exact,sacr,14,1,0,n,jdiener
2014,chau,2012-06-14,163,10:26:00,18:06:00,7.67,exact,rlha,1,1,0,n,jdiener
2014,chau,2012-06-14,163,10:26:00,18:06:00,7.67,exact,vegu,12,1,0,n,jdiener
2014,chau,2012-06-14,163,10:26:00,18:06:00,7.67,exact,glgu,3,1,1,n,jdiener
2014,chau,2012-06-14,163,10:26:00,18:06:00,7.67,exact,agsq,1,1,1,n,jdiener
2013,cari,2012-06-13,163,08:25:00,16:10:00,7.75,exact,brle,1,1,0,n,sfreeman
2013,cari,2012-06-13,163,08:25:00,16:10:00,7.75,exact,cora,1,1,0,n,sfreeman
2013,cari,2012-06-13,163,08:25:00,16:10:00,7.75,exact,glgu,5,1,0,n,sfreeman
2013,cari,2012-06-13,163,08:25:00,16:10:00,7.75,exact,ltja,5,1,0,n,sfreeman
2013,cari,2012-06-13,163,08:25:00,16:10:00,7.75,exact,paja,10,1,0,n,sfreeman
2013,cari,2012-06-13,163,08:25:00,16:10:00,7.75,exact,poja,4,1,0,n,sfreeman
2013,colv,2012-06-13,163,11:16:00,19:05:00,7.82,exact,agsq,5,1,0,n,bwilkinson
2013,colv,2012-06-13,163,11:16:00,19:05:00,7.82,exact,glgu,6,1,0,n,bwilkinson
2013,colv,2012-06-13,163,11:16:00,19:05:00,7.82,exact,ltja,2,1,1,n,bwilkinson
2013,colv,2012-06-13,163,11:16:00,19:05:00,7.82,exact,paja,3,1,0,n,bwilkinson
2013,colv,2012-06-13,163,11:16:00,19:05:00,7.82,exact,rutu,4,1,0,n,bwilkinson
2012,cakr,2011-06-12,163,10:30:00,18:20:00,7.83,exact,bltu,2,1,0,n,svissault
2012,cakr,2011-06-12,163,10:30:00,18:20:00,7.83,exact,cora,3,1,0,n,svissault
2012,cakr,2011-06-12,163,10:30:00,18:20:00,7.83,exact,glgu,11,1,0,n,svissault
2012,cakr,2011-06-12,163,10:30:00,18:20:00,7.83,exact,ltja,11,1,0,n,svissault
2012,cakr,2011-06-12,163,10:30:00,18:20:00,7.83,exact,paja,8,1,0,n,svissault
2012,cakr,2011-06-12,163,10:30:00,18:20:00,7.83,exact,rlha,1,1,0,n,svissault
2012,cakr,2011-06-12,163,10:30:00,18:20:00,7.83,exact,sacr,8,1,0,n,svissault
2012,colv,2011-06-12,163,09:28:00,17:18:00,7.83,exact,agsq,9,1,0,n,dpavlik
2012,colv,2011-06-12,163,09:28:00,17:18:00,7.83,exact,cole,3,1,0,n,dpavlik
2012,colv,2011-06-12,163,09:28:00,17:18:00,7.83,exact,glgu,12,1,0,n,dpavlik
2012,colv,2011-06-12,163,09:28:00,17:18:00,7.83,exact,ltja,2,1,0,n,dpavlik
2012,colv,2011-06-12,163,09:28:00,17:18:00,7.83,exact,paja,4,1,0,n,dpavlik
2012,colv,2011-06-12,163,09:28:00,17:18:00,7.83,exact,refo,2,1,0,n,dpavlik
2012,colv,2011-06-12,163,09:28:00,17:18:00,7.83,exact,rutu,5,1,1,n,dpavlik
2013,cari,2012-06-13,163,08:30:00,17:00:00,8.5,exact,cole,1,1,0,n,rchurchwell
2013,cari,2012-06-13,163,08:30:00,17:00:00,8.5,exact,glgu,8,1,0,n,rchurchwell
2013,cari,2012-06-13,163,08:30:00,17:00:00,8.5,exact,paja,3,1,0,n,rchurchwell
2013,cari,2012-06-13,163,08:30:00,17:00:00,8.5,exact,poja,1,1,0,n,rchurchwell
2013,cari,2012-06-13,163,08:30:00,17:00:00,8.5,exact,seow,1,1,0,n,rchurchwell
2012,colv,2011-06-12,163,09:57:00,18:54:00,8.95,exact,agsq,7,1,0,n,bwilkinson
2012,colv,2011-06-12,163,09:57:00,18:54:00,8.95,exact,glgu,18,1,0,n,bwilkinson
2012,colv,2011-06-12,163,09:57:00,18:54:00,8.95,exact,ltja,2,1,0,n,bwilkinson
2012,colv,2011-06-12,163,09:57:00,18:54:00,8.95,exact,paja,2,1,0,n,bwilkinson
2012,colv,2011-06-12,163,09:57:00,18:54:00,8.95,exact,rutu,3,1,0,n,bwilkinson
2012,colv,2011-06-12,163,09:57:00,18:54:00,8.95,exact,snow,1,1,0,n,bwilkinson
2014,burn,2012-06-14,163,09:00:00,18:00:00,9,exact,noha,1,1,0,n,dmcrae
2014,burn,2012-06-14,163,09:00:00,18:00:00,9,exact,sacr,3,1,0,n,dmcrae
2014,burn,2012-06-14,163,09:00:00,18:00:00,9,exact,cora,6,1,0,n,dmcrae
2014,burn,2012-06-14,163,09:00:00,18:00:00,9,exact,paja,1,1,0,n,dmcrae
2014,burn,2012-06-14,163,09:00:00,18:00:00,9,exact,herg,17,1,1,n,dmcrae
2013,ikpi,2012-06-13,163,10:30:00,20:15:00,9.75,exact,agsq,8,1,1,n,epayne
2013,ikpi,2012-06-13,163,10:30:00,20:15:00,9.75,exact,arfo,1,1,0,n,epayne
2013,ikpi,2012-06-13,163,10:30:00,20:15:00,9.75,exact,brle,1,1,0,n,epayne
2013,ikpi,2012-06-13,163,10:30:00,20:15:00,9.75,est,glgu,6,1,0,n,epayne
2013,ikpi,2012-06-13,163,10:30:00,20:15:00,9.75,exact,ltja,5,1,0,n,epayne
2013,ikpi,2012-06-13,163,10:30:00,20:15:00,9.75,est,paja,2,1,0,n,epayne
2013,ikpi,2012-06-13,163,10:30:00,20:15:00,9.75,exact,rlha,1,1,0,n,epayne
2013,ikpi,2012-06-13,163,10:30:00,20:15:00,9.75,exact,sacr,1,1,0,n,epayne
2014,chur,2012-06-14,163,09:00:00,12:30:00,3.5,exact,cora,2,2,0,y,lkoloski
2014,chur,2012-06-14,163,09:00:00,12:30:00,3.5,exact,paja,2,2,0,y,lkoloski
2014,chur,2012-06-14,163,09:00:00,12:30:00,3.5,exact,sacr,2,2,0,y,lkoloski
2014,chur,2012-06-14,163,08:30:00,13:30:00,5,exact,cora,1,2,0,y,jperz
2014,chur,2012-06-14,163,08:30:00,13:30:00,5,exact,herg,3,2,0,y,jperz
2014,chur,2012-06-14,163,08:30:00,13:30:00,5,exact,paja,2,2,0,y,jperz
2014,chur,2012-06-14,163,08:30:00,13:30:00,5,exact,sacr,2,2,0,y,jperz
2014,prba,2012-06-14,163,09:00:00,14:30:00,5.5,est,glgu,4,2,0,y,chelms
2014,prba,2012-06-14,163,09:00:00,14:30:00,5.5,est,poja,2,2,0,y,chelms
2014,prba,2012-06-14,163,09:00:00,14:30:00,5.5,est,poja,3,2,0,y,chelms
2014,prba,2012-06-14,163,09:00:00,14:30:00,5.5,est,paja,3,2,0,y,chelms
2014,prba,2012-06-14,163,09:00:00,14:30:00,5.5,est,ltja,2,2,0,y,chelms
2014,prba,2012-06-14,163,09:00:00,14:30:00,5.5,exact,sacr,1,2,0,y,chelms
2013,colv,2012-06-13,163,11:15:00,18:00:00,6.75,exact,agsq,9,2,0,y,scarvey
2013,colv,2012-06-13,163,11:15:00,18:00:00,6.75,exact,glgu,9,2,0,y,scarvey
2013,colv,2012-06-13,163,11:15:00,18:00:00,6.75,exact,ltja,3,2,1,y,scarvey
2013,colv,2012-06-13,163,11:15:00,18:00:00,6.75,exact,paja,6,2,0,y,scarvey
2013,colv,2012-06-13,163,11:15:00,18:00:00,6.75,exact,poja,1,2,0,y,scarvey
2013,colv,2012-06-13,163,11:15:00,18:00:00,6.75,exact,rutu,3,2,0,y,scarvey
2014,coat,2012-06-14,163,12:30:00,16:30:00,4,exact,arfo,1,3,0,y,crew1
2014,nome,2012-06-14,163,09:00:00,13:30:00,4.5,exact,glgu,11,3,0,y,NA
2014,nome,2012-06-14,163,09:00:00,13:30:00,4.5,exact,megu,9,3,0,y,NA
2014,nome,2012-06-14,163,09:00:00,13:30:00,4.5,exact,sacr,7,3,0,y,NA
2014,nome,2012-06-14,163,09:00:00,13:30:00,4.5,exact,paja,4,3,0,y,NA
2014,nome,2012-06-14,163,09:00:00,13:30:00,4.5,exact,cora,1,3,0,y,NA
2014,nome,2012-06-14,163,09:00:00,13:30:00,4.5,exact,noha,1,3,0,y,NA
2012,nome,2011-06-12,163,11:00:00,14:00:00,3,exact,cora,2,4,0,y,NA
2012,nome,2011-06-12,163,11:00:00,14:00:00,3,exact,glgu,10,4,0,y,NA
2012,nome,2011-06-12,163,11:00:00,14:00:00,3,exact,megu,1,4,0,y,NA
2012,nome,2011-06-12,163,11:00:00,14:00:00,3,exact,paja,1,4,0,y,NA
2011,nome,2012-06-11,163,11:00:00,18:00:00,7,exact,cora,4,5,0,y,wenglish
2011,nome,2012-06-11,163,11:00:00,18:00:00,7,exact,glgu,5,5,0,y,wenglish
2011,nome,2012-06-11,163,11:00:00,18:00:00,7,exact,ltja,1,5,0,y,wenglish
2011,nome,2012-06-11,163,11:00:00,18:00:00,7,exact,noha,4,5,0,y,wenglish
2011,nome,2012-06-11,163,11:00:00,18:00:00,7,exact,paja,4,5,0,y,wenglish
2012,eaba,2011-06-12,163,09:03:00,17:00:00,7.95,exact,arfo,1,6,0,y,ALL
2012,eaba,2011-06-12,163,09:03:00,17:00:00,7.95,exact,herg,17,6,0,y,ALL
2012,eaba,2011-06-12,163,09:03:00,17:00:00,7.95,exact,paja,2,6,0,y,ALL
2012,eaba,2011-06-12,163,09:03:00,17:00:00,7.95,exact,rutu,2,6,0,y,ALL
2014,cari,2012-06-14,163,11:41:00,18:00:00,6.32,exact,glgu,12,1,0,n,bhiggins
2014,cari,2012-06-14,163,11:41:00,18:00:00,6.32,exact,poja,13,1,0,n,bhiggins
2014,cari,2012-06-14,163,11:41:00,18:00:00,6.32,exact,paja,1,1,0,n,bhiggins
2014,cari,2012-06-14,163,11:41:00,18:00:00,6.32,exact,ltja,2,1,0,n,bhiggins
2014,cari,2012-06-14,163,11:41:00,18:00:00,6.32,exact,seow,2,1,0,n,bhiggins
2014,cari,2012-06-14,163,11:41:00,18:00:00,6.32,exact,sacr,1,1,0,n,bhiggins
2014,cari,2012-06-14,163,11:41:00,18:00:00,6.32,exact,rutu,1,1,1,n,bhiggins
2014,cari,2012-06-14,163,09:00:00,17:30:00,8.5,exact,glgu,40,1,0,n,idavies
2014,cari,2012-06-14,163,09:00:00,17:30:00,8.5,exact,poja,15,1,0,n,idavies
2014,cari,2012-06-14,163,09:00:00,17:30:00,8.5,exact,paja,4,1,0,n,idavies
2014,cari,2012-06-14,163,09:00:00,17:30:00,8.5,exact,ltja,1,1,0,n,idavies
2014,cari,2012-06-14,163,09:00:00,17:30:00,8.5,exact,cora,2,1,0,n,idavies
2014,cari,2012-06-14,163,09:00:00,17:30:00,8.5,exact,rutu,1,1,0,n,idavies
2014,cari,2012-06-14,163,09:00:00,17:30:00,8.5,exact,sacr,1,1,0,n,idavies
2014,cari,2012-06-14,163,09:00:00,17:30:00,8.5,exact,pefa,1,1,0,n,idavies
2014,cari,2012-06-14,163,09:00:00,17:30:00,8.5,exact,seow,3,1,0,n,idavies
2013,nome,2012-06-13,163,10:00:00,16:00:00,6,exact,agsq,1,5,0,y,NA
2013,nome,2012-06-13,163,10:00:00,16:00:00,6,exact,cora,1,5,0,y,NA
2013,nome,2012-06-13,163,10:00:00,16:00:00,6,exact,tuvo,1,5,0,y,NA
2013,nome,2012-06-13,163,10:00:00,16:00:00,6,exact,paja,1,5,0,y,NA
2013,nome,2012-06-13,163,10:00:00,16:00:00,6,exact,glgu,2,5,0,y,NA
2013,nome,2012-06-13,163,10:00:00,16:00:00,6,exact,megu,3,5,0,y,NA
2013,nome,2012-06-13,163,10:00:00,16:00:00,6,exact,sacr,3,5,0,y,NA
2011,chur,2012-06-11,163,09:00:00,16:35:00,7.58,NA,paja,3,2,0,y,edastous
2011,chur,2012-06-11,163,09:00:00,16:35:00,7.58,NA,wolv,1,2,0,y,edastous
2014,cakr,2011-06-14,162,11:00:00,12:00:00,1,exact,glgu,28,1,0,n,jeschenroeder
2014,cakr,2011-06-14,162,11:00:00,12:00:00,1,exact,paja,2,1,0,n,jeschenroeder
2014,cakr,2011-06-14,162,11:00:00,12:00:00,1,exact,ltja,1,1,0,n,jeschenroeder
2014,cakr,2011-06-14,162,11:00:00,12:00:00,1,exact,sacr,3,1,0,n,jeschenroeder
2012,cari,2010-06-12,162,10:30:00,11:30:00,1,exact,arfo,1,1,0,n,epierce
2012,cari,2010-06-12,162,10:30:00,11:30:00,1,exact,glgu,2,1,0,n,epierce
2012,cari,2010-06-12,162,10:30:00,11:30:00,1,exact,paja,5,1,0,n,epierce
2012,cari,2010-06-12,162,10:30:00,11:30:00,1,exact,poja,2,1,0,n,epierce
2014,barr,2011-06-14,162,15:05:00,16:06:00,1.02,exact,glgu,20,1,0,n,ssheedy
2014,barr,2011-06-14,162,15:05:00,16:06:00,1.02,exact,poja,7,1,0,n,ssheedy
2014,barr,2011-06-14,162,15:05:00,16:06:00,1.02,exact,paja,4,1,0,n,ssheedy
2013,cakr,2011-06-13,162,10:00:00,11:30:00,1.5,exact,glgu,7,1,0,n,jkardiak
2013,cakr,2011-06-13,162,10:00:00,11:30:00,1.5,exact,paja,4,1,0,n,jkardiak
2013,cakr,2011-06-13,162,10:00:00,11:30:00,1.5,exact,refo,1,1,0,n,jkardiak
2013,cakr,2011-06-13,162,10:00:00,11:30:00,1.5,exact,sacr,5,1,0,n,jkardiak
2013,cakr,2011-06-13,162,13:00:00,14:30:00,1.5,exact,cora,1,1,0,n,jkardiak
2013,cakr,2011-06-13,162,13:00:00,14:30:00,1.5,exact,glgu,5,1,0,n,jkardiak
2013,cakr,2011-06-13,162,13:00:00,14:30:00,1.5,exact,ltja,1,1,0,n,jkardiak
2013,cakr,2011-06-13,162,13:00:00,14:30:00,1.5,exact,paja,3,1,0,n,jkardiak
2013,cakr,2011-06-13,162,13:00:00,14:30:00,1.5,exact,refo,1,1,0,n,jkardiak
2013,cakr,2011-06-13,162,13:00:00,14:30:00,1.5,exact,sacr,4,1,0,n,jkardiak
2014,barr,2011-06-14,162,09:45:00,12:04:00,2.32,est,glgu,6,1,0,n,jmarin
2014,barr,2011-06-14,162,09:45:00,12:04:00,2.32,est,poja,10,1,0,n,jmarin
2014,barr,2011-06-14,162,09:45:00,12:04:00,2.32,exact,rutu,2,1,0,n,jmarin
2014,barr,2011-06-14,162,09:45:00,12:04:00,2.32,exact,snow,2,1,0,n,jmarin
2014,barr,2011-06-14,162,14:00:00,16:24:00,2.4,est,glgu,10,1,0,n,jmarin
2014,barr,2011-06-14,162,14:00:00,16:24:00,2.4,est,poja,6,1,0,n,jmarin
2014,barr,2011-06-14,162,14:00:00,16:24:00,2.4,exact,paja,1,1,0,n,jmarin
2012,prba,2010-06-12,162,09:11:00,12:08:00,2.95,exact,glgu,3,1,0,n,apham
2012,prba,2010-06-12,162,09:11:00,12:08:00,2.95,exact,ltja,1,1,0,n,apham
2011,colv,2011-06-11,162,09:34:00,12:45:00,3.18,exact,agsq,3,1,0,n,dpavlik
2011,colv,2011-06-11,162,09:34:00,12:45:00,3.18,exact,glgu,2,1,0,n,dpavlik
2011,colv,2011-06-11,162,09:34:00,12:45:00,3.18,exact,paja,2,1,0,n,dpavlik
2011,colv,2011-06-11,162,09:34:00,12:45:00,3.18,exact,rutu,6,1,0,n,dpavlik
2014,barr,2011-06-14,162,14:00:00,17:50:00,3.83,NA,glgu,6,1,0,n,asterling
2014,barr,2011-06-14,162,14:00:00,17:50:00,3.83,NA,poja,8,1,0,n,asterling
2014,barr,2011-06-14,162,14:00:00,17:50:00,3.83,NA,paja,1,1,0,n,asterling
2012,cari,2010-06-12,162,10:00:00,14:00:00,4,exact,agsq,2,1,0,n,akneidel
2012,cari,2010-06-12,162,10:00:00,14:00:00,4,exact,glgu,8,1,0,n,akneidel
2012,cari,2010-06-12,162,10:00:00,14:00:00,4,exact,ltja,3,1,0,n,akneidel
2012,cari,2010-06-12,162,10:00:00,14:00:00,4,exact,paja,2,1,0,n,akneidel
2012,cari,2010-06-12,162,10:00:00,14:00:00,4,exact,pefa,1,1,0,n,akneidel
2012,cari,2010-06-12,162,10:00:00,14:00:00,4,exact,poja,4,1,0,n,akneidel
2012,cari,2010-06-12,162,10:00:00,14:00:00,4,exact,snow,2,1,0,n,akneidel
2012,cari,2010-06-12,162,10:00:00,14:00:00,4,exact,unle,1,1,0,n,akneidel
2012,made,2010-06-12,162,10:30:00,14:30:00,4,exact,glgu,4,1,0,n,lpirie
2012,made,2010-06-12,162,10:30:00,14:30:00,4,exact,noha,1,1,0,n,lpirie
2012,made,2010-06-12,162,10:30:00,14:30:00,4,exact,paja,3,1,0,n,lpirie
2012,made,2010-06-12,162,10:30:00,14:30:00,4,exact,sacr,6,1,0,n,lpirie
2013,barr,2011-06-13,162,14:20:00,18:20:00,4,exact,cora,1,1,0,n,pherzog
2013,barr,2011-06-13,162,14:20:00,18:20:00,4,exact,glgu,11,1,0,n,pherzog
2013,barr,2011-06-13,162,14:20:00,18:20:00,4,exact,paja,7,1,0,n,pherzog
2013,barr,2011-06-13,162,14:20:00,18:20:00,4,exact,unja,2,1,0,n,pherzog
2013,barr,2011-06-13,162,09:30:00,13:30:00,4,exact,glgu,2,1,0,n,bkaselow
2013,barr,2011-06-13,162,09:30:00,13:30:00,4,exact,paja,1,1,0,n,bkaselow
2013,barr,2011-06-13,162,13:40:00,17:40:00,4,est,glgu,10,1,0,n,lrensel
2013,barr,2011-06-13,162,13:40:00,17:40:00,4,exact,paja,2,1,0,n,lrensel
2013,barr,2011-06-13,162,13:45:00,17:45:00,4,exact,glgu,4,1,0,n,bkaselow
2013,barr,2011-06-13,162,13:45:00,17:45:00,4,exact,paja,7,1,0,n,bkaselow
2013,barr,2011-06-13,162,13:45:00,17:45:00,4,exact,poja,1,1,0,n,bkaselow
2011,colv,2011-06-11,162,09:49:00,13:50:00,4.02,exact,agsq,1,1,0,n,bwilkinson
2011,colv,2011-06-11,162,09:49:00,13:50:00,4.02,exact,glgu,5,1,0,n,bwilkinson
2011,colv,2011-06-11,162,09:49:00,13:50:00,4.02,exact,paja,1,1,0,n,bwilkinson
2011,colv,2011-06-11,162,09:49:00,13:50:00,4.02,exact,rutu,3,1,0,n,bwilkinson
2013,barr,2011-06-13,162,09:55:00,14:03:00,4.13,exact,glgu,8,1,0,n,pherzog
2013,barr,2011-06-13,162,09:55:00,14:03:00,4.13,exact,paja,2,1,0,n,pherzog
2013,barr,2011-06-13,162,09:00:00,13:10:00,4.17,est,glgu,20,1,0,n,lrensel
2014,barr,2011-06-14,162,09:45:00,13:55:00,4.17,NA,glgu,8,1,0,n,asterling
2014,barr,2011-06-14,162,09:45:00,13:55:00,4.17,NA,poja,12,1,0,n,asterling
2014,barr,2011-06-14,162,09:45:00,13:55:00,4.17,exact,noha,1,1,0,n,asterling
2014,barr,2011-06-14,162,09:45:00,13:55:00,4.17,exact,brle,1,1,0,n,asterling
2014,ikpi,2011-06-14,162,08:45:00,13:00:00,4.25,exact,glgu,7,1,0,n,mdodds
2014,ikpi,2011-06-14,162,08:45:00,13:00:00,4.25,exact,poja,1,1,0,n,mdodds
2014,ikpi,2011-06-14,162,08:45:00,13:00:00,4.25,exact,paja,1,1,0,n,mdodds
2014,ikpi,2011-06-14,162,08:45:00,13:00:00,4.25,exact,ltja,5,1,0,n,mdodds
2014,barr,2011-06-14,162,09:25:00,13:42:00,4.28,exact,glgu,1,1,0,n,ssheedy
2014,barr,2011-06-14,162,09:25:00,13:42:00,4.28,exact,poja,18,1,0,n,ssheedy
2014,barr,2011-06-14,162,09:25:00,13:42:00,4.28,exact,paja,2,1,0,n,ssheedy
2012,colv,2010-06-12,162,09:40:00,14:29:00,4.82,exact,agsq,4,1,0,n,dpavlik
2012,colv,2010-06-12,162,09:40:00,14:29:00,4.82,exact,glgu,7,1,0,n,dpavlik
2012,colv,2010-06-12,162,09:40:00,14:29:00,4.82,exact,ltja,2,1,0,n,dpavlik
2012,colv,2010-06-12,162,09:40:00,14:29:00,4.82,exact,paja,1,1,0,n,dpavlik
2012,colv,2010-06-12,162,09:40:00,14:29:00,4.82,exact,poja,1,1,0,n,dpavlik
2012,colv,2010-06-12,162,09:40:00,14:29:00,4.82,exact,rutu,1,1,0,n,dpavlik
2012,colv,2010-06-12,162,09:40:00,14:29:00,4.82,exact,snow,4,1,0,n,dpavlik
2014,made,2011-06-14,162,12:00:00,17:00:00,5,est,sacr,6,1,0,n,canderson
2014,made,2011-06-14,162,12:00:00,17:00:00,5,est,glgu,3,1,0,n,canderson
2014,made,2011-06-14,162,12:00:00,17:00:00,5,est,paja,1,1,0,n,canderson
2014,made,2011-06-14,162,12:00:00,17:00:00,5,est,rlha,2,1,0,n,canderson
2014,made,2011-06-14,162,12:00:00,17:00:00,5,est,cora,2,1,0,n,canderson
2012,colv,2010-06-12,162,10:07:00,15:24:00,5.28,exact,agsq,5,1,0,n,bwilkinson
2012,colv,2010-06-12,162,10:07:00,15:24:00,5.28,exact,glgu,11,1,0,n,bwilkinson
2012,colv,2010-06-12,162,10:07:00,15:24:00,5.28,exact,ltja,4,1,0,n,bwilkinson
2012,colv,2010-06-12,162,10:07:00,15:24:00,5.28,exact,paja,3,1,0,n,bwilkinson
2012,colv,2010-06-12,162,10:07:00,15:24:00,5.28,exact,poja,1,1,0,n,bwilkinson
2012,colv,2010-06-12,162,10:07:00,15:24:00,5.28,exact,refo,1,1,0,n,bwilkinson
2012,colv,2010-06-12,162,10:07:00,15:24:00,5.28,exact,rutu,6,1,1,n,bwilkinson
2012,cari,2010-06-12,162,09:45:00,15:13:00,5.47,exact,arfo,1,1,0,n,idavies
2012,cari,2010-06-12,162,09:45:00,15:13:00,5.47,exact,cole,3,1,0,n,idavies
2012,cari,2010-06-12,162,09:45:00,15:13:00,5.47,exact,glgu,14,1,0,n,idavies
2012,cari,2010-06-12,162,09:45:00,15:13:00,5.47,exact,ltja,1,1,0,n,idavies
2012,cari,2010-06-12,162,09:45:00,15:13:00,5.47,exact,paja,4,1,0,n,idavies
2012,cari,2010-06-12,162,09:45:00,15:13:00,5.47,exact,poja,11,1,0,n,idavies
2013,prba,2011-06-13,162,10:30:00,16:00:00,5.5,exact,arfo,1,1,0,n,brobinson
2013,prba,2011-06-13,162,10:30:00,16:00:00,5.5,exact,cora,2,1,0,n,brobinson
2013,prba,2011-06-13,162,10:30:00,16:00:00,5.5,exact,glgu,8,1,0,n,brobinson
2013,prba,2011-06-13,162,10:30:00,16:00:00,5.5,exact,ltja,4,1,0,n,brobinson
2013,prba,2011-06-13,162,10:30:00,16:00:00,5.5,exact,paja,3,1,0,n,brobinson
2013,prba,2011-06-13,162,10:30:00,16:00:00,5.5,exact,pefa,1,1,0,n,brobinson
2013,prba,2011-06-13,162,10:30:00,16:00:00,5.5,exact,poja,2,1,0,n,brobinson
2013,prba,2011-06-13,162,10:30:00,16:00:00,5.5,exact,refo,1,1,0,n,brobinson
2013,prba,2011-06-13,162,10:30:00,16:00:00,5.5,exact,snow,1,1,0,n,brobinson
2013,ikpi,2011-06-13,162,12:15:00,18:15:00,6,exact,agsq,3,1,1,n,ojames
2013,ikpi,2011-06-13,162,12:15:00,18:15:00,6,exact,arfo,1,1,0,n,ojames
2013,ikpi,2011-06-13,162,12:15:00,18:15:00,6,est,glgu,7,1,0,n,ojames
2013,ikpi,2011-06-13,162,12:15:00,18:15:00,6,exact,ltja,1,1,0,n,ojames
2013,ikpi,2011-06-13,162,12:15:00,18:15:00,6,exact,noha,1,1,0,n,ojames
2013,ikpi,2011-06-13,162,12:15:00,18:15:00,6,exact,paja,4,1,0,n,ojames
2013,ikpi,2011-06-13,162,12:15:00,18:15:00,6,exact,refo,1,1,0,n,ojames
2011,ikpi,2011-06-11,162,11:00:00,17:00:00,6,exact,brle,1,1,0,n,acook
2011,ikpi,2011-06-11,162,11:00:00,17:00:00,6,exact,glgu,4,1,0,n,acook
2011,ikpi,2011-06-11,162,11:00:00,17:00:00,6,exact,glgu,8,1,1,n,acook
2011,ikpi,2011-06-11,162,11:00:00,17:00:00,6,exact,ltja,1,1,0,n,acook
2011,ikpi,2011-06-11,162,11:00:00,17:00:00,6,exact,poja,3,1,0,n,acook
2011,ikpi,2011-06-11,162,11:00:00,17:00:00,6,exact,poja,6,1,0,n,acook
2011,ikpi,2011-06-11,162,11:00:00,17:00:00,6,exact,seow,1,1,0,n,acook
2012,cakr,2010-06-12,162,12:00:00,18:58:00,6.97,exact,glgu,1,1,0,n,rgates
2012,cakr,2010-06-12,162,12:00:00,18:58:00,6.97,exact,megu,1,1,0,n,rgates
2012,cakr,2010-06-12,162,12:00:00,18:58:00,6.97,exact,paja,3,1,0,n,rgates
2012,cakr,2010-06-12,162,12:00:00,18:58:00,6.97,exact,sacr,2,1,0,n,rgates
2014,colv,2011-06-14,162,12:00:00,19:20:00,7.33,exact,glgu,14,1,0,n,agottesman
2014,colv,2011-06-14,162,12:00:00,19:20:00,7.33,exact,poja,9,1,0,n,agottesman
2014,colv,2011-06-14,162,12:00:00,19:20:00,7.33,exact,paja,7,1,0,n,agottesman
2014,colv,2011-06-14,162,12:00:00,19:20:00,7.33,exact,ltja,6,1,0,n,agottesman
2014,colv,2011-06-14,162,12:00:00,19:20:00,7.33,exact,rutu,8,1,0,n,agottesman
2014,colv,2011-06-14,162,12:00:00,19:20:00,7.33,exact,agsq,25,1,0,n,agottesman
2014,colv,2011-06-14,162,12:00:00,19:20:00,7.33,exact,refo,2,1,1,n,agottesman
2014,colv,2011-06-14,162,11:30:00,19:00:00,7.5,exact,glgu,8,1,0,n,tdonnelly
2014,colv,2011-06-14,162,11:30:00,19:00:00,7.5,exact,poja,1,1,0,n,tdonnelly
2014,colv,2011-06-14,162,11:30:00,19:00:00,7.5,exact,paja,4,1,0,n,tdonnelly
2014,colv,2011-06-14,162,11:30:00,19:00:00,7.5,exact,ltja,3,1,0,n,tdonnelly
2014,colv,2011-06-14,162,11:30:00,19:00:00,7.5,exact,cora,1,1,0,n,tdonnelly
2014,colv,2011-06-14,162,11:30:00,19:00:00,7.5,exact,rutu,4,1,0,n,tdonnelly
2014,colv,2011-06-14,162,11:30:00,19:00:00,7.5,exact,sacr,1,1,0,n,tdonnelly
2014,colv,2011-06-14,162,11:30:00,19:00:00,7.5,exact,agsq,4,1,0,n,tdonnelly
2013,colv,2011-06-13,162,10:35:00,18:09:00,7.57,exact,agsq,11,1,0,n,bwilkinson
2013,colv,2011-06-13,162,10:35:00,18:09:00,7.57,exact,arfo,2,1,0,n,bwilkinson
2013,colv,2011-06-13,162,10:35:00,18:09:00,7.57,exact,cora,1,1,0,n,bwilkinson
2013,colv,2011-06-13,162,10:35:00,18:09:00,7.57,exact,glgu,5,1,0,n,bwilkinson
2013,colv,2011-06-13,162,10:35:00,18:09:00,7.57,exact,ltja,2,1,0,n,bwilkinson
2013,colv,2011-06-13,162,10:35:00,18:09:00,7.57,exact,paja,3,1,0,n,bwilkinson
2013,colv,2011-06-13,162,10:35:00,18:09:00,7.57,exact,poja,1,1,0,n,bwilkinson
2013,colv,2011-06-13,162,10:35:00,18:09:00,7.57,exact,rutu,4,1,0,n,bwilkinson
2013,colv,2011-06-13,162,10:35:00,18:09:00,7.57,exact,sacr,2,1,0,n,bwilkinson
2013,chau,2011-06-13,162,10:30:00,18:30:00,8,est,glgu,6,1,0,n,kpietrzak
2013,chau,2011-06-13,162,10:30:00,18:30:00,8,est,paja,3,1,0,n,kpietrzak
2013,chau,2011-06-13,162,10:30:00,18:30:00,8,est,sacr,9,1,0,n,kpietrzak
2013,chau,2011-06-13,162,10:30:00,18:30:00,8,est,vegu,13,1,0,n,kpietrzak
2014,chau,2011-06-14,162,10:30:00,18:45:00,8.25,exact,glgu,5,1,0,n,lgoodrick
2014,chau,2011-06-14,162,10:30:00,18:45:00,8.25,exact,paja,1,1,0,n,lgoodrick
2014,chau,2011-06-14,162,10:30:00,18:45:00,8.25,exact,cora,1,1,0,n,lgoodrick
2014,chau,2011-06-14,162,10:30:00,18:45:00,8.25,exact,sacr,4,1,0,n,lgoodrick
2014,chau,2011-06-14,162,10:30:00,18:45:00,8.25,exact,rlha,1,1,0,n,lgoodrick
2014,chau,2011-06-14,162,10:30:00,18:45:00,8.25,exact,vegu,12,1,0,n,lgoodrick
2012,ikpi,2010-06-12,162,10:30:00,19:00:00,8.5,est,glgu,6,1,0,n,kpietrzak
2012,ikpi,2010-06-12,162,10:30:00,19:00:00,8.5,exact,paja,2,1,0,n,kpietrzak
2012,ikpi,2010-06-12,162,10:30:00,19:00:00,8.5,exact,ltja,1,1,0,n,kpietrzak
2012,ikpi,2010-06-12,162,10:30:00,19:00:00,8.5,exact,brle,1,1,0,n,kpietrzak
2012,ikpi,2010-06-12,162,10:30:00,19:00:00,8.5,exact,cole,2,1,0,n,kpietrzak
2011,cari,2011-06-11,162,09:10:00,17:50:00,8.67,exact,glgu,4,1,0,n,rburner
2011,cari,2011-06-11,162,09:10:00,17:50:00,8.67,exact,ltja,2,1,0,n,rburner
2011,cari,2011-06-11,162,09:10:00,17:50:00,8.67,exact,paja,3,1,0,n,rburner
2011,cari,2011-06-11,162,09:10:00,17:50:00,8.67,exact,poja,30,1,0,n,rburner
2011,cari,2011-06-11,162,09:10:00,17:50:00,8.67,exact,snow,3,1,0,n,rburner
2011,cari,2011-06-11,162,09:10:00,17:50:00,8.67,exact,unle,3,1,0,n,rburner
2014,chur,2011-06-14,162,15:20:00,17:00:00,1.67,exact,cora,1,2,0,y,lkoloski
2014,chur,2011-06-14,162,15:20:00,17:00:00,1.67,exact,herg,1,2,0,y,lkoloski
2011,prba,2011-06-11,162,11:05:00,13:05:00,2,exact,cora,1,2,0,y,eames
2011,prba,2011-06-11,162,11:05:00,13:05:00,2,exact,ltja,1,2,0,y,eames
2011,prba,2011-06-11,162,11:05:00,13:05:00,2,exact,paja,1,2,0,y,eames
2011,prba,2011-06-11,162,11:05:00,13:05:00,2,exact,poja,6,2,0,y,eames
2011,prba,2011-06-11,162,11:05:00,13:05:00,2,exact,snow,1,2,0,y,eames
2014,chur,2011-06-14,162,13:00:00,15:00:00,2,exact,amcr,1,2,0,y,jperz
2014,chur,2011-06-14,162,13:00:00,15:00:00,2,exact,cora,1,2,0,y,jperz
2014,chur,2011-06-14,162,13:00:00,15:00:00,2,exact,herg,3,2,0,y,jperz
2014,chur,2011-06-14,162,13:00:00,15:00:00,2,exact,merl,1,2,0,y,jperz
2014,chur,2011-06-14,162,13:00:00,15:00:00,2,exact,noha,1,2,0,y,jperz
2014,chur,2011-06-14,162,13:00:00,15:00:00,2,exact,paja,2,2,0,y,jperz
2014,chur,2011-06-14,162,13:00:00,15:00:00,2,exact,rutu,20,2,0,y,jperz
2014,chur,2011-06-14,162,09:00:00,12:00:00,3,exact,cora,2,2,0,y,jperz
2014,chur,2011-06-14,162,09:00:00,12:00:00,3,exact,noha,1,2,0,y,jperz
2014,chur,2011-06-14,162,09:00:00,12:00:00,3,exact,paja,8,2,0,y,jperz
2014,chur,2011-06-14,162,11:10:00,15:00:00,3.83,exact,cora,2,2,0,y,lkoloski
2014,chur,2011-06-14,162,11:10:00,15:00:00,3.83,exact,herg,3,2,0,y,lkoloski
2014,chur,2011-06-14,162,11:10:00,15:00:00,3.83,exact,paja,2,2,0,y,lkoloski
2014,chur,2011-06-14,162,11:10:00,15:00:00,3.83,exact,sacr,3,2,0,y,lkoloski
2013,colv,2011-06-13,162,11:00:00,18:00:00,7,exact,agsq,4,2,0,y,scarvey
2013,colv,2011-06-13,162,11:00:00,18:00:00,7,exact,arfo,1,2,0,y,scarvey
2013,colv,2011-06-13,162,11:00:00,18:00:00,7,exact,glgu,22,2,0,y,scarvey
2013,colv,2011-06-13,162,11:00:00,18:00:00,7,exact,ltja,6,2,0,y,scarvey
2013,colv,2011-06-13,162,11:00:00,18:00:00,7,exact,paja,3,2,0,y,scarvey
2013,colv,2011-06-13,162,11:00:00,18:00:00,7,exact,pefa,1,2,0,y,scarvey
2013,colv,2011-06-13,162,11:00:00,18:00:00,7,exact,rutu,6,2,0,y,scarvey
2011,prba,2011-06-11,162,13:27:00,14:50:00,1.38,exact,glgu,2,3,0,y,skolbe
2011,prba,2011-06-11,162,13:27:00,14:50:00,1.38,exact,ltja,1,3,0,y,skolbe
2011,prba,2011-06-11,162,13:27:00,14:50:00,1.38,exact,paja,1,3,0,y,skolbe
2011,prba,2011-06-11,162,13:27:00,14:50:00,1.38,exact,poja,7,3,0,y,skolbe
2011,prba,2011-06-11,162,13:27:00,14:50:00,1.38,exact,snow,1,3,0,y,skolbe
2013,made,2011-06-13,162,14:30:00,18:10:00,3.67,est,cora,5,3,0,y,fsmith
2013,made,2011-06-13,162,14:30:00,18:10:00,3.67,est,glgu,12,3,0,y,fsmith
2013,made,2011-06-13,162,14:30:00,18:10:00,3.67,exact,megu,1,3,0,y,fsmith
2013,made,2011-06-13,162,14:30:00,18:10:00,3.67,exact,paja,4,3,1,y,fsmith
2013,made,2011-06-13,162,14:30:00,18:10:00,3.67,est,sacr,20,3,0,y,fsmith
2014,coat,2011-06-14,162,10:00:00,14:00:00,4,exact,arfo,1,3,0,y,crew1
2014,nome,2011-06-14,162,09:00:00,15:30:00,6.5,exact,glgu,6,3,0,y,NA
2014,nome,2011-06-14,162,09:00:00,15:30:00,6.5,exact,paja,3,3,0,y,NA
2014,nome,2011-06-14,162,09:00:00,15:30:00,6.5,exact,megu,2,3,0,y,NA
2014,nome,2011-06-14,162,09:00:00,15:30:00,6.5,exact,cora,2,3,0,y,NA
2011,nome,2011-06-11,162,12:00:00,18:00:00,6,exact,agsq,1,5,0,y,wenglish
2011,nome,2011-06-11,162,12:00:00,18:00:00,6,exact,cora,3,5,0,y,wenglish
2011,nome,2011-06-11,162,12:00:00,18:00:00,6,exact,glgu,4,5,0,y,wenglish
2011,nome,2011-06-11,162,12:00:00,18:00:00,6,exact,ltja,2,5,0,y,wenglish
2011,nome,2011-06-11,162,12:00:00,18:00:00,6,exact,noha,1,5,0,y,wenglish
2011,nome,2011-06-11,162,12:00:00,18:00:00,6,exact,paja,3,5,0,y,wenglish
2011,nome,2011-06-11,162,12:00:00,18:00:00,6,exact,sacr,14,5,0,y,wenglish
2012,nome,2010-06-12,162,10:00:00,19:00:00,9,exact,bltu,2,5,0,y,NA
2012,nome,2010-06-12,162,10:00:00,19:00:00,9,exact,cora,2,5,0,y,NA
2012,nome,2010-06-12,162,10:00:00,19:00:00,9,exact,glgu,3,5,0,y,NA
2012,nome,2010-06-12,162,10:00:00,19:00:00,9,exact,ltja,2,5,0,y,NA
2012,nome,2010-06-12,162,10:00:00,19:00:00,9,exact,megu,3,5,0,y,NA
2012,nome,2010-06-12,162,10:00:00,19:00:00,9,exact,noha,1,5,0,y,NA
2012,nome,2010-06-12,162,10:00:00,19:00:00,9,exact,paja,6,5,0,y,NA
2012,nome,2010-06-12,162,10:00:00,19:00:00,9,exact,pefa,1,5,0,y,NA
2012,nome,2010-06-12,162,10:00:00,19:00:00,9,exact,sacr,6,5,0,y,NA
2012,nome,2010-06-12,162,10:00:00,19:00:00,9,exact,seow,1,5,0,y,NA
2012,eaba,2010-06-12,162,09:20:00,17:00:00,7.67,exact,arfo,2,6,0,y,ALL
2012,eaba,2010-06-12,162,09:20:00,17:00:00,7.67,exact,herg,2,6,0,y,ALL
2012,eaba,2010-06-12,162,09:20:00,17:00:00,7.67,exact,rutu,1,6,0,y,ALL
2014,cari,2011-06-14,162,09:30:00,16:45:00,7.25,exact,glgu,90,1,0,n,idavies
2014,cari,2011-06-14,162,09:30:00,16:45:00,7.25,exact,poja,13,1,0,n,idavies
2014,cari,2011-06-14,162,09:30:00,16:45:00,7.25,exact,paja,5,1,0,n,idavies
2014,cari,2011-06-14,162,09:30:00,16:45:00,7.25,exact,sacr,1,1,0,n,idavies
2014,cari,2011-06-14,162,09:30:00,16:45:00,7.25,exact,seow,3,1,0,n,idavies
2011,chur,2011-06-11,162,08:25:00,17:30:00,9.08,NA,sacr,1,2,0,y,edastous
2011,prba,2010-06-11,161,11:30:00,12:51:00,1.35,exact,glgu,3,1,0,n,eames
2011,prba,2010-06-11,161,11:30:00,12:51:00,1.35,exact,poja,2,1,0,n,eames
2011,prba,2010-06-11,161,08:40:00,10:50:00,2.17,exact,cora,2,1,0,n,eames
2011,prba,2010-06-11,161,08:40:00,10:50:00,2.17,exact,glgu,3,1,0,n,eames
2011,prba,2010-06-11,161,08:40:00,10:50:00,2.17,exact,poja,6,1,0,n,eames
2011,prba,2010-06-11,161,08:40:00,10:50:00,2.17,exact,snow,1,1,0,n,eames
2011,ikpi,2010-06-11,161,10:00:00,12:28:00,2.47,est,agsq,1,1,1,n,kpietrzak
2011,ikpi,2010-06-11,161,10:00:00,12:28:00,2.47,est,glgu,2,1,0,n,kpietrzak
2011,ikpi,2010-06-11,161,10:00:00,12:28:00,2.47,est,paja,2,1,0,n,kpietrzak
2011,ikpi,2010-06-11,161,10:00:00,12:28:00,2.47,est,poja,4,1,0,n,kpietrzak
2011,ikpi,2010-06-11,161,10:00:00,12:28:00,2.47,est,seow,1,1,0,n,kpietrzak
2011,ikpi,2010-06-11,161,13:20:00,15:55:00,2.58,est,glgu,2,1,0,n,kpietrzak
2011,ikpi,2010-06-11,161,13:20:00,15:55:00,2.58,est,ltja,2,1,0,n,kpietrzak
2011,ikpi,2010-06-11,161,13:20:00,15:55:00,2.58,est,paja,1,1,0,n,kpietrzak
2011,ikpi,2010-06-11,161,13:20:00,15:55:00,2.58,est,poja,1,1,0,n,kpietrzak
2011,ikpi,2010-06-11,161,13:20:00,15:55:00,2.58,est,seow,1,1,0,n,kpietrzak
2012,prba,2009-06-12,161,09:20:00,12:10:00,2.83,est,glgu,5,1,0,n,jlautenbach
2012,prba,2009-06-12,161,09:20:00,12:10:00,2.83,exact,ltja,2,1,0,n,jlautenbach
2012,prba,2009-06-12,161,09:20:00,12:10:00,2.83,exact,paja,2,1,0,n,jlautenbach
2012,prba,2009-06-12,161,09:20:00,12:10:00,2.83,exact,poja,1,1,0,n,jlautenbach
2012,prba,2009-06-12,161,09:20:00,12:10:00,2.83,exact,refo,1,1,0,n,jlautenbach
2012,colv,2009-06-12,161,10:01:00,13:07:00,3.1,exact,agsq,5,1,0,n,bwilkinson
2012,colv,2009-06-12,161,10:01:00,13:07:00,3.1,exact,glgu,12,1,0,n,bwilkinson
2012,colv,2009-06-12,161,10:01:00,13:07:00,3.1,exact,ltja,2,1,0,n,bwilkinson
2012,colv,2009-06-12,161,10:01:00,13:07:00,3.1,exact,paja,2,1,0,n,bwilkinson
2012,colv,2009-06-12,161,10:01:00,13:07:00,3.1,exact,rutu,4,1,0,n,bwilkinson
2012,colv,2009-06-12,161,10:01:00,13:07:00,3.1,exact,snow,1,1,0,n,bwilkinson
2013,cari,2010-06-13,161,10:22:00,13:45:00,3.38,exact,agsq,1,1,0,n,bhiggins
2013,cari,2010-06-13,161,10:22:00,13:45:00,3.38,exact,glgu,7,1,0,n,bhiggins
2013,cari,2010-06-13,161,10:22:00,13:45:00,3.38,exact,paja,5,1,0,n,bhiggins
2013,cari,2010-06-13,161,10:22:00,13:45:00,3.38,exact,poja,1,1,0,n,bhiggins
2013,cari,2010-06-13,161,10:22:00,13:45:00,3.38,exact,sacr,1,1,0,n,bhiggins
2012,colv,2009-06-12,161,10:01:00,13:35:00,3.57,exact,agsq,7,1,0,n,dpavlik
2012,colv,2009-06-12,161,10:01:00,13:35:00,3.57,exact,glgu,7,1,0,n,dpavlik
2012,colv,2009-06-12,161,10:01:00,13:35:00,3.57,exact,ltja,1,1,0,n,dpavlik
2012,colv,2009-06-12,161,10:01:00,13:35:00,3.57,exact,paja,2,1,0,n,dpavlik
2012,colv,2009-06-12,161,10:01:00,13:35:00,3.57,exact,refo,1,1,0,n,dpavlik
2012,colv,2009-06-12,161,10:01:00,13:35:00,3.57,exact,rutu,2,1,0,n,dpavlik
2012,colv,2009-06-12,161,10:01:00,13:35:00,3.57,exact,sacr,1,1,0,n,dpavlik
2012,colv,2009-06-12,161,10:01:00,13:35:00,3.57,exact,snow,1,1,0,n,dpavlik
2013,chau,2010-06-13,161,15:15:00,20:00:00,4.75,est,cora,1,1,0,n,mmudge
2013,chau,2010-06-13,161,15:15:00,20:00:00,4.75,est,glgu,5,1,1,n,mmudge
2013,chau,2010-06-13,161,15:15:00,20:00:00,4.75,est,ltja,3,1,0,n,mmudge
2013,chau,2010-06-13,161,15:15:00,20:00:00,4.75,est,sacr,7,1,1,n,mmudge
2013,chau,2010-06-13,161,15:15:00,20:00:00,4.75,est,vegu,18,1,0,n,mmudge
2011,colv,2010-06-11,161,10:38:00,15:27:00,4.82,exact,agsq,6,1,0,n,bwilkinson
2011,colv,2010-06-11,161,10:38:00,15:27:00,4.82,exact,glgu,7,1,0,n,bwilkinson
2011,colv,2010-06-11,161,10:38:00,15:27:00,4.82,exact,ltja,1,1,0,n,bwilkinson
2011,colv,2010-06-11,161,10:38:00,15:27:00,4.82,exact,paja,4,1,0,n,bwilkinson
2011,colv,2010-06-11,161,10:38:00,15:27:00,4.82,exact,rutu,6,1,0,n,bwilkinson
2011,colv,2010-06-11,161,10:40:00,15:51:00,5.18,exact,glgu,11,1,0,n,dpavlik
2011,colv,2010-06-11,161,10:40:00,15:51:00,5.18,exact,ltja,2,1,0,n,dpavlik
2011,colv,2010-06-11,161,10:40:00,15:51:00,5.18,exact,paja,2,1,0,n,dpavlik
2011,colv,2010-06-11,161,10:40:00,15:51:00,5.18,exact,poja,1,1,0,n,dpavlik
2011,colv,2010-06-11,161,10:40:00,15:51:00,5.18,exact,rutu,3,1,0,n,dpavlik
2013,prba,2010-06-13,161,10:00:00,15:30:00,5.5,exact,agsq,5,1,0,n,brobinson
2013,prba,2010-06-13,161,10:00:00,15:30:00,5.5,exact,cora,2,1,0,n,brobinson
2013,prba,2010-06-13,161,10:00:00,15:30:00,5.5,exact,glgu,3,1,0,n,brobinson
2013,prba,2010-06-13,161,10:00:00,15:30:00,5.5,exact,ltja,2,1,0,n,brobinson
2013,prba,2010-06-13,161,10:00:00,15:30:00,5.5,exact,paja,2,1,0,n,brobinson
2013,prba,2010-06-13,161,10:00:00,15:30:00,5.5,exact,poja,1,1,0,n,brobinson
2013,prba,2010-06-13,161,10:00:00,15:30:00,5.5,exact,sacr,1,1,0,n,brobinson
2012,ikpi,2009-06-12,161,10:17:00,15:50:00,5.55,est,glgu,7,1,1,n,mmudge
2012,ikpi,2009-06-12,161,10:17:00,15:50:00,5.55,est,poja,5,1,0,n,mmudge
2012,ikpi,2009-06-12,161,10:17:00,15:50:00,5.55,est,paja,3,1,0,n,mmudge
2012,ikpi,2009-06-12,161,10:17:00,15:50:00,5.55,exact,ltja,1,1,0,n,mmudge
2012,ikpi,2009-06-12,161,10:17:00,15:50:00,5.55,exact,seow,1,1,0,n,mmudge
2013,ikpi,2010-06-13,161,13:50:00,20:00:00,6.17,exact,cora,1,1,0,n,acook
2013,ikpi,2010-06-13,161,13:50:00,20:00:00,6.17,est,glgu,6,1,0,n,acook
2013,ikpi,2010-06-13,161,13:50:00,20:00:00,6.17,est,paja,5,1,0,n,acook
2011,cakr,2010-06-11,161,10:15:00,16:30:00,6.25,exact,bltu,3,1,0,n,lpadegimas
2011,cakr,2010-06-11,161,10:15:00,16:30:00,6.25,est,glgu,500,1,0,n,lpadegimas
2011,cakr,2010-06-11,161,10:15:00,16:30:00,6.25,exact,gwgu,2,1,0,n,lpadegimas
2011,cakr,2010-06-11,161,10:15:00,16:30:00,6.25,exact,ltja,2,1,0,n,lpadegimas
2011,cakr,2010-06-11,161,10:15:00,16:30:00,6.25,exact,megu,8,1,0,n,lpadegimas
2011,cakr,2010-06-11,161,10:15:00,16:30:00,6.25,exact,noha,1,1,0,n,lpadegimas
2011,cakr,2010-06-11,161,10:15:00,16:30:00,6.25,exact,paja,17,1,0,n,lpadegimas
2011,cakr,2010-06-11,161,10:15:00,16:30:00,6.25,exact,poja,1,1,0,n,lpadegimas
2011,cakr,2010-06-11,161,10:15:00,16:30:00,6.25,exact,sacr,16,1,1,n,lpadegimas
2014,made,2010-06-14,161,11:30:00,18:00:00,6.5,est,ltja,1,1,0,n,lbachellier
2014,made,2010-06-14,161,11:30:00,18:00:00,6.5,est,paja,2,1,0,n,lbachellier
2014,made,2010-06-14,161,11:30:00,18:00:00,6.5,est,sacr,3,1,0,n,lbachellier
2013,colv,2010-06-13,161,10:35:00,17:10:00,6.58,exact,agsq,6,1,0,n,bwilkinson
2013,colv,2010-06-13,161,10:35:00,17:10:00,6.58,exact,glgu,5,1,0,n,bwilkinson
2013,colv,2010-06-13,161,10:35:00,17:10:00,6.58,exact,ltja,2,1,0,n,bwilkinson
2013,colv,2010-06-13,161,10:35:00,17:10:00,6.58,exact,paja,3,1,0,n,bwilkinson
2013,colv,2010-06-13,161,10:35:00,17:10:00,6.58,exact,rutu,6,1,0,n,bwilkinson
2014,colv,2010-06-14,161,13:30:00,20:30:00,7,exact,glgu,6,1,0,n,tdonnelly
2014,colv,2010-06-14,161,13:30:00,20:30:00,7,exact,paja,5,1,0,n,tdonnelly
2014,colv,2010-06-14,161,13:30:00,20:30:00,7,exact,ltja,2,1,0,n,tdonnelly
2014,colv,2010-06-14,161,13:30:00,20:30:00,7,exact,rutu,12,1,0,n,tdonnelly
2014,colv,2010-06-14,161,13:30:00,20:30:00,7,exact,agsq,10,1,0,n,tdonnelly
2014,colv,2010-06-14,161,13:30:00,20:30:00,7,exact,refo,1,1,1,n,tdonnelly
2013,cari,2010-06-13,161,10:03:00,17:12:00,7.15,exact,glgu,16,1,0,n,idavies
2013,cari,2010-06-13,161,10:03:00,17:12:00,7.15,exact,ltja,1,1,0,n,idavies
2013,cari,2010-06-13,161,10:03:00,17:12:00,7.15,exact,noha,2,1,0,n,idavies
2013,cari,2010-06-13,161,10:03:00,17:12:00,7.15,exact,paja,3,1,0,n,idavies
2013,cari,2010-06-13,161,10:03:00,17:12:00,7.15,exact,poja,11,1,0,n,idavies
2013,cari,2010-06-13,161,10:03:00,17:12:00,7.15,exact,rutu,1,1,0,n,idavies
2013,cari,2010-06-13,161,10:03:00,17:12:00,7.15,exact,sacr,1,1,0,n,idavies
2013,cari,2010-06-13,161,10:03:00,17:12:00,7.15,exact,snow,2,1,0,n,idavies
2014,colv,2010-06-14,161,11:11:00,19:05:00,7.9,exact,glgu,12,1,0,n,agottesman
2014,colv,2010-06-14,161,11:11:00,19:05:00,7.9,exact,poja,8,1,0,n,agottesman
2014,colv,2010-06-14,161,11:11:00,19:05:00,7.9,exact,paja,5,1,0,n,agottesman
2014,colv,2010-06-14,161,11:11:00,19:05:00,7.9,exact,ltja,1,1,0,n,agottesman
2014,colv,2010-06-14,161,11:11:00,19:05:00,7.9,exact,rutu,10,1,0,n,agottesman
2014,colv,2010-06-14,161,11:11:00,19:05:00,7.9,exact,sacr,1,1,0,n,agottesman
2014,colv,2010-06-14,161,11:11:00,19:05:00,7.9,exact,agsq,5,1,0,n,agottesman
2013,cakr,2010-06-13,161,10:30:00,18:30:00,8,exact,cora,1,1,0,n,flin
2013,cakr,2010-06-13,161,10:30:00,18:30:00,8,exact,glgu,8,1,0,n,flin
2013,cakr,2010-06-13,161,10:30:00,18:30:00,8,exact,paja,2,1,0,n,flin
2013,cakr,2010-06-13,161,10:30:00,18:30:00,8,exact,refo,1,1,0,n,flin
2013,cakr,2010-06-13,161,10:30:00,18:30:00,8,exact,sacr,2,1,0,n,flin
2012,cakr,2009-06-12,161,08:30:00,17:15:00,8.75,exact,cora,1,1,0,n,edastous
2012,cakr,2009-06-12,161,08:30:00,17:15:00,8.75,exact,glgu,15,1,0,n,edastous
2012,cakr,2009-06-12,161,08:30:00,17:15:00,8.75,exact,ltja,1,1,0,n,edastous
2012,cakr,2009-06-12,161,08:30:00,17:15:00,8.75,exact,megu,2,1,0,n,edastous
2012,cakr,2009-06-12,161,08:30:00,17:15:00,8.75,exact,paja,7,1,0,n,edastous
2012,cakr,2009-06-12,161,08:30:00,17:15:00,8.75,exact,sacr,2,1,0,n,edastous
2014,ikpi,2010-06-14,161,08:10:00,16:55:00,8.75,exact,ltja,4,1,0,n,rhammond
2014,ikpi,2010-06-14,161,08:10:00,16:55:00,8.75,exact,poja,1,1,0,n,rhammond
2014,ikpi,2010-06-14,161,08:10:00,16:55:00,8.75,exact,paja,7,1,0,n,rhammond
2014,ikpi,2010-06-14,161,08:10:00,16:55:00,8.75,exact,glgu,9,1,0,n,rhammond
2014,ikpi,2010-06-14,161,08:10:00,16:55:00,8.75,exact,agsq,2,1,0,n,rhammond
2014,ikpi,2010-06-14,161,08:10:00,16:55:00,8.75,exact,sagu,7,1,0,n,rhammond
2013,cari,2010-06-13,161,10:22:00,13:45:00,3.38,exact,ltja,1,2,0,n,bhiggins
2014,chur,2010-06-14,161,11:30:00,16:30:00,5,exact,cora,3,2,0,y,jperz
2014,chur,2010-06-14,161,11:30:00,16:30:00,5,exact,cora,1,2,0,y,jperz
2014,chur,2010-06-14,161,11:30:00,16:30:00,5,exact,paja,3,2,0,y,jperz
2013,colv,2010-06-13,161,10:37:00,17:00:00,6.38,exact,agsq,12,2,0,y,scarvey
2013,colv,2010-06-13,161,10:37:00,17:00:00,6.38,exact,glgu,18,2,0,y,scarvey
2013,colv,2010-06-13,161,10:37:00,17:00:00,6.38,exact,ltja,5,2,0,y,scarvey
2013,colv,2010-06-13,161,10:37:00,17:00:00,6.38,exact,paja,7,2,0,y,scarvey
2013,colv,2010-06-13,161,10:37:00,17:00:00,6.38,exact,rutu,6,2,0,y,scarvey
2012,made,2009-06-12,161,11:00:00,18:00:00,7,exact,cora,4,2,0,y,lpirie
2012,made,2009-06-12,161,11:00:00,18:00:00,7,exact,glgu,5,2,0,y,lpirie
2012,made,2009-06-12,161,11:00:00,18:00:00,7,exact,paja,6,2,0,y,lpirie
2012,made,2009-06-12,161,11:00:00,18:00:00,7,exact,rlha,2,2,0,y,lpirie
2012,made,2009-06-12,161,11:00:00,18:00:00,7,exact,sacr,2,2,0,y,lpirie
2011,made,2010-06-11,161,13:15:00,20:30:00,7.25,exact,paja,3,2,1,y,lpirie
2011,made,2010-06-11,161,16:15:00,23:30:00,7.25,exact,arte,2,2,0,y,lpirie
2011,made,2010-06-11,161,12:15:00,19:30:00,7.25,est,glgu,12,2,0,y,lpirie
2011,made,2010-06-11,161,14:15:00,21:30:00,7.25,exact,sacr,3,2,0,y,lpirie
2011,made,2010-06-11,161,15:15:00,22:30:00,7.25,exact,rlha,1,2,0,y,lpirie
2014,chur,2010-06-14,161,08:50:00,16:30:00,7.67,exact,cora,2,2,0,y,lkoloski
2014,chur,2010-06-14,161,08:50:00,16:30:00,7.67,exact,herg,3,2,0,y,lkoloski
2014,chur,2010-06-14,161,08:50:00,16:30:00,7.67,exact,paja,4,2,0,y,lkoloski
2014,chur,2010-06-14,161,08:50:00,16:30:00,7.67,exact,pefa,1,2,0,y,lkoloski
2014,chur,2010-06-14,161,08:50:00,16:30:00,7.67,exact,sacr,1,2,0,y,lkoloski
2012,made,2009-06-12,161,10:15:00,17:00:00,6.75,exact,cora,4,3,0,y,asmith
2012,made,2009-06-12,161,10:15:00,17:00:00,6.75,exact,glgu,22,3,0,y,asmith
2012,made,2009-06-12,161,10:15:00,17:00:00,6.75,exact,paja,13,3,0,y,asmith
2012,made,2009-06-12,161,10:15:00,17:00:00,6.75,exact,rlha,1,3,0,y,asmith
2012,made,2009-06-12,161,10:15:00,17:00:00,6.75,exact,sacr,25,3,0,y,asmith
2014,nome,2010-06-14,161,09:00:00,16:30:00,7.5,exact,glgu,15,3,0,y,NA
2014,nome,2010-06-14,161,09:00:00,16:30:00,7.5,exact,paja,6,3,0,y,NA
2014,nome,2010-06-14,161,09:00:00,16:30:00,7.5,exact,megu,3,3,0,y,NA
2014,nome,2010-06-14,161,09:00:00,16:30:00,7.5,exact,cora,2,3,0,y,NA
2014,nome,2010-06-14,161,09:00:00,16:30:00,7.5,exact,ltja,1,3,0,y,NA
2014,nome,2010-06-14,161,09:00:00,16:30:00,7.5,exact,agsq,1,3,0,y,NA
2014,nome,2010-06-14,161,09:00:00,16:30:00,7.5,exact,poja,1,3,0,y,NA
2014,nome,2010-06-14,161,09:00:00,16:30:00,7.5,exact,sbgu,1,3,0,y,NA
2014,coat,2010-06-14,161,08:00:00,17:00:00,9,exact,arfo,1,3,0,y,crew1
2012,nome,2009-06-12,161,10:00:00,17:00:00,7,exact,agsq,1,4,0,y,NA
2012,nome,2009-06-12,161,10:00:00,17:00:00,7,exact,cora,2,4,0,y,NA
2012,nome,2009-06-12,161,10:00:00,17:00:00,7,exact,glgu,1,4,0,y,NA
2012,nome,2009-06-12,161,10:00:00,17:00:00,7,exact,ltja,1,4,0,y,NA
2012,nome,2009-06-12,161,10:00:00,17:00:00,7,exact,megu,3,4,0,y,NA
2012,nome,2009-06-12,161,10:00:00,17:00:00,7,exact,paja,6,4,0,y,NA
2012,nome,2009-06-12,161,10:00:00,17:00:00,7,exact,sacr,8,4,0,y,NA
2011,nome,2010-06-11,161,12:00:00,19:30:00,7.5,exact,arfo,2,5,0,y,wenglish
2011,nome,2010-06-11,161,12:00:00,19:30:00,7.5,exact,cora,2,5,0,y,wenglish
2011,nome,2010-06-11,161,12:00:00,19:30:00,7.5,exact,glgu,6,5,0,y,wenglish
2011,nome,2010-06-11,161,12:00:00,19:30:00,7.5,exact,noha,1,5,0,y,wenglish
2011,nome,2010-06-11,161,12:00:00,19:30:00,7.5,exact,paja,2,5,0,y,wenglish
2011,nome,2010-06-11,161,12:00:00,19:30:00,7.5,exact,sacr,1,5,0,y,wenglish
2012,eaba,2009-06-12,161,09:45:00,17:00:00,7.25,exact,arfo,2,6,0,y,ALL
2012,eaba,2009-06-12,161,09:45:00,17:00:00,7.25,exact,herg,23,6,0,y,ALL
2012,eaba,2009-06-12,161,09:45:00,17:00:00,7.25,exact,paja,2,6,0,y,ALL
2012,eaba,2009-06-12,161,09:45:00,17:00:00,7.25,exact,rutu,6,6,0,y,ALL
2014,cari,2010-06-14,161,10:00:00,18:00:00,8,exact,glgu,55,1,0,n,idavies
2014,cari,2010-06-14,161,10:00:00,18:00:00,8,exact,poja,12,1,0,n,idavies
2014,cari,2010-06-14,161,10:00:00,18:00:00,8,exact,paja,4,1,0,n,idavies
2014,cari,2010-06-14,161,10:00:00,18:00:00,8,exact,sacr,1,1,0,n,idavies
2014,cari,2010-06-14,161,10:00:00,18:00:00,8,exact,seow,3,1,0,n,idavies
2013,nome,2010-06-13,161,10:00:00,20:00:00,10,exact,agsq,1,5,0,y,NA
2013,nome,2010-06-13,161,10:00:00,20:00:00,10,exact,pefa,1,5,0,y,NA
2013,nome,2010-06-13,161,10:00:00,20:00:00,10,exact,seow,1,5,0,y,NA
2013,nome,2010-06-13,161,10:00:00,20:00:00,10,exact,cora,1,5,0,y,NA
2013,nome,2010-06-13,161,10:00:00,20:00:00,10,exact,tuvo,1,5,0,y,NA
2013,nome,2010-06-13,161,10:00:00,20:00:00,10,exact,paja,1,5,0,y,NA
2013,nome,2010-06-13,161,10:00:00,20:00:00,10,exact,sacr,1,5,0,y,NA
2013,nome,2010-06-13,161,10:00:00,20:00:00,10,exact,megu,3,5,0,y,NA
2013,nome,2010-06-13,161,10:00:00,20:00:00,10,exact,glgu,4,5,0,y,NA
2011,chur,2010-06-11,161,08:40:00,17:10:00,8.5,NA,cora,1,1,0,n,edastous
2011,prba,2009-06-11,160,15:45:00,16:00:00,0.25,est,glgu,2,1,0,n,chojnowski
2011,prba,2009-06-11,160,16:20:00,16:40:00,0.33,exact,glgu,2,1,0,n,eames
2011,prba,2009-06-11,160,16:20:00,16:40:00,0.33,exact,poja,2,1,0,n,eames
2014,prba,2009-06-14,160,09:30:00,10:30:00,1,est,glgu,5,1,0,n,kschiemrief
2014,prba,2009-06-14,160,09:30:00,10:30:00,1,est,poja,2,1,0,n,kschiemrief
2014,prba,2009-06-14,160,09:30:00,10:30:00,1,est,paja,1,1,0,n,kschiemrief
2014,prba,2009-06-14,160,09:30:00,10:30:00,1,est,ltja,1,1,0,n,kschiemrief
2014,prba,2009-06-14,160,09:30:00,10:30:00,1,est,cora,1,1,0,n,kschiemrief
2014,ikpi,2009-06-14,160,08:37:00,09:55:00,1.3,exact,glgu,2,1,0,n,pchilton
2014,ikpi,2009-06-14,160,08:37:00,09:55:00,1.3,exact,paja,4,1,0,n,pchilton
2014,ikpi,2009-06-14,160,08:37:00,09:55:00,1.3,exact,ltja,1,1,0,n,pchilton
2011,prba,2009-06-11,160,12:05:00,13:45:00,1.67,exact,cora,1,1,0,n,eames
2011,prba,2009-06-11,160,12:05:00,13:45:00,1.67,exact,glgu,6,1,0,n,eames
2011,prba,2009-06-11,160,12:05:00,13:45:00,1.67,exact,poja,4,1,0,n,eames
2011,prba,2009-06-11,160,09:32:00,11:40:00,2.13,exact,glgu,3,1,0,n,eames
2011,prba,2009-06-11,160,09:32:00,11:40:00,2.13,exact,poja,4,1,0,n,eames
2012,prba,2008-06-12,160,13:11:00,15:34:00,2.38,exact,cora,1,1,0,n,apham
2012,prba,2008-06-12,160,13:11:00,15:34:00,2.38,exact,glgu,2,1,0,n,apham
2012,prba,2008-06-12,160,13:11:00,15:34:00,2.38,exact,ltja,2,1,1,n,apham
2012,prba,2008-06-12,160,13:11:00,15:34:00,2.38,exact,paja,1,1,0,n,apham
2012,prba,2008-06-12,160,13:11:00,15:34:00,2.38,exact,poja,1,1,0,n,apham
2011,colv,2009-06-11,160,11:14:00,14:13:00,2.98,exact,agsq,6,1,0,n,dpavlik
2011,colv,2009-06-11,160,11:14:00,14:13:00,2.98,exact,glgu,8,1,0,n,dpavlik
2011,colv,2009-06-11,160,11:14:00,14:13:00,2.98,exact,paja,2,1,0,n,dpavlik
2011,colv,2009-06-11,160,11:14:00,14:13:00,2.98,exact,rutu,3,1,0,n,dpavlik
2011,colv,2009-06-11,160,10:58:00,14:01:00,3.05,exact,glgu,6,1,0,n,bwilkinson
2011,colv,2009-06-11,160,10:58:00,14:01:00,3.05,exact,poja,2,1,0,n,bwilkinson
2012,prba,2008-06-12,160,09:00:00,12:08:00,3.13,exact,paja,2,1,0,n,apham
2012,prba,2008-06-12,160,09:00:00,12:08:00,3.13,exact,poja,1,1,0,n,apham
2011,barr,2009-06-11,160,07:45:00,11:35:00,3.83,exact,brle,1,1,0,n,abankert
2011,barr,2009-06-11,160,07:45:00,11:35:00,3.83,exact,glgu,5,1,0,n,abankert
2011,barr,2009-06-11,160,07:45:00,11:35:00,3.83,exact,paja,3,1,0,n,abankert
2011,barr,2009-06-11,160,07:45:00,11:35:00,3.83,exact,poja,16,1,0,n,abankert
2011,barr,2009-06-11,160,11:45:00,15:35:00,3.83,exact,glgu,12,1,0,n,abankert
2011,barr,2009-06-11,160,11:45:00,15:35:00,3.83,exact,paja,3,1,0,n,abankert
2011,barr,2009-06-11,160,11:45:00,15:35:00,3.83,exact,poja,12,1,0,n,abankert
2011,barr,2009-06-11,160,09:25:00,13:20:00,3.92,exact,cora,1,1,0,n,pherzog
2011,barr,2009-06-11,160,09:25:00,13:20:00,3.92,exact,glgu,8,1,0,n,pherzog
2011,barr,2009-06-11,160,09:25:00,13:20:00,3.92,exact,poja,4,1,0,n,pherzog
2012,ikpi,2008-06-12,160,10:30:00,14:30:00,4,est,glgu,7,1,1,n,kpietrzak
2012,ikpi,2008-06-12,160,10:30:00,14:30:00,4,est,poja,6,1,0,n,kpietrzak
2012,ikpi,2008-06-12,160,10:30:00,14:30:00,4,est,paja,4,1,0,n,kpietrzak
2012,ikpi,2008-06-12,160,10:30:00,14:30:00,4,exact,ltja,2,1,0,n,kpietrzak
2012,ikpi,2008-06-12,160,10:30:00,14:30:00,4,exact,seow,2,1,0,n,kpietrzak
2012,ikpi,2008-06-12,160,10:30:00,14:30:00,4,exact,stwe,1,1,0,n,kpietrzak
2012,ikpi,2008-06-12,160,10:30:00,14:30:00,4,exact,brle,3,1,0,n,kpietrzak
2012,ikpi,2008-06-12,160,10:30:00,14:30:00,4,exact,cole,1,1,0,n,kpietrzak
2011,barr,2009-06-11,160,13:30:00,17:30:00,4,exact,cora,1,1,0,n,pherzog
2011,barr,2009-06-11,160,13:30:00,17:30:00,4,exact,glgu,4,1,0,n,pherzog
2011,barr,2009-06-11,160,13:30:00,17:30:00,4,exact,paja,2,1,0,n,pherzog
2011,barr,2009-06-11,160,13:30:00,17:30:00,4,exact,poja,3,1,0,n,pherzog
2011,barr,2009-06-11,160,14:15:00,18:15:00,4,exact,cora,1,1,0,n,jcunningham
2011,barr,2009-06-11,160,14:15:00,18:15:00,4,exact,glgu,12,1,0,n,jcunningham
2011,barr,2009-06-11,160,14:15:00,18:15:00,4,exact,paja,1,1,0,n,jcunningham
2011,barr,2009-06-11,160,14:15:00,18:15:00,4,exact,unja,1,1,0,n,jcunningham
2011,barr,2009-06-11,160,09:30:00,13:30:00,4,exact,brle,1,1,0,n,jcunningham
2011,barr,2009-06-11,160,09:30:00,13:30:00,4,exact,cora,2,1,0,n,jcunningham
2011,barr,2009-06-11,160,09:30:00,13:30:00,4,est,glgu,80,1,0,n,jcunningham
2011,barr,2009-06-11,160,09:30:00,13:30:00,4,exact,poja,2,1,0,n,jcunningham
2012,colv,2008-06-12,160,09:27:00,14:55:00,5.47,exact,agsq,4,1,0,n,dpavlik
2012,colv,2008-06-12,160,09:27:00,14:55:00,5.47,exact,cole,1,1,0,n,dpavlik
2012,colv,2008-06-12,160,09:27:00,14:55:00,5.47,exact,glgu,21,1,0,n,dpavlik
2012,colv,2008-06-12,160,09:27:00,14:55:00,5.47,exact,ltja,1,1,0,n,dpavlik
2012,colv,2008-06-12,160,09:27:00,14:55:00,5.47,exact,paja,1,1,0,n,dpavlik
2012,colv,2008-06-12,160,09:27:00,14:55:00,5.47,exact,rutu,4,1,0,n,dpavlik
2012,colv,2008-06-12,160,09:27:00,14:55:00,5.47,exact,snow,3,1,0,n,dpavlik
2013,prba,2009-06-13,160,09:30:00,15:00:00,5.5,exact,cora,3,1,0,n,brobinson
2013,prba,2009-06-13,160,09:30:00,15:00:00,5.5,exact,glgu,12,1,0,n,brobinson
2013,prba,2009-06-13,160,09:30:00,15:00:00,5.5,exact,paja,4,1,0,n,brobinson
2013,prba,2009-06-13,160,09:30:00,15:00:00,5.5,exact,poja,4,1,0,n,brobinson
2013,prba,2009-06-13,160,09:30:00,15:00:00,5.5,exact,sacr,2,1,0,n,brobinson
2014,made,2009-06-14,160,12:15:00,17:45:00,5.5,est,rlha,1,1,0,n,canderson
2014,made,2009-06-14,160,12:15:00,17:45:00,5.5,est,sacr,9,1,0,n,canderson
2014,made,2009-06-14,160,12:15:00,17:45:00,5.5,est,cora,1,1,0,n,canderson
2014,made,2009-06-14,160,12:15:00,17:45:00,5.5,est,ltja,1,1,0,n,canderson
2014,made,2009-06-14,160,12:15:00,17:45:00,5.5,est,paja,3,1,0,n,canderson
2013,ikpi,2009-06-13,160,13:15:00,18:45:00,5.5,exact,cora,2,1,0,n,ojames
2013,ikpi,2009-06-13,160,13:15:00,18:45:00,5.5,est,glgu,8,1,0,n,ojames
2013,ikpi,2009-06-13,160,13:15:00,18:45:00,5.5,est,ltja,3,1,0,n,ojames
2013,ikpi,2009-06-13,160,13:15:00,18:45:00,5.5,est,paja,31,1,0,n,ojames
2013,ikpi,2009-06-13,160,13:15:00,18:45:00,5.5,est,poja,1,1,0,n,ojames
2014,colv,2009-06-14,160,13:20:00,19:00:00,5.67,exact,glgu,6,1,0,n,tdonnelly
2014,colv,2009-06-14,160,13:20:00,19:00:00,5.67,exact,paja,5,1,0,n,tdonnelly
2014,colv,2009-06-14,160,13:20:00,19:00:00,5.67,exact,ltja,2,1,0,n,tdonnelly
2014,colv,2009-06-14,160,13:20:00,19:00:00,5.67,exact,rutu,4,1,0,n,tdonnelly
2014,colv,2009-06-14,160,13:20:00,19:00:00,5.67,exact,noha,1,1,0,n,tdonnelly
2014,colv,2009-06-14,160,13:20:00,19:00:00,5.67,exact,agsq,6,1,0,n,tdonnelly
2013,colv,2009-06-13,160,12:07:00,18:15:00,6.13,exact,agsq,12,1,0,n,bwilkinson
2013,colv,2009-06-13,160,12:07:00,18:15:00,6.13,exact,glgu,4,1,0,n,bwilkinson
2013,colv,2009-06-13,160,12:07:00,18:15:00,6.13,exact,paja,3,1,0,n,bwilkinson
2013,colv,2009-06-13,160,12:07:00,18:15:00,6.13,exact,poja,1,1,0,n,bwilkinson
2013,colv,2009-06-13,160,12:07:00,18:15:00,6.13,exact,rutu,2,1,0,n,bwilkinson
2013,colv,2009-06-13,160,12:07:00,18:15:00,6.13,exact,sacr,2,1,0,n,bwilkinson
2014,ikpi,2009-06-14,160,10:05:00,16:30:00,6.42,exact,glgu,6,1,0,n,pchilton
2014,ikpi,2009-06-14,160,10:05:00,16:30:00,6.42,exact,poja,2,1,0,n,pchilton
2014,ikpi,2009-06-14,160,10:05:00,16:30:00,6.42,exact,paja,6,1,0,n,pchilton
2014,ikpi,2009-06-14,160,10:05:00,16:30:00,6.42,exact,ltja,3,1,0,n,pchilton
2012,colv,2008-06-12,160,09:56:00,16:44:00,6.8,exact,agsq,5,1,0,n,bwilkinson
2012,colv,2008-06-12,160,09:56:00,16:44:00,6.8,exact,glgu,15,1,0,n,bwilkinson
2012,colv,2008-06-12,160,09:56:00,16:44:00,6.8,exact,ltja,2,1,0,n,bwilkinson
2012,colv,2008-06-12,160,09:56:00,16:44:00,6.8,exact,paja,2,1,0,n,bwilkinson
2012,colv,2008-06-12,160,09:56:00,16:44:00,6.8,exact,rutu,5,1,0,n,bwilkinson
2012,colv,2008-06-12,160,09:56:00,16:44:00,6.8,exact,snow,1,1,0,n,bwilkinson
2014,colv,2009-06-14,160,11:45:00,18:55:00,7.17,exact,glgu,10,1,0,n,agottesman
2014,colv,2009-06-14,160,11:45:00,18:55:00,7.17,exact,paja,10,1,0,n,agottesman
2014,colv,2009-06-14,160,11:45:00,18:55:00,7.17,exact,ltja,1,1,0,n,agottesman
2014,colv,2009-06-14,160,11:45:00,18:55:00,7.17,exact,cora,1,1,0,n,agottesman
2014,colv,2009-06-14,160,11:45:00,18:55:00,7.17,exact,rutu,8,1,0,n,agottesman
2014,colv,2009-06-14,160,11:45:00,18:55:00,7.17,exact,sacr,1,1,0,n,agottesman
2014,colv,2009-06-14,160,11:45:00,18:55:00,7.17,exact,refo,2,1,0,n,agottesman
2014,colv,2009-06-14,160,11:45:00,18:55:00,7.17,exact,agsq,23,1,0,n,agottesman
2013,chau,2009-06-13,160,10:15:00,17:45:00,7.5,est,glgu,6,1,0,n,kpietrzak
2013,chau,2009-06-13,160,10:15:00,17:45:00,7.5,est,ltja,8,1,0,n,kpietrzak
2013,chau,2009-06-13,160,10:15:00,17:45:00,7.5,est,sacr,17,1,0,n,kpietrzak
2013,chau,2009-06-13,160,10:15:00,17:45:00,7.5,est,vegu,9,1,0,n,kpietrzak
2014,chur,2009-06-14,160,09:30:00,11:30:00,2,exact,cora,2,2,0,y,lkoloski
2014,chur,2009-06-14,160,09:30:00,11:30:00,2,exact,herg,1,2,0,y,lkoloski
2014,chur,2009-06-14,160,09:30:00,11:30:00,2,exact,paja,2,2,0,y,lkoloski
2014,chur,2009-06-14,160,13:30:00,17:00:00,3.5,exact,cora,4,2,0,y,lkoloski
2014,chur,2009-06-14,160,13:30:00,17:00:00,3.5,exact,paja,2,2,0,y,lkoloski
2014,chur,2009-06-14,160,13:15:00,17:00:00,3.75,exact,cora,3,2,0,y,jperz
2014,chur,2009-06-14,160,13:15:00,17:00:00,3.75,exact,noha,1,2,0,y,jperz
2014,chur,2009-06-14,160,13:15:00,17:00:00,3.75,exact,paja,2,2,0,y,jperz
2014,chur,2009-06-14,160,13:15:00,17:00:00,3.75,exact,sacr,1,2,0,y,jperz
2013,made,2009-06-13,160,10:30:00,15:30:00,5,exact,cora,3,2,0,y,kbeckmann
2013,made,2009-06-13,160,10:30:00,15:30:00,5,est,glgu,12,2,0,y,kbeckmann
2013,made,2009-06-13,160,10:30:00,15:30:00,5,exact,noha,1,2,0,y,kbeckmann
2013,made,2009-06-13,160,10:30:00,15:30:00,5,exact,paja,5,2,0,y,kbeckmann
2013,made,2009-06-13,160,10:30:00,15:30:00,5,est,sacr,12,2,0,y,kbeckmann
2013,colv,2009-06-13,160,12:00:00,17:30:00,5.5,exact,agsq,4,2,0,y,scarvey
2013,colv,2009-06-13,160,12:00:00,17:30:00,5.5,exact,arfo,1,2,0,y,scarvey
2013,colv,2009-06-13,160,12:00:00,17:30:00,5.5,exact,cora,2,2,0,y,scarvey
2013,colv,2009-06-13,160,12:00:00,17:30:00,5.5,exact,glgu,20,2,0,y,scarvey
2013,colv,2009-06-13,160,12:00:00,17:30:00,5.5,exact,ltja,1,2,0,y,scarvey
2013,colv,2009-06-13,160,12:00:00,17:30:00,5.5,exact,paja,6,2,0,y,scarvey
2013,colv,2009-06-13,160,12:00:00,17:30:00,5.5,exact,rutu,6,2,0,y,scarvey
2014,coat,2009-06-14,160,12:00:00,15:00:00,3,exact,arfo,2,3,0,y,crew1
2013,made,2009-06-13,160,10:30:00,15:00:00,4.5,est,cora,4,3,0,y,gmccune
2013,made,2009-06-13,160,10:30:00,15:00:00,4.5,est,glgu,20,3,0,y,gmccune
2013,made,2009-06-13,160,10:30:00,15:00:00,4.5,est,gyrf,2,3,1,y,gmccune
2013,made,2009-06-13,160,10:30:00,15:00:00,4.5,est,ltja,1,3,0,y,gmccune
2013,made,2009-06-13,160,10:30:00,15:00:00,4.5,est,noha,1,3,0,y,gmccune
2013,made,2009-06-13,160,10:30:00,15:00:00,4.5,est,paja,15,3,0,y,gmccune
2013,made,2009-06-13,160,10:30:00,15:00:00,4.5,est,sacr,20,3,0,y,gmccune
2014,nome,2009-06-14,160,09:00:00,15:30:00,6.5,exact,sacr,11,3,0,y,NA
2014,nome,2009-06-14,160,09:00:00,15:30:00,6.5,exact,glgu,5,3,0,y,NA
2014,nome,2009-06-14,160,09:00:00,15:30:00,6.5,exact,paja,2,3,0,y,NA
2014,nome,2009-06-14,160,09:00:00,15:30:00,6.5,exact,cora,2,3,0,y,NA
2012,nome,2008-06-12,160,10:00:00,18:00:00,8,exact,cora,2,5,0,y,NA
2012,nome,2008-06-12,160,10:00:00,18:00:00,8,exact,glgu,6,5,0,y,NA
2012,nome,2008-06-12,160,10:00:00,18:00:00,8,exact,ltja,1,5,0,y,NA
2012,nome,2008-06-12,160,10:00:00,18:00:00,8,exact,megu,7,5,0,y,NA
2012,nome,2008-06-12,160,10:00:00,18:00:00,8,exact,paja,6,5,0,y,NA
2012,nome,2008-06-12,160,10:00:00,18:00:00,8,exact,sacr,7,5,0,y,NA
2011,nome,2009-06-11,160,10:30:00,00:00:00,13.5,exact,cora,9,5,0,y,wenglish
2011,nome,2009-06-11,160,10:30:00,00:00:00,13.5,exact,glgu,11,5,0,y,wenglish
2011,nome,2009-06-11,160,10:30:00,00:00:00,13.5,exact,ltja,1,5,0,y,wenglish
2011,nome,2009-06-11,160,10:30:00,00:00:00,13.5,exact,noha,2,5,0,y,wenglish
2011,nome,2009-06-11,160,10:30:00,00:00:00,13.5,exact,paja,6,5,0,y,wenglish
2012,eaba,2008-06-12,160,10:15:00,17:00:00,6.75,exact,arfo,1,6,0,y,ALL
2012,eaba,2008-06-12,160,10:15:00,17:00:00,6.75,exact,herg,14,6,0,y,ALL
2012,eaba,2008-06-12,160,10:15:00,17:00:00,6.75,exact,pefa,1,6,0,y,ALL
2012,eaba,2008-06-12,160,09:30:00,17:00:00,7.5,exact,rutu,8,6,0,y,ALL
2014,cari,2009-06-14,160,10:00:00,17:30:00,7.5,exact,glgu,20,1,0,n,idavies
2014,cari,2009-06-14,160,10:00:00,17:30:00,7.5,exact,poja,18,1,0,n,idavies
2014,cari,2009-06-14,160,10:00:00,17:30:00,7.5,exact,paja,5,1,0,n,idavies
2014,cari,2009-06-14,160,10:00:00,17:30:00,7.5,exact,rlha,2,1,0,n,idavies
2014,cari,2009-06-14,160,10:00:00,17:30:00,7.5,exact,seow,3,1,0,n,idavies
2014,prba,2008-06-14,159,08:28:00,10:10:00,1.7,est,glgu,6,1,0,n,chelms
2014,prba,2008-06-14,159,08:28:00,10:10:00,1.7,est,poja,7,1,0,n,chelms
2014,prba,2008-06-14,159,08:28:00,10:10:00,1.7,est,paja,2,1,0,n,chelms
2011,colv,2008-06-11,159,10:24:00,12:21:00,1.95,exact,arfo,1,1,0,n,dpavlik
2011,colv,2008-06-11,159,10:24:00,12:21:00,1.95,exact,glgu,12,1,0,n,dpavlik
2011,colv,2008-06-11,159,10:24:00,12:21:00,1.95,exact,ltja,2,1,0,n,dpavlik
2011,colv,2008-06-11,159,10:24:00,12:21:00,1.95,exact,paja,1,1,0,n,dpavlik
2011,colv,2008-06-11,159,10:24:00,12:21:00,1.95,exact,poja,1,1,0,n,dpavlik
2011,colv,2008-06-11,159,10:24:00,12:21:00,1.95,exact,rutu,1,1,0,n,dpavlik
2014,cakr,2008-06-14,159,12:00:00,14:00:00,2,exact,glgu,48,1,0,n,jeschenroeder
2014,cakr,2008-06-14,159,12:00:00,14:00:00,2,exact,ltja,1,1,0,n,jeschenroeder
2014,cakr,2008-06-14,159,12:00:00,14:00:00,2,exact,cora,1,1,0,n,jeschenroeder
2014,cakr,2008-06-14,159,12:00:00,14:00:00,2,exact,sacr,3,1,0,n,jeschenroeder
2013,prba,2008-06-13,159,14:30:00,17:30:00,3,exact,glgu,8,1,0,n,brobinson
2013,prba,2008-06-13,159,14:30:00,17:30:00,3,exact,ltja,1,1,0,n,brobinson
2013,prba,2008-06-13,159,14:30:00,17:30:00,3,exact,poja,1,1,0,n,brobinson
2012,cari,2007-06-12,159,10:03:00,13:06:00,3.05,exact,glgu,31,1,0,n,idavies
2012,cari,2007-06-12,159,10:03:00,13:06:00,3.05,exact,ltja,1,1,0,n,idavies
2012,cari,2007-06-12,159,10:03:00,13:06:00,3.05,exact,paja,2,1,0,n,idavies
2012,cari,2007-06-12,159,10:03:00,13:06:00,3.05,exact,poja,49,1,0,n,idavies
2012,cari,2007-06-12,159,10:03:00,13:06:00,3.05,exact,seow,1,1,0,n,idavies
2012,cari,2007-06-12,159,10:03:00,13:06:00,3.05,exact,snow,2,1,0,n,idavies
2013,prba,2008-06-13,159,10:30:00,14:00:00,3.5,exact,cora,2,1,0,n,brobinson
2013,prba,2008-06-13,159,10:30:00,14:00:00,3.5,est,glgu,30,1,0,n,brobinson
2013,prba,2008-06-13,159,10:30:00,14:00:00,3.5,exact,ltja,2,1,0,n,brobinson
2013,prba,2008-06-13,159,10:30:00,14:00:00,3.5,exact,paja,1,1,0,n,brobinson
2013,prba,2008-06-13,159,10:30:00,14:00:00,3.5,exact,poja,2,1,0,n,brobinson
2012,cari,2007-06-12,159,10:15:00,14:09:00,3.9,exact,glgu,10,1,0,n,sfreeman
2012,cari,2007-06-12,159,10:15:00,14:09:00,3.9,exact,ltja,1,1,0,n,sfreeman
2012,cari,2007-06-12,159,10:15:00,14:09:00,3.9,exact,paja,1,1,0,n,sfreeman
2012,cari,2007-06-12,159,10:15:00,14:09:00,3.9,exact,poja,27,1,0,n,sfreeman
2012,cari,2007-06-12,159,10:15:00,14:09:00,3.9,exact,snow,3,1,0,n,sfreeman
2012,colv,2007-06-12,159,09:40:00,13:43:00,4.05,exact,cole,1,1,0,n,dpavlik
2012,colv,2007-06-12,159,09:40:00,13:43:00,4.05,exact,cora,1,1,0,n,dpavlik
2012,colv,2007-06-12,159,09:40:00,13:43:00,4.05,exact,glgu,4,1,0,n,dpavlik
2012,colv,2007-06-12,159,09:40:00,13:43:00,4.05,exact,ltja,3,1,0,n,dpavlik
2012,colv,2007-06-12,159,09:40:00,13:43:00,4.05,exact,paja,2,1,0,n,dpavlik
2012,colv,2007-06-12,159,09:40:00,13:43:00,4.05,exact,rutu,2,1,0,n,dpavlik
2012,colv,2007-06-12,159,09:40:00,13:43:00,4.05,exact,snow,2,1,0,n,dpavlik
2012,cari,2007-06-12,159,10:20:00,15:20:00,5,exact,glgu,12,1,0,n,bwinn
2012,cari,2007-06-12,159,10:20:00,15:20:00,5,exact,paja,6,1,0,n,bwinn
2012,cari,2007-06-12,159,10:20:00,15:20:00,5,exact,poja,6,1,0,n,bwinn
2012,cari,2007-06-12,159,10:20:00,15:20:00,5,exact,snow,1,1,0,n,bwinn
2012,ikpi,2007-06-12,159,12:26:00,17:32:00,5.1,est,glgu,18,1,1,n,mmudge
2012,ikpi,2007-06-12,159,12:26:00,17:32:00,5.1,est,poja,7,1,0,n,mmudge
2012,ikpi,2007-06-12,159,12:26:00,17:32:00,5.1,exact,paja,4,1,0,n,mmudge
2012,ikpi,2007-06-12,159,12:26:00,17:32:00,5.1,exact,ltja,1,1,0,n,mmudge
2012,ikpi,2007-06-12,159,12:26:00,17:32:00,5.1,exact,seow,2,1,0,n,mmudge
2012,ikpi,2007-06-12,159,12:26:00,17:32:00,5.1,exact,arfo,1,1,0,n,mmudge
2012,ikpi,2007-06-12,159,12:26:00,17:32:00,5.1,est,agsq,4,1,0,n,mmudge
2012,ikpi,2007-06-12,159,12:26:00,17:32:00,5.1,exact,cole,1,1,0,n,mmudge
2012,colv,2007-06-12,159,09:50:00,15:00:00,5.17,exact,agsq,3,1,0,n,bwilkinson
2012,colv,2007-06-12,159,09:50:00,15:00:00,5.17,exact,brle,1,1,0,n,bwilkinson
2012,colv,2007-06-12,159,09:50:00,15:00:00,5.17,exact,cole,4,1,0,n,bwilkinson
2012,colv,2007-06-12,159,09:50:00,15:00:00,5.17,exact,cora,1,1,0,n,bwilkinson
2012,colv,2007-06-12,159,09:50:00,15:00:00,5.17,exact,glgu,13,1,0,n,bwilkinson
2012,colv,2007-06-12,159,09:50:00,15:00:00,5.17,exact,ltja,2,1,0,n,bwilkinson
2012,colv,2007-06-12,159,09:50:00,15:00:00,5.17,exact,paja,2,1,0,n,bwilkinson
2012,colv,2007-06-12,159,09:50:00,15:00:00,5.17,exact,rutu,3,1,0,n,bwilkinson
2012,colv,2007-06-12,159,09:50:00,15:00:00,5.17,exact,seow,1,1,0,n,bwilkinson
2012,colv,2007-06-12,159,09:50:00,15:00:00,5.17,exact,snow,1,1,0,n,bwilkinson
2011,colv,2008-06-11,159,10:41:00,16:01:00,5.33,exact,agsq,4,1,0,n,bwilkinson
2011,colv,2008-06-11,159,10:41:00,16:01:00,5.33,exact,glgu,5,1,0,n,bwilkinson
2011,colv,2008-06-11,159,10:41:00,16:01:00,5.33,exact,paja,2,1,0,n,bwilkinson
2011,colv,2008-06-11,159,10:41:00,16:01:00,5.33,exact,poja,1,1,0,n,bwilkinson
2011,colv,2008-06-11,159,10:41:00,16:01:00,5.33,exact,rutu,4,1,0,n,bwilkinson
2013,colv,2008-06-13,159,10:30:00,16:34:00,6.07,exact,agsq,18,1,0,n,scarvey
2013,colv,2008-06-13,159,10:30:00,16:34:00,6.07,exact,cora,1,1,0,n,scarvey
2013,colv,2008-06-13,159,10:30:00,16:34:00,6.07,exact,glgu,26,1,0,n,scarvey
2013,colv,2008-06-13,159,10:30:00,16:34:00,6.07,exact,ltja,4,1,0,n,scarvey
2013,colv,2008-06-13,159,10:30:00,16:34:00,6.07,exact,paja,8,1,0,n,scarvey
2013,colv,2008-06-13,159,10:30:00,16:34:00,6.07,exact,rutu,6,1,0,n,scarvey
2014,colv,2008-06-14,159,11:02:00,17:35:00,6.55,exact,glgu,13,1,0,n,agottesman
2014,colv,2008-06-14,159,11:02:00,17:35:00,6.55,exact,poja,4,1,0,n,agottesman
2014,colv,2008-06-14,159,11:02:00,17:35:00,6.55,exact,paja,2,1,0,n,agottesman
2014,colv,2008-06-14,159,11:02:00,17:35:00,6.55,exact,ltja,3,1,0,n,agottesman
2014,colv,2008-06-14,159,11:02:00,17:35:00,6.55,exact,rutu,4,1,0,n,agottesman
2014,colv,2008-06-14,159,11:02:00,17:35:00,6.55,exact,sacr,1,1,0,n,agottesman
2014,colv,2008-06-14,159,11:02:00,17:35:00,6.55,exact,agsq,5,1,0,n,agottesman
2013,colv,2008-06-13,159,10:44:00,18:05:00,7.35,exact,agsq,3,1,0,n,bwilkinson
2013,colv,2008-06-13,159,10:44:00,18:05:00,7.35,exact,glgu,6,1,0,n,bwilkinson
2013,colv,2008-06-13,159,10:44:00,18:05:00,7.35,exact,ltja,2,1,0,n,bwilkinson
2013,colv,2008-06-13,159,10:44:00,18:05:00,7.35,exact,paja,4,1,0,n,bwilkinson
2013,colv,2008-06-13,159,10:44:00,18:05:00,7.35,exact,rutu,2,1,0,n,bwilkinson
2013,chau,2008-06-13,159,11:15:00,18:45:00,7.5,est,glgu,7,1,1,n,mmudge
2013,chau,2008-06-13,159,11:15:00,18:45:00,7.5,est,ltja,3,1,0,n,mmudge
2013,chau,2008-06-13,159,11:15:00,18:45:00,7.5,est,paja,3,1,0,n,mmudge
2013,chau,2008-06-13,159,11:15:00,18:45:00,7.5,est,sacr,12,1,1,n,mmudge
2013,chau,2008-06-13,159,11:15:00,18:45:00,7.5,est,vegu,9,1,0,n,mmudge
2014,ikpi,2008-06-14,159,08:15:00,16:45:00,8.5,exact,glgu,9,1,0,n,mdodds
2014,ikpi,2008-06-14,159,08:15:00,16:45:00,8.5,exact,poja,11,1,0,n,mdodds
2014,ikpi,2008-06-14,159,08:15:00,16:45:00,8.5,exact,paja,5,1,0,n,mdodds
2014,ikpi,2008-06-14,159,08:15:00,16:45:00,8.5,exact,ltja,4,1,0,n,mdodds
2014,ikpi,2008-06-14,159,08:15:00,16:45:00,8.5,exact,sagu,8,1,0,n,mdodds
2013,ikpi,2008-06-13,159,12:32:00,21:05:00,8.55,exact,agsq,2,1,1,n,epayne
2013,ikpi,2008-06-13,159,12:32:00,21:05:00,8.55,est,glgu,12,1,0,n,epayne
2013,ikpi,2008-06-13,159,12:32:00,21:05:00,8.55,exact,ltja,1,1,0,n,epayne
2013,ikpi,2008-06-13,159,12:32:00,21:05:00,8.55,est,paja,7,1,0,n,epayne
2013,ikpi,2008-06-13,159,12:32:00,21:05:00,8.55,exact,sacr,1,1,0,n,epayne
2013,ikpi,2008-06-13,159,11:00:00,20:00:00,9,est,ltja,1,1,0,n,acook
2013,ikpi,2008-06-13,159,11:00:00,20:00:00,9,est,paja,4,1,0,n,acook
2014,chur,2008-06-14,159,08:40:00,11:10:00,2.5,exact,cora,1,2,0,y,jperz
2014,chur,2008-06-14,159,08:40:00,11:10:00,2.5,exact,herg,1,2,0,y,jperz
2013,cakr,2008-06-13,159,10:40:00,13:20:00,2.67,exact,glgu,9,2,0,y,mboldenow
2013,cakr,2008-06-13,159,10:40:00,13:20:00,2.67,exact,paja,3,2,0,y,mboldenow
2013,cakr,2008-06-13,159,10:40:00,13:20:00,2.67,exact,sacr,5,2,0,y,mboldenow
2014,chur,2008-06-14,159,08:30:00,11:30:00,3,exact,cora,1,2,0,y,lkoloski
2014,chur,2008-06-14,159,08:30:00,11:30:00,3,exact,paja,1,2,0,y,lkoloski
2013,cakr,2008-06-13,159,10:30:00,13:30:00,3,exact,glgu,3,2,0,y,flin
2013,cakr,2008-06-13,159,10:30:00,13:30:00,3,exact,paja,3,2,0,y,flin
2014,chur,2008-06-14,159,13:30:00,16:30:00,3,exact,cora,2,2,0,y,lkoloski
2014,chur,2008-06-14,159,13:30:00,16:30:00,3,exact,herg,3,2,0,y,lkoloski
2011,made,2008-06-11,159,11:00:00,15:00:00,4,exact,cora,1,2,0,y,lpirie
2011,made,2008-06-11,159,11:00:00,15:00:00,4,est,glgu,5,2,0,y,lpirie
2011,made,2008-06-11,159,11:00:00,15:00:00,4,exact,paja,2,2,0,y,lpirie
2011,made,2008-06-11,159,11:00:00,15:00:00,4,exact,rlha,2,2,0,y,lpirie
2011,made,2008-06-11,159,11:00:00,15:00:00,4,est,sacr,6,2,0,y,lpirie
2014,chur,2008-06-14,159,11:30:00,16:30:00,5,exact,cora,1,2,0,y,jperz
2014,chur,2008-06-14,159,11:30:00,16:30:00,5,exact,herg,6,2,0,y,jperz
2014,chur,2008-06-14,159,11:30:00,16:30:00,5,exact,paja,1,2,0,y,jperz
2014,colv,2008-06-14,159,13:00:00,18:00:00,5,exact,glgu,9,2,0,y,tdonnelly
2014,colv,2008-06-14,159,13:00:00,18:00:00,5,exact,poja,1,2,0,y,tdonnelly
2014,colv,2008-06-14,159,13:00:00,18:00:00,5,exact,paja,9,2,0,y,tdonnelly
2014,colv,2008-06-14,159,13:00:00,18:00:00,5,exact,ltja,3,2,0,y,tdonnelly
2014,colv,2008-06-14,159,13:00:00,18:00:00,5,exact,cora,1,2,0,y,tdonnelly
2014,colv,2008-06-14,159,13:00:00,18:00:00,5,exact,rutu,10,2,0,y,tdonnelly
2014,colv,2008-06-14,159,13:00:00,18:00:00,5,exact,sacr,1,2,0,y,tdonnelly
2014,colv,2008-06-14,159,13:00:00,18:00:00,5,exact,seow,1,2,0,y,tdonnelly
2014,colv,2008-06-14,159,13:00:00,18:00:00,5,exact,refo,1,2,0,y,tdonnelly
2014,colv,2008-06-14,159,13:00:00,18:00:00,5,est,agsq,12,2,0,y,tdonnelly
2014,coat,2008-06-14,159,14:00:00,16:00:00,2,exact,arfo,1,3,0,y,crew1
2014,nome,2008-06-14,159,09:00:00,18:00:00,9,exact,sacr,5,3,0,y,NA
2014,nome,2008-06-14,159,09:00:00,18:00:00,9,exact,glgu,4,3,0,y,NA
2014,nome,2008-06-14,159,09:00:00,18:00:00,9,exact,paja,3,3,0,y,NA
2014,nome,2008-06-14,159,09:00:00,18:00:00,9,exact,cora,2,3,0,y,NA
2014,nome,2008-06-14,159,09:00:00,18:00:00,9,exact,agsq,1,3,0,y,NA
2011,nome,2008-06-11,159,12:00:00,20:00:00,8,exact,cora,5,5,0,y,wenglish
2011,nome,2008-06-11,159,12:00:00,20:00:00,8,exact,glgu,7,5,0,y,wenglish
2011,nome,2008-06-11,159,12:00:00,20:00:00,8,exact,noha,1,5,0,y,wenglish
2011,nome,2008-06-11,159,12:00:00,20:00:00,8,exact,paja,3,5,0,y,wenglish
2012,nome,2007-06-12,159,10:00:00,20:30:00,10.5,exact,cora,2,5,0,y,NA
2012,nome,2007-06-12,159,10:00:00,20:30:00,10.5,exact,glgu,3,5,0,y,NA
2012,nome,2007-06-12,159,10:00:00,20:30:00,10.5,exact,ltja,2,5,0,y,NA
2012,nome,2007-06-12,159,10:00:00,20:30:00,10.5,exact,megu,8,5,0,y,NA
2012,nome,2007-06-12,159,10:00:00,20:30:00,10.5,exact,noha,1,5,0,y,NA
2012,nome,2007-06-12,159,10:00:00,20:30:00,10.5,exact,paja,5,5,0,y,NA
2012,nome,2007-06-12,159,10:00:00,20:30:00,10.5,exact,sacr,5,5,0,y,NA
2012,eaba,2007-06-12,159,10:15:00,17:00:00,6.75,exact,herg,12,6,0,y,ALL
2012,eaba,2007-06-12,159,10:15:00,17:00:00,6.75,exact,ltja,1,6,0,y,ALL
2012,eaba,2007-06-12,159,10:15:00,17:00:00,6.75,exact,rutu,4,6,0,y,ALL
2014,cari,2008-06-14,159,09:00:00,17:00:00,8,exact,poja,24,1,0,n,idavies
2014,cari,2008-06-14,159,09:00:00,17:00:00,8,exact,paja,4,1,0,n,idavies
2014,cari,2008-06-14,159,09:00:00,17:00:00,8,exact,rutu,2,1,0,n,idavies
2014,cari,2008-06-14,159,09:00:00,17:00:00,8,exact,sacr,1,1,0,n,idavies
2014,cari,2008-06-14,159,09:00:00,17:00:00,8,exact,pefa,1,1,0,n,idavies
2014,cari,2008-06-14,159,09:00:00,17:00:00,8,exact,rlha,1,1,0,n,idavies
2014,cari,2008-06-14,159,09:00:00,17:00:00,8,exact,seow,2,1,0,n,idavies
2014,cari,2008-06-14,159,09:00:00,17:00:00,8,exact,glgu,25,1,1,n,idavies
2013,nome,2008-06-13,159,10:00:00,16:30:00,6.5,exact,ltja,1,5,0,y,NA
2013,nome,2008-06-13,159,10:00:00,16:30:00,6.5,exact,seow,1,5,0,y,NA
2013,nome,2008-06-13,159,10:00:00,16:30:00,6.5,exact,cora,1,5,0,y,NA
2013,nome,2008-06-13,159,10:00:00,16:30:00,6.5,exact,paja,1,5,0,y,NA
2013,nome,2008-06-13,159,10:00:00,16:30:00,6.5,exact,sacr,2,5,0,y,NA
2013,nome,2008-06-13,159,10:00:00,16:30:00,6.5,exact,megu,3,5,0,y,NA
2013,nome,2008-06-13,159,10:00:00,16:30:00,6.5,exact,glgu,4,5,0,y,NA
2011,prba,2007-06-11,158,10:49:00,11:57:00,1.13,exact,cora,1,1,NA,n,eames
2011,prba,2007-06-11,158,10:49:00,11:57:00,1.13,exact,glgu,1,1,0,n,eames
2011,prba,2007-06-11,158,10:49:00,11:57:00,1.13,exact,poja,4,1,0,n,eames
2013,prba,2007-06-13,158,17:15:00,18:30:00,1.25,exact,cora,4,1,0,n,brobinson
2013,prba,2007-06-13,158,17:15:00,18:30:00,1.25,exact,glgu,6,1,0,n,brobinson
2013,prba,2007-06-13,158,17:15:00,18:30:00,1.25,exact,ltja,4,1,0,n,brobinson
2013,prba,2007-06-13,158,17:15:00,18:30:00,1.25,exact,paja,3,1,0,n,brobinson
2013,prba,2007-06-13,158,17:15:00,18:30:00,1.25,exact,poja,2,1,0,n,brobinson
2011,prba,2007-06-11,158,13:15:00,14:40:00,1.42,exact,glgu,2,1,0,n,eames
2011,prba,2007-06-11,158,13:15:00,14:40:00,1.42,exact,poja,4,1,0,n,eames
2011,colv,2007-06-11,158,10:31:00,12:00:00,1.48,exact,glgu,4,1,0,n,bwilkinson
2011,colv,2007-06-11,158,10:31:00,12:00:00,1.48,exact,ltja,3,1,1,n,bwilkinson
2011,colv,2007-06-11,158,10:31:00,12:00:00,1.48,exact,paja,2,1,0,n,bwilkinson
2011,prba,2007-06-11,158,15:00:00,16:30:00,1.5,exact,cora,1,1,0,n,eames
2011,prba,2007-06-11,158,15:00:00,16:30:00,1.5,exact,glgu,2,1,0,n,eames
2011,prba,2007-06-11,158,15:00:00,16:30:00,1.5,est,poja,8,1,0,n,eames
2012,ikpi,2006-06-12,158,16:10:00,17:55:00,1.75,exact,poja,4,1,0,n,kpietrzak
2012,ikpi,2006-06-12,158,16:10:00,17:55:00,1.75,exact,paja,1,1,0,n,kpietrzak
2012,ikpi,2006-06-12,158,16:10:00,17:55:00,1.75,exact,ltja,2,1,0,n,kpietrzak
2012,ikpi,2006-06-12,158,16:10:00,17:55:00,1.75,est,agsq,5,1,0,n,kpietrzak
2011,prba,2007-06-11,158,08:20:00,10:20:00,2,exact,cora,2,1,0,n,eames
2011,prba,2007-06-11,158,08:20:00,10:20:00,2,exact,glgu,3,1,0,n,eames
2011,prba,2007-06-11,158,08:20:00,10:20:00,2,exact,poja,7,1,0,n,eames
2014,cakr,2007-06-14,158,10:00:00,12:00:00,2,exact,glgu,46,1,0,n,jeschenroeder
2014,cakr,2007-06-14,158,10:00:00,12:00:00,2,exact,paja,2,1,0,n,jeschenroeder
2014,cakr,2007-06-14,158,10:00:00,12:00:00,2,exact,sacr,2,1,0,n,jeschenroeder
2012,cakr,2006-06-12,158,11:23:00,13:35:00,2.2,exact,bltu,2,1,0,n,rgates
2012,cakr,2006-06-12,158,11:23:00,13:35:00,2.2,exact,cora,1,1,0,n,rgates
2012,cakr,2006-06-12,158,11:23:00,13:35:00,2.2,exact,glgu,3,1,0,n,rgates
2012,cakr,2006-06-12,158,11:23:00,13:35:00,2.2,exact,megu,2,1,0,n,rgates
2012,cakr,2006-06-12,158,11:23:00,13:35:00,2.2,exact,paja,2,1,0,n,rgates
2012,cakr,2006-06-12,158,11:23:00,13:35:00,2.2,exact,sacr,3,1,0,n,rgates
2013,cari,2007-06-13,158,10:30:00,12:53:00,2.38,exact,arfo,1,1,0,n,idavies
2013,cari,2007-06-13,158,10:30:00,12:53:00,2.38,exact,glgu,17,1,0,n,idavies
2013,cari,2007-06-13,158,10:30:00,12:53:00,2.38,exact,ltja,3,1,0,n,idavies
2013,cari,2007-06-13,158,10:30:00,12:53:00,2.38,exact,paja,2,1,0,n,idavies
2013,cari,2007-06-13,158,10:30:00,12:53:00,2.38,exact,poja,4,1,0,n,idavies
2013,cari,2007-06-13,158,10:30:00,12:53:00,2.38,exact,snow,2,1,0,n,idavies
2013,prba,2007-06-13,158,09:30:00,13:00:00,3.5,exact,cora,15,1,0,n,cdavis
2013,prba,2007-06-13,158,09:30:00,13:00:00,3.5,exact,glgu,21,1,0,n,cdavis
2013,prba,2007-06-13,158,09:30:00,13:00:00,3.5,exact,ltja,1,1,0,n,cdavis
2013,prba,2007-06-13,158,09:30:00,13:00:00,3.5,exact,paja,7,1,0,n,cdavis
2011,cari,2007-06-11,158,11:28:00,16:18:00,4.83,exact,glgu,24,1,0,n,ohicks
2011,cari,2007-06-11,158,11:28:00,16:18:00,4.83,exact,paja,2,1,0,n,ohicks
2011,cari,2007-06-11,158,11:28:00,16:18:00,4.83,exact,poja,9,1,0,n,ohicks
2011,cari,2007-06-11,158,11:28:00,16:18:00,4.83,exact,unle,2,1,0,n,ohicks
2011,cari,2007-06-11,158,11:25:00,16:20:00,4.92,exact,arfo,1,1,0,n,sbrown
2011,cari,2007-06-11,158,11:25:00,16:20:00,4.92,exact,glgu,5,1,0,n,sbrown
2011,cari,2007-06-11,158,11:25:00,16:20:00,4.92,exact,paja,9,1,0,n,sbrown
2011,cari,2007-06-11,158,11:25:00,16:20:00,4.92,exact,poja,10,1,0,n,sbrown
2011,cari,2007-06-11,158,11:25:00,16:20:00,4.92,exact,snow,4,1,1,n,sbrown
2011,cari,2007-06-11,158,11:25:00,16:20:00,4.92,exact,unle,1,1,0,n,sbrown
2012,colv,2006-06-12,158,09:47:00,14:53:00,5.1,exact,agsq,2,1,0,n,dpavlik
2012,colv,2006-06-12,158,09:47:00,14:53:00,5.1,exact,glgu,6,1,0,n,dpavlik
2012,colv,2006-06-12,158,09:47:00,14:53:00,5.1,exact,ltja,2,1,0,n,dpavlik
2012,colv,2006-06-12,158,09:47:00,14:53:00,5.1,exact,paja,1,1,0,n,dpavlik
2012,colv,2006-06-12,158,09:47:00,14:53:00,5.1,exact,rutu,3,1,0,n,dpavlik
2012,colv,2006-06-12,158,09:47:00,14:53:00,5.1,exact,snow,2,1,0,n,dpavlik
2011,colv,2007-06-11,158,10:24:00,15:35:00,5.18,exact,agsq,5,1,0,n,dpavlik
2011,colv,2007-06-11,158,10:24:00,15:35:00,5.18,exact,glgu,8,1,0,n,dpavlik
2011,colv,2007-06-11,158,10:24:00,15:35:00,5.18,exact,paja,4,1,0,n,dpavlik
2011,colv,2007-06-11,158,10:24:00,15:35:00,5.18,exact,poja,4,1,0,n,dpavlik
2011,colv,2007-06-11,158,10:24:00,15:35:00,5.18,exact,rutu,2,1,0,n,dpavlik
2011,cari,2007-06-11,158,12:15:00,17:30:00,5.25,exact,glgu,36,1,0,n,ecorp
2011,cari,2007-06-11,158,12:15:00,17:30:00,5.25,exact,ltja,1,1,0,n,ecorp
2011,cari,2007-06-11,158,12:15:00,17:30:00,5.25,exact,paja,6,1,0,n,ecorp
2011,cari,2007-06-11,158,12:15:00,17:30:00,5.25,exact,poja,7,1,0,n,ecorp
2011,cari,2007-06-11,158,12:15:00,17:30:00,5.25,exact,snow,2,1,0,n,ecorp
2012,colv,2006-06-12,158,09:28:00,15:05:00,5.62,exact,agsq,5,1,0,n,bwilkinson
2012,colv,2006-06-12,158,09:28:00,15:05:00,5.62,exact,glgu,12,1,0,n,bwilkinson
2012,colv,2006-06-12,158,09:28:00,15:05:00,5.62,exact,ltja,3,1,0,n,bwilkinson
2012,colv,2006-06-12,158,09:28:00,15:05:00,5.62,exact,paja,2,1,0,n,bwilkinson
2012,colv,2006-06-12,158,09:28:00,15:05:00,5.62,exact,poja,3,1,0,n,bwilkinson
2012,colv,2006-06-12,158,09:28:00,15:05:00,5.62,exact,rutu,4,1,0,n,bwilkinson
2012,colv,2006-06-12,158,09:28:00,15:05:00,5.62,exact,sacr,1,1,0,n,bwilkinson
2012,colv,2006-06-12,158,09:28:00,15:05:00,5.62,exact,snow,1,1,0,n,bwilkinson
2011,cakr,2007-06-11,158,10:15:00,16:15:00,6,exact,bltu,1,1,0,n,mvanderheyden
2011,cakr,2007-06-11,158,10:15:00,16:15:00,6,est,glgu,10,1,1,n,mvanderheyden
2011,cakr,2007-06-11,158,10:15:00,16:15:00,6,exact,ltja,1,1,0,n,mvanderheyden
2011,cakr,2007-06-11,158,10:15:00,16:15:00,6,exact,megu,1,1,0,n,mvanderheyden
2011,cakr,2007-06-11,158,10:15:00,16:15:00,6,exact,noha,1,1,0,n,mvanderheyden
2011,cakr,2007-06-11,158,10:15:00,16:15:00,6,exact,paja,1,1,0,n,mvanderheyden
2014,ikpi,2007-06-14,158,08:05:00,14:19:00,6.23,exact,glgu,7,1,0,n,rhammond
2014,ikpi,2007-06-14,158,08:05:00,14:19:00,6.23,exact,paja,5,1,0,n,rhammond
2014,ikpi,2007-06-14,158,08:05:00,14:19:00,6.23,exact,ltja,6,1,0,n,rhammond
2014,ikpi,2007-06-14,158,08:05:00,14:19:00,6.23,exact,sagu,4,1,0,n,rhammond
2014,colv,2007-06-14,158,11:00:00,17:15:00,6.25,exact,glgu,9,1,0,n,agottesman
2014,colv,2007-06-14,158,11:00:00,17:15:00,6.25,exact,poja,1,1,0,n,agottesman
2014,colv,2007-06-14,158,11:00:00,17:15:00,6.25,exact,paja,5,1,0,n,agottesman
2014,colv,2007-06-14,158,11:00:00,17:15:00,6.25,exact,ltja,3,1,0,n,agottesman
2014,colv,2007-06-14,158,11:00:00,17:15:00,6.25,exact,cora,2,1,0,n,agottesman
2014,colv,2007-06-14,158,11:00:00,17:15:00,6.25,exact,rutu,12,1,0,n,agottesman
2014,colv,2007-06-14,158,11:00:00,17:15:00,6.25,exact,agsq,24,1,0,n,agottesman
2014,colv,2007-06-14,158,11:00:00,17:15:00,6.25,exact,refo,2,1,1,n,agottesman
2014,colv,2007-06-14,158,11:00:00,17:15:00,6.25,exact,cole,1,1,1,n,agottesman
2014,colv,2007-06-14,158,11:00:00,17:50:00,6.83,exact,glgu,8,1,0,n,tdonnelly
2014,colv,2007-06-14,158,11:00:00,17:50:00,6.83,exact,poja,3,1,0,n,tdonnelly
2014,colv,2007-06-14,158,11:00:00,17:50:00,6.83,exact,paja,4,1,0,n,tdonnelly
2014,colv,2007-06-14,158,11:00:00,17:50:00,6.83,exact,cora,1,1,0,n,tdonnelly
2014,colv,2007-06-14,158,11:00:00,17:50:00,6.83,exact,rutu,3,1,0,n,tdonnelly
2014,colv,2007-06-14,158,11:00:00,17:50:00,6.83,exact,refo,1,1,0,n,tdonnelly
2014,colv,2007-06-14,158,11:00:00,17:50:00,6.83,exact,agsq,5,1,0,n,tdonnelly
2013,cari,2007-06-13,158,10:50:00,17:41:00,6.85,exact,agsq,1,1,0,n,sfreeman
2013,cari,2007-06-13,158,10:50:00,17:41:00,6.85,exact,cole,1,1,0,n,sfreeman
2013,cari,2007-06-13,158,10:50:00,17:41:00,6.85,exact,cora,1,1,0,n,sfreeman
2013,cari,2007-06-13,158,10:50:00,17:41:00,6.85,exact,glgu,15,1,0,n,sfreeman
2013,cari,2007-06-13,158,10:50:00,17:41:00,6.85,exact,noha,1,1,0,n,sfreeman
2013,cari,2007-06-13,158,10:50:00,17:41:00,6.85,exact,paja,4,1,0,n,sfreeman
2013,cari,2007-06-13,158,10:50:00,17:41:00,6.85,exact,pefa,1,1,0,n,sfreeman
2013,cari,2007-06-13,158,10:50:00,17:41:00,6.85,exact,poja,1,1,0,n,sfreeman
2013,cari,2007-06-13,158,10:50:00,17:41:00,6.85,exact,rutu,11,1,0,n,sfreeman
2013,cari,2007-06-13,158,10:50:00,17:41:00,6.85,exact,snow,1,1,0,n,sfreeman
2013,ikpi,2007-06-13,158,13:50:00,21:00:00,7.17,exact,agsq,5,1,1,n,ojames
2013,ikpi,2007-06-13,158,13:50:00,21:00:00,7.17,est,glgu,10,1,0,n,ojames
2013,ikpi,2007-06-13,158,13:50:00,21:00:00,7.17,est,ltja,6,1,0,n,ojames
2013,ikpi,2007-06-13,158,13:50:00,21:00:00,7.17,est,paja,6,1,0,n,ojames
2013,ikpi,2007-06-13,158,13:50:00,21:00:00,7.17,exact,poja,1,1,0,n,ojames
2013,chau,2007-06-13,158,11:30:00,18:45:00,7.25,exact,arfo,1,1,0,n,kpietrzak
2013,chau,2007-06-13,158,11:30:00,18:45:00,7.25,est,glgu,6,1,1,n,kpietrzak
2013,chau,2007-06-13,158,11:30:00,18:45:00,7.25,est,sacr,9,1,1,n,kpietrzak
2013,chau,2007-06-13,158,11:30:00,18:45:00,7.25,est,vegu,5,1,0,n,kpietrzak
2012,cakr,2006-06-12,158,08:40:00,17:15:00,8.58,est,glgu,18,1,0,n,mvanderheyden
2012,cakr,2006-06-12,158,08:40:00,17:15:00,8.58,exact,megu,3,1,0,n,mvanderheyden
2012,cakr,2006-06-12,158,08:40:00,17:15:00,8.58,exact,paja,4,1,0,n,mvanderheyden
2011,ikpi,2007-06-11,158,11:10:00,12:30:00,1.33,exact,agsq,1,2,0,y,mmudge
2011,ikpi,2007-06-11,158,11:10:00,12:30:00,1.33,est,glgu,4,2,0,y,mmudge
2011,ikpi,2007-06-11,158,11:10:00,12:30:00,1.33,est,ltja,3,2,0,y,mmudge
2011,ikpi,2007-06-11,158,11:10:00,12:30:00,1.33,exact,paja,1,2,0,y,mmudge
2011,ikpi,2007-06-11,158,11:10:00,12:30:00,1.33,est,poja,6,2,0,y,mmudge
2011,ikpi,2007-06-11,158,11:10:00,12:30:00,1.33,exact,snow,1,2,0,y,mmudge
2011,ikpi,2007-06-11,158,14:00:00,15:34:00,1.57,est,glgu,2,2,0,y,kpietrzak
2011,ikpi,2007-06-11,158,14:00:00,15:34:00,1.57,exact,paja,1,2,0,y,kpietrzak
2011,ikpi,2007-06-11,158,14:00:00,15:34:00,1.57,est,poja,5,2,0,y,kpietrzak
2014,chur,2007-06-14,158,09:20:00,12:40:00,3.33,exact,cora,1,2,0,y,lkoloski
2014,chur,2007-06-14,158,09:20:00,12:40:00,3.33,exact,herg,2,2,0,y,lkoloski
2014,chur,2007-06-14,158,09:20:00,12:40:00,3.33,exact,paja,1,2,0,y,lkoloski
2011,made,2007-06-11,158,13:34:00,16:56:00,3.37,exact,arte,3,2,0,y,sskinner
2011,made,2007-06-11,158,13:34:00,16:56:00,3.37,exact,glgu,1,2,0,y,sskinner
2011,made,2007-06-11,158,13:34:00,16:56:00,3.37,exact,paja,2,2,1,y,sskinner
2011,made,2007-06-11,158,13:34:00,16:56:00,3.37,exact,sacr,4,2,0,y,sskinner
2013,colv,2007-06-13,158,10:32:00,14:30:00,3.97,exact,agsq,5,2,0,y,scarvey
2013,colv,2007-06-13,158,10:32:00,14:30:00,3.97,exact,glgu,16,2,0,y,scarvey
2013,colv,2007-06-13,158,10:32:00,14:30:00,3.97,exact,ltja,3,2,0,y,scarvey
2013,colv,2007-06-13,158,10:32:00,14:30:00,3.97,exact,paja,4,2,0,y,scarvey
2013,colv,2007-06-13,158,10:32:00,14:30:00,3.97,exact,poja,1,2,0,y,scarvey
2013,colv,2007-06-13,158,10:32:00,14:30:00,3.97,exact,rutu,6,2,0,y,scarvey
2014,prba,2007-06-14,158,09:00:00,14:00:00,5,est,glgu,6,2,0,y,chelms
2014,prba,2007-06-14,158,09:00:00,14:00:00,5,est,glgu,4,2,0,y,chelms
2014,prba,2007-06-14,158,09:00:00,14:00:00,5,est,poja,4,2,0,y,chelms
2014,prba,2007-06-14,158,09:00:00,14:00:00,5,est,paja,1,2,0,y,chelms
2014,prba,2007-06-14,158,09:00:00,14:00:00,5,est,cora,5,2,0,y,chelms
2011,made,2007-06-11,158,13:00:00,18:00:00,5,exact,arte,2,2,0,y,lpirie
2011,made,2007-06-11,158,13:00:00,18:00:00,5,exact,cora,1,2,0,y,lpirie
2011,made,2007-06-11,158,13:00:00,18:00:00,5,exact,glgu,7,2,0,y,lpirie
2011,made,2007-06-11,158,13:00:00,18:00:00,5,exact,ltja,10,2,0,y,lpirie
2011,made,2007-06-11,158,13:00:00,18:00:00,5,exact,paja,2,2,0,y,lpirie
2011,made,2007-06-11,158,13:00:00,18:00:00,5,exact,rlha,1,2,0,y,lpirie
2011,made,2007-06-11,158,13:00:00,18:00:00,5,exact,sacr,5,2,0,y,lpirie
2013,colv,2007-06-13,158,10:31:00,16:20:00,5.82,exact,agsq,11,2,0,y,bwilkinson
2013,colv,2007-06-13,158,10:31:00,16:20:00,5.82,exact,glgu,3,2,0,y,bwilkinson
2013,colv,2007-06-13,158,10:31:00,16:20:00,5.82,exact,ltja,2,2,0,y,bwilkinson
2013,colv,2007-06-13,158,10:31:00,16:20:00,5.82,exact,paja,3,2,0,y,bwilkinson
2013,colv,2007-06-13,158,10:31:00,16:20:00,5.82,exact,rutu,6,2,0,y,bwilkinson
2013,colv,2007-06-13,158,10:31:00,16:20:00,5.82,exact,seow,1,2,0,y,bwilkinson
2014,chur,2007-06-14,158,02:20:00,14:30:00,12.17,exact,cora,2,2,0,y,jperz
2014,chur,2007-06-14,158,02:20:00,14:30:00,12.17,exact,herg,1,2,0,y,jperz
2014,chur,2007-06-14,158,02:20:00,14:30:00,12.17,exact,paja,2,2,0,y,jperz
2014,coat,2007-06-14,158,14:00:00,15:00:00,1,exact,arfo,1,3,0,y,crew1
2012,nome,2006-06-12,158,10:00:00,18:30:00,8.5,exact,agsq,1,5,0,y,NA
2012,nome,2006-06-12,158,10:00:00,18:30:00,8.5,exact,cora,2,5,0,y,NA
2012,nome,2006-06-12,158,10:00:00,18:30:00,8.5,exact,glgu,4,5,0,y,NA
2012,nome,2006-06-12,158,10:00:00,18:30:00,8.5,exact,ltja,5,5,0,y,NA
2012,nome,2006-06-12,158,10:00:00,18:30:00,8.5,exact,megu,3,5,0,y,NA
2012,nome,2006-06-12,158,10:00:00,18:30:00,8.5,exact,noha,1,5,0,y,NA
2012,nome,2006-06-12,158,10:00:00,18:30:00,8.5,exact,paja,6,5,0,y,NA
2012,nome,2006-06-12,158,10:00:00,18:30:00,8.5,exact,sacr,1,5,0,y,NA
2012,nome,2006-06-12,158,10:00:00,18:30:00,8.5,exact,seow,2,5,0,y,NA
2014,cari,2007-06-14,158,09:20:00,16:45:00,7.42,exact,glgu,9,1,0,n,sfreeman
2014,cari,2007-06-14,158,09:20:00,16:45:00,7.42,exact,poja,28,1,0,n,sfreeman
2014,cari,2007-06-14,158,09:20:00,16:45:00,7.42,exact,paja,5,1,0,n,sfreeman
2014,cari,2007-06-14,158,09:20:00,16:45:00,7.42,exact,ltja,1,1,0,n,sfreeman
2014,cari,2007-06-14,158,09:20:00,16:45:00,7.42,exact,noha,1,1,0,n,sfreeman
2014,cari,2007-06-14,158,09:20:00,16:45:00,7.42,exact,rlha,2,1,0,n,sfreeman
2014,cari,2007-06-14,158,09:20:00,16:45:00,7.42,exact,arfo,1,1,1,n,sfreeman
2014,cari,2007-06-14,158,09:11:00,17:00:00,7.82,exact,glgu,9,1,0,n,bhiggins
2014,cari,2007-06-14,158,09:11:00,17:00:00,7.82,exact,poja,13,1,0,n,bhiggins
2014,cari,2007-06-14,158,09:11:00,17:00:00,7.82,exact,paja,3,1,0,n,bhiggins
2014,cari,2007-06-14,158,09:11:00,17:00:00,7.82,exact,ltja,2,1,0,n,bhiggins
2014,cari,2007-06-14,158,09:11:00,17:00:00,7.82,exact,seow,1,1,0,n,bhiggins
2014,cari,2007-06-14,158,09:11:00,17:00:00,7.82,exact,rlha,1,1,0,n,bhiggins
2014,cari,2007-06-14,158,10:00:00,18:00:00,8,exact,glgu,25,1,0,n,idavies
2014,cari,2007-06-14,158,10:00:00,18:00:00,8,exact,poja,39,1,0,n,idavies
2014,cari,2007-06-14,158,10:00:00,18:00:00,8,exact,paja,4,1,0,n,idavies
2014,cari,2007-06-14,158,10:00:00,18:00:00,8,exact,ltja,4,1,0,n,idavies
2014,cari,2007-06-14,158,10:00:00,18:00:00,8,exact,sacr,1,1,0,n,idavies
2014,cari,2007-06-14,158,10:00:00,18:00:00,8,exact,rlha,3,1,0,n,idavies
2014,cari,2007-06-14,158,10:00:00,18:00:00,8,exact,cole,1,1,0,n,idavies
2014,cari,2007-06-14,158,10:00:00,18:00:00,8,exact,seow,3,1,0,n,idavies
2013,nome,2007-06-13,158,10:00:00,16:30:00,6.5,exact,gwgu,1,4,0,y,NA
2013,nome,2007-06-13,158,10:00:00,16:30:00,6.5,exact,pefa,1,4,0,y,NA
2013,nome,2007-06-13,158,10:00:00,16:30:00,6.5,exact,seow,1,4,0,y,NA
2013,nome,2007-06-13,158,10:00:00,16:30:00,6.5,exact,cora,1,4,0,y,NA
2013,nome,2007-06-13,158,10:00:00,16:30:00,6.5,exact,sacr,1,4,0,y,NA
2013,nome,2007-06-13,158,10:00:00,16:30:00,6.5,exact,paja,1,4,0,y,NA
2013,nome,2007-06-13,158,10:00:00,16:30:00,6.5,exact,tuvo,1,4,0,y,NA
2013,nome,2007-06-13,158,10:00:00,16:30:00,6.5,exact,agsq,2,4,0,y,NA
2013,nome,2007-06-13,158,10:00:00,16:30:00,6.5,exact,megu,3,4,0,y,NA
2013,nome,2007-06-13,158,10:00:00,16:30:00,6.5,exact,glgu,4,4,0,y,NA
2014,ikpi,2006-06-14,157,08:55:00,09:45:00,0.83,exact,glgu,6,1,0,n,pchilton
2014,ikpi,2006-06-14,157,08:55:00,09:45:00,0.83,exact,paja,1,1,0,n,pchilton
2011,ikpi,2006-06-11,157,14:15:00,15:25:00,1.17,est,agsq,2,1,0,n,jwright
2011,ikpi,2006-06-11,157,14:15:00,15:25:00,1.17,est,glgu,9,1,0,n,jwright
2011,ikpi,2006-06-11,157,14:15:00,15:25:00,1.17,est,ltja,1,1,0,n,jwright
2011,ikpi,2006-06-11,157,14:15:00,15:25:00,1.17,est,paja,1,1,0,n,jwright
2011,ikpi,2006-06-11,157,14:15:00,15:25:00,1.17,est,poja,5,1,0,n,jwright
2011,prba,2006-06-11,157,11:17:00,12:47:00,1.5,exact,cole,1,1,0,n,eames
2011,prba,2006-06-11,157,11:17:00,12:47:00,1.5,exact,cora,1,1,0,n,eames
2011,prba,2006-06-11,157,11:17:00,12:47:00,1.5,exact,glgu,4,1,0,n,eames
2011,prba,2006-06-11,157,11:17:00,12:47:00,1.5,exact,ltja,2,1,0,n,eames
2011,prba,2006-06-11,157,11:17:00,12:47:00,1.5,est,poja,4,1,0,n,eames
2014,cakr,2006-06-14,157,13:00:00,14:30:00,1.5,exact,glgu,24,1,0,n,jhughey
2014,cakr,2006-06-14,157,13:00:00,14:30:00,1.5,exact,paja,3,1,0,n,jhughey
2014,cakr,2006-06-14,157,13:00:00,14:30:00,1.5,exact,sacr,2,1,0,n,jhughey
2011,ikpi,2006-06-11,157,11:30:00,13:22:00,1.87,est,glgu,17,1,0,n,jwright
2011,ikpi,2006-06-11,157,11:30:00,13:22:00,1.87,est,unle,1,1,0,n,jwright
2011,ikpi,2006-06-11,157,11:30:00,13:22:00,1.87,est,ltja,4,1,0,n,jwright
2011,ikpi,2006-06-11,157,11:30:00,13:22:00,1.87,est,paja,3,1,0,n,jwright
2011,ikpi,2006-06-11,157,11:30:00,13:22:00,1.87,est,poja,8,1,0,n,jwright
2011,ikpi,2006-06-11,157,11:30:00,13:22:00,1.87,exact,seow,1,1,1,n,jwright
2011,ikpi,2006-06-11,157,11:30:00,13:22:00,1.87,exact,snow,1,1,0,n,jwright
2011,prba,2006-06-11,157,08:40:00,10:40:00,2,exact,cora,2,1,0,n,eames
2011,prba,2006-06-11,157,08:40:00,10:40:00,2,exact,glgu,4,1,0,n,eames
2011,prba,2006-06-11,157,08:40:00,10:40:00,2,exact,paja,1,1,0,n,eames
2011,prba,2006-06-11,157,08:40:00,10:40:00,2,exact,poja,6,1,0,n,eames
2011,colv,2006-06-11,157,11:55:00,14:04:00,2.15,exact,agsq,1,1,0,n,bwilkinson
2011,colv,2006-06-11,157,11:55:00,14:04:00,2.15,exact,glgu,4,1,0,n,bwilkinson
2011,colv,2006-06-11,157,11:55:00,14:04:00,2.15,exact,paja,2,1,0,n,bwilkinson
2011,colv,2006-06-11,157,11:55:00,14:04:00,2.15,exact,rutu,1,1,0,n,bwilkinson
2013,cakr,2006-06-13,157,13:33:00,15:51:00,2.3,exact,glgu,5,1,0,n,mboldenow
2013,cakr,2006-06-13,157,13:33:00,15:51:00,2.3,exact,herg,1,1,0,n,mboldenow
2013,cakr,2006-06-13,157,13:33:00,15:51:00,2.3,exact,paja,2,1,0,n,mboldenow
2013,cakr,2006-06-13,157,13:33:00,15:51:00,2.3,exact,sacr,4,1,0,n,mboldenow
2012,cari,2005-06-12,157,09:36:00,12:17:00,2.68,exact,brle,1,1,0,n,idavies
2012,cari,2005-06-12,157,09:36:00,12:17:00,2.68,exact,glgu,28,1,0,n,idavies
2012,cari,2005-06-12,157,09:36:00,12:17:00,2.68,exact,poja,17,1,0,n,idavies
2012,cari,2005-06-12,157,09:36:00,12:17:00,2.68,exact,snow,1,1,0,n,idavies
2013,prba,2006-06-13,157,09:45:00,12:30:00,2.75,exact,agsq,3,1,0,n,brobinson
2013,prba,2006-06-13,157,09:45:00,12:30:00,2.75,exact,glgu,4,1,0,n,brobinson
2013,prba,2006-06-13,157,09:45:00,12:30:00,2.75,exact,ltja,4,1,0,n,brobinson
2013,prba,2006-06-13,157,09:45:00,12:30:00,2.75,exact,paja,1,1,0,n,brobinson
2013,prba,2006-06-13,157,09:45:00,12:30:00,2.75,exact,poja,2,1,0,n,brobinson
2013,prba,2006-06-13,157,09:45:00,12:30:00,2.75,exact,sacr,1,1,0,n,brobinson
2012,cari,2005-06-12,157,10:00:00,13:30:00,3.5,exact,glgu,7,1,0,n,akneidel
2012,cari,2005-06-12,157,10:00:00,13:30:00,3.5,exact,paja,4,1,0,n,akneidel
2012,cari,2005-06-12,157,10:00:00,13:30:00,3.5,exact,poja,8,1,0,n,akneidel
2012,cari,2005-06-12,157,10:00:00,13:30:00,3.5,exact,rutu,1,1,0,n,akneidel
2012,cari,2005-06-12,157,10:00:00,13:30:00,3.5,exact,sacr,1,1,0,n,akneidel
2012,cari,2005-06-12,157,10:00:00,13:30:00,3.5,exact,snow,1,1,0,n,akneidel
2012,colv,2005-06-12,157,09:20:00,13:02:00,3.7,exact,agsq,5,1,0,n,bwilkinson
2012,colv,2005-06-12,157,09:20:00,13:02:00,3.7,exact,cora,1,1,0,n,bwilkinson
2012,colv,2005-06-12,157,09:20:00,13:02:00,3.7,exact,glgu,13,1,0,n,bwilkinson
2012,colv,2005-06-12,157,09:20:00,13:02:00,3.7,exact,ltja,2,1,0,n,bwilkinson
2012,colv,2005-06-12,157,09:20:00,13:02:00,3.7,exact,paja,2,1,0,n,bwilkinson
2012,colv,2005-06-12,157,09:20:00,13:02:00,3.7,exact,poja,3,1,0,n,bwilkinson
2012,colv,2005-06-12,157,09:20:00,13:02:00,3.7,exact,rutu,6,1,0,n,bwilkinson
2012,colv,2005-06-12,157,09:20:00,13:02:00,3.7,exact,sacr,1,1,0,n,bwilkinson
2012,colv,2005-06-12,157,09:20:00,13:02:00,3.7,exact,snow,2,1,0,n,bwilkinson
2012,colv,2005-06-12,157,09:27:00,13:36:00,4.15,exact,agsq,4,1,0,n,dpavlik
2012,colv,2005-06-12,157,09:27:00,13:36:00,4.15,exact,brle,1,1,0,n,dpavlik
2012,colv,2005-06-12,157,09:27:00,13:36:00,4.15,exact,cora,1,1,0,n,dpavlik
2012,colv,2005-06-12,157,09:27:00,13:36:00,4.15,exact,glgu,23,1,0,n,dpavlik
2012,colv,2005-06-12,157,09:27:00,13:36:00,4.15,exact,ltja,2,1,0,n,dpavlik
2012,colv,2005-06-12,157,09:27:00,13:36:00,4.15,exact,paja,1,1,0,n,dpavlik
2012,colv,2005-06-12,157,09:27:00,13:36:00,4.15,exact,poja,4,1,0,n,dpavlik
2012,colv,2005-06-12,157,09:27:00,13:36:00,4.15,exact,rutu,2,1,0,n,dpavlik
2012,colv,2005-06-12,157,09:27:00,13:36:00,4.15,exact,snow,2,1,0,n,dpavlik
2011,colv,2006-06-11,157,10:24:00,15:25:00,5.02,exact,agsq,2,1,0,n,dpavlik
2011,colv,2006-06-11,157,10:24:00,15:25:00,5.02,exact,arfo,1,1,0,n,dpavlik
2011,colv,2006-06-11,157,10:24:00,15:25:00,5.02,exact,glgu,7,1,0,n,dpavlik
2011,colv,2006-06-11,157,10:24:00,15:25:00,5.02,exact,ltja,2,1,0,n,dpavlik
2011,colv,2006-06-11,157,10:24:00,15:25:00,5.02,exact,paja,4,1,0,n,dpavlik
2011,colv,2006-06-11,157,10:24:00,15:25:00,5.02,exact,poja,2,1,0,n,dpavlik
2011,colv,2006-06-11,157,10:24:00,15:25:00,5.02,exact,rutu,1,1,0,n,dpavlik
2013,colv,2006-06-13,157,10:18:00,15:33:00,5.25,exact,agsq,2,1,0,n,bwilkinson
2013,colv,2006-06-13,157,10:18:00,15:33:00,5.25,exact,glgu,4,1,0,n,bwilkinson
2013,colv,2006-06-13,157,10:18:00,15:33:00,5.25,exact,ltja,2,1,0,n,bwilkinson
2013,colv,2006-06-13,157,10:18:00,15:33:00,5.25,exact,paja,3,1,0,n,bwilkinson
2013,colv,2006-06-13,157,10:18:00,15:33:00,5.25,exact,rutu,3,1,0,n,bwilkinson
2014,ikpi,2006-06-14,157,10:05:00,17:05:00,7,exact,glgu,9,1,0,n,pchilton
2014,ikpi,2006-06-14,157,10:05:00,17:05:00,7,exact,poja,6,1,0,n,pchilton
2014,ikpi,2006-06-14,157,10:05:00,17:05:00,7,exact,paja,5,1,0,n,pchilton
2014,ikpi,2006-06-14,157,10:05:00,17:05:00,7,exact,ltja,1,1,0,n,pchilton
2012,cari,2005-06-12,157,10:15:00,17:30:00,7.25,exact,glgu,11,1,0,n,epierce
2012,cari,2005-06-12,157,10:15:00,17:30:00,7.25,exact,paja,5,1,0,n,epierce
2012,cari,2005-06-12,157,10:15:00,17:30:00,7.25,exact,poja,15,1,0,n,epierce
2012,cari,2005-06-12,157,10:15:00,17:30:00,7.25,exact,snow,1,1,0,n,epierce
2014,chur,2006-06-14,157,09:45:00,10:15:00,0.5,exact,cora,1,2,0,y,lkoloski
2014,chur,2006-06-14,157,09:45:00,10:15:00,0.5,exact,herg,1,2,0,y,lkoloski
2014,chur,2006-06-14,157,09:45:00,10:15:00,0.5,exact,paja,1,2,0,y,lkoloski
2014,colv,2006-06-14,157,14:00:00,16:00:00,2,est,glgu,10,2,0,y,agottesman
2014,colv,2006-06-14,157,14:00:00,16:00:00,2,exact,paja,3,2,0,y,agottesman
2014,colv,2006-06-14,157,14:00:00,16:00:00,2,exact,ltja,2,2,0,y,agottesman
2014,colv,2006-06-14,157,14:00:00,16:00:00,2,exact,cora,1,2,0,y,agottesman
2014,colv,2006-06-14,157,14:00:00,16:00:00,2,exact,rutu,8,2,0,y,agottesman
2014,colv,2006-06-14,157,14:00:00,16:00:00,2,exact,agsq,6,2,0,y,agottesman
2014,chur,2006-06-14,157,08:30:00,11:00:00,2.5,exact,arte,3,2,0,y,jperz
2014,chur,2006-06-14,157,08:30:00,11:00:00,2.5,exact,cora,1,2,0,y,jperz
2014,chur,2006-06-14,157,08:30:00,11:00:00,2.5,exact,herg,1,2,0,y,jperz
2014,colv,2006-06-14,157,15:30:00,18:00:00,2.5,exact,glgu,15,2,0,y,wkennerley
2014,colv,2006-06-14,157,15:30:00,18:00:00,2.5,exact,poja,2,2,0,y,wkennerley
2014,colv,2006-06-14,157,15:30:00,18:00:00,2.5,exact,paja,3,2,0,y,wkennerley
2014,colv,2006-06-14,157,15:30:00,18:00:00,2.5,exact,ltja,3,2,0,y,wkennerley
2014,colv,2006-06-14,157,15:30:00,18:00:00,2.5,exact,rutu,6,2,0,y,wkennerley
2014,colv,2006-06-14,157,15:30:00,18:00:00,2.5,exact,seow,1,2,0,y,wkennerley
2014,colv,2006-06-14,157,15:30:00,18:00:00,2.5,exact,agsq,5,2,0,y,wkennerley
2014,prba,2006-06-14,157,13:00:00,16:00:00,3,exact,glgu,5,2,0,y,chelms
2014,prba,2006-06-14,157,13:00:00,16:00:00,3,est,glgu,3,2,0,y,chelms
2014,prba,2006-06-14,157,13:00:00,16:00:00,3,est,poja,3,2,0,y,chelms
2014,prba,2006-06-14,157,13:00:00,16:00:00,3,exact,cole,2,2,0,y,chelms
2013,colv,2006-06-13,157,10:15:00,14:45:00,4.5,exact,agsq,20,2,0,y,scarvey
2013,colv,2006-06-13,157,10:15:00,14:45:00,4.5,exact,glgu,15,2,0,y,scarvey
2013,colv,2006-06-13,157,10:15:00,14:45:00,4.5,exact,ltja,4,2,0,y,scarvey
2013,colv,2006-06-13,157,10:15:00,14:45:00,4.5,exact,paja,7,2,0,y,scarvey
2013,colv,2006-06-13,157,10:15:00,14:45:00,4.5,exact,poja,3,2,0,y,scarvey
2013,colv,2006-06-13,157,10:15:00,14:45:00,4.5,exact,rutu,10,2,0,y,scarvey
2014,prba,2006-06-14,157,09:00:00,16:00:00,7,exact,glgu,2,2,0,y,chelms
2014,prba,2006-06-14,157,09:00:00,16:00:00,7,exact,glgu,2,2,0,y,chelms
2014,prba,2006-06-14,157,09:00:00,16:00:00,7,exact,poja,2,2,0,y,chelms
2014,prba,2006-06-14,157,09:00:00,16:00:00,7,exact,cora,1,2,0,y,chelms
2012,nome,2005-06-12,157,10:00:00,21:00:00,11,exact,agsq,2,5,0,y,NA
2012,nome,2005-06-12,157,10:00:00,21:00:00,11,exact,cora,2,5,0,y,NA
2012,nome,2005-06-12,157,10:00:00,21:00:00,11,exact,glgu,7,5,0,y,NA
2012,nome,2005-06-12,157,10:00:00,21:00:00,11,exact,ltja,7,5,0,y,NA
2012,nome,2005-06-12,157,10:00:00,21:00:00,11,exact,megu,11,5,0,y,NA
2012,nome,2005-06-12,157,10:00:00,21:00:00,11,exact,paja,6,5,0,y,NA
2012,nome,2005-06-12,157,10:00:00,21:00:00,11,exact,sacr,19,5,0,y,NA
2012,nome,2005-06-12,157,10:00:00,21:00:00,11,exact,seow,1,5,0,y,NA
2011,nome,2006-06-11,157,10:00:00,19:00:00,9,exact,cora,6,7,0,y,wenglish
2011,nome,2006-06-11,157,10:00:00,19:00:00,9,exact,glgu,5,7,0,y,wenglish
2011,nome,2006-06-11,157,10:00:00,19:00:00,9,exact,paja,5,7,0,y,wenglish
2014,cari,2006-06-14,157,11:21:00,12:44:00,1.38,exact,glgu,9,1,0,n,idavies
2014,cari,2006-06-14,157,11:21:00,12:44:00,1.38,exact,poja,14,1,0,n,idavies
2014,cari,2006-06-14,157,11:21:00,12:44:00,1.38,exact,paja,2,1,0,n,idavies
2014,cari,2006-06-14,157,11:21:00,12:44:00,1.38,exact,sacr,1,1,0,n,idavies
2014,cari,2006-06-14,157,11:21:00,12:44:00,1.38,exact,rlha,1,1,0,n,idavies
2014,cari,2006-06-14,157,11:21:00,12:44:00,1.38,exact,agsq,3,1,0,n,idavies
2014,cari,2006-06-14,157,11:21:00,12:44:00,1.38,exact,seow,3,1,0,n,idavies
2013,nome,2006-06-13,157,09:00:00,18:00:00,9,exact,goea,1,4,0,y,NA
2013,nome,2006-06-13,157,09:00:00,18:00:00,9,exact,ltja,1,4,0,y,NA
2013,nome,2006-06-13,157,09:00:00,18:00:00,9,exact,seow,1,4,0,y,NA
2013,nome,2006-06-13,157,09:00:00,18:00:00,9,exact,cora,1,4,0,y,NA
2013,nome,2006-06-13,157,09:00:00,18:00:00,9,exact,tuvo,1,4,0,y,NA
2013,nome,2006-06-13,157,09:00:00,18:00:00,9,exact,paja,1,4,0,y,NA
2013,nome,2006-06-13,157,09:00:00,18:00:00,9,exact,glgu,3,4,0,y,NA
2013,nome,2006-06-13,157,09:00:00,18:00:00,9,exact,megu,3,4,0,y,NA
2011,prba,2005-06-11,156,10:05:00,10:55:00,0.83,exact,cora,1,1,0,n,chojnowski
2011,prba,2005-06-11,156,10:05:00,10:55:00,0.83,est,poja,7,1,0,n,chojnowski
2014,ikpi,2005-06-14,156,14:50:00,15:45:00,0.92,exact,glgu,2,1,0,n,mdodds
2014,ikpi,2005-06-14,156,14:50:00,15:45:00,0.92,exact,poja,1,1,0,n,mdodds
2014,ikpi,2005-06-14,156,14:50:00,15:45:00,0.92,exact,paja,2,1,0,n,mdodds
2011,prba,2005-06-11,156,08:50:00,09:50:00,1,exact,glgu,2,1,0,n,chojnowski
2011,prba,2005-06-11,156,08:50:00,09:50:00,1,est,poja,8,1,0,n,chojnowski
2011,prba,2005-06-11,156,14:30:00,15:30:00,1,exact,ltja,1,1,0,n,skolbe
2011,prba,2005-06-11,156,14:30:00,15:30:00,1,exact,poja,5,1,0,n,skolbe
2011,prba,2005-06-11,156,13:05:00,14:15:00,1.17,exact,glgu,2,1,0,n,skolbe
2011,prba,2005-06-11,156,13:05:00,14:15:00,1.17,exact,poja,5,1,0,n,skolbe
2014,ikpi,2005-06-14,156,10:50:00,13:20:00,2.5,exact,glgu,5,1,0,n,mdodds
2014,ikpi,2005-06-14,156,10:50:00,13:20:00,2.5,exact,poja,1,1,0,n,mdodds
2014,ikpi,2005-06-14,156,10:50:00,13:20:00,2.5,exact,ltja,7,1,0,n,mdodds
2011,colv,2005-06-11,156,09:52:00,12:43:00,2.85,exact,glgu,7,1,0,n,bwilkinson
2011,colv,2005-06-11,156,09:52:00,12:43:00,2.85,exact,paja,2,1,0,n,bwilkinson
2011,colv,2005-06-11,156,09:52:00,12:43:00,2.85,exact,poja,4,1,0,n,bwilkinson
2013,colv,2005-06-13,156,15:34:00,18:50:00,3.27,exact,agsq,5,1,0,n,scarvey
2013,colv,2005-06-13,156,15:34:00,18:50:00,3.27,exact,glgu,17,1,0,n,scarvey
2013,colv,2005-06-13,156,15:34:00,18:50:00,3.27,exact,ltja,3,1,0,n,scarvey
2013,colv,2005-06-13,156,15:34:00,18:50:00,3.27,exact,paja,4,1,0,n,scarvey
2013,colv,2005-06-13,156,15:34:00,18:50:00,3.27,exact,poja,1,1,0,n,scarvey
2012,colv,2004-06-12,156,11:10:00,14:53:00,3.72,exact,agsq,10,1,0,n,dpavlik
2012,colv,2004-06-12,156,11:10:00,14:53:00,3.72,exact,glgu,8,1,0,n,dpavlik
2012,colv,2004-06-12,156,11:10:00,14:53:00,3.72,exact,ltja,1,1,0,n,dpavlik
2012,colv,2004-06-12,156,11:10:00,14:53:00,3.72,exact,paja,2,1,0,n,dpavlik
2012,colv,2004-06-12,156,11:10:00,14:53:00,3.72,exact,poja,1,1,0,n,dpavlik
2012,colv,2004-06-12,156,11:10:00,14:53:00,3.72,exact,rutu,4,1,0,n,dpavlik
2012,colv,2004-06-12,156,11:10:00,14:53:00,3.72,exact,seow,1,1,0,n,dpavlik
2012,colv,2004-06-12,156,11:10:00,14:53:00,3.72,exact,snow,2,1,0,n,dpavlik
2012,barr,2004-06-12,156,13:30:00,17:30:00,4,exact,glgu,1,1,0,n,bverheijen
2012,barr,2004-06-12,156,13:30:00,17:30:00,4,exact,poja,2,1,0,n,bverheijen
2012,barr,2004-06-12,156,14:05:00,18:05:00,4,est,glgu,30,1,0,n,pherzog
2012,barr,2004-06-12,156,14:05:00,18:05:00,4,exact,paja,1,1,0,n,pherzog
2012,barr,2004-06-12,156,14:05:00,18:05:00,4,exact,poja,7,1,0,n,pherzog
2012,barr,2004-06-12,156,14:20:00,18:20:00,4,exact,glgu,10,1,0,n,mmcconell
2012,barr,2004-06-12,156,14:20:00,18:20:00,4,exact,snow,3,1,0,n,mmcconell
2012,barr,2004-06-12,156,09:20:00,13:20:00,4,exact,glgu,5,1,0,n,bverheijen
2012,barr,2004-06-12,156,09:20:00,13:20:00,4,exact,poja,3,1,0,n,bverheijen
2012,barr,2004-06-12,156,10:00:00,14:00:00,4,exact,cora,1,1,0,n,mmcconell
2012,barr,2004-06-12,156,10:00:00,14:00:00,4,exact,glgu,12,1,0,n,mmcconell
2012,barr,2004-06-12,156,08:05:00,12:40:00,4.58,est,glgu,30,1,0,n,pherzog
2012,barr,2004-06-12,156,08:05:00,12:40:00,4.58,exact,paja,1,1,0,n,pherzog
2012,barr,2004-06-12,156,08:05:00,12:40:00,4.58,exact,poja,2,1,0,n,pherzog
2013,cakr,2005-06-13,156,10:00:00,15:00:00,5,exact,unle,2,1,1,n,flin
2012,colv,2004-06-12,156,11:01:00,16:25:00,5.4,exact,agsq,4,1,0,n,bwilkinson
2012,colv,2004-06-12,156,11:01:00,16:25:00,5.4,exact,glgu,14,1,0,n,bwilkinson
2012,colv,2004-06-12,156,11:01:00,16:25:00,5.4,exact,ltja,2,1,0,n,bwilkinson
2012,colv,2004-06-12,156,11:01:00,16:25:00,5.4,exact,paja,1,1,0,n,bwilkinson
2012,colv,2004-06-12,156,11:01:00,16:25:00,5.4,exact,poja,2,1,0,n,bwilkinson
2012,colv,2004-06-12,156,11:01:00,16:25:00,5.4,exact,rutu,5,1,0,n,bwilkinson
2012,colv,2004-06-12,156,11:01:00,16:25:00,5.4,exact,snow,2,1,0,n,bwilkinson
2014,colv,2005-06-14,156,11:00:00,16:30:00,5.5,exact,glgu,21,1,0,n,agottesman
2014,colv,2005-06-14,156,11:00:00,16:30:00,5.5,exact,poja,5,1,0,n,agottesman
2014,colv,2005-06-14,156,11:00:00,16:30:00,5.5,exact,paja,5,1,0,n,agottesman
2014,colv,2005-06-14,156,11:00:00,16:30:00,5.5,exact,ltja,4,1,0,n,agottesman
2014,colv,2005-06-14,156,11:00:00,16:30:00,5.5,exact,cora,1,1,0,n,agottesman
2014,colv,2005-06-14,156,11:00:00,16:30:00,5.5,exact,rutu,6,1,0,n,agottesman
2014,colv,2005-06-14,156,11:00:00,16:30:00,5.5,exact,seow,1,1,0,n,agottesman
2014,colv,2005-06-14,156,11:00:00,16:30:00,5.5,exact,agsq,4,1,0,n,agottesman
2011,colv,2005-06-11,156,09:25:00,15:40:00,6.25,exact,agsq,6,1,0,n,dpavlik
2011,colv,2005-06-11,156,09:25:00,15:40:00,6.25,exact,glgu,22,1,0,n,dpavlik
2011,colv,2005-06-11,156,09:25:00,15:40:00,6.25,exact,ltja,1,1,0,n,dpavlik
2011,colv,2005-06-11,156,09:25:00,15:40:00,6.25,exact,paja,5,1,0,n,dpavlik
2011,colv,2005-06-11,156,09:25:00,15:40:00,6.25,exact,poja,3,1,0,n,dpavlik
2011,colv,2005-06-11,156,09:25:00,15:40:00,6.25,exact,rutu,5,1,0,n,dpavlik
2012,cakr,2004-06-12,156,10:35:00,17:00:00,6.42,exact,bltu,3,1,0,n,lpadegimas
2012,cakr,2004-06-12,156,10:35:00,17:00:00,6.42,est,glgu,84,1,0,n,lpadegimas
2012,cakr,2004-06-12,156,10:35:00,17:00:00,6.42,exact,ltja,6,1,0,n,lpadegimas
2012,cakr,2004-06-12,156,10:35:00,17:00:00,6.42,exact,megu,7,1,0,n,lpadegimas
2012,cakr,2004-06-12,156,10:35:00,17:00:00,6.42,exact,paja,12,1,0,n,lpadegimas
2012,cakr,2004-06-12,156,10:35:00,17:00:00,6.42,exact,poja,2,1,1,n,lpadegimas
2012,cakr,2004-06-12,156,10:35:00,17:00:00,6.42,exact,sacr,12,1,0,n,lpadegimas
2012,cakr,2004-06-12,156,10:35:00,17:00:00,6.42,exact,bltu,3,1,0,n,lpadegimas
2012,cakr,2004-06-12,156,10:35:00,17:00:00,6.42,exact,bltu,3,1,0,n,lpadegimas
2012,cakr,2004-06-12,156,10:35:00,17:00:00,6.42,est,glgu,84,1,0,n,lpadegimas
2012,cakr,2004-06-12,156,10:35:00,17:00:00,6.42,est,glgu,84,1,0,n,lpadegimas
2012,cakr,2004-06-12,156,10:35:00,17:00:00,6.42,exact,ltja,6,1,0,n,lpadegimas
2012,cakr,2004-06-12,156,10:35:00,17:00:00,6.42,exact,ltja,6,1,0,n,lpadegimas
2012,cakr,2004-06-12,156,10:35:00,17:00:00,6.42,exact,megu,7,1,0,n,lpadegimas
2012,cakr,2004-06-12,156,10:35:00,17:00:00,6.42,exact,megu,7,1,0,n,lpadegimas
2012,cakr,2004-06-12,156,10:35:00,17:00:00,6.42,exact,paja,12,1,0,n,lpadegimas
2012,cakr,2004-06-12,156,10:35:00,17:00:00,6.42,exact,paja,12,1,0,n,lpadegimas
2012,cakr,2004-06-12,156,10:35:00,17:00:00,6.42,exact,poja,2,1,1,n,lpadegimas
2012,cakr,2004-06-12,156,10:35:00,17:00:00,6.42,exact,poja,2,1,1,n,lpadegimas
2012,cakr,2004-06-12,156,10:35:00,17:00:00,6.42,exact,sacr,12,1,0,n,lpadegimas
2012,cakr,2004-06-12,156,10:35:00,17:00:00,6.42,exact,sacr,12,1,0,n,lpadegimas
2014,prba,2005-06-14,156,10:00:00,16:30:00,6.5,exact,glgu,2,1,0,n,kschiemrief
2014,prba,2005-06-14,156,10:00:00,16:30:00,6.5,exact,glgu,1,1,0,n,kschiemrief
2014,prba,2005-06-14,156,10:00:00,16:30:00,6.5,exact,poja,2,1,0,n,kschiemrief
2014,prba,2005-06-14,156,10:00:00,16:30:00,6.5,exact,paja,1,1,0,n,kschiemrief
2014,prba,2005-06-14,156,10:00:00,16:30:00,6.5,exact,ltja,1,1,0,n,kschiemrief
2014,colv,2005-06-14,156,11:00:00,18:20:00,7.33,est,glgu,9,1,0,n,tdonnelly
2014,colv,2005-06-14,156,11:00:00,18:20:00,7.33,exact,poja,3,1,0,n,tdonnelly
2014,colv,2005-06-14,156,11:00:00,18:20:00,7.33,exact,paja,4,1,0,n,tdonnelly
2014,colv,2005-06-14,156,11:00:00,18:20:00,7.33,exact,ltja,2,1,0,n,tdonnelly
2014,colv,2005-06-14,156,11:00:00,18:20:00,7.33,exact,cora,1,1,0,n,tdonnelly
2014,colv,2005-06-14,156,11:00:00,18:20:00,7.33,exact,rutu,10,1,0,n,tdonnelly
2014,colv,2005-06-14,156,11:00:00,18:20:00,7.33,exact,sacr,2,1,0,n,tdonnelly
2014,colv,2005-06-14,156,11:00:00,18:20:00,7.33,exact,seow,2,1,0,n,tdonnelly
2014,colv,2005-06-14,156,11:00:00,18:20:00,7.33,exact,refo,1,1,0,n,tdonnelly
2014,colv,2005-06-14,156,11:00:00,18:20:00,7.33,exact,agsq,11,1,0,n,tdonnelly
2013,prba,2005-06-13,156,11:30:00,12:15:00,0.75,exact,glgu,4,2,0,n,brobinson
2011,ikpi,2005-06-11,156,12:25:00,13:40:00,1.25,exact,agsq,4,2,0,y,kpietrzak
2011,ikpi,2005-06-11,156,12:25:00,13:40:00,1.25,exact,glgu,5,2,0,y,kpietrzak
2011,ikpi,2005-06-11,156,12:25:00,13:40:00,1.25,exact,ltja,1,2,0,y,kpietrzak
2011,ikpi,2005-06-11,156,12:25:00,13:40:00,1.25,exact,poja,4,2,0,y,kpietrzak
2011,ikpi,2005-06-11,156,12:25:00,13:40:00,1.25,exact,seow,1,2,0,y,kpietrzak
2011,ikpi,2005-06-11,156,15:00:00,16:30:00,1.5,exact,agsq,1,2,0,y,acook
2011,ikpi,2005-06-11,156,15:00:00,16:30:00,1.5,exact,glgu,2,2,0,y,acook
2011,ikpi,2005-06-11,156,15:00:00,16:30:00,1.5,est,poja,3,2,0,y,acook
2011,ikpi,2005-06-11,156,15:00:00,16:30:00,1.5,exact,snow,1,2,0,y,acook
2014,barr,2005-06-14,156,10:47:00,12:25:00,1.63,exact,glgu,5,2,0,y,jcunningham
2014,barr,2005-06-14,156,10:47:00,12:25:00,1.63,est,poja,9,2,0,y,jcunningham
2014,barr,2005-06-14,156,10:47:00,12:25:00,1.63,exact,paja,4,2,0,y,jcunningham
2014,barr,2005-06-14,156,10:47:00,12:25:00,1.63,exact,snow,1,2,0,y,jcunningham
2014,barr,2005-06-14,156,11:45:00,13:30:00,1.75,exact,glgu,3,2,0,y,ssheedy
2014,barr,2005-06-14,156,11:45:00,13:30:00,1.75,exact,poja,3,2,0,y,ssheedy
2014,barr,2005-06-14,156,12:31:00,14:20:00,1.82,est,poja,12,2,0,y,jcunningham
2013,prba,2005-06-13,156,10:30:00,12:20:00,1.83,exact,glgu,1,2,0,n,brobinson
2014,barr,2005-06-14,156,10:30:00,12:30:00,2,exact,glgu,8,2,0,y,asterling
2014,barr,2005-06-14,156,10:30:00,12:30:00,2,exact,poja,3,2,0,y,asterling
2014,barr,2005-06-14,156,10:30:00,12:30:00,2,exact,paja,3,2,0,y,asterling
2014,barr,2005-06-14,156,10:30:00,12:30:00,2,exact,snow,1,2,0,y,asterling
2014,barr,2005-06-14,156,13:45:00,15:49:00,2.07,exact,glgu,3,2,0,y,asterling
2014,barr,2005-06-14,156,13:45:00,15:49:00,2.07,exact,poja,11,2,0,y,asterling
2014,barr,2005-06-14,156,13:45:00,15:49:00,2.07,exact,brle,1,2,0,y,asterling
2014,barr,2005-06-14,156,09:30:00,11:45:00,2.25,exact,glgu,2,2,0,y,ssheedy
2014,barr,2005-06-14,156,09:30:00,11:45:00,2.25,exact,poja,21,2,0,y,ssheedy
2014,barr,2005-06-14,156,09:30:00,11:45:00,2.25,exact,paja,3,2,0,y,ssheedy
2014,barr,2005-06-14,156,09:30:00,11:45:00,2.25,exact,snow,2,2,0,y,ssheedy
2014,barr,2005-06-14,156,09:30:00,11:45:00,2.25,exact,brle,2,2,0,y,ssheedy
2013,cakr,2005-06-13,156,11:30:00,14:30:00,3,exact,glgu,11,2,0,y,jkardiak
2013,cakr,2005-06-13,156,11:30:00,14:30:00,3,exact,ltja,3,2,0,y,jkardiak
2013,cakr,2005-06-13,156,11:30:00,14:30:00,3,exact,paja,4,2,0,y,jkardiak
2013,cakr,2005-06-13,156,11:30:00,14:30:00,3,exact,sacr,13,2,0,y,jkardiak
2013,cakr,2005-06-13,156,10:00:00,15:00:00,5,exact,glgu,10,2,0,y,flin
2013,cakr,2005-06-13,156,10:00:00,15:00:00,5,exact,paja,3,2,0,y,flin
2013,cakr,2005-06-13,156,10:00:00,15:00:00,5,exact,refo,1,2,0,y,flin
2013,cakr,2005-06-13,156,10:00:00,15:00:00,5,exact,sacr,6,2,0,y,flin
2012,nome,2004-06-12,156,10:00:00,14:00:00,4,exact,cora,2,4,0,y,NA
2012,nome,2004-06-12,156,10:00:00,14:00:00,4,exact,glgu,4,4,0,y,NA
2012,nome,2004-06-12,156,10:00:00,14:00:00,4,exact,megu,5,4,0,y,NA
2012,nome,2004-06-12,156,10:00:00,14:00:00,4,exact,paja,5,4,0,y,NA
2012,nome,2004-06-12,156,10:00:00,14:00:00,4,exact,sacr,20,4,0,y,NA
2012,nome,2004-06-12,156,10:00:00,14:00:00,4,exact,seow,1,4,0,y,NA
2014,nome,2005-06-14,156,09:00:00,17:00:00,8,exact,sacr,15,4,0,y,NA
2014,nome,2005-06-14,156,09:00:00,17:00:00,8,exact,glgu,6,4,0,y,NA
2014,nome,2005-06-14,156,09:00:00,17:00:00,8,exact,megu,5,4,0,y,NA
2014,nome,2005-06-14,156,09:00:00,17:00:00,8,exact,paja,5,4,0,y,NA
2014,nome,2005-06-14,156,09:00:00,17:00:00,8,exact,pefa,1,4,0,y,NA
2011,nome,2005-06-11,156,10:00:00,20:00:00,10,exact,cora,4,7,0,y,wenglish
2011,nome,2005-06-11,156,10:00:00,20:00:00,10,exact,glgu,3,7,0,y,wenglish
2011,nome,2005-06-11,156,10:00:00,20:00:00,10,exact,paja,3,7,0,y,wenglish
2011,nome,2005-06-11,156,10:00:00,20:00:00,10,exact,poja,2,7,0,y,wenglish
2014,cari,2005-06-14,156,10:00:00,14:30:00,4.5,exact,glgu,12,1,0,n,idavies
2014,cari,2005-06-14,156,10:00:00,14:30:00,4.5,exact,poja,22,1,0,n,idavies
2014,cari,2005-06-14,156,10:00:00,14:30:00,4.5,exact,paja,2,1,0,n,idavies
2014,cari,2005-06-14,156,10:00:00,14:30:00,4.5,exact,ltja,2,1,0,n,idavies
2014,cari,2005-06-14,156,10:00:00,14:30:00,4.5,exact,rutu,1,1,0,n,idavies
2014,cari,2005-06-14,156,10:00:00,14:30:00,4.5,exact,sacr,1,1,0,n,idavies
2014,cari,2005-06-14,156,10:00:00,14:30:00,4.5,exact,snow,1,1,0,n,idavies
2014,cari,2005-06-14,156,10:00:00,14:30:00,4.5,exact,rlha,4,1,0,n,idavies
2014,cari,2005-06-14,156,10:00:00,14:30:00,4.5,exact,seow,7,1,0,n,idavies
2013,nome,2005-06-13,156,09:00:00,18:00:00,9,exact,noha,1,4,0,y,NA
2013,nome,2005-06-13,156,09:00:00,18:00:00,9,exact,pefa,1,4,0,y,NA
2013,nome,2005-06-13,156,09:00:00,18:00:00,9,exact,cora,1,4,0,y,NA
2013,nome,2005-06-13,156,09:00:00,18:00:00,9,exact,ltja,1,4,0,y,NA
2013,nome,2005-06-13,156,09:00:00,18:00:00,9,exact,paja,1,4,0,y,NA
2013,nome,2005-06-13,156,09:00:00,18:00:00,9,exact,sacr,1,4,0,y,NA
2013,nome,2005-06-13,156,09:00:00,18:00:00,9,exact,tuvo,2,4,0,y,NA
2013,nome,2005-06-13,156,09:00:00,18:00:00,9,exact,megu,3,4,0,y,NA
2013,nome,2005-06-13,156,09:00:00,18:00:00,9,exact,glgu,4,4,0,y,NA
2011,prba,2004-06-11,155,13:40:00,15:00:00,1.33,exact,glgu,10,1,0,n,skolbe
2011,prba,2004-06-11,155,13:40:00,15:00:00,1.33,exact,ltja,3,1,0,n,skolbe
2011,prba,2004-06-11,155,13:40:00,15:00:00,1.33,exact,paja,4,1,0,n,skolbe
2011,prba,2004-06-11,155,13:40:00,15:00:00,1.33,exact,poja,6,1,0,n,skolbe
2014,cakr,2004-06-14,155,12:15:00,14:15:00,2,exact,sagu,6,1,0,n,jeschenroeder
2014,cakr,2004-06-14,155,12:15:00,14:15:00,2,exact,glgu,59,1,0,n,jeschenroeder
2014,cakr,2004-06-14,155,12:15:00,14:15:00,2,exact,paja,2,1,0,n,jeschenroeder
2014,cakr,2004-06-14,155,12:15:00,14:15:00,2,exact,sacr,3,1,0,n,jeschenroeder
2011,prba,2004-06-11,155,09:40:00,11:45:00,2.08,exact,arfo,1,1,0,n,skolbe
2011,prba,2004-06-11,155,09:40:00,11:45:00,2.08,exact,glgu,3,1,0,n,skolbe
2011,prba,2004-06-11,155,09:40:00,11:45:00,2.08,exact,unle,1,1,0,n,skolbe
2011,prba,2004-06-11,155,09:40:00,11:45:00,2.08,exact,ltja,3,1,0,n,skolbe
2011,prba,2004-06-11,155,09:40:00,11:45:00,2.08,exact,poja,3,1,0,n,skolbe
2013,cakr,2004-06-13,155,10:21:00,12:45:00,2.4,exact,glgu,5,1,0,n,jkardiak
2013,cakr,2004-06-13,155,10:21:00,12:45:00,2.4,exact,paja,4,1,0,n,jkardiak
2013,cakr,2004-06-13,155,10:21:00,12:45:00,2.4,exact,sacr,1,1,0,n,jkardiak
2013,cari,2004-06-13,155,14:18:00,16:57:00,2.65,exact,arfo,1,1,0,n,idavies
2013,cari,2004-06-13,155,14:18:00,16:57:00,2.65,exact,glgu,8,1,0,n,idavies
2013,cari,2004-06-13,155,14:18:00,16:57:00,2.65,exact,paja,1,1,0,n,idavies
2013,cari,2004-06-13,155,14:18:00,16:57:00,2.65,exact,poja,1,1,0,n,idavies
2013,cari,2004-06-13,155,14:18:00,16:57:00,2.65,exact,glgu,3,1,0,n,sfreeman
2013,cari,2004-06-13,155,14:18:00,16:57:00,2.65,exact,paja,2,1,0,n,sfreeman
2013,cari,2004-06-13,155,14:18:00,16:57:00,2.65,exact,poja,6,1,0,n,sfreeman
2011,prba,2004-06-11,155,09:00:00,11:40:00,2.67,exact,glgu,7,1,0,n,eames
2011,prba,2004-06-11,155,09:00:00,11:40:00,2.67,exact,unle,1,1,0,n,eames
2011,prba,2004-06-11,155,09:00:00,11:40:00,2.67,exact,poja,4,1,0,n,eames
2011,prba,2004-06-11,155,13:00:00,16:20:00,3.33,exact,glgu,7,1,0,n,eames
2011,prba,2004-06-11,155,13:00:00,16:20:00,3.33,exact,poja,4,1,0,n,eames
2011,prba,2004-06-11,155,13:00:00,16:20:00,3.33,exact,snow,1,1,0,n,eames
2012,colv,2003-06-12,155,11:05:00,15:00:00,3.92,exact,agsq,5,1,0,n,bwilkinson
2012,colv,2003-06-12,155,11:05:00,15:00:00,3.92,exact,brle,1,1,0,n,bwilkinson
2012,colv,2003-06-12,155,11:05:00,15:00:00,3.92,exact,glgu,6,1,0,n,bwilkinson
2012,colv,2003-06-12,155,11:05:00,15:00:00,3.92,exact,ltja,2,1,0,n,bwilkinson
2012,colv,2003-06-12,155,11:05:00,15:00:00,3.92,exact,paja,1,1,0,n,bwilkinson
2012,colv,2003-06-12,155,11:05:00,15:00:00,3.92,exact,poja,1,1,0,n,bwilkinson
2012,colv,2003-06-12,155,11:05:00,15:00:00,3.92,exact,rutu,6,1,0,n,bwilkinson
2012,colv,2003-06-12,155,11:05:00,15:00:00,3.92,exact,snow,1,1,0,n,bwilkinson
2011,colv,2004-06-11,155,09:57:00,14:33:00,4.6,exact,agsq,6,1,0,n,bwilkinson
2011,colv,2004-06-11,155,09:57:00,14:33:00,4.6,exact,glgu,6,1,0,n,bwilkinson
2011,colv,2004-06-11,155,09:57:00,14:33:00,4.6,exact,ltja,2,1,0,n,bwilkinson
2011,colv,2004-06-11,155,09:57:00,14:33:00,4.6,exact,paja,4,1,0,n,bwilkinson
2011,colv,2004-06-11,155,09:57:00,14:33:00,4.6,exact,poja,2,1,0,n,bwilkinson
2011,colv,2004-06-11,155,09:57:00,14:33:00,4.6,exact,rutu,1,1,0,n,bwilkinson
2012,colv,2003-06-12,155,11:21:00,17:10:00,5.82,exact,agsq,9,1,0,n,dpavlik
2012,colv,2003-06-12,155,11:21:00,17:10:00,5.82,exact,glgu,10,1,0,n,dpavlik
2012,colv,2003-06-12,155,11:21:00,17:10:00,5.82,exact,ltja,2,1,0,n,dpavlik
2012,colv,2003-06-12,155,11:21:00,17:10:00,5.82,exact,paja,2,1,0,n,dpavlik
2012,colv,2003-06-12,155,11:21:00,17:10:00,5.82,exact,poja,4,1,0,n,dpavlik
2012,colv,2003-06-12,155,11:21:00,17:10:00,5.82,exact,refo,1,1,0,n,dpavlik
2012,colv,2003-06-12,155,11:21:00,17:10:00,5.82,exact,rutu,7,1,0,n,dpavlik
2012,colv,2003-06-12,155,11:21:00,17:10:00,5.82,exact,sacr,1,1,0,n,dpavlik
2012,colv,2003-06-12,155,11:21:00,17:10:00,5.82,exact,snow,2,1,0,n,dpavlik
2011,colv,2004-06-11,155,10:10:00,16:09:00,5.98,exact,glgu,6,1,0,n,dpavlik
2011,colv,2004-06-11,155,10:10:00,16:09:00,5.98,exact,ltja,3,1,0,n,dpavlik
2011,colv,2004-06-11,155,10:10:00,16:09:00,5.98,exact,paja,4,1,0,n,dpavlik
2011,colv,2004-06-11,155,10:10:00,16:09:00,5.98,exact,poja,4,1,0,n,dpavlik
2011,colv,2004-06-11,155,10:10:00,16:09:00,5.98,exact,rutu,3,1,0,n,dpavlik
2011,cakr,2004-06-11,155,10:35:00,17:00:00,6.42,exact,bltu,3,1,0,n,lpadegimas
2011,cakr,2004-06-11,155,10:35:00,17:00:00,6.42,est,glgu,84,1,0,n,lpadegimas
2011,cakr,2004-06-11,155,10:35:00,17:00:00,6.42,exact,ltja,6,1,0,n,lpadegimas
2011,cakr,2004-06-11,155,10:35:00,17:00:00,6.42,exact,megu,7,1,0,n,lpadegimas
2011,cakr,2004-06-11,155,10:35:00,17:00:00,6.42,exact,paja,12,1,0,n,lpadegimas
2011,cakr,2004-06-11,155,10:35:00,17:00:00,6.42,exact,poja,2,1,0,n,lpadegimas
2011,cakr,2004-06-11,155,10:35:00,17:00:00,6.42,exact,sacr,12,1,0,n,lpadegimas
2013,prba,2004-06-13,155,12:00:00,13:00:00,1,exact,cora,2,2,0,n,cdavis
2013,prba,2004-06-13,155,12:00:00,13:00:00,1,exact,glgu,2,2,0,n,cdavis
2013,prba,2004-06-13,155,12:00:00,13:00:00,1,exact,paja,1,2,0,n,cdavis
2013,prba,2004-06-13,155,17:00:00,18:00:00,1,exact,cora,4,2,0,n,cdavis
2013,prba,2004-06-13,155,17:00:00,18:00:00,1,exact,glgu,4,2,0,n,cdavis
2013,prba,2004-06-13,155,10:30:00,11:30:00,1,exact,cora,2,2,0,n,cdavis
2013,prba,2004-06-13,155,10:30:00,11:30:00,1,exact,glgu,3,2,0,n,cdavis
2013,prba,2004-06-13,155,10:30:00,11:30:00,1,exact,poja,1,2,0,n,cdavis
2013,prba,2004-06-13,155,15:00:00,16:30:00,1.5,exact,cora,4,2,0,n,cdavis
2013,prba,2004-06-13,155,15:00:00,16:30:00,1.5,est,glgu,8,2,0,n,cdavis
2013,colv,2004-06-13,155,10:59:00,14:05:00,3.1,exact,agsq,2,2,0,y,bwilkinson
2013,colv,2004-06-13,155,10:59:00,14:05:00,3.1,exact,cora,1,2,0,y,bwilkinson
2013,colv,2004-06-13,155,10:59:00,14:05:00,3.1,exact,glgu,3,2,0,y,bwilkinson
2013,colv,2004-06-13,155,10:59:00,14:05:00,3.1,exact,paja,2,2,0,y,bwilkinson
2014,chur,2004-06-14,155,10:00:00,14:00:00,4,exact,arte,1,2,0,y,jperz
2014,chur,2004-06-14,155,10:00:00,14:00:00,4,exact,cora,3,2,0,y,jperz
2014,chur,2004-06-14,155,10:00:00,14:00:00,4,exact,herg,1,2,0,y,jperz
2014,chur,2004-06-14,155,10:00:00,14:00:00,4,exact,paja,2,2,0,y,jperz
2014,chur,2004-06-14,155,09:15:00,14:30:00,5.25,exact,cora,3,2,0,y,lkoloski
2014,chur,2004-06-14,155,09:15:00,14:30:00,5.25,exact,herg,2,2,0,y,lkoloski
2014,chur,2004-06-14,155,09:15:00,14:30:00,5.25,exact,paja,4,2,0,y,lkoloski
2014,chur,2004-06-14,155,09:15:00,14:30:00,5.25,exact,pefa,1,2,0,y,lkoloski
2014,chur,2004-06-14,155,09:15:00,14:30:00,5.25,exact,sacr,1,2,0,y,lkoloski
2014,nome,2004-06-14,155,09:00:00,15:00:00,6,exact,glgu,11,4,0,y,NA
2014,nome,2004-06-14,155,09:00:00,15:00:00,6,exact,megu,8,4,0,y,NA
2014,nome,2004-06-14,155,09:00:00,15:00:00,6,exact,sacr,7,4,0,y,NA
2014,nome,2004-06-14,155,09:00:00,15:00:00,6,exact,paja,4,4,0,y,NA
2014,nome,2004-06-14,155,09:00:00,15:00:00,6,exact,cora,1,4,0,y,NA
2014,nome,2004-06-14,155,09:00:00,15:00:00,6,exact,agsq,1,4,0,y,NA
2012,nome,2003-06-12,155,10:00:00,17:00:00,7,exact,agsq,2,5,0,y,NA
2012,nome,2003-06-12,155,10:00:00,17:00:00,7,exact,cora,1,5,0,y,NA
2012,nome,2003-06-12,155,10:00:00,17:00:00,7,exact,glgu,2,5,0,y,NA
2012,nome,2003-06-12,155,10:00:00,17:00:00,7,exact,megu,3,5,0,y,NA
2012,nome,2003-06-12,155,10:00:00,17:00:00,7,exact,paja,5,5,0,y,NA
2012,nome,2003-06-12,155,10:00:00,17:00:00,7,exact,seow,1,5,0,y,NA
2011,nome,2004-06-11,155,10:00:00,21:30:00,11.5,exact,cora,4,7,0,y,wenglish
2011,nome,2004-06-11,155,10:00:00,21:30:00,11.5,exact,glgu,3,7,0,y,wenglish
2011,nome,2004-06-11,155,10:00:00,21:30:00,11.5,exact,ltja,2,7,0,y,wenglish
2011,nome,2004-06-11,155,10:00:00,21:30:00,11.5,exact,paja,2,7,0,y,wenglish
2014,cari,2004-06-14,155,10:00:00,15:00:00,5,exact,glgu,10,1,0,n,idavies
2014,cari,2004-06-14,155,10:00:00,15:00:00,5,exact,poja,12,1,0,n,idavies
2014,cari,2004-06-14,155,10:00:00,15:00:00,5,exact,sacr,1,1,0,n,idavies
2014,cari,2004-06-14,155,10:00:00,15:00:00,5,exact,paja,4,1,0,n,idavies
2014,cari,2004-06-14,155,10:00:00,15:00:00,5,exact,seow,2,1,0,n,idavies
2013,nome,2004-06-13,155,12:30:00,19:30:00,7,exact,cora,1,4,0,y,NA
2013,nome,2004-06-13,155,12:30:00,19:30:00,7,exact,unle,1,4,0,y,NA
2013,nome,2004-06-13,155,12:30:00,19:30:00,7,exact,agsq,1,4,0,y,NA
2013,nome,2004-06-13,155,12:30:00,19:30:00,7,exact,paja,1,4,0,y,NA
2013,nome,2004-06-13,155,12:30:00,19:30:00,7,exact,sacr,1,4,0,y,NA
2013,nome,2004-06-13,155,12:30:00,19:30:00,7,exact,glgu,2,4,0,y,NA
2013,nome,2004-06-13,155,12:30:00,19:30:00,7,exact,megu,2,4,0,y,NA
2013,barr,2003-06-13,154,11:30:00,13:20:00,1.83,exact,glgu,3,1,0,n,kgrond
2013,barr,2003-06-13,154,11:30:00,13:20:00,1.83,exact,poja,1,1,0,n,kgrond
2011,colv,2003-06-11,154,11:25:00,13:57:00,2.53,exact,glgu,8,1,0,n,bwilkinson
2011,colv,2003-06-11,154,11:25:00,13:57:00,2.53,exact,ltja,2,1,0,n,bwilkinson
2011,colv,2003-06-11,154,11:25:00,13:57:00,2.53,exact,rutu,1,1,0,n,bwilkinson
2011,colv,2003-06-11,154,09:56:00,12:43:00,2.78,exact,agsq,3,1,0,n,dpavlik
2011,colv,2003-06-11,154,09:56:00,12:43:00,2.78,exact,glgu,2,1,0,n,dpavlik
2011,colv,2003-06-11,154,09:56:00,12:43:00,2.78,exact,paja,1,1,0,n,dpavlik
2011,colv,2003-06-11,154,09:56:00,12:43:00,2.78,exact,poja,1,1,0,n,dpavlik
2011,colv,2003-06-11,154,09:56:00,12:43:00,2.78,exact,rutu,2,1,0,n,dpavlik
2012,colv,2002-06-12,154,12:09:00,15:20:00,3.18,exact,agsq,3,1,0,n,dpavlik
2012,colv,2002-06-12,154,12:09:00,15:20:00,3.18,exact,glgu,8,1,0,n,dpavlik
2012,colv,2002-06-12,154,12:09:00,15:20:00,3.18,exact,ltja,1,1,0,n,dpavlik
2012,colv,2002-06-12,154,12:09:00,15:20:00,3.18,exact,poja,3,1,0,n,dpavlik
2014,colv,2003-06-14,154,11:30:00,15:00:00,3.5,exact,glgu,23,1,0,n,agottesman
2014,colv,2003-06-14,154,11:30:00,15:00:00,3.5,exact,poja,8,1,0,n,agottesman
2014,colv,2003-06-14,154,11:30:00,15:00:00,3.5,exact,paja,10,1,0,n,agottesman
2014,colv,2003-06-14,154,11:30:00,15:00:00,3.5,exact,ltja,5,1,0,n,agottesman
2014,colv,2003-06-14,154,11:30:00,15:00:00,3.5,exact,rutu,7,1,0,n,agottesman
2014,colv,2003-06-14,154,11:30:00,15:00:00,3.5,exact,snow,1,1,0,n,agottesman
2014,colv,2003-06-14,154,11:30:00,15:00:00,3.5,exact,noha,1,1,0,n,agottesman
2014,colv,2003-06-14,154,11:30:00,15:00:00,3.5,exact,agsq,22,1,0,n,agottesman
2014,colv,2003-06-14,154,11:30:00,15:00:00,3.5,exact,refo,1,1,1,n,agottesman
2013,barr,2003-06-13,154,10:15:00,14:15:00,4,exact,glgu,1,1,0,n,jcunningham
2013,barr,2003-06-13,154,10:15:00,14:15:00,4,exact,paja,2,1,0,n,jcunningham
2012,colv,2002-06-12,154,11:30:00,15:47:00,4.28,exact,agsq,9,1,0,n,bwilkinson
2012,colv,2002-06-12,154,11:30:00,15:47:00,4.28,exact,cora,1,1,0,n,bwilkinson
2012,colv,2002-06-12,154,11:30:00,15:47:00,4.28,exact,glgu,9,1,0,n,bwilkinson
2012,colv,2002-06-12,154,11:30:00,15:47:00,4.28,exact,ltja,5,1,0,n,bwilkinson
2012,colv,2002-06-12,154,11:30:00,15:47:00,4.28,exact,paja,4,1,0,n,bwilkinson
2012,colv,2002-06-12,154,11:30:00,15:47:00,4.28,exact,poja,3,1,0,n,bwilkinson
2012,colv,2002-06-12,154,11:30:00,15:47:00,4.28,exact,refo,1,1,0,n,bwilkinson
2012,colv,2002-06-12,154,11:30:00,15:47:00,4.28,exact,rutu,6,1,0,n,bwilkinson
2012,colv,2002-06-12,154,11:30:00,15:47:00,4.28,exact,sacr,1,1,0,n,bwilkinson
2012,colv,2002-06-12,154,11:30:00,15:47:00,4.28,exact,snow,2,1,0,n,bwilkinson
2014,chur,2003-06-14,154,10:30:00,11:20:00,0.83,exact,cora,1,2,0,y,jperz
2014,chur,2003-06-14,154,10:30:00,11:20:00,0.83,exact,herg,2,2,0,y,jperz
2014,chur,2003-06-14,154,09:00:00,10:00:00,1,exact,cora,2,2,0,y,jperz
2014,chur,2003-06-14,154,09:00:00,10:00:00,1,exact,herg,2,2,0,y,jperz
2013,barr,2003-06-13,154,14:02:00,15:44:00,1.7,exact,glgu,4,2,0,y,vloverti
2013,barr,2003-06-13,154,14:02:00,15:44:00,1.7,exact,poja,1,2,0,y,vloverti
2014,chur,2003-06-14,154,14:45:00,17:00:00,2.25,exact,amcr,1,2,0,y,jperz
2014,chur,2003-06-14,154,14:45:00,17:00:00,2.25,exact,herg,2,2,0,y,jperz
2013,barr,2003-06-13,154,10:25:00,13:05:00,2.67,exact,arfo,1,2,0,y,vloverti
2013,barr,2003-06-13,154,10:25:00,13:05:00,2.67,exact,glgu,3,2,0,y,vloverti
2013,barr,2003-06-13,154,10:25:00,13:05:00,2.67,exact,paja,4,2,0,y,vloverti
2013,colv,2003-06-13,154,11:45:00,15:30:00,3.75,est,glgu,15,2,0,y,scarvey
2013,colv,2003-06-13,154,11:45:00,15:30:00,3.75,exact,paja,4,2,0,y,scarvey
2013,colv,2003-06-13,154,11:45:00,15:30:00,3.75,exact,poja,1,2,0,y,scarvey
2013,colv,2003-06-13,154,11:45:00,15:30:00,3.75,exact,rutu,2,2,0,y,scarvey
2014,chur,2003-06-14,154,12:00:00,16:15:00,4.25,exact,arte,3,2,0,y,jperz
2014,chur,2003-06-14,154,12:00:00,16:15:00,4.25,exact,paja,3,2,0,y,jperz
2013,colv,2003-06-13,154,12:27:00,16:44:00,4.28,exact,agsq,3,2,0,y,bwilkinson
2013,colv,2003-06-13,154,12:27:00,16:44:00,4.28,exact,glgu,2,2,0,y,bwilkinson
2013,colv,2003-06-13,154,12:27:00,16:44:00,4.28,exact,ltja,2,2,0,y,bwilkinson
2013,colv,2003-06-13,154,12:27:00,16:44:00,4.28,exact,paja,3,2,0,y,bwilkinson
2013,colv,2003-06-13,154,12:27:00,16:44:00,4.28,exact,poja,1,2,0,y,bwilkinson
2013,colv,2003-06-13,154,12:27:00,16:44:00,4.28,exact,rutu,6,2,0,y,bwilkinson
2013,cakr,2003-06-13,154,12:00:00,16:30:00,4.5,exact,cora,2,2,0,y,rhunnewell
2013,cakr,2003-06-13,154,12:00:00,16:30:00,4.5,exact,glgu,22,2,0,y,rhunnewell
2013,cakr,2003-06-13,154,12:00:00,16:30:00,4.5,exact,paja,2,2,0,y,rhunnewell
2013,cakr,2003-06-13,154,12:00:00,16:30:00,4.5,exact,sacr,6,2,0,y,rhunnewell
2013,cakr,2003-06-13,154,12:00:00,19:30:00,7.5,exact,glgu,5,2,0,y,flin
2013,cakr,2003-06-13,154,12:00:00,19:30:00,7.5,exact,paja,4,2,0,y,flin
2013,cakr,2003-06-13,154,12:00:00,19:30:00,7.5,exact,sacr,2,2,0,y,flin
2013,barr,2003-06-13,154,15:30:00,17:45:00,2.25,exact,glgu,5,3,0,y,fstetler
2014,nome,2003-06-14,154,09:00:00,15:00:00,6,exact,glgu,50,4,0,y,NA
2014,nome,2003-06-14,154,09:00:00,15:00:00,6,exact,sacr,7,4,0,y,NA
2014,nome,2003-06-14,154,09:00:00,15:00:00,6,exact,megu,5,4,0,y,NA
2014,nome,2003-06-14,154,09:00:00,15:00:00,6,exact,paja,4,4,0,y,NA
2014,nome,2003-06-14,154,09:00:00,15:00:00,6,exact,cora,2,4,0,y,NA
2012,nome,2002-06-12,154,07:00:00,10:00:00,3,exact,cora,1,6,0,y,NA
2012,nome,2002-06-12,154,07:00:00,10:00:00,3,exact,megu,5,6,0,y,NA
2012,nome,2002-06-12,154,07:00:00,10:00:00,3,exact,noha,1,6,0,y,NA
2012,nome,2002-06-12,154,07:00:00,10:00:00,3,exact,paja,2,6,0,y,NA
2012,nome,2002-06-12,154,07:00:00,10:00:00,3,exact,seow,1,6,0,y,NA
2014,cari,2003-06-14,154,16:00:00,19:00:00,3,exact,glgu,15,1,0,n,idavies
2014,cari,2003-06-14,154,16:00:00,19:00:00,3,exact,poja,6,1,0,n,idavies
2014,cari,2003-06-14,154,16:00:00,19:00:00,3,exact,paja,4,1,0,n,idavies
2014,cari,2003-06-14,154,16:00:00,19:00:00,3,exact,seow,1,1,0,n,idavies
2013,nome,2003-06-13,154,10:00:00,11:00:00,1,exact,cora,1,4,0,y,NA
2014,cakr,2002-06-14,153,16:20:00,17:10:00,0.83,exact,glgu,38,1,0,n,jhughey
2014,cakr,2002-06-14,153,16:20:00,17:10:00,0.83,exact,ltja,2,1,0,n,jhughey
2014,cakr,2002-06-14,153,16:20:00,17:10:00,0.83,exact,sacr,2,1,0,n,jhughey
2014,cakr,2002-06-14,153,16:20:00,17:10:00,0.83,exact,megu,3,1,0,n,jhughey
2011,barr,2002-06-11,153,11:45:00,12:55:00,1.17,exact,glgu,6,1,0,n,abankert
2011,barr,2002-06-11,153,11:30:00,13:50:00,2.33,exact,paja,1,1,0,n,adoll
2011,barr,2002-06-11,153,11:30:00,13:50:00,2.33,exact,poja,1,1,0,n,adoll
2013,cakr,2002-06-13,153,10:40:00,13:23:00,2.72,exact,glgu,20,1,0,n,mboldenow
2013,cakr,2002-06-13,153,10:40:00,13:23:00,2.72,exact,paja,4,1,0,n,mboldenow
2013,cakr,2002-06-13,153,10:40:00,13:23:00,2.72,exact,sacr,15,1,0,n,mboldenow
2011,barr,2002-06-11,153,12:00:00,15:00:00,3,exact,paja,2,1,0,n,jcunningham
2011,barr,2002-06-11,153,12:00:00,15:00:00,3,exact,poja,1,1,0,n,jcunningham
2011,barr,2002-06-11,153,12:00:00,15:00:00,3,exact,unle,1,1,0,n,jcunningham
2011,barr,2002-06-11,153,10:50:00,13:50:00,3,exact,glgu,9,1,0,n,bhill
2011,barr,2002-06-11,153,10:50:00,13:50:00,3,exact,paja,6,1,0,n,bhill
2011,barr,2002-06-11,153,10:50:00,13:50:00,3,exact,poja,5,1,0,n,bhill
2012,colv,2001-06-12,153,13:58:00,17:02:00,3.07,exact,agsq,3,1,0,n,dpavlik
2012,colv,2001-06-12,153,13:58:00,17:02:00,3.07,exact,brle,2,1,0,n,dpavlik
2012,colv,2001-06-12,153,13:58:00,17:02:00,3.07,exact,cole,2,1,0,n,dpavlik
2012,colv,2001-06-12,153,13:58:00,17:02:00,3.07,exact,glgu,3,1,0,n,dpavlik
2012,colv,2001-06-12,153,13:58:00,17:02:00,3.07,exact,ltja,2,1,0,n,dpavlik
2012,colv,2001-06-12,153,13:58:00,17:02:00,3.07,exact,rutu,2,1,0,n,dpavlik
2012,colv,2001-06-12,153,13:58:00,17:02:00,3.07,exact,snow,2,1,0,n,dpavlik
2012,colv,2001-06-12,153,14:30:00,17:50:00,3.33,exact,agsq,7,1,0,n,bwilkinson
2012,colv,2001-06-12,153,14:30:00,17:50:00,3.33,exact,cora,2,1,0,n,bwilkinson
2012,colv,2001-06-12,153,14:30:00,17:50:00,3.33,est,glgu,12,1,0,n,bwilkinson
2012,colv,2001-06-12,153,14:30:00,17:50:00,3.33,exact,ltja,2,1,0,n,bwilkinson
2012,colv,2001-06-12,153,14:30:00,17:50:00,3.33,exact,paja,4,1,0,n,bwilkinson
2012,colv,2001-06-12,153,14:30:00,17:50:00,3.33,exact,poja,1,1,0,n,bwilkinson
2012,colv,2001-06-12,153,14:30:00,17:50:00,3.33,exact,refo,1,1,0,n,bwilkinson
2012,colv,2001-06-12,153,14:30:00,17:50:00,3.33,exact,rutu,2,1,0,n,bwilkinson
2012,colv,2001-06-12,153,14:30:00,17:50:00,3.33,exact,snow,1,1,0,n,bwilkinson
2011,colv,2002-06-11,153,09:34:00,13:28:00,3.9,exact,agsq,4,1,0,n,dpavlik
2011,colv,2002-06-11,153,09:34:00,13:28:00,3.9,exact,glgu,9,1,0,n,dpavlik
2011,colv,2002-06-11,153,09:34:00,13:28:00,3.9,exact,ltja,1,1,0,n,dpavlik
2011,colv,2002-06-11,153,09:34:00,13:28:00,3.9,exact,paja,2,1,0,n,dpavlik
2011,colv,2002-06-11,153,09:34:00,13:28:00,3.9,exact,rutu,2,1,0,n,dpavlik
2013,colv,2002-06-13,153,10:48:00,14:43:00,3.92,exact,glgu,6,1,0,n,bwilkinson
2013,colv,2002-06-13,153,10:48:00,14:43:00,3.92,exact,ltja,1,1,0,n,bwilkinson
2013,colv,2002-06-13,153,10:48:00,14:43:00,3.92,exact,paja,4,1,0,n,bwilkinson
2013,colv,2002-06-13,153,10:48:00,14:43:00,3.92,exact,poja,5,1,0,n,bwilkinson
2013,colv,2002-06-13,153,10:48:00,14:43:00,3.92,exact,rutu,2,1,0,n,bwilkinson
2011,colv,2002-06-11,153,09:42:00,13:58:00,4.27,exact,agsq,6,1,0,n,bwilkinson
2011,colv,2002-06-11,153,09:42:00,13:58:00,4.27,exact,glgu,8,1,0,n,bwilkinson
2011,colv,2002-06-11,153,09:42:00,13:58:00,4.27,exact,ltja,1,1,0,n,bwilkinson
2011,colv,2002-06-11,153,09:42:00,13:58:00,4.27,exact,paja,2,1,0,n,bwilkinson
2011,colv,2002-06-11,153,09:42:00,13:58:00,4.27,exact,poja,1,1,0,n,bwilkinson
2011,colv,2002-06-11,153,09:42:00,13:58:00,4.27,exact,rutu,2,1,0,n,bwilkinson
2012,cakr,2001-06-12,153,09:50:00,15:30:00,5.67,est,glgu,15,1,0,n,edastous
2012,cakr,2001-06-12,153,09:50:00,15:30:00,5.67,exact,ungu,1,1,0,n,edastous
2012,cakr,2001-06-12,153,09:50:00,15:30:00,5.67,exact,megu,2,1,0,n,edastous
2012,cakr,2001-06-12,153,09:50:00,15:30:00,5.67,exact,paja,6,1,1,n,edastous
2012,cakr,2001-06-12,153,09:50:00,15:30:00,5.67,exact,poja,1,1,0,n,edastous
2012,cakr,2001-06-12,153,09:50:00,15:30:00,5.67,exact,sacr,8,1,0,n,edastous
2014,chur,2002-06-14,153,12:10:00,13:30:00,1.33,exact,noha,1,2,0,y,gholmes
2014,chur,2002-06-14,153,12:10:00,13:30:00,1.33,exact,herg,6,2,0,y,lkoloski
2014,chur,2002-06-14,153,15:30:00,17:30:00,2,exact,merl,1,2,0,y,jperz
2014,chur,2002-06-14,153,15:30:00,17:30:00,2,exact,noha,1,2,0,y,jperz
2014,chur,2002-06-14,153,14:30:00,16:30:00,2,exact,cora,2,2,0,y,lkoloski
2014,chur,2002-06-14,153,14:30:00,16:30:00,2,exact,paja,2,2,0,y,lkoloski
2011,barr,2002-06-11,153,08:25:00,11:25:00,3,exact,cora,2,2,0,y,abankert
2011,barr,2002-06-11,153,08:25:00,11:25:00,3,est,glgu,15,2,0,y,abankert
2011,barr,2002-06-11,153,08:25:00,11:25:00,3,exact,paja,1,2,0,y,abankert
2011,barr,2002-06-11,153,08:25:00,11:25:00,3,exact,pefa,2,2,0,y,abankert
2011,barr,2002-06-11,153,08:25:00,11:25:00,3,exact,poja,1,2,0,y,abankert
2014,chur,2002-06-14,153,08:30:00,11:30:00,3,exact,cora,3,2,0,y,lkoloski
2014,chur,2002-06-14,153,08:30:00,11:30:00,3,exact,herg,5,2,0,y,lkoloski
2014,chur,2002-06-14,153,08:30:00,11:30:00,3,exact,noha,1,2,0,y,lkoloski
2014,chur,2002-06-14,153,08:30:00,11:30:00,3,exact,paja,2,2,0,y,lkoloski
2013,colv,2002-06-13,153,11:55:00,18:57:00,7.03,exact,agsq,19,2,0,y,scarvey
2013,colv,2002-06-13,153,11:55:00,18:57:00,7.03,exact,glgu,13,2,0,y,scarvey
2013,colv,2002-06-13,153,11:55:00,18:57:00,7.03,exact,ltja,4,2,0,y,scarvey
2013,colv,2002-06-13,153,11:55:00,18:57:00,7.03,exact,paja,5,2,0,y,scarvey
2013,colv,2002-06-13,153,11:55:00,18:57:00,7.03,exact,poja,2,2,0,y,scarvey
2013,colv,2002-06-13,153,11:55:00,18:57:00,7.03,exact,rutu,4,2,0,y,scarvey
2013,prba,2002-06-13,153,NA,NA,6,exact,cole,2,2,0,n,cdavis
2013,prba,2002-06-13,153,NA,NA,6,est,glgu,10,2,0,n,cdavis
2013,prba,2002-06-13,153,NA,NA,6,exact,noha,1,2,0,n,cdavis
2013,prba,2002-06-13,153,NA,NA,6,exact,poja,2,2,0,n,cdavis
2014,nome,2002-06-14,153,09:00:00,15:00:00,6,exact,glgu,12,4,0,y,NA
2014,nome,2002-06-14,153,09:00:00,15:00:00,6,exact,sacr,6,4,0,y,NA
2014,nome,2002-06-14,153,09:00:00,15:00:00,6,exact,paja,6,4,0,y,NA
2014,nome,2002-06-14,153,09:00:00,15:00:00,6,exact,megu,5,4,0,y,NA
2014,nome,2002-06-14,153,09:00:00,15:00:00,6,exact,bltu,2,4,0,y,NA
2014,nome,2002-06-14,153,09:00:00,15:00:00,6,exact,pefa,1,4,0,y,NA
2012,nome,2001-06-12,153,10:00:00,18:00:00,8,exact,agsq,3,6,0,y,NA
2012,nome,2001-06-12,153,10:00:00,18:00:00,8,exact,cora,1,6,0,y,NA
2012,nome,2001-06-12,153,10:00:00,18:00:00,8,exact,glgu,13,6,0,y,NA
2012,nome,2001-06-12,153,10:00:00,18:00:00,8,exact,gwgu,1,6,0,y,NA
2012,nome,2001-06-12,153,10:00:00,18:00:00,8,exact,ltja,2,6,0,y,NA
2012,nome,2001-06-12,153,10:00:00,18:00:00,8,exact,megu,5,6,0,y,NA
2012,nome,2001-06-12,153,10:00:00,18:00:00,8,exact,noha,1,6,0,y,NA
2012,nome,2001-06-12,153,10:00:00,18:00:00,8,exact,paja,3,6,0,y,NA
2011,nome,2002-06-11,153,09:00:00,19:30:00,10.5,exact,cora,1,6,0,y,wenglish
2011,nome,2002-06-11,153,09:00:00,19:30:00,10.5,exact,glgu,9,6,0,y,wenglish
2011,nome,2002-06-11,153,09:00:00,19:30:00,10.5,exact,paja,5,6,0,y,wenglish
2011,nome,2002-06-11,153,09:00:00,19:30:00,10.5,exact,sacr,4,6,0,y,wenglish
2013,nome,2002-06-13,153,10:00:00,18:00:00,8,exact,seow,1,4,0,y,NA
2013,nome,2002-06-13,153,10:00:00,18:00:00,8,exact,tuvo,1,4,0,y,NA
2013,nome,2002-06-13,153,10:00:00,18:00:00,8,exact,unle,1,4,0,y,NA
2013,nome,2002-06-13,153,10:00:00,18:00:00,8,exact,cora,1,4,0,y,NA
2013,nome,2002-06-13,153,10:00:00,18:00:00,8,exact,ltja,1,4,0,y,NA
2013,nome,2002-06-13,153,10:00:00,18:00:00,8,exact,sacr,1,4,0,y,NA
2013,nome,2002-06-13,153,10:00:00,18:00:00,8,exact,paja,1,4,0,y,NA
2013,nome,2002-06-13,153,10:00:00,18:00:00,8,exact,glgu,3,4,0,y,NA
2013,nome,2002-06-13,153,10:00:00,18:00:00,8,exact,megu,4,4,0,y,NA
2012,colv,2031-05-12,152,12:45:00,14:50:00,2.08,exact,agsq,7,1,0,n,tdonnelly
2012,colv,2031-05-12,152,12:45:00,14:50:00,2.08,exact,glgu,16,1,0,n,tdonnelly
2012,colv,2031-05-12,152,12:45:00,14:50:00,2.08,exact,ltja,1,1,0,n,tdonnelly
2012,colv,2031-05-12,152,12:45:00,14:50:00,2.08,exact,paja,4,1,0,n,tdonnelly
2012,colv,2031-05-12,152,12:45:00,14:50:00,2.08,exact,poja,9,1,0,n,tdonnelly
2012,colv,2031-05-12,152,12:45:00,14:50:00,2.08,exact,rutu,6,1,0,n,tdonnelly
2012,colv,2031-05-12,152,12:45:00,14:50:00,2.08,exact,snow,2,1,0,n,tdonnelly
2013,cakr,2001-06-13,152,11:00:00,13:07:00,2.12,exact,cora,3,1,0,n,mboldenow
2013,cakr,2001-06-13,152,11:00:00,13:07:00,2.12,exact,glgu,6,1,0,n,mboldenow
2013,cakr,2001-06-13,152,11:00:00,13:07:00,2.12,exact,sacr,2,1,0,n,mboldenow
2011,colv,2001-06-11,152,09:38:00,12:44:00,3.1,exact,glgu,7,1,0,n,bwilkinson
2011,colv,2001-06-11,152,09:38:00,12:44:00,3.1,exact,poja,9,1,0,n,bwilkinson
2011,colv,2001-06-11,152,09:38:00,12:44:00,3.1,exact,rutu,3,1,0,n,bwilkinson
2012,colv,2031-05-12,152,12:48:00,16:34:00,3.77,exact,agsq,16,1,0,n,dpavlik
2012,colv,2031-05-12,152,12:48:00,16:34:00,3.77,exact,brle,1,1,0,n,dpavlik
2012,colv,2031-05-12,152,12:48:00,16:34:00,3.77,exact,glgu,8,1,0,n,dpavlik
2012,colv,2031-05-12,152,12:48:00,16:34:00,3.77,exact,ltja,1,1,0,n,dpavlik
2012,colv,2031-05-12,152,12:48:00,16:34:00,3.77,exact,poja,3,1,0,n,dpavlik
2012,colv,2031-05-12,152,12:48:00,16:34:00,3.77,exact,rutu,8,1,0,n,dpavlik
2012,colv,2031-05-12,152,12:48:00,16:34:00,3.77,exact,seow,1,1,0,n,dpavlik
2011,colv,2001-06-11,152,09:39:00,15:10:00,5.52,exact,agsq,6,1,0,n,dpavlik
2011,colv,2001-06-11,152,09:39:00,15:10:00,5.52,exact,glgu,9,1,0,n,dpavlik
2011,colv,2001-06-11,152,09:39:00,15:10:00,5.52,exact,ltja,3,1,0,n,dpavlik
2011,colv,2001-06-11,152,09:39:00,15:10:00,5.52,exact,paja,7,1,0,n,dpavlik
2011,colv,2001-06-11,152,09:39:00,15:10:00,5.52,exact,poja,5,1,0,n,dpavlik
2011,colv,2001-06-11,152,09:39:00,15:10:00,5.52,exact,rutu,5,1,0,n,dpavlik
2014,colv,2001-06-14,152,12:00:00,14:30:00,2.5,exact,paja,3,2,0,y,lburlingame
2014,colv,2001-06-14,152,12:00:00,14:30:00,2.5,exact,ltja,2,2,0,y,lburlingame
2014,colv,2001-06-14,152,12:00:00,14:30:00,2.5,exact,rutu,5,2,0,y,lburlingame
2013,colv,2001-06-13,152,10:15:00,15:00:00,4.75,exact,agsq,5,2,0,y,rharned
2013,colv,2001-06-13,152,10:15:00,15:00:00,4.75,exact,brle,1,2,0,y,rharned
2013,colv,2001-06-13,152,10:15:00,15:00:00,4.75,exact,glgu,22,2,0,y,rharned
2013,colv,2001-06-13,152,10:15:00,15:00:00,4.75,exact,ltja,4,2,0,y,rharned
2013,colv,2001-06-13,152,10:15:00,15:00:00,4.75,exact,paja,1,2,0,y,rharned
2013,colv,2001-06-13,152,10:15:00,15:00:00,4.75,exact,poja,1,2,0,y,rharned
2013,colv,2001-06-13,152,12:39:00,17:30:00,4.85,exact,agsq,9,2,0,y,bwilkinson
2013,colv,2001-06-13,152,12:39:00,17:30:00,4.85,exact,glgu,8,2,0,y,bwilkinson
2013,colv,2001-06-13,152,12:39:00,17:30:00,4.85,exact,ltja,4,2,0,y,bwilkinson
2013,colv,2001-06-13,152,12:39:00,17:30:00,4.85,exact,paja,5,2,0,y,bwilkinson
2013,colv,2001-06-13,152,12:39:00,17:30:00,4.85,exact,poja,7,2,0,y,bwilkinson
2013,colv,2001-06-13,152,12:39:00,17:30:00,4.85,exact,rutu,6,2,0,y,bwilkinson
2014,colv,2001-06-14,152,12:00:00,19:00:00,7,exact,glgu,6,2,0,y,tdonnelly
2014,colv,2001-06-14,152,12:00:00,19:00:00,7,exact,paja,2,2,0,y,tdonnelly
2014,nome,2001-06-14,152,09:00:00,15:00:00,6,exact,glgu,11,4,0,y,NA
2014,nome,2001-06-14,152,09:00:00,15:00:00,6,exact,megu,8,4,0,y,NA
2014,nome,2001-06-14,152,09:00:00,15:00:00,6,exact,sacr,5,4,0,y,NA
2014,nome,2001-06-14,152,09:00:00,15:00:00,6,exact,paja,5,4,0,y,NA
2014,nome,2001-06-14,152,09:00:00,15:00:00,6,exact,bltu,2,4,0,y,NA
2014,nome,2001-06-14,152,09:00:00,15:00:00,6,exact,cora,1,4,0,y,NA
2014,nome,2001-06-14,152,09:00:00,15:00:00,6,exact,seow,1,4,0,y,NA
2014,nome,2001-06-14,152,09:00:00,15:00:00,6,exact,ungu,1,4,0,y,NA
2014,nome,2001-06-14,152,09:00:00,15:00:00,6,exact,refo,1,4,0,y,NA
2011,nome,2001-06-11,152,10:00:00,17:30:00,7.5,exact,agsq,2,6,0,y,wenglish
2011,nome,2001-06-11,152,10:00:00,17:30:00,7.5,exact,cora,2,6,0,y,wenglish
2011,nome,2001-06-11,152,10:00:00,17:30:00,7.5,exact,glgu,5,6,0,y,wenglish
2011,nome,2001-06-11,152,10:00:00,17:30:00,7.5,exact,ltja,1,6,0,y,wenglish
2011,nome,2001-06-11,152,10:00:00,17:30:00,7.5,exact,paja,2,6,0,y,wenglish
2011,nome,2001-06-11,152,10:00:00,17:30:00,7.5,exact,wolv,1,6,0,y,wenglish
2012,nome,2031-05-12,152,08:00:00,10:00:00,2,exact,cora,1,1,0,y,NA
2012,nome,2031-05-12,152,08:00:00,10:00:00,2,exact,glgu,2,1,0,y,NA
2012,nome,2031-05-12,152,08:00:00,10:00:00,2,exact,megu,1,1,0,y,NA
2012,nome,2031-05-12,152,08:00:00,10:00:00,2,exact,paja,2,1,0,y,NA
2012,nome,2031-05-12,152,08:00:00,10:00:00,2,exact,sacr,1,1,0,y,NA
2012,nome,2031-05-12,152,08:00:00,10:00:00,2,exact,seow,1,1,0,y,NA
2013,nome,2001-06-13,152,10:00:00,18:00:00,8,exact,noha,1,4,0,y,NA
2013,nome,2001-06-13,152,10:00:00,18:00:00,8,exact,tuvo,1,4,0,y,NA
2013,nome,2001-06-13,152,10:00:00,18:00:00,8,exact,cora,1,4,0,y,NA
2013,nome,2001-06-13,152,10:00:00,18:00:00,8,exact,ltja,1,4,0,y,NA
2013,nome,2001-06-13,152,10:00:00,18:00:00,8,exact,sacr,1,4,0,y,NA
2013,nome,2001-06-13,152,10:00:00,18:00:00,8,exact,paja,1,4,0,y,NA
2013,nome,2001-06-13,152,10:00:00,18:00:00,8,exact,megu,4,4,0,y,NA
2013,nome,2001-06-13,152,10:00:00,18:00:00,8,exact,glgu,4,4,0,y,NA
2012,colv,2030-05-12,151,13:00:00,15:50:00,2.83,est,agsq,4,1,0,n,bwilkinson
2012,colv,2030-05-12,151,13:00:00,15:50:00,2.83,est,glgu,10,1,0,n,bwilkinson
2012,colv,2030-05-12,151,13:00:00,15:50:00,2.83,exact,ltja,1,1,0,n,bwilkinson
2012,colv,2030-05-12,151,13:00:00,15:50:00,2.83,exact,poja,7,1,0,n,bwilkinson
2012,colv,2030-05-12,151,13:00:00,15:50:00,2.83,est,rutu,6,1,0,n,bwilkinson
2012,colv,2030-05-12,151,13:00:00,15:50:00,2.83,exact,snow,2,1,0,n,bwilkinson
2013,cakr,2031-05-13,151,11:30:00,14:30:00,3,exact,cora,6,1,0,n,flin
2013,cakr,2031-05-13,151,11:30:00,14:30:00,3,exact,glgu,3,1,0,n,flin
2013,cakr,2031-05-13,151,11:30:00,14:30:00,3,exact,herg,1,1,0,n,flin
2013,cakr,2031-05-13,151,11:30:00,14:30:00,3,exact,paja,4,1,0,n,flin
2013,cakr,2031-05-13,151,11:30:00,14:30:00,3,exact,sacr,33,1,0,n,flin
2012,colv,2030-05-12,151,12:40:00,16:05:00,3.42,exact,agsq,13,1,0,n,dpavlik
2012,colv,2030-05-12,151,12:40:00,16:05:00,3.42,exact,brle,2,1,0,n,dpavlik
2012,colv,2030-05-12,151,12:40:00,16:05:00,3.42,exact,cole,1,1,0,n,dpavlik
2012,colv,2030-05-12,151,12:40:00,16:05:00,3.42,exact,glgu,5,1,0,n,dpavlik
2012,colv,2030-05-12,151,12:40:00,16:05:00,3.42,exact,ltja,4,1,0,n,dpavlik
2012,colv,2030-05-12,151,12:40:00,16:05:00,3.42,exact,poja,7,1,0,n,dpavlik
2012,colv,2030-05-12,151,12:40:00,16:05:00,3.42,exact,refo,1,1,0,n,dpavlik
2012,colv,2030-05-12,151,12:40:00,16:05:00,3.42,exact,rutu,6,1,0,n,dpavlik
2012,colv,2030-05-12,151,12:40:00,16:05:00,3.42,exact,seow,1,1,0,n,dpavlik
2012,colv,2030-05-12,151,12:40:00,16:05:00,3.42,exact,snow,1,1,0,n,dpavlik
2011,colv,2031-05-11,151,09:35:00,13:10:00,3.58,exact,glgu,8,1,0,n,dpavlik
2011,colv,2031-05-11,151,09:35:00,13:10:00,3.58,exact,ltja,2,1,0,n,dpavlik
2011,colv,2031-05-11,151,09:35:00,13:10:00,3.58,exact,poja,12,1,0,n,dpavlik
2011,colv,2031-05-11,151,09:35:00,13:10:00,3.58,exact,rutu,2,1,0,n,dpavlik
2011,colv,2031-05-11,151,09:29:00,13:44:00,4.25,exact,agsq,8,1,0,n,bwilkinson
2011,colv,2031-05-11,151,09:29:00,13:44:00,4.25,exact,glgu,9,1,0,n,bwilkinson
2011,colv,2031-05-11,151,09:29:00,13:44:00,4.25,exact,ltja,6,1,0,n,bwilkinson
2011,colv,2031-05-11,151,09:29:00,13:44:00,4.25,exact,paja,1,1,0,n,bwilkinson
2011,colv,2031-05-11,151,09:29:00,13:44:00,4.25,exact,poja,6,1,0,n,bwilkinson
2011,colv,2031-05-11,151,09:29:00,13:44:00,4.25,exact,rutu,2,1,0,n,bwilkinson
2013,colv,2031-05-13,151,11:10:00,13:55:00,2.75,exact,agsq,10,2,0,y,rharned
2013,colv,2031-05-13,151,11:10:00,13:55:00,2.75,exact,glgu,2,2,0,y,rharned
2013,colv,2031-05-13,151,11:10:00,13:55:00,2.75,exact,ltja,1,2,0,y,rharned
2013,colv,2031-05-13,151,11:10:00,13:55:00,2.75,exact,noha,1,2,0,y,rharned
2013,colv,2031-05-13,151,11:10:00,13:55:00,2.75,exact,paja,2,2,0,y,rharned
2013,colv,2031-05-13,151,11:10:00,13:55:00,2.75,exact,rutu,6,2,0,y,rharned
2013,colv,2031-05-13,151,11:20:00,14:30:00,3.17,exact,agsq,4,2,0,y,bwilkinson
2013,colv,2031-05-13,151,11:20:00,14:30:00,3.17,exact,glgu,2,2,0,y,bwilkinson
2013,colv,2031-05-13,151,11:20:00,14:30:00,3.17,exact,ltja,2,2,0,y,bwilkinson
2013,colv,2031-05-13,151,11:20:00,14:30:00,3.17,exact,paja,2,2,0,y,bwilkinson
2013,colv,2031-05-13,151,11:20:00,14:30:00,3.17,exact,rutu,10,2,0,y,bwilkinson
2013,colv,2031-05-13,151,11:20:00,14:30:00,3.17,exact,seow,2,2,0,y,bwilkinson
2014,nome,2031-05-14,151,09:00:00,15:00:00,6,exact,glgu,20,4,0,y,NA
2014,nome,2031-05-14,151,09:00:00,15:00:00,6,exact,megu,8,4,0,y,NA
2014,nome,2031-05-14,151,09:00:00,15:00:00,6,exact,ltja,3,4,0,y,NA
2014,nome,2031-05-14,151,09:00:00,15:00:00,6,exact,cora,1,4,0,y,NA
2014,nome,2031-05-14,151,09:00:00,15:00:00,6,exact,herg,1,4,0,y,NA
2012,nome,2030-05-12,151,10:00:00,18:00:00,8,exact,agsq,1,6,0,y,NA
2012,nome,2030-05-12,151,10:00:00,18:00:00,8,exact,brle,1,6,0,y,NA
2012,nome,2030-05-12,151,10:00:00,18:00:00,8,exact,cora,2,6,0,y,NA
2012,nome,2030-05-12,151,10:00:00,18:00:00,8,exact,glgu,6,6,0,y,NA
2012,nome,2030-05-12,151,10:00:00,18:00:00,8,exact,ltja,3,6,0,y,NA
2012,nome,2030-05-12,151,10:00:00,18:00:00,8,exact,megu,7,6,0,y,NA
2012,nome,2030-05-12,151,10:00:00,18:00:00,8,exact,merl,1,6,0,y,NA
2012,nome,2030-05-12,151,10:00:00,18:00:00,8,exact,paja,4,6,0,y,NA
2012,nome,2030-05-12,151,10:00:00,18:00:00,8,exact,sacr,2,6,0,y,NA
2012,nome,2030-05-12,151,10:00:00,18:00:00,8,exact,seow,1,6,0,y,NA
2011,nome,2031-05-11,151,10:00:00,20:00:00,10,exact,agsq,3,6,0,y,wenglish
2011,nome,2031-05-11,151,10:00:00,20:00:00,10,exact,cora,4,6,0,y,wenglish
2011,nome,2031-05-11,151,10:00:00,20:00:00,10,exact,glgu,7,6,0,y,wenglish
2011,nome,2031-05-11,151,10:00:00,20:00:00,10,exact,ltja,1,6,0,y,wenglish
2011,nome,2031-05-11,151,10:00:00,20:00:00,10,exact,paja,9,6,0,y,wenglish
2011,nome,2031-05-11,151,10:00:00,20:00:00,10,exact,sacr,14,6,0,y,wenglish
2013,nome,2031-05-13,151,10:00:00,18:00:00,8,exact,ltja,1,4,0,y,NA
2013,nome,2031-05-13,151,10:00:00,18:00:00,8,exact,seow,1,4,0,y,NA
2013,nome,2031-05-13,151,10:00:00,18:00:00,8,exact,tuvo,1,4,0,y,NA
2013,nome,2031-05-13,151,10:00:00,18:00:00,8,exact,cora,1,4,0,y,NA
2013,nome,2031-05-13,151,10:00:00,18:00:00,8,exact,pefa,1,4,0,y,NA
2013,nome,2031-05-13,151,10:00:00,18:00:00,8,exact,poja,1,4,0,y,NA
2013,nome,2031-05-13,151,10:00:00,18:00:00,8,exact,agsq,1,4,0,y,NA
2013,nome,2031-05-13,151,10:00:00,18:00:00,8,exact,paja,1,4,0,y,NA
2013,nome,2031-05-13,151,10:00:00,18:00:00,8,exact,sacr,3,4,0,y,NA
2013,nome,2031-05-13,151,10:00:00,18:00:00,8,exact,megu,4,4,0,y,NA
2013,nome,2031-05-13,151,10:00:00,18:00:00,8,exact,glgu,6,4,0,y,NA
2014,cakr,2030-05-14,150,10:57:00,11:57:00,1,exact,glgu,8,1,0,n,mmcconnell
2014,cakr,2030-05-14,150,10:57:00,11:57:00,1,exact,sacr,2,1,0,n,mmcconnell
2014,cakr,2030-05-14,150,10:57:00,11:57:00,1,exact,sagu,2,1,0,n,mmcconnell
2014,cakr,2030-05-14,150,10:57:00,11:57:00,1,exact,megu,1,1,0,n,mmcconnell
2014,chur,2030-05-14,150,09:30:00,11:00:00,1.5,exact,herg,2,1,0,n,lkoloski
2014,chur,2030-05-14,150,09:30:00,11:00:00,1.5,exact,paja,1,1,0,n,lkoloski
2014,chur,2030-05-14,150,09:30:00,11:00:00,1.5,exact,sacr,1,1,0,n,lkoloski
2014,cakr,2030-05-14,150,10:00:00,12:00:00,2,exact,glgu,9,1,0,n,jeschenroeder
2014,cakr,2030-05-14,150,10:00:00,12:00:00,2,exact,paja,2,1,0,n,jeschenroeder
2014,cakr,2030-05-14,150,10:00:00,12:00:00,2,exact,sacr,2,1,0,n,jeschenroeder
2014,cakr,2030-05-14,150,10:00:00,12:00:00,2,exact,sagu,34,1,0,n,jeschenroeder
2013,cakr,2030-05-13,150,11:30:00,14:00:00,2.5,exact,cora,1,1,0,n,mboldenow
2013,cakr,2030-05-13,150,11:30:00,14:00:00,2.5,exact,glgu,6,1,0,n,mboldenow
2013,cakr,2030-05-13,150,11:30:00,14:00:00,2.5,exact,herg,1,1,0,n,mboldenow
2013,cakr,2030-05-13,150,11:30:00,14:00:00,2.5,exact,paja,2,1,0,n,mboldenow
2013,cakr,2030-05-13,150,11:30:00,14:00:00,2.5,exact,seow,2,1,0,n,mboldenow
2011,colv,2030-05-11,150,10:15:00,13:12:00,2.95,exact,agsq,1,1,0,n,bwilkinson
2011,colv,2030-05-11,150,10:15:00,13:12:00,2.95,exact,glgu,7,1,0,n,bwilkinson
2011,colv,2030-05-11,150,10:15:00,13:12:00,2.95,exact,ltja,1,1,0,n,bwilkinson
2011,colv,2030-05-11,150,10:15:00,13:12:00,2.95,exact,rutu,2,1,0,n,bwilkinson
2011,colv,2030-05-11,150,10:04:00,14:57:00,4.88,exact,agsq,7,1,0,n,dpavlik
2011,colv,2030-05-11,150,10:04:00,14:57:00,4.88,exact,glgu,8,1,0,n,dpavlik
2011,colv,2030-05-11,150,10:04:00,14:57:00,4.88,exact,ltja,2,1,0,n,dpavlik
2011,colv,2030-05-11,150,10:04:00,14:57:00,4.88,exact,paja,1,1,0,n,dpavlik
2011,colv,2030-05-11,150,10:04:00,14:57:00,4.88,exact,pefa,1,1,0,n,dpavlik
2011,colv,2030-05-11,150,10:04:00,14:57:00,4.88,exact,poja,6,1,0,n,dpavlik
2012,cakr,2029-05-12,150,09:38:00,15:38:00,6,exact,glgu,18,1,0,n,rgates
2012,cakr,2029-05-12,150,09:38:00,15:38:00,6,exact,megu,1,1,0,n,rgates
2012,cakr,2029-05-12,150,09:38:00,15:38:00,6,exact,paja,2,1,0,n,rgates
2012,cakr,2029-05-12,150,09:38:00,15:38:00,6,exact,sacr,3,1,0,n,rgates
2014,chur,2030-05-14,150,20:00:00,21:45:00,1.75,exact,refo,1,2,0,y,gholmes
2014,colv,2030-05-14,150,12:00:00,15:00:00,3,exact,glgu,7,2,0,y,agottesman
2014,colv,2030-05-14,150,12:00:00,15:00:00,3,exact,paja,6,2,0,y,agottesman
2014,colv,2030-05-14,150,12:00:00,15:00:00,3,exact,ltja,3,2,0,y,agottesman
2014,colv,2030-05-14,150,12:00:00,15:00:00,3,exact,rutu,7,2,0,y,agottesman
2014,colv,2030-05-14,150,12:00:00,15:00:00,3,exact,refo,1,2,0,y,agottesman
2014,colv,2030-05-14,150,12:00:00,15:00:00,3,exact,agsq,6,2,0,y,agottesman
2014,colv,2030-05-14,150,12:00:00,15:00:00,3,exact,glgu,32,2,0,y,wkennerley
2014,colv,2030-05-14,150,12:00:00,15:00:00,3,exact,paja,3,2,0,y,wkennerley
2014,colv,2030-05-14,150,12:00:00,15:00:00,3,exact,ltja,3,2,0,y,wkennerley
2014,colv,2030-05-14,150,12:00:00,15:00:00,3,exact,rutu,4,2,0,y,wkennerley
2013,colv,2030-05-13,150,15:30:00,18:45:00,3.25,exact,agsq,10,4,0,y,bwilkinson
2013,colv,2030-05-13,150,15:30:00,18:45:00,3.25,exact,glgu,3,4,0,y,bwilkinson
2013,colv,2030-05-13,150,15:30:00,18:45:00,3.25,exact,ltja,4,4,0,y,bwilkinson
2013,colv,2030-05-13,150,15:30:00,18:45:00,3.25,exact,noha,1,4,0,y,bwilkinson
2013,colv,2030-05-13,150,15:30:00,18:45:00,3.25,exact,paja,6,4,0,y,bwilkinson
2013,colv,2030-05-13,150,15:30:00,18:45:00,3.25,exact,rutu,6,4,0,y,bwilkinson
2013,colv,2030-05-13,150,11:00:00,14:30:00,3.5,exact,agsq,4,4,0,y,bwilkinson
2013,colv,2030-05-13,150,11:00:00,14:30:00,3.5,exact,glgu,1,4,0,y,bwilkinson
2013,colv,2030-05-13,150,11:00:00,14:30:00,3.5,exact,rutu,5,4,0,y,bwilkinson
2013,colv,2030-05-13,150,11:00:00,14:30:00,3.5,exact,snow,1,4,0,y,bwilkinson
2012,nome,2029-05-12,150,10:00:00,18:00:00,8,exact,agsq,1,6,0,y,NA
2012,nome,2029-05-12,150,10:00:00,18:00:00,8,exact,cora,1,6,0,y,NA
2012,nome,2029-05-12,150,10:00:00,18:00:00,8,exact,glgu,12,6,0,y,NA
2012,nome,2029-05-12,150,10:00:00,18:00:00,8,exact,ltja,3,6,0,y,NA
2012,nome,2029-05-12,150,10:00:00,18:00:00,8,exact,megu,5,6,0,y,NA
2012,nome,2029-05-12,150,10:00:00,18:00:00,8,exact,noha,1,6,0,y,NA
2012,nome,2029-05-12,150,10:00:00,18:00:00,8,exact,paja,2,6,0,y,NA
2012,nome,2029-05-12,150,10:00:00,18:00:00,8,exact,sacr,10,6,0,y,NA
2011,nome,2030-05-11,150,11:30:00,20:00:00,8.5,exact,agsq,1,6,0,y,wenglish
2011,nome,2030-05-11,150,11:30:00,20:00:00,8.5,exact,arfo,1,6,0,y,wenglish
2011,nome,2030-05-11,150,11:30:00,20:00:00,8.5,exact,cora,5,6,0,y,wenglish
2011,nome,2030-05-11,150,11:30:00,20:00:00,8.5,exact,glgu,12,6,0,y,wenglish
2011,nome,2030-05-11,150,11:30:00,20:00:00,8.5,exact,ltja,1,6,0,y,wenglish
2011,nome,2030-05-11,150,11:30:00,20:00:00,8.5,exact,paja,5,6,0,y,wenglish
2011,nome,2030-05-11,150,11:30:00,20:00:00,8.5,exact,sacr,10,6,0,y,wenglish
2013,nome,2030-05-13,150,08:30:00,14:00:00,5.5,exact,cora,1,4,0,y,NA
2013,nome,2030-05-13,150,08:30:00,14:00:00,5.5,exact,tuvo,1,4,0,y,NA
2013,nome,2030-05-13,150,08:30:00,14:00:00,5.5,exact,paja,1,4,0,y,NA
2013,nome,2030-05-13,150,08:30:00,14:00:00,5.5,exact,glgu,1,4,0,y,NA
2013,nome,2030-05-13,150,08:30:00,14:00:00,5.5,exact,megu,2,4,0,y,NA
2014,cakr,2029-05-14,149,11:00:00,13:00:00,2,exact,sagu,3,1,0,n,jeschenroeder
2014,cakr,2029-05-14,149,11:00:00,13:00:00,2,exact,glgu,27,1,0,n,jeschenroeder
2014,cakr,2029-05-14,149,11:00:00,13:00:00,2,exact,paja,4,1,0,n,jeschenroeder
2014,cakr,2029-05-14,149,11:00:00,13:00:00,2,exact,sacr,1,1,0,n,jeschenroeder
2014,colv,2029-05-14,149,NA,NA,6,exact,glgu,22,1,0,n,agottesman
2014,colv,2029-05-14,149,NA,NA,6,exact,poja,7,1,0,n,agottesman
2014,colv,2029-05-14,149,NA,NA,6,exact,paja,4,1,0,n,agottesman
2014,colv,2029-05-14,149,NA,NA,6,exact,ltja,4,1,0,n,agottesman
2014,colv,2029-05-14,149,NA,NA,6,est,glgu,20,2,0,y,tdonnelly
2014,colv,2029-05-14,149,NA,NA,6,exact,poja,3,2,0,y,tdonnelly
2014,colv,2029-05-14,149,NA,NA,6,exact,paja,6,2,0,y,tdonnelly
2014,colv,2029-05-14,149,NA,NA,6,exact,ltja,2,2,0,y,tdonnelly
2014,colv,2029-05-14,149,NA,NA,6,exact,rutu,19,2,0,y,tdonnelly
2014,colv,2029-05-14,149,NA,NA,6,exact,sacr,2,2,0,y,tdonnelly
2014,colv,2029-05-14,149,NA,NA,6,exact,refo,1,2,0,y,tdonnelly
2014,colv,2029-05-14,149,NA,NA,6,exact,agsq,20,2,0,y,tdonnelly
2014,nome,2029-05-14,149,09:00:00,17:00:00,8,exact,sacr,30,4,0,y,NA
2014,nome,2029-05-14,149,09:00:00,17:00:00,8,exact,glgu,24,4,0,y,NA
2014,nome,2029-05-14,149,09:00:00,17:00:00,8,exact,megu,16,4,0,y,NA
2014,nome,2029-05-14,149,09:00:00,17:00:00,8,exact,paja,5,4,0,y,NA
2014,nome,2029-05-14,149,09:00:00,17:00:00,8,exact,cora,2,4,0,y,NA
2014,nome,2029-05-14,149,09:00:00,17:00:00,8,exact,ltja,2,4,0,y,NA
2014,nome,2029-05-14,149,09:00:00,17:00:00,8,exact,sagu,2,4,0,y,NA
2014,nome,2029-05-14,149,09:00:00,17:00:00,8,exact,ungu,2,4,0,y,NA
2014,nome,2029-05-14,149,09:00:00,17:00:00,8,exact,gwgu,2,4,0,y,NA
2014,nome,2029-05-14,149,09:00:00,17:00:00,8,exact,pefa,1,4,0,y,NA
2014,nome,2029-05-14,149,09:00:00,17:00:00,8,exact,herg,1,4,0,y,NA
2011,nome,2029-05-11,149,09:30:00,15:00:00,5.5,exact,agsq,2,6,0,y,wenglish
2011,nome,2029-05-11,149,09:30:00,15:00:00,5.5,exact,cora,1,6,0,y,wenglish
2011,nome,2029-05-11,149,09:30:00,15:00:00,5.5,exact,glgu,10,6,0,y,wenglish
2011,nome,2029-05-11,149,09:30:00,15:00:00,5.5,exact,paja,3,6,0,y,wenglish
2011,nome,2029-05-11,149,09:30:00,15:00:00,5.5,exact,sacr,30,6,0,y,wenglish
2011,nome,2029-05-11,149,09:30:00,15:00:00,5.5,exact,stwe,1,6,0,y,wenglish
2012,nome,2028-05-12,149,10:00:00,17:30:00,7.5,exact,cora,1,6,0,y,NA
2012,nome,2028-05-12,149,10:00:00,17:30:00,7.5,exact,glgu,15,6,0,y,NA
2012,nome,2028-05-12,149,10:00:00,17:30:00,7.5,exact,gwgu,1,6,0,y,NA
2012,nome,2028-05-12,149,10:00:00,17:30:00,7.5,exact,ltja,3,6,0,y,NA
2012,nome,2028-05-12,149,10:00:00,17:30:00,7.5,exact,megu,6,6,0,y,NA
2012,nome,2028-05-12,149,10:00:00,17:30:00,7.5,exact,paja,4,6,0,y,NA
2012,nome,2028-05-12,149,10:00:00,17:30:00,7.5,exact,sacr,1,6,0,y,NA
2013,nome,2029-05-13,149,10:00:00,18:00:00,8,exact,ltja,1,4,0,y,NA
2013,nome,2029-05-13,149,10:00:00,18:00:00,8,exact,cora,1,4,0,y,NA
2013,nome,2029-05-13,149,10:00:00,18:00:00,8,exact,sacr,1,4,0,y,NA
2013,nome,2029-05-13,149,10:00:00,18:00:00,8,exact,seow,1,4,0,y,NA
2013,nome,2029-05-13,149,10:00:00,18:00:00,8,exact,noha,1,4,0,y,NA
2013,nome,2029-05-13,149,10:00:00,18:00:00,8,exact,tuvo,1,4,0,y,NA
2013,nome,2029-05-13,149,10:00:00,18:00:00,8,exact,agsq,1,4,0,y,NA
2013,nome,2029-05-13,149,10:00:00,18:00:00,8,exact,paja,1,4,0,y,NA
2013,nome,2029-05-13,149,10:00:00,18:00:00,8,exact,glgu,3,4,0,y,NA
2013,nome,2029-05-13,149,10:00:00,18:00:00,8,exact,megu,4,4,0,y,NA
2014,cakr,2028-05-14,148,16:01:00,17:15:00,1.23,exact,glgu,8,1,0,n,mboldenow
2014,cakr,2028-05-14,148,16:01:00,17:15:00,1.23,exact,paja,2,1,0,n,mboldenow
2014,cakr,2028-05-14,148,16:01:00,17:15:00,1.23,exact,sacr,2,1,0,n,mboldenow
2014,cakr,2028-05-14,148,16:01:00,17:15:00,1.23,exact,sagu,5,1,0,n,mboldenow
2012,cakr,2027-05-12,148,10:50:00,17:45:00,6.92,exact,glgu,4,1,0,n,mvanderheyden
2012,cakr,2027-05-12,148,10:50:00,17:45:00,6.92,exact,paja,2,1,0,n,mvanderheyden
2014,colv,2028-05-14,148,10:40:00,14:10:00,3.5,exact,glgu,7,2,0,y,agottesman
2014,colv,2028-05-14,148,10:40:00,14:10:00,3.5,exact,poja,4,2,0,y,agottesman
2014,colv,2028-05-14,148,10:40:00,14:10:00,3.5,exact,paja,8,2,0,y,agottesman
2014,colv,2028-05-14,148,10:40:00,14:10:00,3.5,exact,ltja,2,2,0,y,agottesman
2014,colv,2028-05-14,148,10:40:00,14:10:00,3.5,exact,cora,3,2,0,y,agottesman
2014,colv,2028-05-14,148,10:40:00,14:10:00,3.5,exact,rutu,6,2,0,y,agottesman
2014,colv,2028-05-14,148,10:40:00,14:10:00,3.5,exact,refo,2,2,0,y,agottesman
2014,colv,2028-05-14,148,10:40:00,14:10:00,3.5,exact,agsq,5,2,0,y,agottesman
2014,colv,2028-05-14,148,10:45:00,14:40:00,3.92,exact,glgu,7,2,0,y,lburlingame
2014,colv,2028-05-14,148,10:45:00,14:40:00,3.92,exact,paja,5,2,0,y,lburlingame
2014,colv,2028-05-14,148,10:45:00,14:40:00,3.92,exact,ltja,3,2,0,y,lburlingame
2014,colv,2028-05-14,148,10:45:00,14:40:00,3.92,exact,cora,4,2,0,y,lburlingame
2014,colv,2028-05-14,148,10:45:00,14:40:00,3.92,exact,rutu,9,2,0,y,lburlingame
2014,colv,2028-05-14,148,10:45:00,14:40:00,3.92,exact,sacr,4,2,0,y,lburlingame
2014,colv,2028-05-14,148,10:45:00,14:40:00,3.92,exact,snow,2,2,0,y,lburlingame
2014,colv,2028-05-14,148,10:45:00,14:40:00,3.92,exact,seow,1,2,0,y,lburlingame
2014,colv,2028-05-14,148,10:45:00,14:40:00,3.92,exact,refo,1,2,0,y,lburlingame
2014,colv,2028-05-14,148,10:45:00,14:40:00,3.92,exact,agsq,9,2,0,y,lburlingame
2014,nome,2028-05-14,148,09:00:00,17:00:00,8,exact,glgu,28,4,0,y,NA
2014,nome,2028-05-14,148,09:00:00,17:00:00,8,exact,megu,15,4,0,y,NA
2014,nome,2028-05-14,148,09:00:00,17:00:00,8,exact,paja,5,4,0,y,NA
2014,nome,2028-05-14,148,09:00:00,17:00:00,8,exact,ltja,5,4,0,y,NA
2014,nome,2028-05-14,148,09:00:00,17:00:00,8,exact,cora,2,4,0,y,NA
2014,nome,2028-05-14,148,09:00:00,17:00:00,8,exact,sagu,2,4,0,y,NA
2014,nome,2028-05-14,148,09:00:00,17:00:00,8,exact,pefa,1,4,0,y,NA
2014,nome,2028-05-14,148,09:00:00,17:00:00,8,exact,seow,1,4,0,y,NA
2012,nome,2027-05-12,148,10:00:00,16:00:00,6,exact,cora,2,6,0,y,NA
2012,nome,2027-05-12,148,10:00:00,16:00:00,6,exact,glgu,4,6,0,y,NA
2012,nome,2027-05-12,148,10:00:00,16:00:00,6,exact,gwgu,1,6,0,y,NA
2012,nome,2027-05-12,148,10:00:00,16:00:00,6,exact,megu,4,6,0,y,NA
2012,nome,2027-05-12,148,10:00:00,16:00:00,6,exact,paja,3,6,0,y,NA
2012,nome,2027-05-12,148,10:00:00,16:00:00,6,exact,sacr,12,6,0,y,NA
2011,nome,2028-05-11,148,08:00:00,20:00:00,12,exact,agsq,1,6,0,y,wenglish
2011,nome,2028-05-11,148,08:00:00,20:00:00,12,exact,cora,1,6,0,y,wenglish
2011,nome,2028-05-11,148,08:00:00,20:00:00,12,exact,glgu,10,6,0,y,wenglish
2011,nome,2028-05-11,148,08:00:00,20:00:00,12,exact,noha,1,6,0,y,wenglish
2011,nome,2028-05-11,148,08:00:00,20:00:00,12,exact,paja,2,6,0,y,wenglish
2011,nome,2028-05-11,148,08:00:00,20:00:00,12,exact,sacr,5,6,0,y,wenglish
2013,nome,2028-05-13,148,10:00:00,19:00:00,9,exact,agsq,1,4,0,y,NA
2013,nome,2028-05-13,148,10:00:00,19:00:00,9,exact,ltja,1,4,0,y,NA
2013,nome,2028-05-13,148,10:00:00,19:00:00,9,exact,poja,1,4,0,y,NA
2013,nome,2028-05-13,148,10:00:00,19:00:00,9,exact,seow,1,4,0,y,NA
2013,nome,2028-05-13,148,10:00:00,19:00:00,9,exact,paja,1,4,0,y,NA
2013,nome,2028-05-13,148,10:00:00,19:00:00,9,exact,cora,1,4,0,y,NA
2013,nome,2028-05-13,148,10:00:00,19:00:00,9,exact,sacr,1,4,0,y,NA
2013,nome,2028-05-13,148,10:00:00,19:00:00,9,exact,glgu,4,4,0,y,NA
2013,nome,2028-05-13,148,10:00:00,19:00:00,9,exact,megu,4,4,0,y,NA
2014,cakr,2027-05-14,147,09:28:00,10:28:00,1,exact,glgu,35,1,0,n,mmcconnell
2014,cakr,2027-05-14,147,09:28:00,10:28:00,1,exact,paja,1,1,0,n,mmcconnell
2014,cakr,2027-05-14,147,09:28:00,10:28:00,1,exact,ltja,1,1,0,n,mmcconnell
2014,cakr,2027-05-14,147,09:28:00,10:28:00,1,exact,sacr,5,1,0,n,mmcconnell
2014,cakr,2027-05-14,147,09:28:00,10:28:00,1,exact,seow,1,1,0,n,mmcconnell
2014,cakr,2027-05-14,147,09:28:00,10:28:00,1,exact,sagu,5,1,0,n,mmcconnell
2014,nome,2027-05-14,147,09:00:00,15:00:00,6,exact,glgu,48,4,0,y,NA
2014,nome,2027-05-14,147,09:00:00,15:00:00,6,exact,megu,14,4,0,y,NA
2014,nome,2027-05-14,147,09:00:00,15:00:00,6,exact,paja,8,4,0,y,NA
2014,nome,2027-05-14,147,09:00:00,15:00:00,6,exact,ltja,2,4,0,y,NA
2014,nome,2027-05-14,147,09:00:00,15:00:00,6,exact,cora,1,4,0,y,NA
2014,nome,2027-05-14,147,09:00:00,15:00:00,6,exact,pefa,1,4,0,y,NA
2014,nome,2027-05-14,147,09:00:00,15:00:00,6,exact,seow,1,4,0,y,NA
2012,nome,2026-05-12,147,10:00:00,15:00:00,5,exact,cora,1,6,0,y,NA
2012,nome,2026-05-12,147,10:00:00,15:00:00,5,exact,glgu,5,6,0,y,NA
2012,nome,2026-05-12,147,10:00:00,15:00:00,5,exact,megu,2,6,0,y,NA
2012,nome,2026-05-12,147,10:00:00,15:00:00,5,exact,paja,1,6,0,y,NA
2012,nome,2026-05-12,147,10:00:00,15:00:00,5,exact,sacr,20,6,0,y,NA
2011,nome,2027-05-11,147,10:30:00,19:30:00,9,exact,cora,3,6,0,y,wenglish
2011,nome,2027-05-11,147,10:30:00,19:30:00,9,exact,glgu,15,6,0,y,wenglish
2011,nome,2027-05-11,147,10:30:00,19:30:00,9,exact,paja,4,6,0,y,wenglish
2013,nome,2027-05-13,147,10:30:00,18:30:00,8,exact,agsq,1,4,0,y,NA
2013,nome,2027-05-13,147,10:30:00,18:30:00,8,exact,herg,1,4,0,y,NA
2013,nome,2027-05-13,147,10:30:00,18:30:00,8,exact,ltja,1,4,0,y,NA
2013,nome,2027-05-13,147,10:30:00,18:30:00,8,exact,seow,1,4,0,y,NA
2013,nome,2027-05-13,147,10:30:00,18:30:00,8,exact,cora,1,4,0,y,NA
2013,nome,2027-05-13,147,10:30:00,18:30:00,8,exact,paja,1,4,0,y,NA
2013,nome,2027-05-13,147,10:30:00,18:30:00,8,exact,glgu,4,4,0,y,NA
2013,nome,2027-05-13,147,10:30:00,18:30:00,8,exact,megu,4,4,0,y,NA
2013,nome,2027-05-13,147,10:30:00,18:30:00,8,exact,sacr,5,4,0,y,NA
2014,cakr,2026-05-14,146,13:30:00,14:33:00,1.05,exact,glgu,19,1,0,n,mboldenow
2014,cakr,2026-05-14,146,13:30:00,14:33:00,1.05,exact,poja,10,1,0,n,mboldenow
2014,cakr,2026-05-14,146,13:30:00,14:33:00,1.05,exact,paja,4,1,0,n,mboldenow
2014,cakr,2026-05-14,146,13:30:00,14:33:00,1.05,exact,ltja,5,1,0,n,mboldenow
2014,cakr,2026-05-14,146,13:30:00,14:33:00,1.05,exact,cora,2,1,0,n,mboldenow
2014,cakr,2026-05-14,146,13:30:00,14:33:00,1.05,exact,sacr,2,1,0,n,mboldenow
2012,nome,2025-05-12,146,08:00:00,10:00:00,2,exact,noha,1,1,0,y,NA
2014,colv,2026-05-14,146,12:00:00,16:00:00,4,exact,glgu,10,2,0,y,tdonnelly
2014,colv,2026-05-14,146,12:00:00,16:00:00,4,exact,poja,6,2,0,y,tdonnelly
2014,colv,2026-05-14,146,12:00:00,16:00:00,4,exact,rutu,5,2,0,y,tdonnelly
2014,colv,2026-05-14,146,12:00:00,16:00:00,4,exact,agsq,7,2,0,y,tdonnelly
2014,colv,2026-05-14,146,12:00:00,16:00:00,4,exact,glgu,3,2,0,y,wkennerley
2014,colv,2026-05-14,146,12:00:00,16:00:00,4,exact,ltja,1,2,0,y,wkennerley
2014,colv,2026-05-14,146,12:00:00,16:00:00,4,exact,rutu,1,2,0,y,wkennerley
2014,colv,2026-05-14,146,12:00:00,16:00:00,4,exact,agsq,5,2,0,y,wkennerley
2014,nome,2026-05-14,146,09:00:00,17:00:00,8,exact,megu,20,4,0,y,NA
2014,nome,2026-05-14,146,09:00:00,17:00:00,8,exact,glgu,17,4,0,y,NA
2014,nome,2026-05-14,146,09:00:00,17:00:00,8,exact,sacr,16,4,0,y,NA
2014,nome,2026-05-14,146,09:00:00,17:00:00,8,exact,paja,6,4,0,y,NA
2014,nome,2026-05-14,146,09:00:00,17:00:00,8,exact,ltja,5,4,0,y,NA
2014,nome,2026-05-14,146,09:00:00,17:00:00,8,exact,cora,1,4,0,y,NA
2014,nome,2026-05-14,146,09:00:00,17:00:00,8,exact,pefa,1,4,0,y,NA
2011,nome,2026-05-11,146,10:00:00,13:00:00,3,exact,agsq,2,7,0,y,wenglish
2011,nome,2026-05-11,146,10:00:00,13:00:00,3,exact,glgu,5,7,0,y,wenglish
2013,nome,2026-05-13,146,10:00:00,19:00:00,9,exact,noha,1,4,0,y,NA
2013,nome,2026-05-13,146,10:00:00,19:00:00,9,exact,pefa,1,4,0,y,NA
2013,nome,2026-05-13,146,10:00:00,19:00:00,9,exact,rlha,1,4,0,y,NA
2013,nome,2026-05-13,146,10:00:00,19:00:00,9,exact,paja,1,4,0,y,NA
2013,nome,2026-05-13,146,10:00:00,19:00:00,9,exact,refo,1,4,0,y,NA
2013,nome,2026-05-13,146,10:00:00,19:00:00,9,exact,seow,1,4,0,y,NA
2013,nome,2026-05-13,146,10:00:00,19:00:00,9,exact,cora,2,4,0,y,NA
2013,nome,2026-05-13,146,10:00:00,19:00:00,9,exact,megu,3,4,0,y,NA
2013,nome,2026-05-13,146,10:00:00,19:00:00,9,exact,sacr,4,4,0,y,NA
2013,nome,2026-05-13,146,10:00:00,19:00:00,9,exact,glgu,5,4,0,y,NA
2012,nome,2024-05-12,145,10:00:00,17:00:00,7,exact,bltu,2,3,0,y,NA
2012,nome,2024-05-12,145,10:00:00,17:00:00,7,exact,cora,1,3,0,y,NA
2012,nome,2024-05-12,145,10:00:00,17:00:00,7,exact,glgu,10,3,0,y,NA
2012,nome,2024-05-12,145,10:00:00,17:00:00,7,exact,megu,13,3,0,y,NA
2012,nome,2024-05-12,145,10:00:00,17:00:00,7,exact,paja,4,3,0,y,NA
2012,nome,2024-05-12,145,10:00:00,17:00:00,7,exact,sacr,2,3,0,y,NA
2014,nome,2025-05-14,145,09:00:00,15:00:00,6,exact,glgu,21,4,0,y,NA
2014,nome,2025-05-14,145,09:00:00,15:00:00,6,exact,sacr,8,4,0,y,NA
2014,nome,2025-05-14,145,09:00:00,15:00:00,6,exact,megu,3,4,0,y,NA
2014,nome,2025-05-14,145,09:00:00,15:00:00,6,exact,poja,3,4,0,y,NA
2014,nome,2025-05-14,145,09:00:00,15:00:00,6,exact,paja,2,4,0,y,NA
2014,nome,2025-05-14,145,09:00:00,15:00:00,6,exact,cora,2,4,0,y,NA
2014,nome,2025-05-14,145,09:00:00,15:00:00,6,exact,ltja,1,4,0,y,NA
2014,nome,2025-05-14,145,09:00:00,15:00:00,6,exact,seow,1,4,0,y,NA
2011,nome,2025-05-11,145,10:30:00,19:00:00,8.5,exact,agsq,2,7,0,y,wenglish
2011,nome,2025-05-11,145,10:30:00,19:00:00,8.5,exact,cora,3,7,0,y,wenglish
2011,nome,2025-05-11,145,10:30:00,19:00:00,8.5,exact,glgu,10,7,0,y,wenglish
2011,nome,2025-05-11,145,10:30:00,19:00:00,8.5,exact,paja,3,7,0,y,wenglish
2011,nome,2025-05-11,145,10:30:00,19:00:00,8.5,exact,sacr,1,7,0,y,wenglish
2013,nome,2025-05-13,145,11:00:00,17:00:00,6,exact,agsq,1,4,0,y,NA
2013,nome,2025-05-13,145,11:00:00,17:00:00,6,exact,seow,1,4,0,y,NA
2013,nome,2025-05-13,145,11:00:00,17:00:00,6,exact,megu,1,4,0,y,NA
2013,nome,2025-05-13,145,11:00:00,17:00:00,6,exact,cora,1,4,0,y,NA
2013,nome,2025-05-13,145,11:00:00,17:00:00,6,exact,glgu,1,4,0,y,NA
2013,nome,2025-05-13,145,11:00:00,17:00:00,6,exact,sacr,2,4,0,y,NA
2014,cakr,2024-05-14,144,10:40:00,11:03:00,0.38,exact,glgu,3,1,0,n,jeschenroeder
2014,cakr,2024-05-14,144,10:40:00,11:03:00,0.38,exact,paja,3,1,0,n,jeschenroeder
2014,cakr,2024-05-14,144,10:40:00,11:03:00,0.38,exact,ltja,5,1,0,n,jeschenroeder
2014,cakr,2024-05-14,144,10:40:00,11:03:00,0.38,exact,cora,1,1,0,n,jeschenroeder
2014,cakr,2024-05-14,144,10:40:00,11:03:00,0.38,exact,sacr,9,1,0,n,jeschenroeder
2014,cakr,2024-05-14,144,11:03:00,12:01:00,0.97,exact,glgu,12,1,0,n,mboldenow
2014,cakr,2024-05-14,144,11:03:00,12:01:00,0.97,exact,paja,2,1,0,n,mboldenow
2014,cakr,2024-05-14,144,11:03:00,12:01:00,0.97,exact,sacr,15,1,0,n,mboldenow
2014,cakr,2024-05-14,144,11:03:00,12:01:00,0.97,exact,megu,1,1,0,n,mboldenow
2014,nome,2024-05-14,144,09:00:00,10:30:00,1.5,exact,glgu,2,4,0,y,NA
2014,nome,2024-05-14,144,09:00:00,10:30:00,1.5,exact,megu,1,4,0,y,NA
2014,nome,2024-05-14,144,09:00:00,10:30:00,1.5,exact,pefa,1,4,0,y,NA
2014,nome,2024-05-14,144,09:00:00,10:30:00,1.5,exact,arfo,1,4,0,y,NA
2012,nome,2023-05-12,144,09:00:00,17:00:00,8,exact,agsq,1,5,0,y,NA
2012,nome,2023-05-12,144,09:00:00,17:00:00,8,exact,cora,2,5,0,y,NA
2012,nome,2023-05-12,144,09:00:00,17:00:00,8,exact,glgu,15,5,0,y,NA
2012,nome,2023-05-12,144,09:00:00,17:00:00,8,exact,gwgu,2,5,0,y,NA
2012,nome,2023-05-12,144,09:00:00,17:00:00,8,exact,ltja,1,5,0,y,NA
2012,nome,2023-05-12,144,09:00:00,17:00:00,8,exact,megu,15,5,0,y,NA
2012,nome,2023-05-12,144,09:00:00,17:00:00,8,exact,paja,3,5,0,y,NA
2012,nome,2023-05-12,144,09:00:00,17:00:00,8,exact,sacr,10,5,0,y,NA
2011,nome,2024-05-11,144,10:30:00,19:00:00,8.5,exact,cora,2,7,0,y,wenglish
2011,nome,2024-05-11,144,10:30:00,19:00:00,8.5,exact,glgu,10,7,0,y,wenglish
2011,nome,2024-05-11,144,10:30:00,19:00:00,8.5,exact,ltja,1,7,0,y,wenglish
2011,nome,2024-05-11,144,10:30:00,19:00:00,8.5,exact,paja,7,7,0,y,wenglish
2011,nome,2024-05-11,144,10:30:00,19:00:00,8.5,exact,sacr,2,7,0,y,wenglish
2013,nome,2024-05-13,144,11:00:00,17:00:00,6,exact,ltja,1,4,0,y,NA
2013,nome,2024-05-13,144,11:00:00,17:00:00,6,exact,cora,1,4,0,y,NA
2013,nome,2024-05-13,144,11:00:00,17:00:00,6,exact,herg,1,4,0,y,NA
2013,nome,2024-05-13,144,11:00:00,17:00:00,6,exact,seow,1,4,0,y,NA
2013,nome,2024-05-13,144,11:00:00,17:00:00,6,exact,paja,1,4,0,y,NA
2013,nome,2024-05-13,144,11:00:00,17:00:00,6,exact,glgu,1,4,0,y,NA
2013,nome,2024-05-13,144,11:00:00,17:00:00,6,exact,megu,2,4,0,y,NA
2013,nome,2024-05-13,144,11:00:00,17:00:00,6,exact,sacr,3,4,0,y,NA
2014,cakr,2023-05-14,143,17:00:00,18:00:00,1,exact,glgu,6,1,0,n,mmcconnell
2014,cakr,2023-05-14,143,17:00:00,18:00:00,1,exact,paja,1,1,0,n,mmcconnell
2014,cakr,2023-05-14,143,17:00:00,18:00:00,1,exact,sacr,1,1,0,n,mmcconnell
2014,cakr,2023-05-14,143,17:00:00,18:00:00,1,exact,unja,1,1,0,n,mmcconnell
2014,nome,2023-05-14,143,09:00:00,10:00:00,1,exact,cora,1,1,0,y,NA
2012,nome,2022-05-12,143,09:00:00,17:30:00,8.5,exact,cora,1,6,0,y,NA
2012,nome,2022-05-12,143,09:00:00,17:30:00,8.5,exact,glgu,6,6,0,y,NA
2012,nome,2022-05-12,143,09:00:00,17:30:00,8.5,exact,megu,8,6,0,y,NA
2012,nome,2022-05-12,143,09:00:00,17:30:00,8.5,exact,paja,2,6,0,y,NA
2012,nome,2022-05-12,143,09:00:00,17:30:00,8.5,exact,pefa,1,6,0,y,NA
2012,nome,2022-05-12,143,09:00:00,17:30:00,8.5,exact,refo,1,6,0,y,NA
2012,nome,2022-05-12,143,09:00:00,17:30:00,8.5,exact,rlha,1,6,0,y,NA
2012,nome,2022-05-12,143,09:00:00,17:30:00,8.5,exact,sacr,2,6,0,y,NA
2011,nome,2023-05-11,143,12:30:00,18:30:00,6,exact,cora,2,7,0,y,wenglish
2011,nome,2023-05-11,143,12:30:00,18:30:00,6,exact,glgu,11,7,0,y,wenglish
2011,nome,2023-05-11,143,12:30:00,18:30:00,6,exact,ltja,1,7,0,y,wenglish
2011,nome,2023-05-11,143,12:30:00,18:30:00,6,exact,paja,4,7,0,y,wenglish
2013,nome,2023-05-13,143,11:00:00,17:00:00,6,exact,agsq,1,4,0,y,NA
2013,nome,2023-05-13,143,11:00:00,17:00:00,6,exact,ltja,1,4,0,y,NA
2013,nome,2023-05-13,143,11:00:00,17:00:00,6,exact,seow,1,4,0,y,NA
2013,nome,2023-05-13,143,11:00:00,17:00:00,6,exact,cora,1,4,0,y,NA
2013,nome,2023-05-13,143,11:00:00,17:00:00,6,exact,glgu,1,4,0,y,NA
2013,nome,2023-05-13,143,11:00:00,17:00:00,6,exact,megu,2,4,0,y,NA
2014,cakr,2022-05-14,142,15:58:00,16:53:00,0.92,exact,glgu,6,1,0,n,jhughey
2014,cakr,2022-05-14,142,15:58:00,16:53:00,0.92,exact,poja,5,1,0,n,jhughey
2014,cakr,2022-05-14,142,15:58:00,16:53:00,0.92,exact,sacr,9,1,0,n,jhughey
2014,cakr,2022-05-14,142,15:58:00,16:53:00,0.92,exact,megu,1,1,0,n,jhughey
2014,nome,2022-05-14,142,09:00:00,17:00:00,8,exact,sacr,25,2,0,y,NA
2014,nome,2022-05-14,142,09:00:00,17:00:00,8,exact,glgu,14,2,0,y,NA
2014,nome,2022-05-14,142,09:00:00,17:00:00,8,exact,megu,9,2,0,y,NA
2014,nome,2022-05-14,142,09:00:00,17:00:00,8,exact,paja,1,2,0,y,NA
2014,nome,2022-05-14,142,09:00:00,17:00:00,8,exact,cora,1,2,0,y,NA
2014,nome,2022-05-14,142,09:00:00,17:00:00,8,exact,poja,1,2,0,y,NA
2012,nome,2021-05-12,142,09:00:00,18:00:00,9,exact,arfo,1,5,0,y,NA
2012,nome,2021-05-12,142,09:00:00,18:00:00,9,exact,cora,2,5,0,y,NA
2012,nome,2021-05-12,142,09:00:00,18:00:00,9,exact,glgu,3,5,0,y,NA
2012,nome,2021-05-12,142,09:00:00,18:00:00,9,exact,ltja,1,5,0,y,NA
2012,nome,2021-05-12,142,09:00:00,18:00:00,9,exact,megu,6,5,0,y,NA
2012,nome,2021-05-12,142,09:00:00,18:00:00,9,exact,paja,3,5,0,y,NA
2012,nome,2021-05-12,142,09:00:00,18:00:00,9,exact,pefa,1,5,0,y,NA
2012,nome,2021-05-12,142,09:00:00,18:00:00,9,exact,sacr,3,5,0,y,NA
2012,nome,2021-05-12,142,09:00:00,18:00:00,9,exact,seow,2,5,0,y,NA
2011,nome,2022-05-11,142,09:30:00,16:20:00,6.83,exact,agsq,2,7,0,y,wenglish
2011,nome,2022-05-11,142,09:30:00,16:20:00,6.83,exact,cora,5,7,0,y,wenglish
2011,nome,2022-05-11,142,09:30:00,16:20:00,6.83,exact,glgu,3,7,0,y,wenglish
2011,nome,2022-05-11,142,09:30:00,16:20:00,6.83,exact,ltja,1,7,0,y,wenglish
2011,nome,2022-05-11,142,09:30:00,16:20:00,6.83,exact,sacr,5,7,0,y,wenglish
2013,nome,2022-05-13,142,12:00:00,14:00:00,2,exact,glgu,1,4,0,y,NA
2013,nome,2022-05-13,142,12:00:00,14:00:00,2,exact,ltja,1,4,0,y,NA
2013,nome,2022-05-13,142,12:00:00,14:00:00,2,exact,paja,1,4,0,y,NA
2014,nome,2021-05-14,141,09:00:00,15:00:00,6,exact,sacr,16,2,0,y,NA
2014,nome,2021-05-14,141,09:00:00,15:00:00,6,exact,megu,8,2,0,y,NA
2014,nome,2021-05-14,141,09:00:00,15:00:00,6,exact,glgu,4,2,0,y,NA
2014,nome,2021-05-14,141,09:00:00,15:00:00,6,exact,paja,3,2,0,y,NA
2014,nome,2021-05-14,141,09:00:00,15:00:00,6,exact,cora,1,2,0,y,NA
2014,nome,2021-05-14,141,09:00:00,15:00:00,6,exact,pefa,1,2,0,y,NA
2012,nome,2020-05-12,141,10:00:00,17:00:00,7,exact,cora,2,6,0,y,NA
2012,nome,2020-05-12,141,10:00:00,17:00:00,7,exact,glgu,15,6,0,y,NA
2012,nome,2020-05-12,141,10:00:00,17:00:00,7,exact,megu,4,6,0,y,NA
2012,nome,2020-05-12,141,10:00:00,17:00:00,7,exact,refo,1,6,0,y,NA
2012,nome,2020-05-12,141,10:00:00,17:00:00,7,exact,sacr,4,6,0,y,NA
2011,nome,2021-05-11,141,10:00:00,21:30:00,11.5,exact,arfo,1,8,0,y,wenglish
2011,nome,2021-05-11,141,10:00:00,21:30:00,11.5,exact,glgu,15,8,0,y,wenglish
2011,nome,2021-05-11,141,10:00:00,21:30:00,11.5,exact,paja,1,8,0,y,wenglish
2011,nome,2021-05-11,141,10:00:00,21:30:00,11.5,exact,sacr,5,8,0,y,wenglish
2013,nome,2021-05-13,141,12:00:00,14:00:00,2,exact,sacr,1,4,0,y,NA
2013,nome,2021-05-13,141,12:00:00,14:00:00,2,exact,glgu,1,4,0,y,NA
2014,nome,2020-05-14,140,09:00:00,15:00:00,6,exact,glgu,12,2,0,y,NA
2014,nome,2020-05-14,140,09:00:00,15:00:00,6,exact,megu,8,2,0,y,NA
2014,nome,2020-05-14,140,09:00:00,15:00:00,6,exact,paja,7,2,0,y,NA
2014,nome,2020-05-14,140,09:00:00,15:00:00,6,exact,sacr,2,2,0,y,NA
2014,nome,2020-05-14,140,09:00:00,15:00:00,6,exact,agsq,1,2,0,y,NA
2014,nome,2020-05-14,140,09:00:00,15:00:00,6,exact,rutu,1,2,0,y,NA
2011,nome,2020-05-11,140,09:00:00,21:00:00,12,exact,cora,5,6,0,y,wenglish
2011,nome,2020-05-11,140,09:00:00,21:00:00,12,exact,glgu,12,6,0,y,wenglish
2011,nome,2020-05-11,140,09:00:00,21:00:00,12,exact,paja,2,6,0,y,wenglish
2013,nome,2020-05-13,140,12:00:00,14:00:00,2,exact,paja,1,4,0,y,NA
2013,nome,2020-05-13,140,12:00:00,14:00:00,2,exact,refo,1,4,0,y,NA
2014,nome,2019-05-14,139,09:00:00,15:00:00,6,exact,glgu,7,2,0,y,NA
2014,nome,2019-05-14,139,09:00:00,15:00:00,6,exact,megu,7,2,0,y,NA
2014,nome,2019-05-14,139,09:00:00,15:00:00,6,exact,cora,1,2,0,y,NA
2014,nome,2019-05-14,139,09:00:00,15:00:00,6,exact,pefa,1,2,0,y,NA
2014,nome,2019-05-14,139,09:00:00,15:00:00,6,exact,noha,1,2,0,y,NA
2014,nome,2019-05-14,139,09:00:00,15:00:00,6,exact,rutu,1,2,0,y,NA
2012,nome,2018-05-12,139,17:00:00,19:00:00,2,exact,cora,1,3,0,y,NA
2012,nome,2018-05-12,139,17:00:00,19:00:00,2,exact,glgu,6,3,0,y,NA
2012,nome,2018-05-12,139,17:00:00,19:00:00,2,exact,megu,2,3,0,y,NA
2011,nome,2019-05-11,139,09:00:00,19:30:00,10.5,exact,cora,2,6,0,y,wenglish
2011,nome,2019-05-11,139,09:00:00,19:30:00,10.5,exact,glgu,20,6,0,y,wenglish
2011,nome,2019-05-11,139,09:00:00,19:30:00,10.5,exact,paja,1,6,0,y,wenglish
2013,nome,2019-05-13,139,12:00:00,14:00:00,2,exact,glgu,1,4,0,y,NA
2013,nome,2019-05-13,139,12:00:00,14:00:00,2,exact,megu,1,4,0,y,NA
2014,nome,2018-05-14,138,10:00:00,10:30:00,0.5,exact,megu,2,1,0,y,NA
2014,nome,2018-05-14,138,10:00:00,10:30:00,0.5,exact,bltu,1,1,0,y,NA
2011,nome,2018-05-11,138,10:00:00,18:00:00,8,exact,cora,2,2,0,y,wenglish
2011,nome,2018-05-11,138,10:00:00,18:00:00,8,exact,glgu,12,2,0,y,wenglish
2012,nome,2017-05-12,138,20:00:00,22:00:00,2,exact,glgu,8,5,0,y,NA
2012,nome,2017-05-12,138,20:00:00,22:00:00,2,exact,megu,2,5,0,y,NA
2014,nome,2017-05-14,137,10:00:00,13:00:00,3,exact,glgu,5,2,0,y,NA
2014,nome,2017-05-14,137,10:00:00,13:00:00,3,exact,megu,5,2,0,y,NA
2014,nome,2017-05-14,137,10:00:00,13:00:00,3,exact,cora,1,2,0,y,NA
2013,nome,2017-05-13,137,12:00:00,14:00:00,2,exact,cora,1,4,0,y,NA
2013,nome,2017-05-13,137,12:00:00,14:00:00,2,exact,sacr,1,4,0,y,NA
2012,nome,2015-05-12,136,15:00:00,17:00:00,2,exact,cora,1,5,0,y,NA
2014,nome,2015-05-14,135,10:00:00,11:30:00,1.5,exact,glgu,4,1,0,y,NA
2014,nome,2015-05-14,135,10:00:00,11:30:00,1.5,exact,megu,2,1,0,y,NA
2014,nome,2014-05-14,134,10:00:00,10:30:00,0.5,exact,glgu,1,1,0,y,NA
2013,nome,2014-05-13,134,12:00:00,14:00:00,2,exact,cora,1,4,0,y,NA
2013,nome,2014-05-13,134,12:00:00,14:00:00,2,exact,refo,1,4,0,y,NA
2013,nome,2014-05-13,134,12:00:00,14:00:00,2,exact,glgu,2,4,0,y,NA
2013,nome,2013-05-13,133,12:00:00,14:00:00,2,exact,refo,1,4,0,y,NA
2013,nome,2013-05-13,133,12:00:00,14:00:00,2,exact,sacr,1,4,0,y,NA
2013,nome,2013-05-13,133,12:00:00,14:00:00,2,exact,glgu,2,4,0,y,NA
